# MagicaVoxel @ Ephtracy

# group
o 

# material
mtllib VR Токарев доспехи.mtl
usemtl palette

# normals
vn -1 0 0
vn 1 0 0
vn 0 0 1
vn 0 0 -1
vn 0 -1 0
vn 0 1 0

# texcoords
vt 0.853516 0.5
vt 0.857422 0.5
vt 0.978516 0.5
vt 0.982422 0.5
vt 0.990234 0.5

# verts
v -1.7 2.1 0.5
v -1.7 2.1 0
v -1.7 2.2 0.2
v -1.7 2.2 0.1
v -1.7 2.5 0.1
v -1.7 2.5 0
v -1.7 2.6 0.2
v -1.7 2.6 0.1
v -1.7 2.8 0.5
v -1.7 2.8 0.4
v -1.7 2.9 0.1
v -1.7 2.9 0
v -1.7 3.1 0.5
v -1.7 3.1 0.4
v -1.7 3.1 0.3
v -1.7 3.1 0.1
v -1.7 3.1 0
v -1.7 3.2 0.4
v -1.7 3.2 0.3
v -1.7 3.2 0.2
v -1.7 3.2 0.1
v -1.7 3.3 0.3
v -1.7 3.3 0.2
v -1.6 3.1 0.5
v -1.6 3.1 0.4
v -1.6 3.1 0.1
v -1.6 3.1 0
v -1.6 3.2 0.5
v -1.6 3.2 0.4
v -1.6 3.2 0.3
v -1.6 3.2 0.2
v -1.6 3.2 0.1
v -1.6 3.2 0
v -1.6 3.3 0.4
v -1.6 3.3 0.3
v -1.6 3.3 0.2
v -1.6 3.3 0.1
v -1.6 3.4 0.3
v -1.6 3.4 0.2
v -1.5 3.2 0.5
v -1.5 3.2 0.4
v -1.5 3.2 0.1
v -1.5 3.2 0
v -1.5 3.3 0.5
v -1.5 3.3 0.4
v -1.5 3.3 0.3
v -1.5 3.3 0.2
v -1.5 3.3 0.1
v -1.5 3.3 0
v -1.5 3.4 0.4
v -1.5 3.4 0.3
v -1.5 3.4 0.2
v -1.5 3.4 0.1
v -1.2 0.3 0.3
v -1.2 0.3 0.2
v -1.2 0.8 0.3
v -1.2 0.8 0.2
v -1.2 1 0.3
v -1.2 1 0.2
v -1.2 1.4 0.3
v -1.2 1.4 0.2
v -1.1 0.2 0.3
v -1.1 0.2 0.2
v -1.1 0.3 0.4
v -1.1 0.3 0.3
v -1.1 0.3 0.2
v -1.1 0.3 0.1
v -1.1 0.8 0.3
v -1.1 0.8 0.2
v -1.1 0.9 0.2
v -1.1 0.9 0.1
v -1.1 1 0.3
v -1.1 1 0.2
v -1.1 1.3 0.2
v -1.1 1.3 0.1
v -1.1 1.4 0.4
v -1.1 1.4 0.3
v -1.1 1.4 0.2
v -1.1 1.4 0.1
v -1.1 1.5 0.3
v -1.1 1.5 0.2
v -1 0.1 0.4
v -1 0.1 -0.1
v -1 0.1 -0.3
v -1 0.1 -0.4
v -1 0.2 0.5
v -1 0.2 0.4
v -1 0.2 0.3
v -1 0.2 0.2
v -1 0.2 -0.1
v -1 0.2 -0.2
v -1 0.2 -0.3
v -1 0.2 -0.4
v -1 0.3 0.4
v -1 0.3 0.3
v -1 0.3 0.2
v -1 0.3 0.1
v -1 0.3 -0.1
v -1 0.3 -0.2
v -1 0.3 -0.3
v -1 0.4 0
v -1 0.4 -0.1
v -1 0.4 -0.2
v -1 0.9 0.1
v -1 1.2 0.1
v -1 1.2 0
v -1 1.3 0.1
v -1 1.3 0
v -1 1.4 0.5
v -1 1.4 0.4
v -1 1.4 0.3
v -1 1.4 0.2
v -1 1.4 0.1
v -1 1.4 0
v -1 1.5 0.3
v -1 1.5 0.2
v -1 1.6 0.4
v -1 1.6 0.3
v -1 1.6 0.2
v -1 1.6 0.1
v -1 2.8 0.3
v -1 2.8 0.2
v -1 3.4 0.3
v -1 3.4 0.2
v -1 3.5 0.3
v -1 3.5 0.2
v -0.9 0.1 0.5
v -0.9 0.1 0.4
v -0.9 0.2 0.5
v -0.9 0.2 0.4
v -0.9 0.2 -0.3
v -0.9 0.2 -0.4
v -0.9 0.3 -0.2
v -0.9 0.3 -0.3
v -0.9 0.3 -0.4
v -0.9 0.4 -0.2
v -0.9 0.4 -0.3
v -0.9 1.4 0.5
v -0.9 1.4 0.4
v -0.9 1.4 0.1
v -0.9 1.4 0
v -0.9 1.5 0.1
v -0.9 1.5 0
v -0.9 1.6 0.5
v -0.9 1.6 0.4
v -0.9 1.6 0.3
v -0.9 1.6 0.2
v -0.9 1.6 0.1
v -0.9 1.6 0
v -0.9 2.4 0.2
v -0.9 2.4 0.1
v -0.9 2.7 0.4
v -0.9 2.7 0.3
v -0.9 2.8 0.4
v -0.9 2.8 0.3
v -0.9 2.8 0.2
v -0.9 2.8 0.1
v -0.9 3.3 0.4
v -0.9 3.3 0.3
v -0.9 3.3 0.2
v -0.9 3.3 0.1
v -0.9 3.5 0.4
v -0.9 3.5 0.3
v -0.9 3.5 0.2
v -0.9 3.5 0.1
v -0.9 3.6 0.3
v -0.9 3.6 0.2
v -0.8 1.6 0.5
v -0.8 1.6 0.4
v -0.8 1.6 0.1
v -0.8 1.6 0
v -0.8 2.4 0.1
v -0.8 2.5 0.5
v -0.8 2.5 0.4
v -0.8 2.7 0.4
v -0.8 2.8 0.5
v -0.8 2.8 0.4
v -0.8 2.8 0.1
v -0.8 2.8 0
v -0.8 3.3 0.5
v -0.8 3.3 0.4
v -0.8 3.3 0.1
v -0.8 3.3 0
v -0.8 3.4 0.5
v -0.8 3.4 0.4
v -0.8 3.5 0.5
v -0.8 3.5 0.4
v -0.8 3.5 0.3
v -0.8 3.5 0.2
v -0.8 3.5 0.1
v -0.8 3.5 0
v -0.8 3.6 0.4
v -0.8 3.6 0.3
v -0.8 3.6 0.2
v -0.8 3.6 0.1
v -0.7 1.5 0.6
v -0.7 1.5 0.5
v -0.7 1.6 0.6
v -0.7 1.6 0.5
v -0.7 1.6 0
v -0.7 1.6 -0.1
v -0.7 2.4 0.6
v -0.7 2.4 0.5
v -0.7 2.5 0.5
v -0.7 2.7 0.6
v -0.7 2.7 0.5
v -0.7 2.8 0.5
v -0.7 2.9 0.6
v -0.7 2.9 0.5
v -0.7 2.9 0
v -0.7 2.9 -0.1
v -0.7 3.2 0
v -0.7 3.2 -0.1
v -0.7 3.3 0
v -0.7 3.3 -0.1
v -0.7 3.6 0.3
v -0.7 3.6 0.2
v -0.7 3.7 0.3
v -0.7 3.7 0.2
v -0.6 1.7 -0.1
v -0.6 1.7 -0.2
v -0.6 2 -0.1
v -0.6 2 -0.2
v -0.6 2.1 -0.1
v -0.6 2.1 -0.2
v -0.6 2.4 -0.1
v -0.6 2.4 -0.2
v -0.6 3.1 0
v -0.6 3.1 -0.1
v -0.6 3.2 0
v -0.6 3.2 -0.1
v -0.6 4.1 0.5
v -0.6 4.1 0.4
v -0.6 4.1 0
v -0.6 4.4 0.1
v -0.6 4.4 0
v -0.6 4.5 0.5
v -0.6 4.5 0.4
v -0.6 4.5 0.1
v -0.6 4.5 0
v -0.6 4.8 0.5
v -0.6 4.8 0.2
v -0.6 4.9 0.5
v -0.6 4.9 0.2
v -0.6 4.9 0
v -0.5 1.8 -0.2
v -0.5 1.8 -0.3
v -0.5 1.9 -0.2
v -0.5 1.9 -0.3
v -0.5 2 -0.2
v -0.5 2.1 -0.2
v -0.5 2.1 -0.3
v -0.5 2.3 -0.2
v -0.5 2.3 -0.3
v -0.5 3 0
v -0.5 3 -0.1
v -0.5 3.1 0
v -0.5 3.1 -0.1
v -0.5 3.9 0.5
v -0.5 3.9 0
v -0.5 4.1 0.6
v -0.5 4.1 0.5
v -0.5 4.1 0.4
v -0.5 4.1 0
v -0.5 4.1 -0.1
v -0.5 4.2 0.6
v -0.5 4.2 0.5
v -0.5 4.4 0
v -0.5 4.4 -0.1
v -0.5 4.5 0.5
v -0.5 4.5 0
v -0.5 4.7 0
v -0.5 4.7 -0.1
v -0.5 4.8 0.6
v -0.5 4.8 0.5
v -0.5 4.9 0.6
v -0.5 4.9 0.5
v -0.5 4.9 0.4
v -0.5 4.9 0.2
v -0.5 4.9 0
v -0.5 4.9 -0.1
v -0.5 5 0.5
v -0.5 5 0.4
v -0.5 5 0
v -0.4 3.2 0
v -0.4 3.2 -0.1
v -0.4 3.3 0
v -0.4 3.3 -0.1
v -0.4 3.8 0.5
v -0.4 3.8 0
v -0.4 3.9 0.6
v -0.4 3.9 0.5
v -0.4 3.9 0
v -0.4 3.9 -0.1
v -0.4 4 -0.1
v -0.4 4 -0.2
v -0.4 4.1 0.7
v -0.4 4.1 0.6
v -0.4 4.1 0.5
v -0.4 4.1 0
v -0.4 4.1 -0.1
v -0.4 4.2 0.6
v -0.4 4.4 -0.1
v -0.4 4.6 -0.1
v -0.4 4.6 -0.2
v -0.4 4.7 -0.1
v -0.4 4.8 0.7
v -0.4 4.8 0.6
v -0.4 4.9 0.7
v -0.4 4.9 0.6
v -0.4 4.9 0.5
v -0.4 4.9 0
v -0.4 4.9 -0.1
v -0.4 4.9 -0.2
v -0.4 5 0.6
v -0.4 5 0.5
v -0.4 5 0.4
v -0.4 5 0
v -0.4 5 -0.1
v -0.4 5.1 0.5
v -0.4 5.1 0
v -0.3 3.5 0.5
v -0.3 3.5 0.4
v -0.3 3.5 0.1
v -0.3 3.5 0
v -0.3 3.6 0.5
v -0.3 3.6 0.4
v -0.3 3.6 0.3
v -0.3 3.6 0.2
v -0.3 3.6 0.1
v -0.3 3.7 0.3
v -0.3 3.7 0.2
v -0.3 3.8 0.6
v -0.3 3.8 0.5
v -0.3 3.8 0
v -0.3 3.8 -0.1
v -0.3 3.9 0.7
v -0.3 3.9 0.6
v -0.3 3.9 0.5
v -0.3 3.9 0
v -0.3 3.9 -0.1
v -0.3 3.9 -0.2
v -0.3 4 -0.1
v -0.3 4 -0.2
v -0.3 4.1 0.8
v -0.3 4.1 0.7
v -0.3 4.1 0.6
v -0.3 4.3 -0.2
v -0.3 4.3 -0.3
v -0.3 4.6 -0.2
v -0.3 4.8 0.8
v -0.3 4.8 0.7
v -0.3 4.9 0.8
v -0.3 4.9 0.7
v -0.3 4.9 0.6
v -0.3 4.9 -0.1
v -0.3 4.9 -0.2
v -0.3 4.9 -0.3
v -0.3 5 0.7
v -0.3 5 0.6
v -0.3 5 0.5
v -0.3 5 0
v -0.3 5 -0.1
v -0.3 5 -0.2
v -0.3 5 -0.3
v -0.3 5.1 0.6
v -0.3 5.1 0.5
v -0.3 5.1 0.2
v -0.3 5.1 0.1
v -0.3 5.1 0
v -0.3 5.1 -0.1
v -0.3 5.1 -0.2
v -0.3 5.2 0.5
v -0.3 5.2 0.2
v -0.3 5.2 0.1
v -0.3 5.2 -0.1
v -0.2 3.1 0
v -0.2 3.1 -0.1
v -0.2 3.2 0
v -0.2 3.2 -0.1
v -0.0999999 3.2 0
v -0.0999999 3.2 -0.1
v -0.0999999 3.3 0
v -0.0999999 3.3 -0.1
v -0.0999999 4.4 -0.2
v -0.0999999 4.4 -0.3
v -0.0999999 4.5 -0.2
v -0.0999999 4.5 -0.3
v -0.0999999 4.9 -0.2
v -0.0999999 4.9 -0.3
v -0.0999999 5.2 0.4
v -0.0999999 5.2 0.3
v -0.0999999 5.2 0.2
v -0.0999999 5.3 0.5
v -0.0999999 5.3 0.4
v -0.0999999 5.3 0.3
v -0.0999999 5.3 0.2
v -0.0999999 5.4 0.6
v -0.0999999 5.4 0.5
v -0.0999999 5.4 0.4
v -0.0999999 5.5 0.7
v -0.0999999 5.5 0.6
v -0.0999999 5.5 0.5
v -0.0999999 5.6 0.8
v -0.0999999 5.6 0.7
v -0.0999999 5.6 0.6
v -0.0999999 5.6 0.5
v -0.0999999 5.6 0.3
v -0.0999999 5.6 0.2
v -0.0999999 5.7 0.9
v -0.0999999 5.7 0.8
v -0.0999999 5.7 0.5
v -0.0999999 5.7 0.4
v -0.0999999 5.7 0.3
v -0.0999999 5.8 0.8
v -0.0999999 5.8 0.7
v -0.0999999 5.8 0.6
v -0.0999999 5.8 0.4
v -0.0999999 5.9 0.9
v -0.0999999 5.9 0.8
v -0.0999999 5.9 0.7
v -0.0999999 5.9 0.6
v 0.1 3.1 0
v 0.1 3.1 -0.1
v 0.1 3.2 0
v 0.1 3.2 -0.1
v 0.2 1.3 0.3
v 0.2 1.3 0.2
v 0.2 1.4 0.3
v 0.2 1.4 0.2
v 0.2 3 0
v 0.2 3 -0.1
v 0.2 3.1 0
v 0.2 3.1 -0.1
v 0.2 4.4 -0.2
v 0.2 4.4 -0.3
v 0.2 4.9 -0.2
v 0.2 4.9 -0.3
v 0.3 0.3 0.3
v 0.3 0.3 0.2
v 0.3 0.4 0.3
v 0.3 0.4 0.2
v 0.3 0.5 0.3
v 0.3 0.5 0.2
v 0.3 1.3 0.5
v 0.3 1.3 0.3
v 0.3 1.3 0.2
v 0.3 1.3 0.1
v 0.3 1.3 0
v 0.3 1.4 0.5
v 0.3 1.4 0.3
v 0.3 1.4 0.2
v 0.3 1.4 0.1
v 0.3 1.4 0
v 0.3 3.2 0
v 0.3 3.2 -0.1
v 0.3 3.3 0
v 0.3 3.3 -0.1
v 0.3 4 -0.1
v 0.3 4 -0.2
v 0.3 4.1 -0.1
v 0.3 4.1 -0.2
v 0.4 0.2 0.3
v 0.4 0.2 0.2
v 0.4 0.3 0.4
v 0.4 0.3 0.3
v 0.4 0.3 0.2
v 0.4 0.3 0.1
v 0.4 0.4 0.3
v 0.4 0.4 0.2
v 0.4 0.5 0.4
v 0.4 0.5 0.3
v 0.4 0.5 0.2
v 0.4 1.1 0.2
v 0.4 1.1 0.1
v 0.4 1.2 0.5
v 0.4 1.2 0.4
v 0.4 1.2 0.2
v 0.4 1.2 0.1
v 0.4 1.2 0
v 0.4 1.3 0.5
v 0.4 1.3 0.3
v 0.4 1.3 0.2
v 0.4 1.3 0.1
v 0.4 1.3 0
v 0.5 0.1 0.4
v 0.5 0.1 -0.1
v 0.5 0.1 -0.3
v 0.5 0.1 -0.4
v 0.5 0.2 0.5
v 0.5 0.2 0.4
v 0.5 0.2 0.3
v 0.5 0.2 0.2
v 0.5 0.2 -0.1
v 0.5 0.2 -0.2
v 0.5 0.2 -0.3
v 0.5 0.2 -0.4
v 0.5 0.3 0.5
v 0.5 0.3 0.4
v 0.5 0.3 0.3
v 0.5 0.3 0.2
v 0.5 0.3 0.1
v 0.5 0.3 -0.2
v 0.5 0.3 -0.3
v 0.5 0.4 0
v 0.5 0.4 -0.2
v 0.5 0.5 0.5
v 0.5 0.5 0.4
v 0.5 1 0.1
v 0.5 1 0
v 0.5 1.1 0.1
v 0.5 1.2 0.5
v 0.5 1.2 0.4
v 0.5 1.2 0.1
v 0.5 1.2 0
v 0.5 3.1 0
v 0.5 3.1 -0.1
v 0.5 3.2 0
v 0.5 3.2 -0.1
v 0.6 0.1 0.5
v 0.6 0.1 0.4
v 0.6 0.2 0.5
v 0.6 0.2 0.4
v 0.6 0.2 -0.3
v 0.6 0.2 -0.4
v 0.6 0.3 -0.2
v 0.6 0.3 -0.3
v 0.6 0.3 -0.4
v 0.6 0.4 -0.2
v 0.6 0.4 -0.3
v 0.6 3.2 0
v 0.6 3.2 -0.1
v 0.6 3.3 0
v 0.6 3.3 -0.1
v 1 3.3 0.4
v 1 3.3 0.3
v 1 3.3 0.2
v 1 3.3 0.1
v 1 3.4 0.4
v 1 3.4 0.3
v 1 3.4 0.2
v 1 3.4 0.1
v 1.1 2.7 0.4
v 1.1 2.7 0.1
v 1.1 2.8 0.4
v 1.1 2.8 0.1
v 1.2 2.6 0.4
v 1.2 2.6 0.1
v 1.2 2.7 0.5
v 1.2 2.7 0.4
v 1.2 2.7 0.1
v 1.2 2.7 0
v 1.2 2.8 0.5
v 1.2 2.8 0.4
v 1.2 2.8 0.1
v 1.2 2.8 0
v 1.3 2.3 0.5
v 1.3 2.3 0
v 1.3 2.6 0.4
v 1.3 2.6 0.1
v 1.3 2.7 0.5
v 1.3 2.7 0.4
v 1.3 2.7 0.1
v 1.3 2.7 0
v 1.4 2.2 0.5
v 1.4 2.2 0
v 1.4 2.3 0.5
v 1.4 2.3 0
v 1.5 2.1 0.5
v 1.5 2.1 0
v 1.5 2.2 0.5
v 1.5 2.2 0
v -1.5 2.1 0.5
v -1.5 2.1 0
v -1.5 2.2 0.5
v -1.5 2.2 0
v -1.4 2.2 0.5
v -1.4 2.2 0
v -1.4 2.3 0.5
v -1.4 2.3 0.4
v -1.4 2.3 0.2
v -1.4 2.3 0
v -1.3 2.3 0.5
v -1.3 2.3 0.4
v -1.3 2.3 0.2
v -1.3 2.3 0
v -1.3 2.4 0.4
v -1.3 2.4 0.2
v -1.3 2.6 0.4
v -1.3 2.6 0.2
v -1.3 2.6 0.1
v -1.3 2.7 0.5
v -1.3 2.7 0.4
v -1.3 2.7 0.1
v -1.3 2.7 0
v -1.2 2.6 0.4
v -1.2 2.6 0.2
v -1.2 2.6 0.1
v -1.2 2.7 0.5
v -1.2 2.7 0.4
v -1.2 2.7 0.3
v -1.2 2.7 0.2
v -1.2 2.7 0.1
v -1.2 2.7 0
v -1.2 2.8 0.5
v -1.2 2.8 0.4
v -1.2 2.8 0.1
v -1.2 2.8 0
v -1.1 2.7 0.4
v -1.1 2.7 0.3
v -1.1 2.7 0.2
v -1.1 2.7 0.1
v -1.1 2.8 0.4
v -1.1 2.8 0.3
v -1.1 2.8 0.2
v -1.1 2.8 0.1
v -1 3.3 0.4
v -1 3.3 0.3
v -1 3.3 0.2
v -1 3.3 0.1
v -1 3.4 0.4
v -1 3.4 0.3
v -1 3.4 0.2
v -1 3.4 0.1
v -0.6 0.1 0.5
v -0.6 0.1 0.4
v -0.6 0.2 0.5
v -0.6 0.2 0.4
v -0.6 0.2 -0.3
v -0.6 0.2 -0.4
v -0.6 0.3 -0.2
v -0.6 0.3 -0.3
v -0.6 0.3 -0.4
v -0.6 0.4 -0.2
v -0.6 0.4 -0.3
v -0.6 3.2 0
v -0.6 3.2 -0.1
v -0.6 3.3 0
v -0.6 3.3 -0.1
v -0.5 0.1 0.4
v -0.5 0.1 -0.4
v -0.5 0.2 0.5
v -0.5 0.2 0.4
v -0.5 0.2 0.3
v -0.5 0.2 0.2
v -0.5 0.2 0
v -0.5 0.2 -0.3
v -0.5 0.2 -0.4
v -0.5 0.3 0.4
v -0.5 0.3 0.3
v -0.5 0.3 0.2
v -0.5 0.3 0.1
v -0.5 0.3 0
v -0.5 0.3 -0.2
v -0.5 0.3 -0.3
v -0.5 0.4 0
v -0.5 0.4 -0.2
v -0.5 1.1 0.1
v -0.5 1.2 0.5
v -0.5 1.2 0.4
v -0.5 1.2 0.1
v -0.5 1.2 0
v -0.5 3.1 0
v -0.5 3.1 -0.1
v -0.5 3.2 0
v -0.5 3.2 -0.1
v -0.4 0.2 0.3
v -0.4 0.2 0.2
v -0.4 0.3 0.4
v -0.4 0.3 0.3
v -0.4 0.3 0.2
v -0.4 0.3 0.1
v -0.4 1 0.3
v -0.4 1 0.2
v -0.4 1.1 0.3
v -0.4 1.1 0.2
v -0.4 1.1 0.1
v -0.4 1.2 0.5
v -0.4 1.2 0.4
v -0.4 1.2 0.1
v -0.4 1.2 0
v -0.4 1.3 0.5
v -0.4 1.3 0.3
v -0.4 1.3 0.2
v -0.4 1.3 0
v -0.3 0.3 0.3
v -0.3 0.3 0.2
v -0.3 1 0.3
v -0.3 1 0.2
v -0.3 1.1 0.3
v -0.3 1.1 0.2
v -0.3 1.3 0.5
v -0.3 1.3 0.3
v -0.3 1.3 0.2
v -0.3 1.3 0
v -0.3 1.4 0.5
v -0.3 1.4 0.3
v -0.3 1.4 0.2
v -0.3 1.4 0
v -0.3 3.2 0
v -0.3 3.2 -0.1
v -0.3 3.3 0
v -0.3 3.3 -0.1
v -0.3 4 -0.1
v -0.3 4 -0.2
v -0.3 4.1 -0.1
v -0.3 4.1 -0.2
v -0.2 1.3 0.3
v -0.2 1.3 0.2
v -0.2 1.4 0.3
v -0.2 1.4 0.2
v -0.2 3 0
v -0.2 3 -0.1
v -0.2 3.1 0
v -0.2 3.1 -0.1
v -0.2 4.4 -0.2
v -0.2 4.4 -0.3
v -0.2 4.9 -0.2
v -0.2 4.9 -0.3
v -0.0999999 3.1 0
v -0.0999999 3.1 -0.1
v -0.0999999 3.2 0
v -0.0999999 3.2 -0.1
v 0.1 3.2 0
v 0.1 3.2 -0.1
v 0.1 3.3 0
v 0.1 3.3 -0.1
v 0.1 4.4 -0.2
v 0.1 4.4 -0.3
v 0.1 4.6 -0.2
v 0.1 4.6 -0.3
v 0.1 4.9 -0.2
v 0.1 4.9 -0.3
v 0.1 5.2 0.4
v 0.1 5.2 0.2
v 0.1 5.3 0.5
v 0.1 5.3 0.4
v 0.1 5.3 0.3
v 0.1 5.4 0.6
v 0.1 5.4 0.5
v 0.1 5.4 0.4
v 0.1 5.5 0.7
v 0.1 5.5 0.6
v 0.1 5.5 0.5
v 0.1 5.5 0.4
v 0.1 5.6 0.8
v 0.1 5.6 0.7
v 0.1 5.6 0.6
v 0.1 5.6 0.5
v 0.1 5.6 0.4
v 0.1 5.6 0.3
v 0.1 5.6 0.2
v 0.1 5.7 0.9
v 0.1 5.7 0.8
v 0.1 5.7 0.7
v 0.1 5.7 0.6
v 0.1 5.7 0.4
v 0.1 5.7 0.3
v 0.1 5.8 0.9
v 0.1 5.8 0.7
v 0.1 5.8 0.6
v 0.1 5.8 0.4
v 0.1 5.9 0.9
v 0.1 5.9 0.6
v 0.2 3.1 0
v 0.2 3.1 -0.1
v 0.2 3.2 0
v 0.2 3.2 -0.1
v 0.3 3.5 0.5
v 0.3 3.5 0.4
v 0.3 3.5 0.1
v 0.3 3.5 0
v 0.3 3.6 0.4
v 0.3 3.6 0.3
v 0.3 3.6 0.2
v 0.3 3.6 0.1
v 0.3 3.6 0
v 0.3 3.7 0.3
v 0.3 3.7 0.2
v 0.3 3.8 0.6
v 0.3 3.8 0.5
v 0.3 3.8 0.1
v 0.3 3.8 0
v 0.3 3.8 -0.1
v 0.3 3.9 0.7
v 0.3 3.9 0.6
v 0.3 3.9 0.5
v 0.3 3.9 0
v 0.3 3.9 -0.1
v 0.3 3.9 -0.2
v 0.3 4 -0.1
v 0.3 4 -0.2
v 0.3 4.1 0.8
v 0.3 4.1 0.7
v 0.3 4.1 0.6
v 0.3 4.3 -0.2
v 0.3 4.3 -0.3
v 0.3 4.8 0.7
v 0.3 4.9 0.8
v 0.3 4.9 0.7
v 0.3 4.9 0.6
v 0.3 4.9 -0.1
v 0.3 4.9 -0.2
v 0.3 5 0.7
v 0.3 5 0.6
v 0.3 5 0.5
v 0.3 5 0
v 0.3 5 -0.1
v 0.3 5 -0.2
v 0.3 5 -0.3
v 0.3 5.1 0.6
v 0.3 5.1 0.5
v 0.3 5.1 0.4
v 0.3 5.1 0.3
v 0.3 5.1 0.2
v 0.3 5.1 0
v 0.3 5.1 -0.1
v 0.3 5.1 -0.2
v 0.3 5.2 0.5
v 0.3 5.2 0.4
v 0.3 5.2 0.2
v 0.3 5.2 -0.1
v 0.4 3.2 0
v 0.4 3.2 -0.1
v 0.4 3.3 0
v 0.4 3.3 -0.1
v 0.4 3.8 0.5
v 0.4 3.8 0.1
v 0.4 3.8 0
v 0.4 3.9 0.6
v 0.4 3.9 0.5
v 0.4 3.9 0.2
v 0.4 3.9 0.1
v 0.4 3.9 0
v 0.4 3.9 -0.1
v 0.4 4 -0.1
v 0.4 4 -0.2
v 0.4 4.1 0.7
v 0.4 4.1 0.6
v 0.4 4.1 0.5
v 0.4 4.1 0
v 0.4 4.1 -0.1
v 0.4 4.6 -0.1
v 0.4 4.8 0.7
v 0.4 4.8 0.6
v 0.4 4.9 0.7
v 0.4 4.9 0.6
v 0.4 4.9 0.5
v 0.4 4.9 0
v 0.4 4.9 -0.1
v 0.4 4.9 -0.2
v 0.4 5 0.6
v 0.4 5 0.5
v 0.4 5 0.4
v 0.4 5 0.3
v 0.4 5 0
v 0.4 5 -0.1
v 0.4 5.1 0.5
v 0.4 5.1 0.4
v 0.4 5.1 0.3
v 0.4 5.1 0
v 0.5 1.8 -0.2
v 0.5 1.8 -0.3
v 0.5 2.3 -0.2
v 0.5 2.3 -0.3
v 0.5 3 0
v 0.5 3 -0.1
v 0.5 3.1 0
v 0.5 3.1 -0.1
v 0.5 3.9 0.5
v 0.5 3.9 0.2
v 0.5 3.9 0.1
v 0.5 3.9 0
v 0.5 4 0.3
v 0.5 4 0.2
v 0.5 4 0.1
v 0.5 4.1 0.6
v 0.5 4.1 0.5
v 0.5 4.1 0.4
v 0.5 4.1 0.3
v 0.5 4.1 0.2
v 0.5 4.1 0
v 0.5 4.1 -0.1
v 0.5 4.5 0
v 0.5 4.6 0
v 0.5 4.6 -0.1
v 0.5 4.7 0.5
v 0.5 4.7 0
v 0.5 4.9 0.6
v 0.5 4.9 0.5
v 0.5 4.9 0.4
v 0.5 4.9 0.3
v 0.5 4.9 0
v 0.5 4.9 -0.1
v 0.5 5 0.5
v 0.5 5 0.3
v 0.5 5 0
v 0.6 1.7 -0.1
v 0.6 1.7 -0.2
v 0.6 2.4 -0.1
v 0.6 2.4 -0.2
v 0.6 3.1 0
v 0.6 3.1 -0.1
v 0.6 3.2 0
v 0.6 3.2 -0.1
v 0.6 4.1 0.5
v 0.6 4.1 0.4
v 0.6 4.1 0.2
v 0.6 4.1 0
v 0.6 4.2 0.4
v 0.6 4.2 0.2
v 0.6 4.3 0.4
v 0.6 4.3 0.3
v 0.6 4.4 0.4
v 0.6 4.4 0.3
v 0.6 4.4 0.1
v 0.6 4.5 0.3
v 0.6 4.5 0.1
v 0.6 4.5 0
v 0.6 4.7 0.5
v 0.6 4.7 0.4
v 0.6 4.7 0.1
v 0.6 4.7 0
v 0.6 4.9 0.5
v 0.6 4.9 0.4
v 0.6 4.9 0
v 0.7 1.5 0.6
v 0.7 1.5 0.5
v 0.7 1.6 0.6
v 0.7 1.6 0.5
v 0.7 1.6 0
v 0.7 1.6 -0.1
v 0.7 1.7 0
v 0.7 2.4 0
v 0.7 2.5 0.6
v 0.7 2.5 0.5
v 0.7 2.5 0
v 0.7 2.5 -0.1
v 0.7 2.6 0.6
v 0.7 2.6 0.5
v 0.7 2.6 0
v 0.7 2.9 0.6
v 0.7 2.9 0.5
v 0.7 2.9 0
v 0.7 2.9 -0.1
v 0.7 3.2 0
v 0.7 3.2 -0.1
v 0.7 3.3 0
v 0.7 3.3 -0.1
v 0.7 3.6 0.3
v 0.7 3.6 0.2
v 0.7 3.7 0.3
v 0.7 3.7 0.2
v 0.8 1.6 0.5
v 0.8 1.6 0.4
v 0.8 1.6 0.1
v 0.8 1.6 0
v 0.8 1.7 0.1
v 0.8 1.7 0
v 0.8 2.4 0.1
v 0.8 2.4 0
v 0.8 2.5 0.5
v 0.8 2.5 0.4
v 0.8 2.5 0.1
v 0.8 2.6 0.5
v 0.8 2.6 0.4
v 0.8 2.6 0.1
v 0.8 2.6 0
v 0.8 2.8 0.5
v 0.8 2.8 0.4
v 0.8 2.8 0.1
v 0.8 2.8 0
v 0.8 3.3 0.5
v 0.8 3.3 0.4
v 0.8 3.3 0.1
v 0.8 3.3 0
v 0.8 3.5 0.5
v 0.8 3.5 0.4
v 0.8 3.5 0.3
v 0.8 3.5 0.2
v 0.8 3.5 0.1
v 0.8 3.5 0
v 0.8 3.6 0.4
v 0.8 3.6 0.3
v 0.8 3.6 0.2
v 0.8 3.6 0.1
v 0.9 0.1 0.5
v 0.9 0.1 0.4
v 0.9 0.2 0.5
v 0.9 0.2 0.4
v 0.9 0.2 -0.3
v 0.9 0.2 -0.4
v 0.9 0.3 -0.2
v 0.9 0.3 -0.3
v 0.9 0.3 -0.4
v 0.9 0.4 -0.2
v 0.9 0.4 -0.3
v 0.9 1.4 0.5
v 0.9 1.4 0.4
v 0.9 1.4 0.1
v 0.9 1.4 0
v 0.9 1.6 0.5
v 0.9 1.6 0.4
v 0.9 1.6 0.3
v 0.9 1.6 0.2
v 0.9 1.6 0.1
v 0.9 1.6 0
v 0.9 2.5 0.2
v 0.9 2.5 0.1
v 0.9 2.6 0.2
v 0.9 2.6 0.1
v 0.9 2.8 0.4
v 0.9 2.8 0.3
v 0.9 2.8 0.2
v 0.9 2.8 0.1
v 0.9 3.3 0.4
v 0.9 3.3 0.3
v 0.9 3.3 0.2
v 0.9 3.3 0.1
v 0.9 3.5 0.4
v 0.9 3.5 0.3
v 0.9 3.5 0.2
v 0.9 3.5 0.1
v 0.9 3.6 0.3
v 0.9 3.6 0.2
v 1 0.1 0.4
v 1 0.1 -0.4
v 1 0.2 0.5
v 1 0.2 0.4
v 1 0.2 0.3
v 1 0.2 0.2
v 1 0.2 -0.3
v 1 0.2 -0.4
v 1 0.3 0.4
v 1 0.3 0.3
v 1 0.3 0.2
v 1 0.3 0.1
v 1 0.3 -0.2
v 1 0.3 -0.3
v 1 0.4 0
v 1 0.4 -0.2
v 1 0.6 0.4
v 1 0.9 0.5
v 1 0.9 0.4
v 1 0.9 0.1
v 1 0.9 0
v 1 1 0.4
v 1 1.3 0.5
v 1 1.3 0.4
v 1 1.3 0.1
v 1 1.3 0
v 1 1.4 0.5
v 1 1.4 0.4
v 1 1.4 0.3
v 1 1.4 0.2
v 1 1.4 0.1
v 1 1.4 0
v 1 1.5 0.3
v 1 1.5 0.2
v 1 1.6 0.4
v 1 1.6 0.3
v 1 1.6 0.2
v 1 1.6 0.1
v 1 2.8 0.3
v 1 2.8 0.2
v 1 3.4 0.3
v 1 3.4 0.2
v 1 3.5 0.3
v 1 3.5 0.2
v 1.1 0.2 0.3
v 1.1 0.2 0.2
v 1.1 0.3 0.4
v 1.1 0.3 0.3
v 1.1 0.3 0.2
v 1.1 0.3 0.1
v 1.1 0.5 0.3
v 1.1 0.5 0.2
v 1.1 0.6 0.4
v 1.1 0.6 0.3
v 1.1 0.7 0.3
v 1.1 0.7 0.2
v 1.1 1 0.4
v 1.1 1 0.3
v 1.1 1.4 0.4
v 1.1 1.4 0.3
v 1.1 1.4 0.2
v 1.1 1.4 0.1
v 1.1 1.5 0.3
v 1.1 1.5 0.2
v 1.2 0.3 0.3
v 1.2 0.3 0.2
v 1.2 0.5 0.3
v 1.2 0.5 0.2
v 1.2 0.7 0.3
v 1.2 0.7 0.2
v 1.2 1.4 0.3
v 1.2 1.4 0.2
v 1.5 3.2 0.5
v 1.5 3.2 0.4
v 1.5 3.2 0.1
v 1.5 3.2 0
v 1.5 3.3 0.5
v 1.5 3.3 0.4
v 1.5 3.3 0.3
v 1.5 3.3 0.2
v 1.5 3.3 0.1
v 1.5 3.3 0
v 1.5 3.4 0.4
v 1.5 3.4 0.3
v 1.5 3.4 0.2
v 1.5 3.4 0.1
v 1.6 3.1 0.5
v 1.6 3.1 0.4
v 1.6 3.1 0.1
v 1.6 3.1 0
v 1.6 3.2 0.5
v 1.6 3.2 0.4
v 1.6 3.2 0.3
v 1.6 3.2 0.2
v 1.6 3.2 0.1
v 1.6 3.2 0
v 1.6 3.3 0.4
v 1.6 3.3 0.3
v 1.6 3.3 0.2
v 1.6 3.3 0.1
v 1.6 3.4 0.3
v 1.6 3.4 0.2
v 1.7 2.1 0.5
v 1.7 2.1 0
v 1.7 2.5 0.5
v 1.7 2.5 0.4
v 1.7 2.6 0.5
v 1.7 2.6 0.4
v 1.7 3.1 0.5
v 1.7 3.1 0.4
v 1.7 3.1 0.1
v 1.7 3.1 0
v 1.7 3.2 0.4
v 1.7 3.2 0.3
v 1.7 3.2 0.2
v 1.7 3.2 0.1
v 1.7 3.3 0.3
v 1.7 3.3 0.2
v -0.0999999 5.7 0.9
v -0.0999999 5.9 0.9
v 1.19209e-07 5.7 0.9
v 1.19209e-07 5.8 0.9
v 0.1 5.7 0.9
v 0.1 5.8 0.9
v 0.1 5.9 0.9
v -0.3 4.1 0.8
v -0.3 4.8 0.8
v -0.3 4.9 0.8
v -0.2 4.1 0.8
v -0.2 4.2 0.8
v -0.2 4.8 0.8
v -0.2 4.9 0.8
v -0.0999999 4.2 0.8
v -0.0999999 4.9 0.8
v -0.0999999 5.6 0.8
v -0.0999999 5.7 0.8
v 1.19209e-07 4.1 0.8
v 1.19209e-07 4.9 0.8
v 1.19209e-07 5.7 0.8
v 0.1 5.6 0.8
v 0.1 5.7 0.8
v 0.2 4.1 0.8
v 0.2 4.9 0.8
v 0.3 4.1 0.8
v 0.3 4.9 0.8
v -0.4 4.1 0.7
v -0.4 4.8 0.7
v -0.4 4.9 0.7
v -0.3 3.9 0.7
v -0.3 4.1 0.7
v -0.3 4.8 0.7
v -0.3 4.9 0.7
v -0.3 5 0.7
v -0.2 4.1 0.7
v -0.2 4.9 0.7
v -0.0999999 3.9 0.7
v -0.0999999 4 0.7
v -0.0999999 4.9 0.7
v -0.0999999 5.5 0.7
v -0.0999999 5.6 0.7
v 1.19209e-07 3.9 0.7
v 1.19209e-07 4 0.7
v 1.19209e-07 4.1 0.7
v 1.19209e-07 4.9 0.7
v 0.1 5.5 0.7
v 0.1 5.6 0.7
v 0.2 3.9 0.7
v 0.2 4.1 0.7
v 0.2 4.9 0.7
v 0.3 3.9 0.7
v 0.3 4.1 0.7
v 0.3 4.8 0.7
v 0.3 4.9 0.7
v 0.3 5 0.7
v 0.4 4.1 0.7
v 0.4 4.8 0.7
v 0.4 4.9 0.7
v -0.7 1.5 0.6
v -0.7 1.6 0.6
v -0.7 2.4 0.6
v -0.7 2.7 0.6
v -0.7 2.9 0.6
v -0.6 2.2 0.6
v -0.6 2.4 0.6
v -0.6 2.7 0.6
v -0.5 1.6 0.6
v -0.5 1.7 0.6
v -0.5 2.1 0.6
v -0.5 2.2 0.6
v -0.5 2.4 0.6
v -0.5 4.1 0.6
v -0.5 4.2 0.6
v -0.5 4.8 0.6
v -0.5 4.9 0.6
v -0.4 1.5 0.6
v -0.4 1.6 0.6
v -0.4 1.9 0.6
v -0.4 2.1 0.6
v -0.4 2.2 0.6
v -0.4 2.5 0.6
v -0.4 2.9 0.6
v -0.4 3.9 0.6
v -0.4 4.1 0.6
v -0.4 4.2 0.6
v -0.4 4.8 0.6
v -0.4 4.9 0.6
v -0.4 5 0.6
v -0.3 1.9 0.6
v -0.3 2.1 0.6
v -0.3 2.4 0.6
v -0.3 2.5 0.6
v -0.3 2.6 0.6
v -0.3 2.9 0.6
v -0.3 3.8 0.6
v -0.3 3.9 0.6
v -0.3 4.1 0.6
v -0.3 4.9 0.6
v -0.3 5 0.6
v -0.3 5.1 0.6
v -0.2 2.4 0.6
v -0.2 2.6 0.6
v -0.2 3.8 0.6
v -0.2 3.9 0.6
v -0.0999999 1.5 0.6
v -0.0999999 1.6 0.6
v -0.0999999 2.7 0.6
v -0.0999999 2.8 0.6
v -0.0999999 3.9 0.6
v -0.0999999 5.4 0.6
v -0.0999999 5.5 0.6
v 1.19209e-07 1.5 0.6
v 1.19209e-07 1.7 0.6
v 1.19209e-07 1.9 0.6
v 1.19209e-07 2.7 0.6
v 1.19209e-07 2.8 0.6
v 1.19209e-07 2.9 0.6
v 1.19209e-07 3.9 0.6
v 0.1 1.7 0.6
v 0.1 1.8 0.6
v 0.1 1.9 0.6
v 0.1 2 0.6
v 0.1 5.4 0.6
v 0.1 5.5 0.6
v 0.2 1.8 0.6
v 0.2 1.9 0.6
v 0.2 2 0.6
v 0.2 2.2 0.6
v 0.2 3.9 0.6
v 0.3 1.9 0.6
v 0.3 2.2 0.6
v 0.3 2.4 0.6
v 0.3 2.8 0.6
v 0.3 2.9 0.6
v 0.3 3.8 0.6
v 0.3 3.9 0.6
v 0.3 4.1 0.6
v 0.3 4.9 0.6
v 0.3 5 0.6
v 0.3 5.1 0.6
v 0.4 2.2 0.6
v 0.4 2.3 0.6
v 0.4 3.9 0.6
v 0.4 4.1 0.6
v 0.4 4.8 0.6
v 0.4 4.9 0.6
v 0.4 5 0.6
v 0.5 1.6 0.6
v 0.5 1.7 0.6
v 0.5 2.3 0.6
v 0.5 2.4 0.6
v 0.5 2.5 0.6
v 0.5 4.1 0.6
v 0.5 4.9 0.6
v 0.6 1.5 0.6
v 0.6 1.6 0.6
v 0.6 1.7 0.6
v 0.6 2.4 0.6
v 0.6 2.5 0.6
v 0.6 2.6 0.6
v 0.7 1.5 0.6
v 0.7 1.6 0.6
v 0.7 2.5 0.6
v 0.7 2.6 0.6
v 0.7 2.9 0.6
v -1.7 2.1 0.5
v -1.7 2.8 0.5
v -1.7 3.1 0.5
v -1.6 2.3 0.5
v -1.6 2.6 0.5
v -1.6 2.8 0.5
v -1.6 3.1 0.5
v -1.6 3.2 0.5
v -1.5 2.1 0.5
v -1.5 2.2 0.5
v -1.5 2.3 0.5
v -1.5 2.6 0.5
v -1.5 2.8 0.5
v -1.5 3.1 0.5
v -1.5 3.2 0.5
v -1.5 3.3 0.5
v -1.4 2.2 0.5
v -1.4 2.3 0.5
v -1.4 2.6 0.5
v -1.4 2.7 0.5
v -1.4 2.8 0.5
v -1.4 2.9 0.5
v -1.3 2.3 0.5
v -1.3 2.7 0.5
v -1.3 2.9 0.5
v -1.3 3 0.5
v -1.2 2.7 0.5
v -1.2 2.8 0.5
v -1.2 2.9 0.5
v -1.2 3 0.5
v -1 0.2 0.5
v -1 1.4 0.5
v -1 2.9 0.5
v -1 3.1 0.5
v -0.9 0.1 0.5
v -0.9 0.2 0.5
v -0.9 0.5 0.5
v -0.9 1.1 0.5
v -0.9 1.2 0.5
v -0.9 1.4 0.5
v -0.9 1.6 0.5
v -0.9 2.8 0.5
v -0.9 2.9 0.5
v -0.9 3.1 0.5
v -0.8 0.3 0.5
v -0.8 0.5 0.5
v -0.8 0.6 0.5
v -0.8 1 0.5
v -0.8 1.1 0.5
v -0.8 1.2 0.5
v -0.8 1.3 0.5
v -0.8 1.4 0.5
v -0.8 1.5 0.5
v -0.8 1.6 0.5
v -0.8 2.5 0.5
v -0.8 2.8 0.5
v -0.8 2.9 0.5
v -0.8 3.3 0.5
v -0.8 3.4 0.5
v -0.8 3.5 0.5
v -0.7 0.3 0.5
v -0.7 0.6 0.5
v -0.7 1 0.5
v -0.7 1.1 0.5
v -0.7 1.2 0.5
v -0.7 1.3 0.5
v -0.7 1.4 0.5
v -0.7 1.5 0.5
v -0.7 1.6 0.5
v -0.7 2.4 0.5
v -0.7 2.5 0.5
v -0.7 2.7 0.5
v -0.7 2.8 0.5
v -0.7 2.9 0.5
v -0.7 3.4 0.5
v -0.7 3.5 0.5
v -0.6 0.1 0.5
v -0.6 0.2 0.5
v -0.6 1.1 0.5
v -0.6 1.3 0.5
v -0.6 1.4 0.5
v -0.6 1.5 0.5
v -0.6 4.1 0.5
v -0.6 4.5 0.5
v -0.6 4.8 0.5
v -0.6 4.9 0.5
v -0.5 0.2 0.5
v -0.5 1.2 0.5
v -0.5 3.1 0.5
v -0.5 3.3 0.5
v -0.5 3.9 0.5
v -0.5 4.1 0.5
v -0.5 4.2 0.5
v -0.5 4.5 0.5
v -0.5 4.8 0.5
v -0.5 4.9 0.5
v -0.5 5 0.5
v -0.4 1.2 0.5
v -0.4 1.3 0.5
v -0.4 1.5 0.5
v -0.4 2.9 0.5
v -0.4 3.1 0.5
v -0.4 3.2 0.5
v -0.4 3.3 0.5
v -0.4 3.4 0.5
v -0.4 3.8 0.5
v -0.4 3.9 0.5
v -0.4 4.1 0.5
v -0.4 4.9 0.5
v -0.4 5 0.5
v -0.4 5.1 0.5
v -0.3 1.3 0.5
v -0.3 1.4 0.5
v -0.3 2.9 0.5
v -0.3 3.2 0.5
v -0.3 3.4 0.5
v -0.3 3.5 0.5
v -0.3 3.6 0.5
v -0.3 3.8 0.5
v -0.3 3.9 0.5
v -0.3 5 0.5
v -0.3 5.1 0.5
v -0.3 5.2 0.5
v -0.2 3.4 0.5
v -0.2 3.5 0.5
v -0.2 3.8 0.5
v -0.0999999 1.4 0.5
v -0.0999999 1.5 0.5
v -0.0999999 3.5 0.5
v -0.0999999 3.6 0.5
v -0.0999999 5.3 0.5
v -0.0999999 5.4 0.5
v 1.19209e-07 1.5 0.5
v 1.19209e-07 2.9 0.5
v 0.1 1.4 0.5
v 0.1 1.5 0.5
v 0.1 5.3 0.5
v 0.1 5.4 0.5
v 0.2 2.9 0.5
v 0.2 3 0.5
v 0.3 1.3 0.5
v 0.3 1.4 0.5
v 0.3 2.9 0.5
v 0.3 3.5 0.5
v 0.3 3.8 0.5
v 0.3 3.9 0.5
v 0.3 5 0.5
v 0.3 5.1 0.5
v 0.3 5.2 0.5
v 0.4 1.2 0.5
v 0.4 1.3 0.5
v 0.4 2.9 0.5
v 0.4 3 0.5
v 0.4 3.2 0.5
v 0.4 3.8 0.5
v 0.4 3.9 0.5
v 0.4 4.1 0.5
v 0.4 4.9 0.5
v 0.4 5 0.5
v 0.4 5.1 0.5
v 0.5 0.2 0.5
v 0.5 0.3 0.5
v 0.5 0.5 0.5
v 0.5 1.2 0.5
v 0.5 3 0.5
v 0.5 3.1 0.5
v 0.5 3.2 0.5
v 0.5 3.3 0.5
v 0.5 3.9 0.5
v 0.5 4.1 0.5
v 0.5 4.7 0.5
v 0.5 4.9 0.5
v 0.5 5 0.5
v 0.6 0.1 0.5
v 0.6 0.2 0.5
v 0.6 0.3 0.5
v 0.6 0.4 0.5
v 0.6 1.4 0.5
v 0.6 1.5 0.5
v 0.6 3.1 0.5
v 0.6 3.2 0.5
v 0.6 3.3 0.5
v 0.6 3.4 0.5
v 0.6 4.1 0.5
v 0.6 4.7 0.5
v 0.6 4.9 0.5
v 0.7 0.4 0.5
v 0.7 0.5 0.5
v 0.7 1.5 0.5
v 0.7 1.6 0.5
v 0.7 2.5 0.5
v 0.7 2.6 0.5
v 0.7 2.9 0.5
v 0.7 3.2 0.5
v 0.7 3.4 0.5
v 0.8 1.3 0.5
v 0.8 1.4 0.5
v 0.8 1.5 0.5
v 0.8 1.6 0.5
v 0.8 2.5 0.5
v 0.8 2.6 0.5
v 0.8 2.8 0.5
v 0.8 3.3 0.5
v 0.8 3.5 0.5
v 0.9 0.1 0.5
v 0.9 0.2 0.5
v 0.9 0.9 0.5
v 0.9 1.3 0.5
v 0.9 1.4 0.5
v 0.9 1.6 0.5
v 1 0.2 0.5
v 1 0.9 0.5
v 1 1.3 0.5
v 1 1.4 0.5
v 1.1 3.1 0.5
v 1.1 3.3 0.5
v 1.2 2.7 0.5
v 1.2 2.8 0.5
v 1.2 3.2 0.5
v 1.2 3.3 0.5
v 1.3 2.3 0.5
v 1.3 2.7 0.5
v 1.3 3 0.5
v 1.3 3.1 0.5
v 1.4 2.2 0.5
v 1.4 2.3 0.5
v 1.4 2.9 0.5
v 1.4 3 0.5
v 1.4 3.2 0.5
v 1.5 2.1 0.5
v 1.5 2.2 0.5
v 1.5 2.5 0.5
v 1.5 2.9 0.5
v 1.5 3 0.5
v 1.5 3.2 0.5
v 1.5 3.3 0.5
v 1.6 2.6 0.5
v 1.6 2.9 0.5
v 1.6 3.1 0.5
v 1.6 3.2 0.5
v 1.7 2.1 0.5
v 1.7 2.5 0.5
v 1.7 2.6 0.5
v 1.7 3.1 0.5
v -1.7 3.1 0.4
v -1.7 3.2 0.4
v -1.6 3.1 0.4
v -1.6 3.2 0.4
v -1.6 3.3 0.4
v -1.5 3.2 0.4
v -1.5 3.3 0.4
v -1.5 3.4 0.4
v -1.3 2.6 0.4
v -1.3 2.7 0.4
v -1.2 2.6 0.4
v -1.2 2.7 0.4
v -1.2 2.8 0.4
v -1.2 3.3 0.4
v -1.2 3.4 0.4
v -1.1 0.3 0.4
v -1.1 1.4 0.4
v -1.1 2.7 0.4
v -1.1 2.8 0.4
v -1 0.1 0.4
v -1 0.2 0.4
v -1 0.3 0.4
v -1 1.4 0.4
v -1 1.6 0.4
v -1 3.3 0.4
v -1 3.4 0.4
v -0.9 0.1 0.4
v -0.9 0.2 0.4
v -0.9 1.4 0.4
v -0.9 1.6 0.4
v -0.9 2.7 0.4
v -0.9 2.8 0.4
v -0.9 3.3 0.4
v -0.9 3.5 0.4
v -0.8 1.6 0.4
v -0.8 2.5 0.4
v -0.8 2.7 0.4
v -0.8 2.8 0.4
v -0.8 3.3 0.4
v -0.8 3.4 0.4
v -0.8 3.5 0.4
v -0.8 3.6 0.4
v -0.7 3.5 0.4
v -0.7 3.6 0.4
v -0.6 0.1 0.4
v -0.6 0.2 0.4
v -0.5 0.1 0.4
v -0.5 0.2 0.4
v -0.5 0.3 0.4
v -0.5 1.2 0.4
v -0.4 0.3 0.4
v -0.4 1.2 0.4
v -0.3 3.5 0.4
v -0.3 3.6 0.4
v -0.0999999 5.2 0.4
v -0.0999999 5.3 0.4
v 1.19209e-07 5.2 0.4
v 1.19209e-07 5.3 0.4
v 0.1 5.2 0.4
v 0.1 5.3 0.4
v 0.3 3.5 0.4
v 0.3 3.6 0.4
v 0.4 0.3 0.4
v 0.4 0.5 0.4
v 0.4 1.2 0.4
v 0.5 0.1 0.4
v 0.5 0.2 0.4
v 0.5 0.3 0.4
v 0.5 0.5 0.4
v 0.5 1.2 0.4
v 0.6 0.1 0.4
v 0.6 0.2 0.4
v 0.8 1.6 0.4
v 0.8 2.5 0.4
v 0.8 2.6 0.4
v 0.8 2.8 0.4
v 0.8 3.3 0.4
v 0.8 3.5 0.4
v 0.8 3.6 0.4
v 0.9 0.1 0.4
v 0.9 0.2 0.4
v 0.9 1.4 0.4
v 0.9 1.6 0.4
v 0.9 2.8 0.4
v 0.9 3.3 0.4
v 0.9 3.5 0.4
v 1 0.1 0.4
v 1 0.2 0.4
v 1 0.3 0.4
v 1 0.6 0.4
v 1 0.9 0.4
v 1 1 0.4
v 1 1.3 0.4
v 1 1.4 0.4
v 1 1.6 0.4
v 1 3.3 0.4
v 1 3.4 0.4
v 1.1 0.3 0.4
v 1.1 0.6 0.4
v 1.1 1 0.4
v 1.1 1.4 0.4
v 1.1 2.7 0.4
v 1.1 2.8 0.4
v 1.1 3.3 0.4
v 1.2 2.6 0.4
v 1.2 2.7 0.4
v 1.2 2.8 0.4
v 1.2 3.3 0.4
v 1.3 2.6 0.4
v 1.3 2.7 0.4
v 1.5 3.2 0.4
v 1.5 3.3 0.4
v 1.5 3.4 0.4
v 1.6 3.1 0.4
v 1.6 3.2 0.4
v 1.6 3.3 0.4
v 1.7 3.1 0.4
v 1.7 3.2 0.4
v -1.7 3.2 0.3
v -1.7 3.3 0.3
v -1.6 3.2 0.3
v -1.6 3.3 0.3
v -1.6 3.4 0.3
v -1.5 3.3 0.3
v -1.5 3.4 0.3
v -1.2 0.3 0.3
v -1.2 0.8 0.3
v -1.2 1 0.3
v -1.2 1.4 0.3
v -1.1 0.2 0.3
v -1.1 0.3 0.3
v -1.1 0.8 0.3
v -1.1 1 0.3
v -1.1 1.4 0.3
v -1.1 1.5 0.3
v -1 0.2 0.3
v -1 0.3 0.3
v -1 1.4 0.3
v -1 1.5 0.3
v -1 1.6 0.3
v -1 2.8 0.3
v -1 3.3 0.3
v -1 3.4 0.3
v -1 3.5 0.3
v -0.9 1.6 0.3
v -0.9 2.7 0.3
v -0.9 2.8 0.3
v -0.9 3.3 0.3
v -0.9 3.5 0.3
v -0.9 3.6 0.3
v -0.8 3.5 0.3
v -0.8 3.6 0.3
v -0.7 3.6 0.3
v -0.7 3.7 0.3
v -0.5 0.2 0.3
v -0.5 0.3 0.3
v -0.4 0.2 0.3
v -0.4 0.3 0.3
v -0.4 1 0.3
v -0.4 1.1 0.3
v -0.4 1.3 0.3
v -0.3 0.3 0.3
v -0.3 1 0.3
v -0.3 1.1 0.3
v -0.3 1.3 0.3
v -0.3 1.4 0.3
v -0.3 3.6 0.3
v -0.3 3.7 0.3
v -0.2 1.3 0.3
v -0.2 1.4 0.3
v 0.2 1.3 0.3
v 0.2 1.4 0.3
v 0.3 0.3 0.3
v 0.3 0.4 0.3
v 0.3 0.5 0.3
v 0.3 1.3 0.3
v 0.3 1.4 0.3
v 0.3 3.6 0.3
v 0.3 3.7 0.3
v 0.4 0.2 0.3
v 0.4 0.3 0.3
v 0.4 0.4 0.3
v 0.4 0.5 0.3
v 0.4 1.3 0.3
v 0.5 0.2 0.3
v 0.5 0.3 0.3
v 0.5 3.6 0.3
v 0.5 3.7 0.3
v 0.7 3.6 0.3
v 0.7 3.7 0.3
v 0.8 3.5 0.3
v 0.8 3.6 0.3
v 0.9 1.6 0.3
v 0.9 2.8 0.3
v 0.9 3.3 0.3
v 0.9 3.5 0.3
v 0.9 3.6 0.3
v 1 0.2 0.3
v 1 0.3 0.3
v 1 1.4 0.3
v 1 1.5 0.3
v 1 1.6 0.3
v 1 2.8 0.3
v 1 3.3 0.3
v 1 3.4 0.3
v 1 3.5 0.3
v 1.1 0.2 0.3
v 1.1 0.3 0.3
v 1.1 0.5 0.3
v 1.1 0.6 0.3
v 1.1 0.7 0.3
v 1.1 1 0.3
v 1.1 1.4 0.3
v 1.1 1.5 0.3
v 1.2 0.3 0.3
v 1.2 0.5 0.3
v 1.2 0.7 0.3
v 1.2 1.4 0.3
v 1.5 3.3 0.3
v 1.5 3.4 0.3
v 1.6 3.2 0.3
v 1.6 3.3 0.3
v 1.6 3.4 0.3
v 1.7 3.2 0.3
v 1.7 3.3 0.3
v -0.0999999 5.8 0.6
v -0.0999999 5.9 0.6
v 0.1 5.8 0.6
v 0.1 5.9 0.6
v -0.0999999 5.7 0.4
v -0.0999999 5.8 0.4
v 1.19209e-07 5.7 0.4
v 0.1 5.7 0.4
v 0.1 5.8 0.4
v -0.0999999 5.6 0.3
v -0.0999999 5.7 0.3
v 1.19209e-07 5.6 0.3
v 1.19209e-07 5.7 0.3
v 0.1 5.6 0.3
v 0.1 5.7 0.3
v -1.7 3.2 0.2
v -1.7 3.3 0.2
v -1.6 3.2 0.2
v -1.6 3.3 0.2
v -1.6 3.4 0.2
v -1.5 3.3 0.2
v -1.5 3.4 0.2
v -1.2 0.3 0.2
v -1.2 0.8 0.2
v -1.2 1 0.2
v -1.2 1.4 0.2
v -1.1 0.2 0.2
v -1.1 0.3 0.2
v -1.1 0.8 0.2
v -1.1 0.9 0.2
v -1.1 1 0.2
v -1.1 1.3 0.2
v -1.1 1.4 0.2
v -1.1 1.5 0.2
v -1 0.2 0.2
v -1 0.3 0.2
v -1 1.4 0.2
v -1 1.5 0.2
v -1 1.6 0.2
v -1 2.8 0.2
v -1 3.3 0.2
v -1 3.4 0.2
v -1 3.5 0.2
v -0.9 1.6 0.2
v -0.9 2.4 0.2
v -0.9 2.8 0.2
v -0.9 3.3 0.2
v -0.9 3.5 0.2
v -0.9 3.6 0.2
v -0.8 3.5 0.2
v -0.8 3.6 0.2
v -0.7 3.6 0.2
v -0.7 3.7 0.2
v -0.6 3.6 0.2
v -0.5 0.2 0.2
v -0.5 0.3 0.2
v -0.4 0.2 0.2
v -0.4 0.3 0.2
v -0.4 1 0.2
v -0.4 1.1 0.2
v -0.4 1.3 0.2
v -0.3 0.3 0.2
v -0.3 1 0.2
v -0.3 1.1 0.2
v -0.3 1.3 0.2
v -0.3 1.4 0.2
v -0.3 3.6 0.2
v -0.3 3.7 0.2
v -0.2 1.3 0.2
v -0.2 1.4 0.2
v -0.0999999 5.2 0.2
v -0.0999999 5.3 0.2
v -0.0999999 5.6 0.2
v 1.19209e-07 5.3 0.2
v 1.19209e-07 5.6 0.2
v 0.1 5.2 0.2
v 0.1 5.6 0.2
v 0.2 1.3 0.2
v 0.2 1.4 0.2
v 0.3 0.3 0.2
v 0.3 0.4 0.2
v 0.3 0.5 0.2
v 0.3 1.3 0.2
v 0.3 1.4 0.2
v 0.3 3.6 0.2
v 0.3 3.7 0.2
v 0.4 0.2 0.2
v 0.4 0.3 0.2
v 0.4 0.4 0.2
v 0.4 0.5 0.2
v 0.4 1.1 0.2
v 0.4 1.2 0.2
v 0.4 1.3 0.2
v 0.5 0.2 0.2
v 0.5 0.3 0.2
v 0.5 3.6 0.2
v 0.5 3.7 0.2
v 0.6 3.6 0.2
v 0.7 3.6 0.2
v 0.7 3.7 0.2
v 0.8 3.5 0.2
v 0.8 3.6 0.2
v 0.9 1.6 0.2
v 0.9 2.5 0.2
v 0.9 2.6 0.2
v 0.9 2.8 0.2
v 0.9 3.3 0.2
v 0.9 3.5 0.2
v 0.9 3.6 0.2
v 1 0.2 0.2
v 1 0.3 0.2
v 1 1.4 0.2
v 1 1.5 0.2
v 1 1.6 0.2
v 1 2.8 0.2
v 1 3.3 0.2
v 1 3.4 0.2
v 1 3.5 0.2
v 1.1 0.2 0.2
v 1.1 0.3 0.2
v 1.1 0.5 0.2
v 1.1 0.7 0.2
v 1.1 1.4 0.2
v 1.1 1.5 0.2
v 1.2 0.3 0.2
v 1.2 0.5 0.2
v 1.2 0.7 0.2
v 1.2 1.4 0.2
v 1.5 3.3 0.2
v 1.5 3.4 0.2
v 1.6 3.2 0.2
v 1.6 3.3 0.2
v 1.6 3.4 0.2
v 1.7 3.2 0.2
v 1.7 3.3 0.2
v -1.7 3.1 0.1
v -1.7 3.2 0.1
v -1.6 3.1 0.1
v -1.6 3.2 0.1
v -1.6 3.3 0.1
v -1.5 3.2 0.1
v -1.5 3.3 0.1
v -1.5 3.4 0.1
v -1.3 2.6 0.1
v -1.3 2.7 0.1
v -1.2 2.6 0.1
v -1.2 2.7 0.1
v -1.2 2.8 0.1
v -1.1 0.3 0.1
v -1.1 0.9 0.1
v -1.1 1.3 0.1
v -1.1 1.4 0.1
v -1.1 2.7 0.1
v -1.1 2.8 0.1
v -1 0.3 0.1
v -1 0.9 0.1
v -1 1.2 0.1
v -1 1.3 0.1
v -1 1.4 0.1
v -1 1.6 0.1
v -1 3.3 0.1
v -1 3.4 0.1
v -0.9 1.4 0.1
v -0.9 1.5 0.1
v -0.9 1.6 0.1
v -0.9 2.4 0.1
v -0.9 2.8 0.1
v -0.9 3.3 0.1
v -0.9 3.5 0.1
v -0.8 1.6 0.1
v -0.8 2.4 0.1
v -0.8 2.8 0.1
v -0.8 3.3 0.1
v -0.8 3.5 0.1
v -0.8 3.6 0.1
v -0.6 3.5 0.1
v -0.6 3.6 0.1
v -0.5 0.3 0.1
v -0.5 1.1 0.1
v -0.5 1.2 0.1
v -0.4 0.3 0.1
v -0.4 1.1 0.1
v -0.4 1.2 0.1
v -0.3 3.5 0.1
v -0.3 3.6 0.1
v 0.3 3.5 0.1
v 0.3 3.6 0.1
v 0.4 0.3 0.1
v 0.4 1.1 0.1
v 0.4 1.2 0.1
v 0.4 3.5 0.1
v 0.5 0.3 0.1
v 0.5 1 0.1
v 0.5 1.1 0.1
v 0.5 1.2 0.1
v 0.6 3.5 0.1
v 0.6 3.6 0.1
v 0.8 1.6 0.1
v 0.8 1.7 0.1
v 0.8 2.4 0.1
v 0.8 2.5 0.1
v 0.8 2.6 0.1
v 0.8 2.8 0.1
v 0.8 3.3 0.1
v 0.8 3.5 0.1
v 0.8 3.6 0.1
v 0.9 1.4 0.1
v 0.9 1.6 0.1
v 0.9 2.5 0.1
v 0.9 2.6 0.1
v 0.9 2.8 0.1
v 0.9 3.3 0.1
v 0.9 3.5 0.1
v 1 0.3 0.1
v 1 0.9 0.1
v 1 1.3 0.1
v 1 1.4 0.1
v 1 1.6 0.1
v 1 3.3 0.1
v 1 3.4 0.1
v 1.1 0.3 0.1
v 1.1 1.4 0.1
v 1.1 2.7 0.1
v 1.1 2.8 0.1
v 1.2 2.6 0.1
v 1.2 2.7 0.1
v 1.2 2.8 0.1
v 1.3 2.6 0.1
v 1.3 2.7 0.1
v 1.5 3.2 0.1
v 1.5 3.3 0.1
v 1.5 3.4 0.1
v 1.6 3.1 0.1
v 1.6 3.2 0.1
v 1.6 3.3 0.1
v 1.7 3.1 0.1
v 1.7 3.2 0.1
v -1.7 2.1 0
v -1.7 2.5 0
v -1.7 2.9 0
v -1.7 3.1 0
v -1.6 2.5 0
v -1.6 2.8 0
v -1.6 2.9 0
v -1.6 3 0
v -1.6 3.1 0
v -1.6 3.2 0
v -1.5 2.1 0
v -1.5 2.2 0
v -1.5 2.8 0
v -1.5 2.9 0
v -1.5 3.2 0
v -1.5 3.3 0
v -1.4 2.2 0
v -1.4 2.3 0
v -1.4 2.9 0
v -1.4 3 0
v -1.3 2.3 0
v -1.3 2.7 0
v -1.2 2.7 0
v -1.2 2.8 0
v -1 0.4 0
v -1 1.2 0
v -1 1.3 0
v -1 1.4 0
v -0.9 1.2 0
v -0.9 1.3 0
v -0.9 1.4 0
v -0.9 1.5 0
v -0.9 1.6 0
v -0.8 1.3 0
v -0.8 1.5 0
v -0.8 1.6 0
v -0.8 2.8 0
v -0.8 3.3 0
v -0.8 3.5 0
v -0.7 1.6 0
v -0.7 2.9 0
v -0.7 3.2 0
v -0.7 3.3 0
v -0.6 2.9 0
v -0.6 3.1 0
v -0.6 3.2 0
v -0.6 3.3 0
v -0.6 3.4 0
v -0.6 4.1 0
v -0.6 4.4 0
v -0.6 4.5 0
v -0.6 4.9 0
v -0.5 0.4 0
v -0.5 1.2 0
v -0.5 1.6 0
v -0.5 2.9 0
v -0.5 3 0
v -0.5 3.1 0
v -0.5 3.2 0
v -0.5 3.4 0
v -0.5 3.9 0
v -0.5 4.1 0
v -0.5 4.4 0
v -0.5 4.5 0
v -0.5 4.7 0
v -0.5 4.9 0
v -0.5 5 0
v -0.4 1.2 0
v -0.4 1.3 0
v -0.4 3.2 0
v -0.4 3.3 0
v -0.4 3.8 0
v -0.4 3.9 0
v -0.4 4.1 0
v -0.4 4.9 0
v -0.4 5 0
v -0.4 5.1 0
v -0.3 1.3 0
v -0.3 1.4 0
v -0.3 1.6 0
v -0.3 3.2 0
v -0.3 3.3 0
v -0.3 3.5 0
v -0.3 3.8 0
v -0.3 3.9 0
v -0.3 5 0
v -0.3 5.1 0
v -0.2 3 0
v -0.2 3.1 0
v -0.2 3.2 0
v -0.2 3.4 0
v -0.2 3.7 0
v -0.0999999 3.1 0
v -0.0999999 3.2 0
v -0.0999999 3.3 0
v -0.0999999 3.4 0
v -0.0999999 3.7 0
v -0.0999999 3.8 0
v 1.19209e-07 3.7 0
v 1.19209e-07 3.8 0
v 0.1 3.1 0
v 0.1 3.2 0
v 0.1 3.3 0
v 0.1 3.4 0
v 0.1 3.5 0
v 0.2 1.5 0
v 0.2 1.6 0
v 0.2 3 0
v 0.2 3.1 0
v 0.2 3.2 0
v 0.2 3.5 0
v 0.2 3.6 0
v 0.3 1.3 0
v 0.3 1.4 0
v 0.3 1.5 0
v 0.3 3.2 0
v 0.3 3.3 0
v 0.3 3.5 0
v 0.3 3.6 0
v 0.3 3.8 0
v 0.3 3.9 0
v 0.3 5 0
v 0.3 5.1 0
v 0.4 1.2 0
v 0.4 1.3 0
v 0.4 1.4 0
v 0.4 1.6 0
v 0.4 3.2 0
v 0.4 3.3 0
v 0.4 3.4 0
v 0.4 3.5 0
v 0.4 3.8 0
v 0.4 3.9 0
v 0.4 4.1 0
v 0.4 4.9 0
v 0.4 5 0
v 0.4 5.1 0
v 0.5 0.4 0
v 0.5 1 0
v 0.5 1.2 0
v 0.5 1.4 0
v 0.5 3 0
v 0.5 3.1 0
v 0.5 3.2 0
v 0.5 3.9 0
v 0.5 4.1 0
v 0.5 4.5 0
v 0.5 4.6 0
v 0.5 4.7 0
v 0.5 4.9 0
v 0.5 5 0
v 0.6 0.4 0
v 0.6 0.5 0
v 0.6 1 0
v 0.6 1.2 0
v 0.6 1.6 0
v 0.6 3.1 0
v 0.6 3.2 0
v 0.6 3.3 0
v 0.6 4.1 0
v 0.6 4.5 0
v 0.6 4.7 0
v 0.6 4.9 0
v 0.7 0.4 0
v 0.7 0.5 0
v 0.7 0.6 0
v 0.7 1.6 0
v 0.7 1.7 0
v 0.7 2.4 0
v 0.7 2.5 0
v 0.7 2.6 0
v 0.7 2.9 0
v 0.7 3.2 0
v 0.7 3.3 0
v 0.8 0.5 0
v 0.8 0.6 0
v 0.8 0.9 0
v 0.8 1.6 0
v 0.8 1.7 0
v 0.8 2.4 0
v 0.8 2.6 0
v 0.8 2.8 0
v 0.8 3 0
v 0.8 3.1 0
v 0.8 3.2 0
v 0.8 3.3 0
v 0.8 3.5 0
v 0.9 0.6 0
v 0.9 0.9 0
v 0.9 1.3 0
v 0.9 1.4 0
v 0.9 1.6 0
v 1 0.4 0
v 1 0.9 0
v 1 1.3 0
v 1 1.4 0
v 1.2 2.7 0
v 1.2 2.8 0
v 1.3 2.3 0
v 1.3 2.7 0
v 1.3 2.9 0
v 1.3 3 0
v 1.3 3.1 0
v 1.4 2.2 0
v 1.4 2.3 0
v 1.4 2.8 0
v 1.4 2.9 0
v 1.4 3 0
v 1.5 2.1 0
v 1.5 2.2 0
v 1.5 2.7 0
v 1.5 2.8 0
v 1.5 3.2 0
v 1.5 3.3 0
v 1.6 2.7 0
v 1.6 2.9 0
v 1.6 3.1 0
v 1.6 3.2 0
v 1.7 2.1 0
v 1.7 3.1 0
v -0.7 1.6 -0.1
v -0.7 2.9 -0.1
v -0.7 3.2 -0.1
v -0.7 3.3 -0.1
v -0.6 1.7 -0.1
v -0.6 2 -0.1
v -0.6 2.1 -0.1
v -0.6 2.4 -0.1
v -0.6 2.6 -0.1
v -0.6 2.9 -0.1
v -0.6 3.1 -0.1
v -0.6 3.2 -0.1
v -0.6 3.3 -0.1
v -0.5 1.6 -0.1
v -0.5 1.7 -0.1
v -0.5 2.6 -0.1
v -0.5 2.7 -0.1
v -0.5 2.8 -0.1
v -0.5 2.9 -0.1
v -0.5 3 -0.1
v -0.5 3.1 -0.1
v -0.5 3.2 -0.1
v -0.5 4.1 -0.1
v -0.5 4.4 -0.1
v -0.5 4.7 -0.1
v -0.5 4.9 -0.1
v -0.4 1.7 -0.1
v -0.4 3.2 -0.1
v -0.4 3.3 -0.1
v -0.4 3.9 -0.1
v -0.4 4 -0.1
v -0.4 4.1 -0.1
v -0.4 4.4 -0.1
v -0.4 4.6 -0.1
v -0.4 4.7 -0.1
v -0.4 4.9 -0.1
v -0.4 5 -0.1
v -0.3 1.6 -0.1
v -0.3 1.7 -0.1
v -0.3 2.6 -0.1
v -0.3 2.7 -0.1
v -0.3 2.8 -0.1
v -0.3 3.2 -0.1
v -0.3 3.3 -0.1
v -0.3 3.8 -0.1
v -0.3 3.9 -0.1
v -0.3 4 -0.1
v -0.3 4.1 -0.1
v -0.3 4.9 -0.1
v -0.3 5 -0.1
v -0.3 5.1 -0.1
v -0.3 5.2 -0.1
v -0.2 2.5 -0.1
v -0.2 2.6 -0.1
v -0.2 2.7 -0.1
v -0.2 3 -0.1
v -0.2 3.1 -0.1
v -0.2 3.2 -0.1
v -0.2 5.1 -0.1
v -0.0999999 2.4 -0.1
v -0.0999999 2.5 -0.1
v -0.0999999 2.6 -0.1
v -0.0999999 3.1 -0.1
v -0.0999999 3.2 -0.1
v -0.0999999 3.3 -0.1
v -0.0999999 3.8 -0.1
v -0.0999999 3.9 -0.1
v -0.0999999 4 -0.1
v -0.0999999 5.1 -0.1
v -0.0999999 5.2 -0.1
v 1.19209e-07 2.4 -0.1
v 1.19209e-07 2.5 -0.1
v 1.19209e-07 3.8 -0.1
v 1.19209e-07 3.9 -0.1
v 1.19209e-07 4 -0.1
v 0.1 3.1 -0.1
v 0.1 3.2 -0.1
v 0.1 3.3 -0.1
v 0.1 5.1 -0.1
v 0.1 5.2 -0.1
v 0.2 1.6 -0.1
v 0.2 1.7 -0.1
v 0.2 3 -0.1
v 0.2 3.1 -0.1
v 0.2 3.2 -0.1
v 0.3 3.2 -0.1
v 0.3 3.3 -0.1
v 0.3 3.8 -0.1
v 0.3 3.9 -0.1
v 0.3 4 -0.1
v 0.3 4.1 -0.1
v 0.3 4.9 -0.1
v 0.3 5 -0.1
v 0.3 5.1 -0.1
v 0.3 5.2 -0.1
v 0.4 1.6 -0.1
v 0.4 1.7 -0.1
v 0.4 3.2 -0.1
v 0.4 3.3 -0.1
v 0.4 3.9 -0.1
v 0.4 4 -0.1
v 0.4 4.1 -0.1
v 0.4 4.6 -0.1
v 0.4 4.9 -0.1
v 0.4 5 -0.1
v 0.5 3 -0.1
v 0.5 3.1 -0.1
v 0.5 3.2 -0.1
v 0.5 4.1 -0.1
v 0.5 4.6 -0.1
v 0.5 4.9 -0.1
v 0.6 1.6 -0.1
v 0.6 1.7 -0.1
v 0.6 2.4 -0.1
v 0.6 2.5 -0.1
v 0.6 3.1 -0.1
v 0.6 3.2 -0.1
v 0.6 3.3 -0.1
v 0.7 1.6 -0.1
v 0.7 2.5 -0.1
v 0.7 2.9 -0.1
v 0.7 3.2 -0.1
v 0.7 3.3 -0.1
v -1 0.3 -0.2
v -1 0.4 -0.2
v -0.9 0.3 -0.2
v -0.9 0.4 -0.2
v -0.6 0.3 -0.2
v -0.6 0.4 -0.2
v -0.6 1.7 -0.2
v -0.6 2 -0.2
v -0.6 2.1 -0.2
v -0.6 2.4 -0.2
v -0.5 0.3 -0.2
v -0.5 0.4 -0.2
v -0.5 1.8 -0.2
v -0.5 1.9 -0.2
v -0.5 2 -0.2
v -0.5 2.1 -0.2
v -0.5 2.3 -0.2
v -0.4 1.7 -0.2
v -0.4 1.8 -0.2
v -0.4 4 -0.2
v -0.4 4.6 -0.2
v -0.4 4.9 -0.2
v -0.3 1.7 -0.2
v -0.3 1.8 -0.2
v -0.3 3.9 -0.2
v -0.3 4 -0.2
v -0.3 4.1 -0.2
v -0.3 4.3 -0.2
v -0.3 4.6 -0.2
v -0.3 4.9 -0.2
v -0.3 5 -0.2
v -0.3 5.1 -0.2
v -0.2 4.4 -0.2
v -0.2 4.9 -0.2
v -0.2 5 -0.2
v -0.2 5.1 -0.2
v -0.0999999 2.3 -0.2
v -0.0999999 2.4 -0.2
v -0.0999999 3.9 -0.2
v -0.0999999 4 -0.2
v -0.0999999 4.4 -0.2
v -0.0999999 4.5 -0.2
v -0.0999999 4.9 -0.2
v -0.0999999 5 -0.2
v 1.19209e-07 2.3 -0.2
v 1.19209e-07 2.4 -0.2
v 1.19209e-07 3.9 -0.2
v 1.19209e-07 4 -0.2
v 1.19209e-07 5 -0.2
v 0.1 4.4 -0.2
v 0.1 4.6 -0.2
v 0.1 4.9 -0.2
v 0.2 1.7 -0.2
v 0.2 1.8 -0.2
v 0.2 4.4 -0.2
v 0.2 4.9 -0.2
v 0.3 3.9 -0.2
v 0.3 4 -0.2
v 0.3 4.1 -0.2
v 0.3 4.3 -0.2
v 0.3 4.9 -0.2
v 0.3 5 -0.2
v 0.3 5.1 -0.2
v 0.4 1.7 -0.2
v 0.4 1.8 -0.2
v 0.4 4 -0.2
v 0.4 4.9 -0.2
v 0.5 0.3 -0.2
v 0.5 0.4 -0.2
v 0.5 1.8 -0.2
v 0.5 2.3 -0.2
v 0.6 0.3 -0.2
v 0.6 0.4 -0.2
v 0.6 1.7 -0.2
v 0.6 2.4 -0.2
v 0.9 0.3 -0.2
v 0.9 0.4 -0.2
v 1 0.3 -0.2
v 1 0.4 -0.2
v -1 0.2 -0.3
v -1 0.3 -0.3
v -0.9 0.2 -0.3
v -0.9 0.3 -0.3
v -0.9 0.4 -0.3
v -0.6 0.2 -0.3
v -0.6 0.3 -0.3
v -0.6 0.4 -0.3
v -0.5 0.2 -0.3
v -0.5 0.3 -0.3
v -0.5 1.8 -0.3
v -0.5 1.9 -0.3
v -0.5 2.1 -0.3
v -0.5 2.3 -0.3
v -0.4 1.8 -0.3
v -0.4 1.9 -0.3
v -0.4 2 -0.3
v -0.4 2.1 -0.3
v -0.3 1.8 -0.3
v -0.3 2 -0.3
v -0.3 4.3 -0.3
v -0.3 4.9 -0.3
v -0.3 5 -0.3
v -0.2 4.4 -0.3
v -0.2 4.9 -0.3
v -0.2 5 -0.3
v -0.0999999 2.1 -0.3
v -0.0999999 2.3 -0.3
v -0.0999999 4.4 -0.3
v -0.0999999 4.5 -0.3
v -0.0999999 4.9 -0.3
v -0.0999999 5 -0.3
v 1.19209e-07 2.1 -0.3
v 1.19209e-07 2.3 -0.3
v 1.19209e-07 4.4 -0.3
v 1.19209e-07 4.5 -0.3
v 1.19209e-07 4.6 -0.3
v 1.19209e-07 5 -0.3
v 0.1 4.4 -0.3
v 0.1 4.6 -0.3
v 0.1 4.9 -0.3
v 0.2 1.8 -0.3
v 0.2 1.9 -0.3
v 0.2 4.4 -0.3
v 0.2 4.9 -0.3
v 0.3 4.3 -0.3
v 0.3 5 -0.3
v 0.4 1.8 -0.3
v 0.4 1.9 -0.3
v 0.5 0.2 -0.3
v 0.5 0.3 -0.3
v 0.5 1.8 -0.3
v 0.5 2.3 -0.3
v 0.6 0.2 -0.3
v 0.6 0.3 -0.3
v 0.6 0.4 -0.3
v 0.8 0.3 -0.3
v 0.8 0.4 -0.3
v 0.9 0.2 -0.3
v 0.9 0.3 -0.3
v 0.9 0.4 -0.3
v 1 0.2 -0.3
v 1 0.3 -0.3
v -1 0.1 -0.4
v -1 0.2 -0.4
v -0.9 0.2 -0.4
v -0.9 0.3 -0.4
v -0.6 0.2 -0.4
v -0.6 0.3 -0.4
v -0.5 0.1 -0.4
v -0.5 0.2 -0.4
v 0.5 0.1 -0.4
v 0.5 0.2 -0.4
v 0.6 0.2 -0.4
v 0.6 0.3 -0.4
v 0.9 0.2 -0.4
v 0.9 0.3 -0.4
v 1 0.1 -0.4
v 1 0.2 -0.4
v -0.9 0.1 0.5
v -0.6 0.1 0.5
v 0.6 0.1 0.5
v 0.9 0.1 0.5
v -1 0.1 0.4
v -0.9 0.1 0.4
v -0.6 0.1 0.4
v -0.5 0.1 0.4
v 0.5 0.1 0.4
v 0.6 0.1 0.4
v 0.9 0.1 0.4
v 1 0.1 0.4
v -1 0.1 -0.1
v -0.9 0.1 -0.1
v 0.5 0.1 -0.1
v 0.6 0.1 -0.1
v -1 0.1 -0.3
v -0.9 0.1 -0.3
v 0.5 0.1 -0.3
v 0.6 0.1 -0.3
v -1 0.1 -0.4
v -0.5 0.1 -0.4
v 0.5 0.1 -0.4
v 1 0.1 -0.4
v -1 0.2 0.5
v -0.9 0.2 0.5
v -0.6 0.2 0.5
v -0.5 0.2 0.5
v 0.5 0.2 0.5
v 0.6 0.2 0.5
v 0.9 0.2 0.5
v 1 0.2 0.5
v -1 0.2 0.4
v -0.9 0.2 0.4
v -0.6 0.2 0.4
v -0.5 0.2 0.4
v 0.5 0.2 0.4
v 0.6 0.2 0.4
v 0.9 0.2 0.4
v 1 0.2 0.4
v -1.1 0.2 0.3
v -1 0.2 0.3
v -0.5 0.2 0.3
v -0.4 0.2 0.3
v 0.4 0.2 0.3
v 0.5 0.2 0.3
v 1 0.2 0.3
v 1.1 0.2 0.3
v -1.1 0.2 0.2
v -1 0.2 0.2
v -0.5 0.2 0.2
v -0.4 0.2 0.2
v 0.4 0.2 0.2
v 0.5 0.2 0.2
v 1 0.2 0.2
v 1.1 0.2 0.2
v -1.1 0.3 0.4
v -1 0.3 0.4
v -0.5 0.3 0.4
v -0.4 0.3 0.4
v 0.4 0.3 0.4
v 0.5 0.3 0.4
v 1 0.3 0.4
v 1.1 0.3 0.4
v -1.2 0.3 0.3
v -1.1 0.3 0.3
v -1 0.3 0.3
v -0.5 0.3 0.3
v -0.4 0.3 0.3
v -0.3 0.3 0.3
v 0.3 0.3 0.3
v 0.4 0.3 0.3
v 0.5 0.3 0.3
v 1 0.3 0.3
v 1.1 0.3 0.3
v 1.2 0.3 0.3
v -1.2 0.3 0.2
v -1.1 0.3 0.2
v -1 0.3 0.2
v -0.5 0.3 0.2
v -0.4 0.3 0.2
v -0.3 0.3 0.2
v 0.3 0.3 0.2
v 0.4 0.3 0.2
v 0.5 0.3 0.2
v 1 0.3 0.2
v 1.1 0.3 0.2
v 1.2 0.3 0.2
v -1.1 0.3 0.1
v -1 0.3 0.1
v -0.5 0.3 0.1
v -0.4 0.3 0.1
v 0.4 0.3 0.1
v 0.5 0.3 0.1
v 1 0.3 0.1
v 1.1 0.3 0.1
v -0.5 1.2 0.5
v -0.4 1.2 0.5
v 0.4 1.2 0.5
v 0.5 1.2 0.5
v -0.5 1.2 0.4
v -0.4 1.2 0.4
v 0.4 1.2 0.4
v 0.5 1.2 0.4
v -0.5 1.2 0.1
v -0.4 1.2 0.1
v 0.4 1.2 0.1
v 0.5 1.2 0.1
v -0.5 1.2 0
v -0.4 1.2 0
v 0.4 1.2 0
v 0.5 1.2 0
v -0.4 1.3 0.5
v -0.3 1.3 0.5
v 0.3 1.3 0.5
v 0.4 1.3 0.5
v -0.4 1.3 0.3
v -0.3 1.3 0.3
v -0.2 1.3 0.3
v 0.2 1.3 0.3
v 0.3 1.3 0.3
v 0.4 1.3 0.3
v -0.4 1.3 0.2
v -0.3 1.3 0.2
v -0.2 1.3 0.2
v 0.2 1.3 0.2
v 0.3 1.3 0.2
v 0.4 1.3 0.2
v 0.3 1.3 0.1
v 0.4 1.3 0.1
v -0.4 1.3 0
v -0.3 1.3 0
v 0.3 1.3 0
v 0.4 1.3 0
v -0.3 1.4 0.5
v -0.0999999 1.4 0.5
v 0.1 1.4 0.5
v 0.3 1.4 0.5
v -0.0999999 1.4 0.4
v 1.19209e-07 1.4 0.4
v 0.1 1.4 0.4
v 0.2 1.4 0.4
v -0.3 1.4 0.3
v -0.2 1.4 0.3
v 1.19209e-07 1.4 0.3
v 0.2 1.4 0.3
v 0.3 1.4 0.3
v -0.3 1.4 0.2
v -0.2 1.4 0.2
v 0.2 1.4 0.2
v 0.3 1.4 0.2
v 0.3 1.4 0.1
v -0.3 1.4 0
v 0.3 1.4 0
v -0.7 1.5 0.6
v -0.4 1.5 0.6
v -0.0999999 1.5 0.6
v 1.19209e-07 1.5 0.6
v 0.6 1.5 0.6
v 0.7 1.5 0.6
v -0.7 1.5 0.5
v -0.6 1.5 0.5
v -0.4 1.5 0.5
v -0.0999999 1.5 0.5
v 1.19209e-07 1.5 0.5
v 0.1 1.5 0.5
v 0.6 1.5 0.5
v 0.7 1.5 0.5
v -0.7 1.6 0
v -0.5 1.6 0
v -0.3 1.6 0
v 0.2 1.6 0
v 0.4 1.6 0
v 0.6 1.6 0
v 0.7 1.6 0
v -0.7 1.6 -0.1
v -0.5 1.6 -0.1
v -0.3 1.6 -0.1
v 0.2 1.6 -0.1
v 0.4 1.6 -0.1
v 0.6 1.6 -0.1
v 0.7 1.6 -0.1
v -0.6 1.7 -0.1
v -0.5 1.7 -0.1
v -0.4 1.7 -0.1
v -0.3 1.7 -0.1
v 0.2 1.7 -0.1
v 0.4 1.7 -0.1
v 0.6 1.7 -0.1
v -0.6 1.7 -0.2
v -0.4 1.7 -0.2
v -0.3 1.7 -0.2
v 0.2 1.7 -0.2
v 0.4 1.7 -0.2
v 0.6 1.7 -0.2
v -0.5 1.8 -0.2
v -0.4 1.8 -0.2
v -0.3 1.8 -0.2
v 0.2 1.8 -0.2
v 0.4 1.8 -0.2
v 0.5 1.8 -0.2
v -0.5 1.8 -0.3
v -0.4 1.8 -0.3
v -0.3 1.8 -0.3
v 0.2 1.8 -0.3
v 0.4 1.8 -0.3
v 0.5 1.8 -0.3
v -1.7 2.1 0.5
v -1.5 2.1 0.5
v 1.5 2.1 0.5
v 1.7 2.1 0.5
v -1.7 2.1 0
v -1.5 2.1 0
v 1.5 2.1 0
v 1.7 2.1 0
v -1.5 2.2 0.5
v -1.4 2.2 0.5
v 1.4 2.2 0.5
v 1.5 2.2 0.5
v -1.5 2.2 0
v -1.4 2.2 0
v 1.4 2.2 0
v 1.5 2.2 0
v -1.4 2.3 0.5
v -1.3 2.3 0.5
v 1.3 2.3 0.5
v 1.4 2.3 0.5
v -1.4 2.3 0.4
v -1.3 2.3 0.4
v -1.4 2.3 0.2
v -1.3 2.3 0.2
v -1.4 2.3 0
v -1.3 2.3 0
v 1.3 2.3 0
v 1.4 2.3 0
v -1.3 2.6 0.4
v -1.2 2.6 0.4
v 1.2 2.6 0.4
v 1.3 2.6 0.4
v -1.3 2.6 0.2
v -1.2 2.6 0.2
v -1.3 2.6 0.1
v -1.2 2.6 0.1
v 1.2 2.6 0.1
v 1.3 2.6 0.1
v -1.3 2.7 0.5
v -1.2 2.7 0.5
v 1.2 2.7 0.5
v 1.3 2.7 0.5
v -1.3 2.7 0.4
v -1.2 2.7 0.4
v -1.1 2.7 0.4
v 1.1 2.7 0.4
v 1.2 2.7 0.4
v 1.3 2.7 0.4
v -1.2 2.7 0.3
v -1.1 2.7 0.3
v -1.2 2.7 0.2
v -1.1 2.7 0.2
v -1.3 2.7 0.1
v -1.2 2.7 0.1
v -1.1 2.7 0.1
v 1.1 2.7 0.1
v 1.2 2.7 0.1
v 1.3 2.7 0.1
v -1.3 2.7 0
v -1.2 2.7 0
v 1.2 2.7 0
v 1.3 2.7 0
v -1.2 2.8 0.5
v -0.9 2.8 0.5
v -0.8 2.8 0.5
v 0.8 2.8 0.5
v 1.2 2.8 0.5
v -1.2 2.8 0.4
v -1.1 2.8 0.4
v -0.9 2.8 0.4
v -0.8 2.8 0.4
v 0.8 2.8 0.4
v 0.9 2.8 0.4
v 1.1 2.8 0.4
v 1.2 2.8 0.4
v -1.1 2.8 0.3
v -1 2.8 0.3
v -0.9 2.8 0.3
v 0.9 2.8 0.3
v 1 2.8 0.3
v -1.1 2.8 0.2
v -1 2.8 0.2
v -0.9 2.8 0.2
v 0.9 2.8 0.2
v 1 2.8 0.2
v -1.2 2.8 0.1
v -1.1 2.8 0.1
v -1 2.8 0.1
v -0.9 2.8 0.1
v -0.8 2.8 0.1
v 0.8 2.8 0.1
v 0.9 2.8 0.1
v 1.1 2.8 0.1
v 1.2 2.8 0.1
v -1.2 2.8 0
v -0.8 2.8 0
v 0.8 2.8 0
v 1.2 2.8 0
v -0.5 3 0
v -0.2 3 0
v 0.2 3 0
v 0.5 3 0
v -0.5 3 -0.1
v -0.2 3 -0.1
v 0.2 3 -0.1
v 0.5 3 -0.1
v -0.6 3.1 0
v -0.5 3.1 0
v -0.2 3.1 0
v -0.0999999 3.1 0
v 0.1 3.1 0
v 0.2 3.1 0
v 0.5 3.1 0
v 0.6 3.1 0
v -0.6 3.1 -0.1
v -0.5 3.1 -0.1
v -0.2 3.1 -0.1
v -0.0999999 3.1 -0.1
v 0.1 3.1 -0.1
v 0.2 3.1 -0.1
v 0.5 3.1 -0.1
v 0.6 3.1 -0.1
v -0.7 3.2 0
v -0.6 3.2 0
v -0.4 3.2 0
v -0.3 3.2 0
v -0.0999999 3.2 0
v 0.1 3.2 0
v 0.3 3.2 0
v 0.4 3.2 0
v 0.6 3.2 0
v 0.7 3.2 0
v -0.7 3.2 -0.1
v -0.6 3.2 -0.1
v -0.4 3.2 -0.1
v -0.3 3.2 -0.1
v -0.0999999 3.2 -0.1
v 0.1 3.2 -0.1
v 0.3 3.2 -0.1
v 0.4 3.2 -0.1
v 0.6 3.2 -0.1
v 0.7 3.2 -0.1
v -0.3 3.8 0.6
v -0.2 3.8 0.6
v 0.3 3.8 0.6
v -0.4 3.8 0.5
v -0.3 3.8 0.5
v -0.2 3.8 0.5
v 0.3 3.8 0.5
v 0.4 3.8 0.5
v 0.3 3.8 0.1
v 0.4 3.8 0.1
v -0.4 3.8 0
v -0.3 3.8 0
v -0.0999999 3.8 0
v 1.19209e-07 3.8 0
v 0.3 3.8 0
v 0.4 3.8 0
v -0.3 3.8 -0.1
v -0.0999999 3.8 -0.1
v 1.19209e-07 3.8 -0.1
v 0.3 3.8 -0.1
v -0.3 3.9 0.7
v -0.0999999 3.9 0.7
v 1.19209e-07 3.9 0.7
v 0.2 3.9 0.7
v 0.3 3.9 0.7
v -0.4 3.9 0.6
v -0.3 3.9 0.6
v -0.2 3.9 0.6
v -0.0999999 3.9 0.6
v 1.19209e-07 3.9 0.6
v 0.2 3.9 0.6
v 0.3 3.9 0.6
v 0.4 3.9 0.6
v -0.5 3.9 0.5
v -0.4 3.9 0.5
v -0.3 3.9 0.5
v 0.3 3.9 0.5
v 0.4 3.9 0.5
v 0.5 3.9 0.5
v 0.4 3.9 0.2
v 0.5 3.9 0.2
v 0.4 3.9 0.1
v 0.5 3.9 0.1
v -0.5 3.9 0
v -0.4 3.9 0
v -0.3 3.9 0
v 0.3 3.9 0
v 0.4 3.9 0
v 0.5 3.9 0
v -0.4 3.9 -0.1
v -0.3 3.9 -0.1
v -0.0999999 3.9 -0.1
v 1.19209e-07 3.9 -0.1
v 0.3 3.9 -0.1
v 0.4 3.9 -0.1
v -0.3 3.9 -0.2
v -0.0999999 3.9 -0.2
v 1.19209e-07 3.9 -0.2
v 0.3 3.9 -0.2
v -0.4 4 -0.1
v -0.3 4 -0.1
v 0.3 4 -0.1
v 0.4 4 -0.1
v -0.4 4 -0.2
v -0.3 4 -0.2
v 0.3 4 -0.2
v 0.4 4 -0.2
v -0.3 4.1 0.8
v -0.2 4.1 0.8
v 1.19209e-07 4.1 0.8
v 0.2 4.1 0.8
v 0.3 4.1 0.8
v -0.4 4.1 0.7
v -0.3 4.1 0.7
v -0.2 4.1 0.7
v 1.19209e-07 4.1 0.7
v 0.2 4.1 0.7
v 0.3 4.1 0.7
v 0.4 4.1 0.7
v -0.5 4.1 0.6
v -0.4 4.1 0.6
v -0.3 4.1 0.6
v 0.3 4.1 0.6
v 0.4 4.1 0.6
v 0.5 4.1 0.6
v -0.6 4.1 0.5
v -0.5 4.1 0.5
v -0.4 4.1 0.5
v 0.4 4.1 0.5
v 0.5 4.1 0.5
v 0.6 4.1 0.5
v -0.6 4.1 0.4
v -0.5 4.1 0.4
v 0.5 4.1 0.4
v 0.6 4.1 0.4
v 0.5 4.1 0.3
v 0.5 4.1 0.2
v 0.6 4.1 0.2
v -0.6 4.1 0
v -0.5 4.1 0
v -0.4 4.1 0
v 0.4 4.1 0
v 0.5 4.1 0
v 0.6 4.1 0
v -0.5 4.1 -0.1
v -0.4 4.1 -0.1
v -0.3 4.1 -0.1
v 0.3 4.1 -0.1
v 0.4 4.1 -0.1
v 0.5 4.1 -0.1
v -0.3 4.1 -0.2
v 0.3 4.1 -0.2
v -0.3 4.3 -0.2
v 0.3 4.3 -0.2
v -0.3 4.3 -0.3
v 0.3 4.3 -0.3
v -0.2 4.9 -0.2
v -0.0999999 4.9 -0.2
v 0.1 4.9 -0.2
v 0.2 4.9 -0.2
v -0.2 4.9 -0.3
v -0.0999999 4.9 -0.3
v 0.1 4.9 -0.3
v 0.2 4.9 -0.3
v -0.0999999 5.3 0.5
v 0.1 5.3 0.5
v -0.0999999 5.3 0.4
v 1.19209e-07 5.3 0.4
v 0.1 5.3 0.4
v -0.0999999 5.4 0.6
v 0.1 5.4 0.6
v -0.0999999 5.4 0.5
v 0.1 5.4 0.5
v -0.0999999 5.5 0.7
v 0.1 5.5 0.7
v -0.0999999 5.5 0.6
v 0.1 5.5 0.6
v -0.0999999 5.6 0.8
v 0.1 5.6 0.8
v -0.0999999 5.6 0.7
v 0.1 5.6 0.7
v -0.0999999 5.7 0.9
v 1.19209e-07 5.7 0.9
v 0.1 5.7 0.9
v -0.0999999 5.7 0.8
v 1.19209e-07 5.7 0.8
v 0.1 5.7 0.8
v -1 0.2 -0.3
v -0.9 0.2 -0.3
v -0.6 0.2 -0.3
v -0.5 0.2 -0.3
v 0.5 0.2 -0.3
v 0.6 0.2 -0.3
v 0.9 0.2 -0.3
v 1 0.2 -0.3
v -1 0.2 -0.4
v -0.9 0.2 -0.4
v -0.6 0.2 -0.4
v -0.5 0.2 -0.4
v 0.5 0.2 -0.4
v 0.6 0.2 -0.4
v 0.9 0.2 -0.4
v 1 0.2 -0.4
v -1 0.3 -0.2
v -0.9 0.3 -0.2
v -0.6 0.3 -0.2
v -0.5 0.3 -0.2
v 0.5 0.3 -0.2
v 0.6 0.3 -0.2
v 0.9 0.3 -0.2
v 1 0.3 -0.2
v -1 0.3 -0.3
v -0.9 0.3 -0.3
v -0.6 0.3 -0.3
v -0.5 0.3 -0.3
v 0.5 0.3 -0.3
v 0.6 0.3 -0.3
v 0.8 0.3 -0.3
v 0.9 0.3 -0.3
v 1 0.3 -0.3
v -0.9 0.3 -0.4
v -0.6 0.3 -0.4
v 0.6 0.3 -0.4
v 0.9 0.3 -0.4
v -1 0.4 0
v -0.5 0.4 0
v 0.5 0.4 0
v 0.6 0.4 0
v 0.7 0.4 0
v 1 0.4 0
v -1 0.4 -0.1
v -0.9 0.4 -0.1
v -1 0.4 -0.2
v -0.9 0.4 -0.2
v -0.6 0.4 -0.2
v -0.5 0.4 -0.2
v 0.5 0.4 -0.2
v 0.6 0.4 -0.2
v 0.8 0.4 -0.2
v 0.9 0.4 -0.2
v 1 0.4 -0.2
v -0.9 0.4 -0.3
v -0.6 0.4 -0.3
v 0.6 0.4 -0.3
v 0.8 0.4 -0.3
v 0.9 0.4 -0.3
v -1 1.4 0.5
v -0.9 1.4 0.5
v 0.9 1.4 0.5
v 1 1.4 0.5
v -1.1 1.4 0.4
v -1 1.4 0.4
v -0.9 1.4 0.4
v 0.9 1.4 0.4
v 1 1.4 0.4
v 1.1 1.4 0.4
v -1.2 1.4 0.3
v -1.1 1.4 0.3
v -1 1.4 0.3
v 1 1.4 0.3
v 1.1 1.4 0.3
v 1.2 1.4 0.3
v -1.2 1.4 0.2
v -1.1 1.4 0.2
v -1 1.4 0.2
v 1 1.4 0.2
v 1.1 1.4 0.2
v 1.2 1.4 0.2
v -1.1 1.4 0.1
v -1 1.4 0.1
v -0.9 1.4 0.1
v 0.9 1.4 0.1
v 1 1.4 0.1
v 1.1 1.4 0.1
v -1 1.4 0
v -0.9 1.4 0
v 0.9 1.4 0
v 1 1.4 0
v -1.1 1.5 0.3
v -1 1.5 0.3
v 1 1.5 0.3
v 1.1 1.5 0.3
v -1.1 1.5 0.2
v -1 1.5 0.2
v 1 1.5 0.2
v 1.1 1.5 0.2
v -0.9 1.6 0.5
v -0.8 1.6 0.5
v 0.8 1.6 0.5
v 0.9 1.6 0.5
v -1 1.6 0.4
v -0.9 1.6 0.4
v -0.8 1.6 0.4
v 0.8 1.6 0.4
v 0.9 1.6 0.4
v 1 1.6 0.4
v -1 1.6 0.3
v -0.9 1.6 0.3
v 0.9 1.6 0.3
v 1 1.6 0.3
v -1 1.6 0.2
v -0.9 1.6 0.2
v 0.9 1.6 0.2
v 1 1.6 0.2
v -1 1.6 0.1
v -0.9 1.6 0.1
v -0.8 1.6 0.1
v 0.8 1.6 0.1
v 0.9 1.6 0.1
v 1 1.6 0.1
v -0.9 1.6 0
v -0.8 1.6 0
v 0.8 1.6 0
v 0.9 1.6 0
v -0.5 2.3 -0.2
v -0.0999999 2.3 -0.2
v 1.19209e-07 2.3 -0.2
v 0.5 2.3 -0.2
v -0.5 2.3 -0.3
v -0.0999999 2.3 -0.3
v 1.19209e-07 2.3 -0.3
v 0.5 2.3 -0.3
v -0.6 2.4 -0.1
v -0.0999999 2.4 -0.1
v 1.19209e-07 2.4 -0.1
v 0.6 2.4 -0.1
v -0.6 2.4 -0.2
v -0.0999999 2.4 -0.2
v 1.19209e-07 2.4 -0.2
v 0.6 2.4 -0.2
v -0.7 2.9 0.6
v -0.4 2.9 0.6
v -0.3 2.9 0.6
v 1.19209e-07 2.9 0.6
v 0.3 2.9 0.6
v 0.7 2.9 0.6
v -0.7 2.9 0.5
v -0.4 2.9 0.5
v -0.3 2.9 0.5
v 1.19209e-07 2.9 0.5
v 0.2 2.9 0.5
v 0.3 2.9 0.5
v 0.4 2.9 0.5
v 0.7 2.9 0.5
v -0.7 2.9 0
v -0.6 2.9 0
v -0.5 2.9 0
v 0.7 2.9 0
v -0.7 2.9 -0.1
v -0.6 2.9 -0.1
v -0.5 2.9 -0.1
v 0.7 2.9 -0.1
v -1.7 3.1 0.5
v -1.6 3.1 0.5
v 1.6 3.1 0.5
v 1.7 3.1 0.5
v -1.7 3.1 0.4
v -1.6 3.1 0.4
v 1.6 3.1 0.4
v 1.7 3.1 0.4
v -1.7 3.1 0.1
v -1.6 3.1 0.1
v 1.6 3.1 0.1
v 1.7 3.1 0.1
v -1.7 3.1 0
v -1.6 3.1 0
v -0.5 3.1 0
v -0.2 3.1 0
v 0.2 3.1 0
v 0.5 3.1 0
v 1.6 3.1 0
v 1.7 3.1 0
v -0.5 3.1 -0.1
v -0.2 3.1 -0.1
v 0.2 3.1 -0.1
v 0.5 3.1 -0.1
v -1.6 3.2 0.5
v -1.5 3.2 0.5
v 1.5 3.2 0.5
v 1.6 3.2 0.5
v -1.7 3.2 0.4
v -1.6 3.2 0.4
v -1.5 3.2 0.4
v 1.5 3.2 0.4
v 1.6 3.2 0.4
v 1.7 3.2 0.4
v -1.7 3.2 0.3
v -1.6 3.2 0.3
v 1.6 3.2 0.3
v 1.7 3.2 0.3
v -1.7 3.2 0.2
v -1.6 3.2 0.2
v 1.6 3.2 0.2
v 1.7 3.2 0.2
v -1.7 3.2 0.1
v -1.6 3.2 0.1
v -1.5 3.2 0.1
v 1.5 3.2 0.1
v 1.6 3.2 0.1
v 1.7 3.2 0.1
v -1.6 3.2 0
v -1.5 3.2 0
v -0.6 3.2 0
v -0.5 3.2 0
v -0.2 3.2 0
v -0.0999999 3.2 0
v 0.1 3.2 0
v 0.2 3.2 0
v 0.5 3.2 0
v 0.6 3.2 0
v 1.5 3.2 0
v 1.6 3.2 0
v -0.6 3.2 -0.1
v -0.5 3.2 -0.1
v -0.2 3.2 -0.1
v -0.0999999 3.2 -0.1
v 0.1 3.2 -0.1
v 0.2 3.2 -0.1
v 0.5 3.2 -0.1
v 0.6 3.2 -0.1
v -1.5 3.3 0.5
v -0.8 3.3 0.5
v 0.8 3.3 0.5
v 1.1 3.3 0.5
v 1.2 3.3 0.5
v 1.5 3.3 0.5
v -1.6 3.3 0.4
v -1.5 3.3 0.4
v -1.2 3.3 0.4
v -1 3.3 0.4
v -0.9 3.3 0.4
v -0.8 3.3 0.4
v 0.8 3.3 0.4
v 0.9 3.3 0.4
v 1 3.3 0.4
v 1.1 3.3 0.4
v 1.2 3.3 0.4
v 1.5 3.3 0.4
v 1.6 3.3 0.4
v -1.7 3.3 0.3
v -1.6 3.3 0.3
v -1.5 3.3 0.3
v -1 3.3 0.3
v -0.9 3.3 0.3
v 0.9 3.3 0.3
v 1 3.3 0.3
v 1.5 3.3 0.3
v 1.6 3.3 0.3
v 1.7 3.3 0.3
v -1.7 3.3 0.2
v -1.6 3.3 0.2
v -1.5 3.3 0.2
v -1 3.3 0.2
v -0.9 3.3 0.2
v 0.9 3.3 0.2
v 1 3.3 0.2
v 1.5 3.3 0.2
v 1.6 3.3 0.2
v 1.7 3.3 0.2
v -1.6 3.3 0.1
v -1.5 3.3 0.1
v -1 3.3 0.1
v -0.9 3.3 0.1
v -0.8 3.3 0.1
v 0.8 3.3 0.1
v 0.9 3.3 0.1
v 1 3.3 0.1
v 1.5 3.3 0.1
v 1.6 3.3 0.1
v -1.5 3.3 0
v -0.8 3.3 0
v -0.7 3.3 0
v -0.6 3.3 0
v -0.4 3.3 0
v -0.3 3.3 0
v -0.0999999 3.3 0
v 0.1 3.3 0
v 0.3 3.3 0
v 0.4 3.3 0
v 0.6 3.3 0
v 0.7 3.3 0
v 0.8 3.3 0
v 1.5 3.3 0
v -0.7 3.3 -0.1
v -0.6 3.3 -0.1
v -0.4 3.3 -0.1
v -0.3 3.3 -0.1
v -0.0999999 3.3 -0.1
v 0.1 3.3 -0.1
v 0.3 3.3 -0.1
v 0.4 3.3 -0.1
v 0.6 3.3 -0.1
v 0.7 3.3 -0.1
v -1.5 3.4 0.4
v -1.2 3.4 0.4
v -1 3.4 0.4
v 1 3.4 0.4
v 1.5 3.4 0.4
v -1.6 3.4 0.3
v -1.5 3.4 0.3
v -1.2 3.4 0.3
v -1 3.4 0.3
v 1 3.4 0.3
v 1.5 3.4 0.3
v 1.6 3.4 0.3
v -1.6 3.4 0.2
v -1.5 3.4 0.2
v -1 3.4 0.2
v 1 3.4 0.2
v 1.5 3.4 0.2
v 1.6 3.4 0.2
v -1.5 3.4 0.1
v -1 3.4 0.1
v 1 3.4 0.1
v 1.5 3.4 0.1
v -0.8 3.5 0.5
v -0.7 3.5 0.5
v -0.3 3.5 0.5
v 0.3 3.5 0.5
v 0.8 3.5 0.5
v -0.9 3.5 0.4
v -0.8 3.5 0.4
v -0.7 3.5 0.4
v -0.3 3.5 0.4
v 0.3 3.5 0.4
v 0.8 3.5 0.4
v 0.9 3.5 0.4
v -1 3.5 0.3
v -0.9 3.5 0.3
v -0.8 3.5 0.3
v 0.8 3.5 0.3
v 0.9 3.5 0.3
v 1 3.5 0.3
v -1 3.5 0.2
v -0.9 3.5 0.2
v -0.8 3.5 0.2
v 0.8 3.5 0.2
v 0.9 3.5 0.2
v 1 3.5 0.2
v -0.9 3.5 0.1
v -0.8 3.5 0.1
v -0.6 3.5 0.1
v -0.3 3.5 0.1
v 0.3 3.5 0.1
v 0.4 3.5 0.1
v 0.6 3.5 0.1
v 0.8 3.5 0.1
v 0.9 3.5 0.1
v -0.8 3.5 0
v -0.3 3.5 0
v 0.3 3.5 0
v 0.4 3.5 0
v 0.8 3.5 0
v -0.8 3.6 0.4
v -0.7 3.6 0.4
v -0.3 3.6 0.4
v 0.3 3.6 0.4
v 0.8 3.6 0.4
v -0.9 3.6 0.3
v -0.8 3.6 0.3
v -0.7 3.6 0.3
v -0.3 3.6 0.3
v 0.3 3.6 0.3
v 0.5 3.6 0.3
v 0.7 3.6 0.3
v 0.8 3.6 0.3
v 0.9 3.6 0.3
v -0.9 3.6 0.2
v -0.8 3.6 0.2
v -0.7 3.6 0.2
v -0.6 3.6 0.2
v -0.3 3.6 0.2
v 0.3 3.6 0.2
v 0.5 3.6 0.2
v 0.6 3.6 0.2
v 0.7 3.6 0.2
v 0.8 3.6 0.2
v 0.9 3.6 0.2
v -0.8 3.6 0.1
v -0.6 3.6 0.1
v -0.3 3.6 0.1
v 0.3 3.6 0.1
v 0.6 3.6 0.1
v 0.8 3.6 0.1
v -0.7 3.7 0.3
v -0.3 3.7 0.3
v 0.3 3.7 0.3
v 0.5 3.7 0.3
v 0.7 3.7 0.3
v -0.7 3.7 0.2
v -0.3 3.7 0.2
v 0.3 3.7 0.2
v 0.5 3.7 0.2
v 0.7 3.7 0.2
v -0.3 4 -0.1
v -0.0999999 4 -0.1
v 1.19209e-07 4 -0.1
v 0.3 4 -0.1
v -0.3 4 -0.2
v -0.0999999 4 -0.2
v 1.19209e-07 4 -0.2
v 0.3 4 -0.2
v -0.2 4.4 -0.2
v -0.0999999 4.4 -0.2
v 0.1 4.4 -0.2
v 0.2 4.4 -0.2
v -0.2 4.4 -0.3
v -0.0999999 4.4 -0.3
v 0.1 4.4 -0.3
v 0.2 4.4 -0.3
v -0.3 4.9 0.8
v -0.2 4.9 0.8
v -0.0999999 4.9 0.8
v 1.19209e-07 4.9 0.8
v 0.2 4.9 0.8
v 0.3 4.9 0.8
v -0.4 4.9 0.7
v -0.3 4.9 0.7
v -0.2 4.9 0.7
v -0.0999999 4.9 0.7
v 1.19209e-07 4.9 0.7
v 0.2 4.9 0.7
v 0.3 4.9 0.7
v 0.4 4.9 0.7
v -0.5 4.9 0.6
v -0.4 4.9 0.6
v -0.3 4.9 0.6
v 0.3 4.9 0.6
v 0.4 4.9 0.6
v 0.5 4.9 0.6
v -0.6 4.9 0.5
v -0.5 4.9 0.5
v -0.4 4.9 0.5
v 0.4 4.9 0.5
v 0.5 4.9 0.5
v 0.6 4.9 0.5
v -0.5 4.9 0.4
v 0.5 4.9 0.4
v 0.6 4.9 0.4
v 0.5 4.9 0.3
v -0.6 4.9 0.2
v -0.5 4.9 0.2
v -0.6 4.9 0
v -0.5 4.9 0
v -0.4 4.9 0
v 0.4 4.9 0
v 0.5 4.9 0
v 0.6 4.9 0
v -0.5 4.9 -0.1
v -0.4 4.9 -0.1
v -0.3 4.9 -0.1
v 0.3 4.9 -0.1
v 0.4 4.9 -0.1
v 0.5 4.9 -0.1
v -0.4 4.9 -0.2
v -0.3 4.9 -0.2
v 0.3 4.9 -0.2
v 0.4 4.9 -0.2
v -0.3 5 0.7
v 0.3 5 0.7
v -0.4 5 0.6
v -0.3 5 0.6
v 0.3 5 0.6
v 0.4 5 0.6
v -0.5 5 0.5
v -0.4 5 0.5
v -0.3 5 0.5
v 0.3 5 0.5
v 0.4 5 0.5
v 0.5 5 0.5
v -0.5 5 0.4
v -0.4 5 0.4
v 0.4 5 0.4
v 0.4 5 0.3
v 0.5 5 0.3
v -0.5 5 0
v -0.4 5 0
v -0.3 5 0
v 0.3 5 0
v 0.4 5 0
v 0.5 5 0
v -0.4 5 -0.1
v -0.3 5 -0.1
v 0.3 5 -0.1
v 0.4 5 -0.1
v -0.3 5 -0.2
v -0.2 5 -0.2
v -0.0999999 5 -0.2
v 1.19209e-07 5 -0.2
v 0.3 5 -0.2
v -0.3 5 -0.3
v -0.2 5 -0.3
v -0.0999999 5 -0.3
v 1.19209e-07 5 -0.3
v 0.3 5 -0.3
v -0.3 5.1 0.6
v 0.3 5.1 0.6
v -0.4 5.1 0.5
v -0.3 5.1 0.5
v 0.3 5.1 0.5
v 0.4 5.1 0.5
v 0.3 5.1 0.4
v 0.4 5.1 0.4
v 0.3 5.1 0.3
v 0.4 5.1 0.3
v -0.3 5.1 0.2
v 0.3 5.1 0.2
v -0.3 5.1 0.1
v -0.4 5.1 0
v -0.3 5.1 0
v 0.3 5.1 0
v 0.4 5.1 0
v -0.3 5.1 -0.1
v -0.2 5.1 -0.1
v -0.0999999 5.1 -0.1
v 0.1 5.1 -0.1
v 0.3 5.1 -0.1
v -0.3 5.1 -0.2
v -0.2 5.1 -0.2
v 0.3 5.1 -0.2
v -0.3 5.2 0.5
v 0.3 5.2 0.5
v -0.0999999 5.2 0.4
v 1.19209e-07 5.2 0.4
v 0.1 5.2 0.4
v 0.2 5.2 0.4
v 0.3 5.2 0.4
v -0.0999999 5.2 0.3
v -0.3 5.2 0.2
v -0.0999999 5.2 0.2
v 0.1 5.2 0.2
v 0.2 5.2 0.2
v 0.3 5.2 0.2
v -0.3 5.2 0.1
v -0.2 5.2 0.1
v -0.0999999 5.2 0.1
v 1.19209e-07 5.2 0.1
v -0.2 5.2 0
v -0.0999999 5.2 0
v 1.19209e-07 5.2 0
v 0.1 5.2 0
v -0.3 5.2 -0.1
v -0.0999999 5.2 -0.1
v 0.1 5.2 -0.1
v 0.3 5.2 -0.1
v -0.0999999 5.6 0.3
v 1.19209e-07 5.6 0.3
v 0.1 5.6 0.3
v -0.0999999 5.6 0.2
v 1.19209e-07 5.6 0.2
v 0.1 5.6 0.2
v -0.0999999 5.7 0.4
v 1.19209e-07 5.7 0.4
v 0.1 5.7 0.4
v -0.0999999 5.7 0.3
v 1.19209e-07 5.7 0.3
v 0.1 5.7 0.3
v -0.0999999 5.8 0.6
v 0.1 5.8 0.6
v -0.0999999 5.8 0.4
v 0.1 5.8 0.4
v -0.0999999 5.9 0.9
v 0.1 5.9 0.9
v -0.0999999 5.9 0.8
v 1.19209e-07 5.9 0.8
v -0.0999999 5.9 0.7
v 1.19209e-07 5.9 0.7
v -0.0999999 5.9 0.6
v 0.1 5.9 0.6

# faces
f 3/3/1 2/3/1 1/3/1
f 4/3/1 2/3/1 3/3/1
f 5/4/1 4/4/1 3/4/1
f 5/3/1 2/3/1 4/3/1
f 6/3/1 2/3/1 5/3/1
f 7/3/1 3/3/1 1/3/1
f 7/4/1 5/4/1 3/4/1
f 7/4/1 6/4/1 5/4/1
f 8/4/1 6/4/1 7/4/1
f 9/3/1 7/3/1 1/3/1
f 9/3/1 8/3/1 7/3/1
f 10/3/1 8/3/1 9/3/1
f 11/4/1 6/4/1 8/4/1
f 11/3/1 8/3/1 10/3/1
f 12/4/1 6/4/1 11/4/1
f 13/4/1 10/4/1 9/4/1
f 14/3/1 11/3/1 10/3/1
f 14/4/1 10/4/1 13/4/1
f 14/3/1 12/3/1 11/3/1
f 15/3/1 12/3/1 14/3/1
f 16/3/1 12/3/1 15/3/1
f 17/3/1 12/3/1 16/3/1
f 18/4/1 15/4/1 14/4/1
f 19/3/1 16/3/1 15/3/1
f 19/4/1 15/4/1 18/4/1
f 20/3/1 16/3/1 19/3/1
f 21/3/1 16/3/1 20/3/1
f 22/3/1 20/3/1 19/3/1
f 23/3/1 20/3/1 22/3/1
f 28/4/1 25/4/1 24/4/1
f 29/4/1 25/4/1 28/4/1
f 32/3/1 27/3/1 26/3/1
f 33/3/1 27/3/1 32/3/1
f 34/4/1 30/4/1 29/4/1
f 35/4/1 30/4/1 34/4/1
f 36/3/1 32/3/1 31/3/1
f 37/3/1 32/3/1 36/3/1
f 38/3/1 36/3/1 35/3/1
f 39/3/1 36/3/1 38/3/1
f 44/3/1 41/3/1 40/3/1
f 45/3/1 41/3/1 44/3/1
f 48/3/1 43/3/1 42/3/1
f 49/3/1 43/3/1 48/3/1
f 50/4/1 46/4/1 45/4/1
f 51/4/1 46/4/1 50/4/1
f 52/3/1 48/3/1 47/3/1
f 53/3/1 48/3/1 52/3/1
f 56/3/1 55/3/1 54/3/1
f 57/3/1 55/3/1 56/3/1
f 58/4/1 57/4/1 56/4/1
f 59/4/1 57/4/1 58/4/1
f 60/3/1 59/3/1 58/3/1
f 61/3/1 59/3/1 60/3/1
f 65/3/1 63/3/1 62/3/1
f 66/3/1 63/3/1 65/3/1
f 68/3/1 65/3/1 64/3/1
f 69/3/1 67/3/1 66/3/1
f 70/3/1 67/3/1 69/3/1
f 71/3/1 67/3/1 70/3/1
f 72/3/1 68/3/1 64/3/1
f 73/4/1 71/4/1 70/4/1
f 74/4/1 71/4/1 73/4/1
f 75/4/1 71/4/1 74/4/1
f 76/3/1 72/3/1 64/3/1
f 77/3/1 72/3/1 76/3/1
f 78/3/1 75/3/1 74/3/1
f 79/3/1 75/3/1 78/3/1
f 80/3/1 78/3/1 77/3/1
f 81/3/1 78/3/1 80/3/1
f 87/3/1 83/3/1 82/3/1
f 88/3/1 83/3/1 87/3/1
f 89/3/1 83/3/1 88/3/1
f 90/4/1 84/4/1 83/4/1
f 90/3/1 83/3/1 89/3/1
f 91/4/1 84/4/1 90/4/1
f 92/3/1 85/3/1 84/3/1
f 92/4/1 84/4/1 91/4/1
f 93/3/1 85/3/1 92/3/1
f 94/3/1 87/3/1 86/3/1
f 94/3/1 88/3/1 87/3/1
f 95/3/1 88/3/1 94/3/1
f 96/3/1 91/3/1 90/3/1
f 96/3/1 90/3/1 89/3/1
f 97/3/1 91/3/1 96/3/1
f 98/3/1 91/3/1 97/3/1
f 99/4/1 92/4/1 91/4/1
f 99/3/1 91/3/1 98/3/1
f 100/4/1 92/4/1 99/4/1
f 101/3/1 98/3/1 97/3/1
f 102/4/1 99/4/1 98/4/1
f 102/3/1 98/3/1 101/3/1
f 103/4/1 99/4/1 102/4/1
f 104/3/1 101/3/1 97/3/1
f 105/3/1 101/3/1 104/3/1
f 106/3/1 101/3/1 105/3/1
f 107/4/1 106/4/1 105/4/1
f 108/4/1 106/4/1 107/4/1
f 109/3/1 94/3/1 86/3/1
f 110/3/1 94/3/1 109/3/1
f 113/3/1 108/3/1 107/3/1
f 114/3/1 108/3/1 113/3/1
f 115/3/1 111/3/1 110/3/1
f 116/3/1 113/3/1 112/3/1
f 117/3/1 115/3/1 110/3/1
f 117/3/1 116/3/1 115/3/1
f 118/3/1 116/3/1 117/3/1
f 119/3/1 113/3/1 116/3/1
f 119/3/1 116/3/1 118/3/1
f 120/3/1 113/3/1 119/3/1
f 121/3/1 119/3/1 118/3/1
f 122/3/1 119/3/1 121/3/1
f 125/3/1 124/3/1 123/3/1
f 126/3/1 124/3/1 125/3/1
f 129/3/1 128/3/1 127/3/1
f 130/3/1 128/3/1 129/3/1
f 134/3/1 132/3/1 131/3/1
f 135/3/1 132/3/1 134/3/1
f 136/3/1 134/3/1 133/3/1
f 137/3/1 134/3/1 136/3/1
f 142/4/1 141/4/1 140/4/1
f 143/4/1 141/4/1 142/4/1
f 144/3/1 139/3/1 138/3/1
f 145/3/1 139/3/1 144/3/1
f 148/3/1 143/3/1 142/3/1
f 149/3/1 143/3/1 148/3/1
f 150/3/1 148/3/1 147/3/1
f 151/3/1 148/3/1 150/3/1
f 152/3/1 146/3/1 145/3/1
f 153/3/1 146/3/1 152/3/1
f 154/4/1 153/4/1 152/4/1
f 155/4/1 153/4/1 154/4/1
f 156/4/1 151/4/1 150/4/1
f 157/4/1 151/4/1 156/4/1
f 162/3/1 159/3/1 158/3/1
f 163/3/1 159/3/1 162/3/1
f 164/3/1 161/3/1 160/3/1
f 165/3/1 161/3/1 164/3/1
f 166/3/1 164/3/1 163/3/1
f 167/3/1 164/3/1 166/3/1
f 172/3/1 171/3/1 170/3/1
f 173/3/1 169/3/1 168/3/1
f 174/3/1 169/3/1 173/3/1
f 175/4/1 174/4/1 173/4/1
f 176/4/1 175/4/1 173/4/1
f 177/4/1 175/4/1 176/4/1
f 178/3/1 171/3/1 172/3/1
f 179/3/1 171/3/1 178/3/1
f 184/3/1 181/3/1 180/3/1
f 185/3/1 181/3/1 184/3/1
f 186/4/1 185/4/1 184/4/1
f 187/4/1 185/4/1 186/4/1
f 190/3/1 183/3/1 182/3/1
f 191/3/1 183/3/1 190/3/1
f 192/4/1 188/4/1 187/4/1
f 193/4/1 188/4/1 192/4/1
f 194/4/1 190/4/1 189/4/1
f 195/4/1 190/4/1 194/4/1
f 198/4/1 197/4/1 196/4/1
f 199/4/1 197/4/1 198/4/1
f 202/3/1 199/3/1 198/3/1
f 203/3/1 199/3/1 202/3/1
f 204/4/1 203/4/1 202/4/1
f 205/4/1 204/4/1 202/4/1
f 206/4/1 204/4/1 205/4/1
f 207/3/1 206/3/1 205/3/1
f 208/3/1 207/3/1 205/3/1
f 209/3/1 207/3/1 208/3/1
f 210/3/1 201/3/1 200/3/1
f 211/3/1 201/3/1 210/3/1
f 214/3/1 213/3/1 212/3/1
f 215/3/1 213/3/1 214/3/1
f 218/3/1 217/3/1 216/3/1
f 219/3/1 217/3/1 218/3/1
f 222/3/1 221/3/1 220/3/1
f 223/3/1 221/3/1 222/3/1
f 224/4/1 223/4/1 222/4/1
f 225/4/1 223/4/1 224/4/1
f 226/3/1 225/3/1 224/3/1
f 227/3/1 225/3/1 226/3/1
f 230/4/1 229/4/1 228/4/1
f 231/4/1 229/4/1 230/4/1
f 235/3/1 234/3/1 233/3/1
f 236/3/1 234/3/1 235/3/1
f 237/4/1 233/4/1 232/4/1
f 238/3/1 235/3/1 233/3/1
f 238/4/1 233/4/1 237/4/1
f 239/4/1 236/4/1 235/4/1
f 239/3/1 235/3/1 238/3/1
f 240/4/1 236/4/1 239/4/1
f 241/3/1 238/3/1 237/3/1
f 241/3/1 239/3/1 238/3/1
f 241/3/1 240/3/1 239/3/1
f 242/3/1 240/3/1 241/3/1
f 243/4/1 242/4/1 241/4/1
f 244/3/1 240/3/1 242/3/1
f 244/4/1 242/4/1 243/4/1
f 245/3/1 240/3/1 244/3/1
f 248/3/1 247/3/1 246/3/1
f 249/3/1 247/3/1 248/3/1
f 250/4/1 249/4/1 248/4/1
f 251/4/1 249/4/1 250/4/1
f 252/4/1 249/4/1 251/4/1
f 253/3/1 252/3/1 251/3/1
f 254/3/1 252/3/1 253/3/1
f 257/3/1 256/3/1 255/3/1
f 258/3/1 256/3/1 257/3/1
f 262/3/1 260/3/1 259/3/1
f 263/3/1 260/3/1 262/3/1
f 264/3/1 260/3/1 263/3/1
f 266/4/1 262/4/1 261/4/1
f 267/4/1 262/4/1 266/4/1
f 268/3/1 265/3/1 264/3/1
f 269/3/1 265/3/1 268/3/1
f 270/3/1 267/3/1 266/3/1
f 271/4/1 269/4/1 268/4/1
f 272/4/1 269/4/1 271/4/1
f 273/4/1 269/4/1 272/4/1
f 274/3/1 270/3/1 266/3/1
f 275/3/1 270/3/1 274/3/1
f 276/4/1 275/4/1 274/4/1
f 277/4/1 275/4/1 276/4/1
f 280/3/1 273/3/1 272/3/1
f 281/3/1 273/3/1 280/3/1
f 282/4/1 278/4/1 277/4/1
f 283/3/1 279/3/1 278/3/1
f 283/4/1 278/4/1 282/4/1
f 283/3/1 280/3/1 279/3/1
f 284/3/1 280/3/1 283/3/1
f 287/3/1 286/3/1 285/3/1
f 288/3/1 286/3/1 287/3/1
f 292/3/1 290/3/1 289/3/1
f 293/3/1 290/3/1 292/3/1
f 295/3/1 294/3/1 293/3/1
f 298/4/1 292/4/1 291/4/1
f 299/4/1 292/4/1 298/4/1
f 300/3/1 295/3/1 293/3/1
f 300/3/1 296/3/1 295/3/1
f 301/3/1 296/3/1 300/3/1
f 302/3/1 298/3/1 297/3/1
f 303/3/1 296/3/1 301/3/1
f 304/3/1 296/3/1 303/3/1
f 305/3/1 296/3/1 304/3/1
f 306/4/1 305/4/1 304/4/1
f 307/3/1 302/3/1 297/3/1
f 308/3/1 302/3/1 307/3/1
f 309/4/1 308/4/1 307/4/1
f 310/4/1 308/4/1 309/4/1
f 313/4/1 305/4/1 306/4/1
f 314/4/1 305/4/1 313/4/1
f 315/3/1 311/3/1 310/3/1
f 316/3/1 311/3/1 315/3/1
f 318/3/1 313/3/1 312/3/1
f 319/3/1 313/3/1 318/3/1
f 320/3/1 317/3/1 316/3/1
f 320/3/1 318/3/1 317/3/1
f 321/3/1 318/3/1 320/3/1
f 326/4/1 323/4/1 322/4/1
f 327/4/1 323/4/1 326/4/1
f 330/3/1 325/3/1 324/3/1
f 331/3/1 328/3/1 327/3/1
f 331/3/1 327/3/1 326/3/1
f 332/3/1 330/3/1 329/3/1
f 334/3/1 331/3/1 326/3/1
f 334/3/1 332/3/1 331/3/1
f 335/3/1 330/3/1 332/3/1
f 335/3/1 325/3/1 330/3/1
f 335/3/1 332/3/1 334/3/1
f 338/4/1 334/4/1 333/4/1
f 339/4/1 334/4/1 338/4/1
f 340/3/1 336/3/1 335/3/1
f 341/3/1 336/3/1 340/3/1
f 343/3/1 342/3/1 341/3/1
f 344/3/1 342/3/1 343/3/1
f 346/3/1 338/3/1 337/3/1
f 347/3/1 338/3/1 346/3/1
f 350/3/1 349/3/1 348/3/1
f 351/3/1 346/3/1 345/3/1
f 352/3/1 346/3/1 351/3/1
f 353/4/1 352/4/1 351/4/1
f 354/4/1 352/4/1 353/4/1
f 357/3/1 349/3/1 350/3/1
f 358/3/1 349/3/1 357/3/1
f 359/3/1 355/3/1 354/3/1
f 360/3/1 355/3/1 359/3/1
f 363/4/1 358/4/1 357/4/1
f 363/4/1 357/4/1 356/4/1
f 364/4/1 358/4/1 363/4/1
f 365/4/1 358/4/1 364/4/1
f 366/3/1 361/3/1 360/3/1
f 367/3/1 361/3/1 366/3/1
f 370/3/1 363/3/1 362/3/1
f 371/4/1 364/4/1 363/4/1
f 371/3/1 363/3/1 370/3/1
f 372/4/1 364/4/1 371/4/1
f 373/3/1 368/3/1 367/3/1
f 374/4/1 369/4/1 368/4/1
f 374/3/1 368/3/1 373/3/1
f 375/3/1 370/3/1 369/3/1
f 375/4/1 369/4/1 374/4/1
f 375/3/1 371/3/1 370/3/1
f 376/3/1 371/3/1 375/3/1
f 379/3/1 378/3/1 377/3/1
f 380/3/1 378/3/1 379/3/1
f 383/3/1 382/3/1 381/3/1
f 384/3/1 382/3/1 383/3/1
f 387/3/1 386/3/1 385/3/1
f 388/3/1 386/3/1 387/3/1
f 389/4/1 388/4/1 387/4/1
f 390/4/1 388/4/1 389/4/1
f 395/1/1 392/1/1 391/1/1
f 396/2/1 393/2/1 392/2/1
f 396/1/1 392/1/1 395/1/1
f 397/2/1 393/2/1 396/2/1
f 399/1/1 395/1/1 394/1/1
f 400/2/1 396/2/1 395/2/1
f 400/1/1 395/1/1 399/1/1
f 402/1/1 399/1/1 398/1/1
f 403/2/1 400/2/1 399/2/1
f 403/1/1 399/1/1 402/1/1
f 405/2/1 402/2/1 401/2/1
f 405/2/1 403/2/1 402/2/1
f 406/2/1 403/2/1 405/2/1
f 407/2/1 400/2/1 403/2/1
f 407/2/1 403/2/1 406/2/1
f 408/2/1 396/2/1 400/2/1
f 408/2/1 400/2/1 407/2/1
f 408/1/1 397/1/1 396/1/1
f 409/1/1 397/1/1 408/1/1
f 411/2/1 405/2/1 404/2/1
f 412/2/1 407/2/1 406/2/1
f 412/1/1 408/1/1 407/1/1
f 413/1/1 408/1/1 412/1/1
f 414/1/1 408/1/1 413/1/1
f 415/2/1 411/2/1 410/2/1
f 415/2/1 405/2/1 411/2/1
f 416/1/1 406/1/1 405/1/1
f 416/2/1 405/2/1 415/2/1
f 417/2/1 413/2/1 412/2/1
f 417/1/1 406/1/1 416/1/1
f 417/2/1 412/2/1 406/2/1
f 418/2/1 413/2/1 417/2/1
f 419/2/1 415/2/1 410/2/1
f 420/1/1 416/1/1 415/1/1
f 420/2/1 415/2/1 419/2/1
f 421/2/1 417/2/1 416/2/1
f 421/1/1 416/1/1 420/1/1
f 422/2/1 417/2/1 421/2/1
f 425/3/1 424/3/1 423/3/1
f 426/3/1 424/3/1 425/3/1
f 429/3/1 428/3/1 427/3/1
f 430/3/1 428/3/1 429/3/1
f 433/3/1 432/3/1 431/3/1
f 434/3/1 432/3/1 433/3/1
f 437/3/1 436/3/1 435/3/1
f 438/3/1 436/3/1 437/3/1
f 441/3/1 440/3/1 439/3/1
f 442/3/1 440/3/1 441/3/1
f 443/4/1 442/4/1 441/4/1
f 444/4/1 442/4/1 443/4/1
f 446/3/1 444/3/1 443/3/1
f 447/3/1 444/3/1 446/3/1
f 450/3/1 446/3/1 445/3/1
f 451/3/1 446/3/1 450/3/1
f 452/3/1 448/3/1 447/3/1
f 453/4/1 449/4/1 448/4/1
f 453/3/1 448/3/1 452/3/1
f 454/4/1 449/4/1 453/4/1
f 457/3/1 456/3/1 455/3/1
f 458/3/1 456/3/1 457/3/1
f 461/3/1 460/3/1 459/3/1
f 462/3/1 460/3/1 461/3/1
f 466/3/1 464/3/1 463/3/1
f 467/3/1 464/3/1 466/3/1
f 469/4/1 466/4/1 465/4/1
f 470/3/1 468/3/1 467/3/1
f 471/4/1 469/4/1 465/4/1
f 472/4/1 469/4/1 471/4/1
f 473/3/1 468/3/1 470/3/1
f 474/3/1 468/3/1 473/3/1
f 475/3/1 468/3/1 474/3/1
f 477/3/1 472/3/1 471/3/1
f 478/4/1 475/4/1 474/4/1
f 479/4/1 475/4/1 478/4/1
f 481/3/1 477/3/1 476/3/1
f 482/3/1 472/3/1 477/3/1
f 482/3/1 477/3/1 481/3/1
f 483/3/1 479/3/1 478/3/1
f 484/4/1 480/4/1 479/4/1
f 484/3/1 479/3/1 483/3/1
f 485/4/1 480/4/1 484/4/1
f 491/3/1 487/3/1 486/3/1
f 492/3/1 487/3/1 491/3/1
f 493/3/1 487/3/1 492/3/1
f 494/4/1 488/4/1 487/4/1
f 494/3/1 487/3/1 493/3/1
f 495/4/1 488/4/1 494/4/1
f 496/3/1 489/3/1 488/3/1
f 496/4/1 488/4/1 495/4/1
f 497/3/1 489/3/1 496/3/1
f 498/3/1 491/3/1 490/3/1
f 498/3/1 492/3/1 491/3/1
f 499/3/1 492/3/1 498/3/1
f 500/3/1 492/3/1 499/3/1
f 501/3/1 495/3/1 494/3/1
f 501/3/1 494/3/1 493/3/1
f 502/3/1 495/3/1 501/3/1
f 503/4/1 496/4/1 495/4/1
f 503/3/1 495/3/1 502/3/1
f 504/4/1 496/4/1 503/4/1
f 505/3/1 503/3/1 502/3/1
f 506/3/1 503/3/1 505/3/1
f 507/4/1 499/4/1 498/4/1
f 508/4/1 499/4/1 507/4/1
f 509/3/1 505/3/1 502/3/1
f 510/3/1 505/3/1 509/3/1
f 511/4/1 510/4/1 509/4/1
f 512/3/1 508/3/1 507/3/1
f 513/3/1 508/3/1 512/3/1
f 514/4/1 510/4/1 511/4/1
f 515/4/1 510/4/1 514/4/1
f 518/4/1 517/4/1 516/4/1
f 519/4/1 517/4/1 518/4/1
f 522/3/1 521/3/1 520/3/1
f 523/3/1 521/3/1 522/3/1
f 527/3/1 525/3/1 524/3/1
f 528/3/1 525/3/1 527/3/1
f 529/3/1 527/3/1 526/3/1
f 530/3/1 527/3/1 529/3/1
f 533/3/1 532/3/1 531/3/1
f 534/3/1 532/3/1 533/3/1
f 539/3/1 536/3/1 535/3/1
f 540/3/1 536/3/1 539/3/1
f 541/3/1 538/3/1 537/3/1
f 542/3/1 538/3/1 541/3/1
f 545/3/1 544/3/1 543/3/1
f 546/3/1 544/3/1 545/3/1
f 550/3/1 548/3/1 547/3/1
f 551/3/1 548/3/1 550/3/1
f 553/3/1 550/3/1 549/3/1
f 554/3/1 550/3/1 553/3/1
f 555/3/1 552/3/1 551/3/1
f 556/3/1 552/3/1 555/3/1
f 559/3/1 558/3/1 557/3/1
f 560/3/1 558/3/1 559/3/1
f 561/3/1 559/3/1 557/3/1
f 562/3/1 559/3/1 561/3/1
f 563/3/1 558/3/1 560/3/1
f 564/3/1 558/3/1 563/3/1
f 567/3/1 566/3/1 565/3/1
f 568/3/1 566/3/1 567/3/1
f 571/3/1 570/3/1 569/3/1
f 572/3/1 570/3/1 571/3/1
f 573/3/2 574/3/2 575/3/2
f 575/3/2 574/3/2 576/3/2
f 577/3/2 578/3/2 579/3/2
f 579/3/2 578/3/2 580/3/2
f 580/3/2 578/3/2 581/3/2
f 581/3/2 578/3/2 582/3/2
f 583/3/2 584/3/2 587/3/2
f 584/4/2 585/4/2 587/4/2
f 585/3/2 586/3/2 588/3/2
f 587/4/2 585/4/2 588/4/2
f 583/3/2 587/3/2 589/3/2
f 587/3/2 588/3/2 589/3/2
f 588/3/2 586/3/2 590/3/2
f 589/3/2 588/3/2 590/3/2
f 590/3/2 586/3/2 591/3/2
f 583/3/2 589/3/2 592/3/2
f 592/3/2 589/3/2 593/3/2
f 591/3/2 586/3/2 594/3/2
f 594/3/2 586/3/2 595/3/2
f 596/4/2 597/4/2 600/4/2
f 600/4/2 597/4/2 601/4/2
f 597/3/2 598/3/2 602/3/2
f 601/4/2 597/4/2 602/4/2
f 602/3/2 598/3/2 603/3/2
f 599/3/2 600/3/2 605/3/2
f 605/3/2 600/3/2 606/3/2
f 603/3/2 604/3/2 607/3/2
f 607/3/2 604/3/2 608/3/2
f 609/3/2 610/3/2 613/3/2
f 610/4/2 611/4/2 614/4/2
f 613/3/2 610/3/2 614/3/2
f 611/3/2 612/3/2 615/3/2
f 614/4/2 611/4/2 615/4/2
f 615/3/2 612/3/2 616/3/2
f 617/3/2 618/3/2 621/3/2
f 621/3/2 618/3/2 622/3/2
f 619/3/2 620/3/2 623/3/2
f 623/3/2 620/3/2 624/3/2
f 625/3/2 626/3/2 627/3/2
f 627/3/2 626/3/2 628/3/2
f 629/3/2 630/3/2 632/3/2
f 632/3/2 630/3/2 633/3/2
f 631/3/2 632/3/2 634/3/2
f 634/3/2 632/3/2 635/3/2
f 636/3/2 637/3/2 638/3/2
f 638/3/2 637/3/2 639/3/2
f 640/3/2 641/3/2 643/3/2
f 643/3/2 641/3/2 644/3/2
f 644/3/2 641/3/2 645/3/2
f 645/3/2 641/3/2 646/3/2
f 646/3/2 641/3/2 647/3/2
f 647/3/2 641/3/2 648/3/2
f 642/3/2 643/3/2 649/3/2
f 643/3/2 644/3/2 649/3/2
f 649/3/2 644/3/2 650/3/2
f 645/4/2 646/4/2 651/4/2
f 651/4/2 646/4/2 652/4/2
f 646/3/2 647/3/2 653/3/2
f 652/4/2 646/4/2 653/4/2
f 653/3/2 647/3/2 654/3/2
f 654/3/2 647/3/2 655/3/2
f 653/3/2 654/3/2 656/3/2
f 652/3/2 653/3/2 656/3/2
f 656/3/2 654/3/2 657/3/2
f 652/3/2 656/3/2 658/3/2
f 642/3/2 649/3/2 659/3/2
f 659/3/2 649/3/2 660/3/2
f 658/3/2 656/3/2 661/3/2
f 661/3/2 656/3/2 662/3/2
f 663/4/2 664/4/2 665/4/2
f 665/4/2 664/4/2 666/4/2
f 667/3/2 668/3/2 670/3/2
f 670/3/2 668/3/2 671/3/2
f 669/3/2 670/3/2 673/3/2
f 671/4/2 672/4/2 674/4/2
f 669/3/2 673/3/2 675/3/2
f 674/4/2 672/4/2 676/4/2
f 676/4/2 672/4/2 677/4/2
f 669/3/2 675/3/2 679/3/2
f 676/3/2 677/3/2 680/3/2
f 678/3/2 679/3/2 682/3/2
f 679/3/2 675/3/2 683/3/2
f 682/3/2 679/3/2 683/3/2
f 676/3/2 680/3/2 684/3/2
f 680/3/2 681/3/2 684/3/2
f 684/3/2 681/3/2 685/3/2
f 686/3/2 687/3/2 688/3/2
f 688/3/2 687/3/2 689/3/2
f 688/4/2 689/4/2 690/4/2
f 690/4/2 689/4/2 691/4/2
f 690/3/2 691/3/2 693/3/2
f 693/3/2 691/3/2 694/3/2
f 692/3/2 693/3/2 696/3/2
f 696/3/2 693/3/2 697/3/2
f 694/3/2 695/3/2 698/3/2
f 698/3/2 695/3/2 699/3/2
f 700/3/2 701/3/2 702/3/2
f 702/3/2 701/3/2 703/3/2
f 704/3/2 705/3/2 706/3/2
f 706/3/2 705/3/2 707/3/2
f 708/3/2 709/3/2 710/3/2
f 710/3/2 709/3/2 711/3/2
f 712/3/2 713/3/2 714/3/2
f 714/3/2 713/3/2 715/3/2
f 716/3/2 717/3/2 718/3/2
f 718/3/2 717/3/2 719/3/2
f 720/3/2 721/3/2 722/3/2
f 722/3/2 721/3/2 723/3/2
f 724/3/2 725/3/2 726/3/2
f 726/3/2 725/3/2 727/3/2
f 728/4/2 729/4/2 730/4/2
f 730/4/2 729/4/2 731/4/2
f 730/3/2 731/3/2 732/3/2
f 732/3/2 731/3/2 733/3/2
f 734/2/2 735/2/2 737/2/2
f 737/2/2 735/2/2 738/2/2
f 736/1/2 737/1/2 740/1/2
f 737/1/2 738/1/2 740/1/2
f 740/1/2 738/1/2 741/1/2
f 739/1/2 740/1/2 743/1/2
f 740/2/2 741/2/2 744/2/2
f 743/1/2 740/1/2 744/1/2
f 741/1/2 738/1/2 745/1/2
f 744/2/2 741/2/2 745/2/2
f 743/2/2 744/2/2 747/2/2
f 742/2/2 743/2/2 747/2/2
f 747/2/2 744/2/2 748/2/2
f 744/1/2 745/1/2 749/1/2
f 748/2/2 744/2/2 749/2/2
f 745/1/2 738/1/2 750/1/2
f 749/1/2 745/1/2 750/1/2
f 738/2/2 735/2/2 751/2/2
f 750/1/2 738/1/2 751/1/2
f 751/2/2 735/2/2 752/2/2
f 747/2/2 748/2/2 754/2/2
f 746/2/2 747/2/2 754/2/2
f 754/2/2 748/2/2 755/2/2
f 749/1/2 750/1/2 756/1/2
f 755/2/2 748/2/2 756/2/2
f 748/1/2 749/1/2 756/1/2
f 750/2/2 751/2/2 757/2/2
f 756/1/2 750/1/2 757/1/2
f 757/2/2 751/2/2 758/2/2
f 754/1/2 755/1/2 759/1/2
f 753/1/2 754/1/2 759/1/2
f 756/2/2 757/2/2 760/2/2
f 759/1/2 755/1/2 760/1/2
f 755/2/2 756/2/2 760/2/2
f 760/2/2 757/2/2 761/2/2
f 761/2/2 757/2/2 762/2/2
f 759/2/2 760/2/2 763/2/2
f 760/2/2 761/2/2 763/2/2
f 763/2/2 761/2/2 764/2/2
f 765/3/2 766/3/2 767/3/2
f 767/3/2 766/3/2 768/3/2
f 769/3/2 770/3/2 773/3/2
f 771/4/2 772/4/2 776/4/2
f 776/4/2 772/4/2 777/4/2
f 773/3/2 774/3/2 778/3/2
f 775/3/2 776/3/2 779/3/2
f 776/3/2 777/3/2 779/3/2
f 769/3/2 773/3/2 781/3/2
f 778/3/2 779/3/2 781/3/2
f 773/3/2 778/3/2 781/3/2
f 779/3/2 777/3/2 782/3/2
f 781/3/2 779/3/2 782/3/2
f 782/3/2 777/3/2 783/3/2
f 780/3/2 781/3/2 786/3/2
f 786/3/2 781/3/2 787/3/2
f 783/3/2 784/3/2 788/3/2
f 788/3/2 784/3/2 789/3/2
f 789/3/2 790/3/2 791/3/2
f 791/3/2 790/3/2 792/3/2
f 785/4/2 786/4/2 794/4/2
f 794/4/2 786/4/2 795/4/2
f 793/4/2 794/4/2 798/4/2
f 793/4/2 798/4/2 799/4/2
f 799/4/2 798/4/2 800/4/2
f 796/3/2 797/3/2 803/3/2
f 800/3/2 801/3/2 804/3/2
f 804/3/2 801/3/2 805/3/2
f 802/3/2 803/3/2 808/3/2
f 803/3/2 797/3/2 809/3/2
f 808/3/2 803/3/2 809/3/2
f 809/3/2 797/3/2 810/3/2
f 805/3/2 806/3/2 811/3/2
f 811/3/2 806/3/2 812/3/2
f 807/4/2 808/4/2 816/4/2
f 808/3/2 809/3/2 817/3/2
f 816/4/2 808/4/2 817/4/2
f 817/3/2 809/3/2 818/3/2
f 812/3/2 813/3/2 819/3/2
f 814/4/2 815/4/2 820/4/2
f 819/3/2 813/3/2 820/3/2
f 813/4/2 814/4/2 820/4/2
f 815/3/2 816/3/2 821/3/2
f 820/4/2 815/4/2 821/4/2
f 816/3/2 817/3/2 821/3/2
f 821/3/2 817/3/2 822/3/2
f 823/3/2 824/3/2 825/3/2
f 825/3/2 824/3/2 826/3/2
f 827/3/2 828/3/2 831/3/2
f 831/3/2 828/3/2 832/3/2
f 828/4/2 829/4/2 833/4/2
f 832/3/2 828/3/2 833/3/2
f 833/4/2 829/4/2 834/4/2
f 834/3/2 835/3/2 836/3/2
f 830/3/2 831/3/2 839/3/2
f 839/3/2 831/3/2 840/3/2
f 834/3/2 836/3/2 841/3/2
f 836/3/2 837/3/2 841/3/2
f 841/3/2 837/3/2 842/3/2
f 842/3/2 837/3/2 843/3/2
f 838/3/2 839/3/2 844/3/2
f 844/3/2 839/3/2 845/3/2
f 844/4/2 845/4/2 846/4/2
f 846/4/2 845/4/2 847/4/2
f 843/3/2 837/3/2 850/3/2
f 850/3/2 837/3/2 851/3/2
f 847/3/2 848/3/2 852/3/2
f 852/3/2 848/3/2 853/3/2
f 849/4/2 850/4/2 856/4/2
f 856/4/2 850/4/2 857/4/2
f 853/3/2 854/3/2 858/3/2
f 854/4/2 855/4/2 859/4/2
f 858/3/2 854/3/2 859/3/2
f 855/3/2 856/3/2 860/3/2
f 859/4/2 855/4/2 860/4/2
f 860/3/2 856/3/2 861/3/2
f 862/3/2 863/3/2 864/3/2
f 864/3/2 863/3/2 865/3/2
f 866/3/2 867/3/2 868/3/2
f 868/3/2 867/3/2 869/3/2
f 870/3/2 871/3/2 874/3/2
f 871/4/2 872/4/2 875/4/2
f 874/3/2 871/3/2 875/3/2
f 872/3/2 873/3/2 876/3/2
f 875/4/2 872/4/2 876/4/2
f 870/3/2 874/3/2 878/3/2
f 878/3/2 874/3/2 879/3/2
f 874/4/2 875/4/2 880/4/2
f 879/3/2 874/3/2 880/3/2
f 875/3/2 876/3/2 881/3/2
f 880/4/2 875/4/2 881/4/2
f 876/3/2 873/3/2 882/3/2
f 881/3/2 876/3/2 882/3/2
f 882/3/2 883/3/2 884/3/2
f 884/3/2 883/3/2 885/3/2
f 885/3/2 883/3/2 886/3/2
f 877/3/2 878/3/2 887/3/2
f 885/4/2 886/4/2 888/4/2
f 877/3/2 887/3/2 889/3/2
f 889/3/2 887/3/2 890/3/2
f 888/4/2 886/4/2 893/4/2
f 893/4/2 886/4/2 894/4/2
f 891/4/2 892/4/2 895/4/2
f 890/4/2 891/4/2 895/4/2
f 892/3/2 893/3/2 896/3/2
f 895/4/2 892/4/2 896/4/2
f 896/3/2 893/3/2 897/3/2
f 898/3/2 899/3/2 900/3/2
f 900/3/2 899/3/2 901/3/2
f 902/4/2 903/4/2 904/4/2
f 904/4/2 903/4/2 905/4/2
f 906/3/2 907/3/2 910/3/2
f 907/4/2 908/4/2 910/4/2
f 908/3/2 909/3/2 911/3/2
f 910/4/2 908/4/2 911/4/2
f 906/3/2 910/3/2 912/3/2
f 910/3/2 911/3/2 912/3/2
f 912/3/2 911/3/2 913/3/2
f 906/3/2 912/3/2 914/3/2
f 912/4/2 913/4/2 914/4/2
f 913/3/2 911/3/2 915/3/2
f 914/4/2 913/4/2 915/4/2
f 911/3/2 909/3/2 916/3/2
f 915/3/2 911/3/2 916/3/2
f 914/3/2 915/3/2 917/3/2
f 915/4/2 916/4/2 917/4/2
f 916/3/2 909/3/2 918/3/2
f 917/4/2 916/4/2 918/4/2
f 918/3/2 909/3/2 919/3/2
f 914/3/2 917/3/2 920/3/2
f 906/3/2 914/3/2 920/3/2
f 917/3/2 918/3/2 920/3/2
f 920/3/2 918/3/2 921/3/2
f 918/4/2 919/4/2 922/4/2
f 921/3/2 918/3/2 922/3/2
f 922/4/2 919/4/2 923/4/2
f 920/4/2 921/4/2 924/4/2
f 921/3/2 922/3/2 925/3/2
f 924/4/2 921/4/2 925/4/2
f 922/3/2 923/3/2 925/3/2
f 925/3/2 923/3/2 926/3/2
f 927/4/2 928/4/2 929/4/2
f 929/4/2 928/4/2 930/4/2
f 931/4/2 932/4/2 933/4/2
f 933/4/2 932/4/2 934/4/2
f 929/3/2 930/3/2 935/3/2
f 935/3/2 930/3/2 936/3/2
f 934/4/2 932/4/2 937/4/2
f 937/4/2 932/4/2 938/4/2
f 935/4/2 936/4/2 939/4/2
f 939/4/2 936/4/2 940/4/2
f 937/3/2 938/3/2 941/3/2
f 939/3/2 940/3/2 942/3/2
f 942/3/2 940/3/2 943/3/2
f 941/3/2 938/3/2 944/3/2
f 944/3/2 938/3/2 945/3/2
f 946/3/2 947/3/2 948/3/2
f 948/3/2 947/3/2 949/3/2
f 950/4/2 951/4/2 952/4/2
f 952/4/2 951/4/2 953/4/2
f 956/4/2 957/4/2 958/4/2
f 958/4/2 957/4/2 959/4/2
f 958/3/2 959/3/2 960/3/2
f 960/3/2 959/3/2 961/3/2
f 954/3/2 955/3/2 962/3/2
f 962/3/2 955/3/2 963/3/2
f 960/4/2 961/4/2 964/4/2
f 962/4/2 963/4/2 965/4/2
f 965/4/2 963/4/2 966/4/2
f 964/4/2 961/4/2 967/4/2
f 967/4/2 961/4/2 968/4/2
f 965/3/2 966/3/2 969/3/2
f 969/3/2 966/3/2 970/3/2
f 967/3/2 968/3/2 971/3/2
f 971/3/2 968/3/2 972/3/2
f 973/3/2 974/3/2 977/3/2
f 977/3/2 974/3/2 978/3/2
f 975/3/2 976/3/2 981/3/2
f 981/3/2 976/3/2 982/3/2
f 978/3/2 979/3/2 983/3/2
f 983/3/2 979/3/2 984/3/2
f 980/3/2 981/3/2 985/3/2
f 985/3/2 981/3/2 986/3/2
f 987/3/2 988/3/2 989/3/2
f 989/3/2 988/3/2 990/3/2
f 991/3/2 992/3/2 994/3/2
f 994/3/2 992/3/2 995/3/2
f 993/4/2 994/4/2 996/4/2
f 996/4/2 994/4/2 997/4/2
f 998/3/2 999/3/2 1002/3/2
f 1002/3/2 999/3/2 1003/3/2
f 1000/3/2 1001/3/2 1006/3/2
f 1006/3/2 1001/3/2 1007/3/2
f 1005/3/2 1006/3/2 1008/3/2
f 1008/3/2 1006/3/2 1009/3/2
f 1008/4/2 1009/4/2 1010/4/2
f 1010/4/2 1009/4/2 1011/4/2
f 1003/3/2 1004/3/2 1012/3/2
f 1012/3/2 1004/3/2 1013/3/2
f 1010/3/2 1011/3/2 1014/3/2
f 1014/3/2 1011/3/2 1015/3/2
f 1016/3/2 1017/3/2 1020/3/2
f 1020/3/2 1017/3/2 1021/3/2
f 1018/3/2 1019/3/2 1022/3/2
f 1022/3/2 1019/3/2 1023/3/2
f 1021/3/2 1022/3/2 1024/3/2
f 1024/3/2 1022/3/2 1025/3/2
f 1026/3/2 1027/3/2 1029/3/2
f 1029/3/2 1027/3/2 1030/3/2
f 1030/3/2 1027/3/2 1031/3/2
f 1031/3/2 1027/3/2 1032/3/2
f 1032/3/2 1027/3/2 1033/3/2
f 1028/3/2 1029/3/2 1034/3/2
f 1029/3/2 1030/3/2 1034/3/2
f 1034/3/2 1030/3/2 1035/3/2
f 1031/3/2 1032/3/2 1036/3/2
f 1036/3/2 1032/3/2 1037/3/2
f 1037/3/2 1032/3/2 1038/3/2
f 1038/3/2 1032/3/2 1039/3/2
f 1037/3/2 1038/3/2 1040/3/2
f 1040/3/2 1038/3/2 1041/3/2
f 1028/3/2 1034/3/2 1042/3/2
f 1028/3/2 1042/3/2 1043/3/2
f 1043/3/2 1042/3/2 1044/3/2
f 1037/3/2 1040/3/2 1045/3/2
f 1045/3/2 1040/3/2 1046/3/2
f 1043/4/2 1044/4/2 1047/4/2
f 1043/4/2 1047/4/2 1048/4/2
f 1048/4/2 1047/4/2 1049/4/2
f 1045/4/2 1046/4/2 1050/4/2
f 1050/4/2 1046/4/2 1051/4/2
f 1048/3/2 1049/3/2 1052/3/2
f 1052/3/2 1049/3/2 1053/3/2
f 1050/3/2 1051/3/2 1056/3/2
f 1056/3/2 1051/3/2 1057/3/2
f 1053/3/2 1054/3/2 1058/3/2
f 1055/3/2 1056/3/2 1059/3/2
f 1053/3/2 1058/3/2 1060/3/2
f 1058/3/2 1059/3/2 1060/3/2
f 1060/3/2 1059/3/2 1061/3/2
f 1059/3/2 1056/3/2 1062/3/2
f 1061/3/2 1059/3/2 1062/3/2
f 1062/3/2 1056/3/2 1063/3/2
f 1061/3/2 1062/3/2 1064/3/2
f 1064/3/2 1062/3/2 1065/3/2
f 1066/3/2 1067/3/2 1068/3/2
f 1068/3/2 1067/3/2 1069/3/2
f 1070/3/2 1071/3/2 1073/3/2
f 1073/3/2 1071/3/2 1074/3/2
f 1072/3/2 1073/3/2 1076/3/2
f 1074/3/2 1075/3/2 1077/3/2
f 1072/3/2 1076/3/2 1078/3/2
f 1078/3/2 1076/3/2 1079/3/2
f 1078/4/2 1079/4/2 1080/4/2
f 1077/3/2 1075/3/2 1081/3/2
f 1078/4/2 1080/4/2 1082/4/2
f 1082/4/2 1080/4/2 1083/4/2
f 1082/3/2 1083/3/2 1084/3/2
f 1084/3/2 1083/3/2 1085/3/2
f 1081/3/2 1075/3/2 1086/3/2
f 1086/3/2 1075/3/2 1087/3/2
f 1085/3/2 1086/3/2 1088/3/2
f 1088/3/2 1086/3/2 1089/3/2
f 1090/3/2 1091/3/2 1092/3/2
f 1092/3/2 1091/3/2 1093/3/2
f 1092/4/2 1093/4/2 1094/4/2
f 1094/4/2 1093/4/2 1095/4/2
f 1094/3/2 1095/3/2 1096/3/2
f 1096/3/2 1095/3/2 1097/3/2
f 1098/3/2 1099/3/2 1102/3/2
f 1102/3/2 1099/3/2 1103/3/2
f 1100/3/2 1101/3/2 1106/3/2
f 1106/3/2 1101/3/2 1107/3/2
f 1103/3/2 1104/3/2 1108/3/2
f 1108/3/2 1104/3/2 1109/3/2
f 1105/3/2 1106/3/2 1110/3/2
f 1110/3/2 1106/3/2 1111/3/2
f 1112/3/2 1113/3/2 1116/3/2
f 1116/3/2 1113/3/2 1117/3/2
f 1114/3/2 1115/3/2 1120/3/2
f 1120/3/2 1115/3/2 1121/3/2
f 1117/3/2 1118/3/2 1122/3/2
f 1122/3/2 1118/3/2 1123/3/2
f 1119/3/2 1120/3/2 1124/3/2
f 1124/3/2 1120/3/2 1125/3/2
f 1123/3/2 1124/3/2 1126/3/2
f 1126/3/2 1124/3/2 1127/3/2
f 1128/3/2 1129/3/2 1130/3/2
f 1130/3/2 1129/3/2 1131/3/2
f 1130/4/2 1131/4/2 1132/4/2
f 1131/3/2 1129/3/2 1133/3/2
f 1132/4/2 1131/4/2 1133/4/2
f 1132/3/2 1133/3/2 1134/3/2
f 1133/3/2 1129/3/2 1135/3/2
f 1134/3/2 1133/3/2 1135/3/2
f 1135/3/2 1129/3/2 1136/3/2
f 1136/3/2 1129/3/2 1137/3/2
f 1135/3/2 1136/3/2 1138/3/2
f 1138/3/2 1136/3/2 1139/3/2
f 1139/3/2 1136/3/2 1140/3/2
f 1140/3/2 1136/3/2 1141/3/2
f 1139/3/2 1140/3/2 1142/3/2
f 1142/3/2 1140/3/2 1143/3/2
f 1146/2/3 1145/2/3 1144/2/3
f 1147/2/3 1145/2/3 1146/2/3
f 1148/1/3 1147/1/3 1146/1/3
f 1149/2/3 1145/2/3 1147/2/3
f 1149/1/3 1147/1/3 1148/1/3
f 1150/2/3 1145/2/3 1149/2/3
f 1154/3/3 1152/3/3 1151/3/3
f 1155/3/3 1152/3/3 1154/3/3
f 1156/4/3 1153/4/3 1152/4/3
f 1156/3/3 1152/3/3 1155/3/3
f 1157/4/3 1153/4/3 1156/4/3
f 1158/4/3 1155/4/3 1154/4/3
f 1158/3/3 1156/3/3 1155/3/3
f 1158/3/3 1157/3/3 1156/3/3
f 1159/3/3 1157/3/3 1158/3/3
f 1162/4/3 1159/4/3 1158/4/3
f 1162/4/3 1158/4/3 1154/4/3
f 1163/4/3 1159/4/3 1162/4/3
f 1164/2/3 1161/2/3 1160/2/3
f 1165/2/3 1164/2/3 1160/2/3
f 1166/2/3 1164/2/3 1165/2/3
f 1167/3/3 1163/3/3 1162/3/3
f 1168/3/3 1163/3/3 1167/3/3
f 1169/4/3 1168/4/3 1167/4/3
f 1170/4/3 1168/4/3 1169/4/3
f 1175/3/3 1172/3/3 1171/3/3
f 1176/4/3 1173/4/3 1172/4/3
f 1176/3/3 1172/3/3 1175/3/3
f 1177/4/3 1173/4/3 1176/4/3
f 1179/3/3 1175/3/3 1174/3/3
f 1180/3/3 1178/3/3 1177/3/3
f 1181/3/3 1179/3/3 1174/3/3
f 1182/3/3 1179/3/3 1181/3/3
f 1183/3/3 1178/3/3 1180/3/3
f 1186/4/3 1182/4/3 1181/4/3
f 1187/3/3 1179/3/3 1182/3/3
f 1187/4/3 1182/4/3 1186/4/3
f 1188/3/3 1179/3/3 1187/3/3
f 1189/3/3 1178/3/3 1183/3/3
f 1190/2/3 1185/2/3 1184/2/3
f 1191/2/3 1185/2/3 1190/2/3
f 1192/3/3 1188/3/3 1187/3/3
f 1192/3/3 1187/3/3 1186/3/3
f 1193/3/3 1188/3/3 1192/3/3
f 1194/3/3 1178/3/3 1189/3/3
f 1195/4/3 1193/4/3 1192/4/3
f 1196/4/3 1193/4/3 1195/4/3
f 1198/3/3 1178/3/3 1194/3/3
f 1199/3/3 1178/3/3 1198/3/3
f 1200/3/3 1197/3/3 1196/3/3
f 1201/4/3 1198/4/3 1197/4/3
f 1201/3/3 1197/3/3 1200/3/3
f 1202/4/3 1198/4/3 1201/4/3
f 1208/3/3 1205/3/3 1204/3/3
f 1209/4/3 1206/4/3 1205/4/3
f 1209/3/3 1205/3/3 1208/3/3
f 1210/3/3 1207/3/3 1206/3/3
f 1210/4/3 1206/4/3 1209/4/3
f 1211/4/3 1204/4/3 1203/4/3
f 1211/3/3 1208/3/3 1204/3/3
f 1212/3/3 1208/3/3 1211/3/3
f 1213/3/3 1208/3/3 1212/3/3
f 1214/4/3 1209/4/3 1208/4/3
f 1214/3/3 1208/3/3 1213/3/3
f 1215/3/3 1210/3/3 1209/3/3
f 1215/4/3 1209/4/3 1214/4/3
f 1220/4/3 1211/4/3 1203/4/3
f 1220/4/3 1212/4/3 1211/4/3
f 1221/4/3 1212/4/3 1220/4/3
f 1222/3/3 1213/3/3 1212/3/3
f 1223/4/3 1214/4/3 1213/4/3
f 1223/3/3 1213/3/3 1222/3/3
f 1224/3/3 1215/3/3 1214/3/3
f 1224/4/3 1214/4/3 1223/4/3
f 1225/3/3 1210/3/3 1215/3/3
f 1225/3/3 1215/3/3 1224/3/3
f 1226/3/3 1207/3/3 1210/3/3
f 1226/3/3 1210/3/3 1225/3/3
f 1228/4/3 1217/4/3 1216/4/3
f 1229/3/3 1218/3/3 1217/3/3
f 1229/4/3 1217/4/3 1228/4/3
f 1230/4/3 1219/4/3 1218/4/3
f 1230/3/3 1218/3/3 1229/3/3
f 1231/4/3 1219/4/3 1230/4/3
f 1233/3/3 1222/3/3 1212/3/3
f 1233/4/3 1223/4/3 1222/4/3
f 1234/3/3 1225/3/3 1224/3/3
f 1234/4/3 1223/4/3 1233/4/3
f 1234/3/3 1224/3/3 1223/3/3
f 1235/3/3 1225/3/3 1234/3/3
f 1236/4/3 1226/4/3 1225/4/3
f 1236/3/3 1225/3/3 1235/3/3
f 1237/4/3 1226/4/3 1236/4/3
f 1238/4/3 1226/4/3 1237/4/3
f 1240/4/3 1228/4/3 1227/4/3
f 1241/4/3 1228/4/3 1240/4/3
f 1242/3/3 1232/3/3 1231/3/3
f 1243/3/3 1232/3/3 1242/3/3
f 1245/3/3 1235/3/3 1234/3/3
f 1245/3/3 1234/3/3 1233/3/3
f 1245/4/3 1236/4/3 1235/4/3
f 1245/4/3 1237/4/3 1236/4/3
f 1246/3/3 1238/3/3 1237/3/3
f 1246/4/3 1237/4/3 1245/4/3
f 1247/4/3 1240/4/3 1239/4/3
f 1248/4/3 1240/4/3 1247/4/3
f 1249/3/3 1221/3/3 1220/3/3
f 1250/4/3 1212/4/3 1221/4/3
f 1250/3/3 1221/3/3 1249/3/3
f 1251/3/3 1238/3/3 1246/3/3
f 1251/3/3 1246/3/3 1245/3/3
f 1252/3/3 1238/3/3 1251/3/3
f 1253/3/3 1248/3/3 1247/3/3
f 1256/4/3 1250/4/3 1249/4/3
f 1257/3/3 1233/3/3 1212/3/3
f 1257/4/3 1250/4/3 1256/4/3
f 1257/3/3 1245/3/3 1233/3/3
f 1257/4/3 1212/4/3 1250/4/3
f 1257/3/3 1251/3/3 1245/3/3
f 1258/3/3 1251/3/3 1257/3/3
f 1259/4/3 1252/4/3 1251/4/3
f 1259/3/3 1251/3/3 1258/3/3
f 1260/3/3 1238/3/3 1252/3/3
f 1260/4/3 1252/4/3 1259/4/3
f 1261/3/3 1238/3/3 1260/3/3
f 1262/3/3 1253/3/3 1247/3/3
f 1263/4/3 1258/4/3 1257/4/3
f 1263/3/3 1257/3/3 1256/3/3
f 1264/4/3 1258/4/3 1263/4/3
f 1265/3/3 1259/3/3 1258/3/3
f 1265/4/3 1258/4/3 1264/4/3
f 1265/3/3 1260/3/3 1259/3/3
f 1266/3/3 1260/3/3 1265/3/3
f 1267/1/3 1255/1/3 1254/1/3
f 1268/1/3 1255/1/3 1267/1/3
f 1269/3/3 1264/3/3 1263/3/3
f 1269/4/3 1266/4/3 1265/4/3
f 1269/4/3 1265/4/3 1264/4/3
f 1270/4/3 1266/4/3 1269/4/3
f 1271/3/3 1260/3/3 1266/3/3
f 1271/4/3 1266/4/3 1270/4/3
f 1272/3/3 1260/3/3 1271/3/3
f 1273/3/3 1262/3/3 1247/3/3
f 1274/3/3 1270/3/3 1269/3/3
f 1274/4/3 1271/4/3 1270/4/3
f 1274/4/3 1272/4/3 1271/4/3
f 1275/3/3 1260/3/3 1272/3/3
f 1275/4/3 1272/4/3 1274/4/3
f 1276/3/3 1260/3/3 1275/3/3
f 1277/4/3 1261/4/3 1260/4/3
f 1277/3/3 1260/3/3 1276/3/3
f 1278/4/3 1261/4/3 1277/4/3
f 1279/3/3 1273/3/3 1247/3/3
f 1280/3/3 1273/3/3 1279/3/3
f 1283/3/3 1244/3/3 1243/3/3
f 1284/3/3 1244/3/3 1283/3/3
f 1285/4/3 1276/4/3 1275/4/3
f 1285/3/3 1275/3/3 1274/3/3
f 1286/4/3 1276/4/3 1285/4/3
f 1287/3/3 1281/3/3 1280/3/3
f 1288/3/3 1281/3/3 1287/3/3
f 1290/3/3 1283/3/3 1282/3/3
f 1291/3/3 1283/3/3 1290/3/3
f 1292/3/3 1274/3/3 1269/3/3
f 1292/3/3 1263/3/3 1256/3/3
f 1292/3/3 1269/3/3 1263/3/3
f 1292/3/3 1285/3/3 1274/3/3
f 1292/3/3 1286/3/3 1285/3/3
f 1293/3/3 1286/3/3 1292/3/3
f 1294/4/3 1276/4/3 1286/4/3
f 1294/3/3 1286/3/3 1293/3/3
f 1295/3/3 1278/3/3 1277/3/3
f 1295/4/3 1276/4/3 1294/4/3
f 1295/3/3 1277/3/3 1276/3/3
f 1296/3/3 1278/3/3 1295/3/3
f 1297/3/3 1289/3/3 1288/3/3
f 1297/3/3 1290/3/3 1289/3/3
f 1298/3/3 1290/3/3 1297/3/3
f 1299/3/3 1292/3/3 1256/3/3
f 1300/4/3 1293/4/3 1292/4/3
f 1300/3/3 1292/3/3 1299/3/3
f 1301/3/3 1294/3/3 1293/3/3
f 1301/4/3 1293/4/3 1300/4/3
f 1301/3/3 1295/3/3 1294/3/3
f 1302/4/3 1296/4/3 1295/4/3
f 1302/3/3 1295/3/3 1301/3/3
f 1303/3/3 1278/3/3 1296/3/3
f 1303/4/3 1296/4/3 1302/4/3
f 1304/3/3 1278/3/3 1303/3/3
f 1305/4/3 1300/4/3 1299/4/3
f 1306/3/3 1302/3/3 1301/3/3
f 1306/4/3 1300/4/3 1305/4/3
f 1306/3/3 1301/3/3 1300/3/3
f 1306/3/3 1303/3/3 1302/3/3
f 1307/4/3 1304/4/3 1303/4/3
f 1307/3/3 1303/3/3 1306/3/3
f 1308/3/3 1278/3/3 1304/3/3
f 1308/4/3 1304/4/3 1307/4/3
f 1309/3/3 1278/3/3 1308/3/3
f 1313/3/3 1311/3/3 1310/3/3
f 1314/3/3 1311/3/3 1313/3/3
f 1315/4/3 1312/4/3 1311/4/3
f 1315/3/3 1311/3/3 1314/3/3
f 1316/4/3 1312/4/3 1315/4/3
f 1318/3/3 1313/3/3 1310/3/3
f 1319/3/3 1313/3/3 1318/3/3
f 1320/4/3 1314/4/3 1313/4/3
f 1320/3/3 1313/3/3 1319/3/3
f 1321/3/3 1315/3/3 1314/3/3
f 1321/4/3 1314/4/3 1320/4/3
f 1321/3/3 1316/3/3 1315/3/3
f 1322/3/3 1316/3/3 1321/3/3
f 1323/4/3 1317/4/3 1316/4/3
f 1323/3/3 1316/3/3 1322/3/3
f 1324/4/3 1317/4/3 1323/4/3
f 1326/3/3 1320/3/3 1319/3/3
f 1326/3/3 1321/3/3 1320/3/3
f 1327/3/3 1321/3/3 1326/3/3
f 1328/4/3 1322/4/3 1321/4/3
f 1328/3/3 1321/3/3 1327/3/3
f 1329/4/3 1322/4/3 1328/4/3
f 1330/3/3 1325/3/3 1324/3/3
f 1330/4/3 1322/4/3 1329/4/3
f 1330/3/3 1324/3/3 1323/3/3
f 1330/3/3 1323/3/3 1322/3/3
f 1331/3/3 1325/3/3 1330/3/3
f 1332/3/3 1329/3/3 1328/3/3
f 1332/3/3 1328/3/3 1327/3/3
f 1333/4/3 1331/4/3 1330/4/3
f 1333/3/3 1329/3/3 1332/3/3
f 1333/4/3 1330/4/3 1329/4/3
f 1334/3/3 1325/3/3 1331/3/3
f 1334/4/3 1331/4/3 1333/4/3
f 1335/3/3 1325/3/3 1334/3/3
f 1336/3/3 1334/3/3 1333/3/3
f 1337/3/3 1334/3/3 1336/3/3
f 1338/4/3 1335/4/3 1334/4/3
f 1338/3/3 1334/3/3 1337/3/3
f 1339/3/3 1325/3/3 1335/3/3
f 1339/4/3 1335/4/3 1338/4/3
f 1342/3/3 1338/3/3 1337/3/3
f 1342/3/3 1339/3/3 1338/3/3
f 1343/3/3 1325/3/3 1339/3/3
f 1343/3/3 1339/3/3 1342/3/3
f 1345/3/3 1341/3/3 1340/3/3
f 1346/3/3 1341/3/3 1345/3/3
f 1347/3/3 1341/3/3 1346/3/3
f 1348/3/3 1341/3/3 1347/3/3
f 1349/3/3 1341/3/3 1348/3/3
f 1351/3/3 1342/3/3 1337/3/3
f 1352/4/3 1343/4/3 1342/4/3
f 1352/3/3 1342/3/3 1351/3/3
f 1353/3/3 1325/3/3 1343/3/3
f 1353/4/3 1343/4/3 1352/4/3
f 1354/3/3 1345/3/3 1344/3/3
f 1354/3/3 1346/3/3 1345/3/3
f 1355/4/3 1347/4/3 1346/4/3
f 1355/3/3 1346/3/3 1354/3/3
f 1356/4/3 1347/4/3 1355/4/3
f 1357/4/3 1347/4/3 1356/4/3
f 1358/3/3 1348/3/3 1347/3/3
f 1358/4/3 1347/4/3 1357/4/3
f 1359/4/3 1349/4/3 1348/4/3
f 1359/3/3 1348/3/3 1358/3/3
f 1360/4/3 1349/4/3 1359/4/3
f 1361/3/3 1350/3/3 1349/3/3
f 1361/4/3 1349/4/3 1360/4/3
f 1362/3/3 1350/3/3 1361/3/3
f 1363/3/3 1350/3/3 1362/3/3
f 1365/4/3 1352/4/3 1351/4/3
f 1366/3/3 1353/3/3 1352/3/3
f 1366/4/3 1352/4/3 1365/4/3
f 1367/3/3 1325/3/3 1353/3/3
f 1367/3/3 1353/3/3 1366/3/3
f 1370/3/3 1354/3/3 1344/3/3
f 1370/4/3 1355/4/3 1354/4/3
f 1370/4/3 1356/4/3 1355/4/3
f 1371/3/3 1357/3/3 1356/3/3
f 1371/4/3 1356/4/3 1370/4/3
f 1372/4/3 1358/4/3 1357/4/3
f 1372/3/3 1357/3/3 1371/3/3
f 1372/4/3 1359/4/3 1358/4/3
f 1373/4/3 1359/4/3 1372/4/3
f 1374/3/3 1360/3/3 1359/3/3
f 1374/4/3 1359/4/3 1373/4/3
f 1375/4/3 1361/4/3 1360/4/3
f 1375/3/3 1360/3/3 1374/3/3
f 1375/4/3 1362/4/3 1361/4/3
f 1376/4/3 1362/4/3 1375/4/3
f 1377/3/3 1364/3/3 1363/3/3
f 1377/4/3 1362/4/3 1376/4/3
f 1377/3/3 1363/3/3 1362/3/3
f 1378/3/3 1364/3/3 1377/3/3
f 1379/3/3 1364/3/3 1378/3/3
f 1380/4/3 1365/4/3 1364/4/3
f 1380/3/3 1364/3/3 1379/3/3
f 1381/4/3 1365/4/3 1380/4/3
f 1382/3/3 1366/3/3 1365/3/3
f 1382/4/3 1365/4/3 1381/4/3
f 1382/3/3 1368/3/3 1367/3/3
f 1382/3/3 1367/3/3 1366/3/3
f 1383/3/3 1368/3/3 1382/3/3
f 1384/4/3 1369/4/3 1368/4/3
f 1384/3/3 1368/3/3 1383/3/3
f 1385/4/3 1369/4/3 1384/4/3
f 1386/3/3 1373/3/3 1372/3/3
f 1386/3/3 1370/3/3 1344/3/3
f 1386/3/3 1371/3/3 1370/3/3
f 1386/3/3 1372/3/3 1371/3/3
f 1387/3/3 1373/3/3 1386/3/3
f 1388/4/3 1375/4/3 1374/4/3
f 1388/3/3 1373/3/3 1387/3/3
f 1388/4/3 1374/4/3 1373/4/3
f 1389/3/3 1376/3/3 1375/3/3
f 1389/4/3 1375/4/3 1388/4/3
f 1390/4/3 1377/4/3 1376/4/3
f 1390/3/3 1376/3/3 1389/3/3
f 1391/4/3 1377/4/3 1390/4/3
f 1396/3/3 1388/3/3 1387/3/3
f 1396/3/3 1391/3/3 1390/3/3
f 1396/3/3 1389/3/3 1388/3/3
f 1396/3/3 1390/3/3 1389/3/3
f 1397/3/3 1391/3/3 1396/3/3
f 1398/3/3 1385/3/3 1384/3/3
f 1398/3/3 1384/3/3 1383/3/3
f 1399/3/3 1385/3/3 1398/3/3
f 1401/4/3 1393/4/3 1392/4/3
f 1402/4/3 1393/4/3 1401/4/3
f 1403/3/3 1394/3/3 1393/3/3
f 1403/4/3 1393/4/3 1402/4/3
f 1404/4/3 1395/4/3 1394/4/3
f 1404/3/3 1394/3/3 1403/3/3
f 1405/4/3 1395/4/3 1404/4/3
f 1407/3/3 1391/3/3 1397/3/3
f 1408/3/3 1391/3/3 1407/3/3
f 1409/3/3 1391/3/3 1408/3/3
f 1410/3/3 1398/3/3 1383/3/3
f 1411/4/3 1399/4/3 1398/4/3
f 1411/3/3 1398/3/3 1410/3/3
f 1412/4/3 1399/4/3 1411/4/3
f 1413/3/3 1385/3/3 1399/3/3
f 1413/4/3 1399/4/3 1412/4/3
f 1414/3/3 1385/3/3 1413/3/3
f 1416/3/3 1401/3/3 1400/3/3
f 1417/3/3 1401/3/3 1416/3/3
f 1418/4/3 1406/4/3 1405/4/3
f 1419/4/3 1406/4/3 1418/4/3
f 1421/3/3 1409/3/3 1408/3/3
f 1422/3/3 1409/3/3 1421/3/3
f 1423/3/3 1412/3/3 1411/3/3
f 1423/3/3 1411/3/3 1410/3/3
f 1424/4/3 1413/4/3 1412/4/3
f 1424/3/3 1412/3/3 1423/3/3
f 1424/4/3 1414/4/3 1413/4/3
f 1425/3/3 1385/3/3 1414/3/3
f 1425/4/3 1414/4/3 1424/4/3
f 1426/3/3 1385/3/3 1425/3/3
f 1428/3/3 1416/3/3 1415/3/3
f 1429/3/3 1416/3/3 1428/3/3
f 1430/3/3 1420/3/3 1419/3/3
f 1431/3/3 1420/3/3 1430/3/3
f 1433/3/3 1424/3/3 1423/3/3
f 1433/4/3 1427/4/3 1426/4/3
f 1433/3/3 1425/3/3 1424/3/3
f 1433/4/3 1426/4/3 1425/4/3
f 1434/4/3 1427/4/3 1433/4/3
f 1435/3/3 1428/3/3 1427/3/3
f 1436/3/3 1409/3/3 1422/3/3
f 1437/3/3 1409/3/3 1436/3/3
f 1438/4/3 1427/4/3 1434/4/3
f 1438/3/3 1434/3/3 1433/3/3
f 1439/3/3 1435/3/3 1427/3/3
f 1439/4/3 1427/4/3 1438/4/3
f 1442/4/3 1437/4/3 1436/4/3
f 1443/3/3 1433/3/3 1423/3/3
f 1443/3/3 1438/3/3 1433/3/3
f 1443/3/3 1439/3/3 1438/3/3
f 1444/4/3 1442/4/3 1436/4/3
f 1445/4/3 1442/4/3 1444/4/3
f 1446/1/3 1441/1/3 1440/1/3
f 1447/1/3 1441/1/3 1446/1/3
f 1448/3/3 1439/3/3 1443/3/3
f 1449/3/3 1439/3/3 1448/3/3
f 1451/3/3 1445/3/3 1444/3/3
f 1452/4/3 1449/4/3 1448/4/3
f 1453/3/3 1439/3/3 1449/3/3
f 1454/3/3 1435/3/3 1439/3/3
f 1454/3/3 1439/3/3 1453/3/3
f 1457/3/3 1432/3/3 1431/3/3
f 1458/3/3 1432/3/3 1457/3/3
f 1460/3/3 1451/3/3 1450/3/3
f 1461/4/3 1449/4/3 1452/4/3
f 1462/3/3 1453/3/3 1449/3/3
f 1462/4/3 1449/4/3 1461/4/3
f 1463/3/3 1453/3/3 1462/3/3
f 1464/3/3 1455/3/3 1454/3/3
f 1465/3/3 1455/3/3 1464/3/3
f 1468/3/3 1457/3/3 1456/3/3
f 1469/3/3 1457/3/3 1468/3/3
f 1473/3/3 1460/3/3 1459/3/3
f 1474/3/3 1462/3/3 1461/3/3
f 1474/4/3 1463/4/3 1462/4/3
f 1475/4/3 1463/4/3 1474/4/3
f 1476/3/3 1453/3/3 1463/3/3
f 1476/4/3 1463/4/3 1475/4/3
f 1477/3/3 1453/3/3 1476/3/3
f 1478/3/3 1466/3/3 1465/3/3
f 1479/3/3 1466/3/3 1478/3/3
f 1481/4/3 1468/4/3 1467/4/3
f 1482/4/3 1468/4/3 1481/4/3
f 1484/3/3 1471/3/3 1470/3/3
f 1485/4/3 1472/4/3 1471/4/3
f 1485/3/3 1471/3/3 1484/3/3
f 1486/4/3 1472/4/3 1485/4/3
f 1487/3/3 1445/3/3 1451/3/3
f 1487/3/3 1451/3/3 1460/3/3
f 1487/3/3 1473/3/3 1472/3/3
f 1487/3/3 1460/3/3 1473/3/3
f 1488/3/3 1445/3/3 1487/3/3
f 1489/3/3 1475/3/3 1474/3/3
f 1489/4/3 1476/4/3 1475/4/3
f 1489/4/3 1477/4/3 1476/4/3
f 1490/4/3 1477/4/3 1489/4/3
f 1491/3/3 1453/3/3 1477/3/3
f 1491/4/3 1477/4/3 1490/4/3
f 1492/3/3 1453/3/3 1491/3/3
f 1493/3/3 1480/3/3 1479/3/3
f 1494/4/3 1481/4/3 1480/4/3
f 1494/3/3 1480/3/3 1493/3/3
f 1495/4/3 1481/4/3 1494/4/3
f 1496/3/3 1484/3/3 1483/3/3
f 1496/4/3 1472/4/3 1486/4/3
f 1496/3/3 1486/3/3 1485/3/3
f 1496/3/3 1485/3/3 1484/3/3
f 1497/3/3 1487/3/3 1472/3/3
f 1497/4/3 1472/4/3 1496/4/3
f 1498/4/3 1488/4/3 1487/4/3
f 1502/3/3 1490/3/3 1489/3/3
f 1502/3/3 1489/3/3 1474/3/3
f 1502/3/3 1474/3/3 1461/3/3
f 1503/4/3 1492/4/3 1491/4/3
f 1503/4/3 1491/4/3 1490/4/3
f 1503/3/3 1490/3/3 1502/3/3
f 1504/3/3 1453/3/3 1492/3/3
f 1504/4/3 1492/4/3 1503/4/3
f 1505/3/3 1487/3/3 1497/3/3
f 1505/3/3 1497/3/3 1496/3/3
f 1506/4/3 1498/4/3 1487/4/3
f 1506/3/3 1487/3/3 1505/3/3
f 1507/3/3 1500/3/3 1499/3/3
f 1507/4/3 1498/4/3 1506/4/3
f 1507/3/3 1499/3/3 1498/3/3
f 1508/3/3 1500/3/3 1507/3/3
f 1509/4/3 1501/4/3 1500/4/3
f 1509/3/3 1500/3/3 1508/3/3
f 1510/3/3 1502/3/3 1501/3/3
f 1510/4/3 1501/4/3 1509/4/3
f 1510/3/3 1503/3/3 1502/3/3
f 1510/3/3 1504/3/3 1503/3/3
f 1511/3/3 1504/3/3 1510/3/3
f 1512/3/3 1504/3/3 1511/3/3
f 1513/3/3 1453/3/3 1504/3/3
f 1513/3/3 1504/3/3 1512/3/3
f 1514/3/3 1505/3/3 1496/3/3
f 1514/3/3 1496/3/3 1483/3/3
f 1515/3/3 1505/3/3 1514/3/3
f 1516/3/3 1505/3/3 1515/3/3
f 1517/4/3 1506/4/3 1505/4/3
f 1517/3/3 1505/3/3 1516/3/3
f 1518/3/3 1508/3/3 1507/3/3
f 1518/4/3 1506/4/3 1517/4/3
f 1518/3/3 1507/3/3 1506/3/3
f 1519/3/3 1508/3/3 1518/3/3
f 1520/3/3 1516/3/3 1515/3/3
f 1521/4/3 1517/4/3 1516/4/3
f 1521/3/3 1516/3/3 1520/3/3
f 1522/3/3 1518/3/3 1517/3/3
f 1522/4/3 1517/4/3 1521/4/3
f 1523/3/3 1518/3/3 1522/3/3
f 1524/3/3 1512/3/3 1511/3/3
f 1525/3/3 1512/3/3 1524/3/3
f 1527/3/3 1524/3/3 1511/3/3
f 1528/4/3 1525/4/3 1524/4/3
f 1529/4/3 1525/4/3 1528/4/3
f 1531/3/3 1527/3/3 1526/3/3
f 1532/3/3 1524/3/3 1527/3/3
f 1532/3/3 1527/3/3 1531/3/3
f 1533/4/3 1528/4/3 1524/4/3
f 1533/3/3 1524/3/3 1532/3/3
f 1535/3/3 1531/3/3 1530/3/3
f 1535/3/3 1532/3/3 1531/3/3
f 1536/3/3 1532/3/3 1535/3/3
f 1537/4/3 1533/4/3 1532/4/3
f 1537/3/3 1532/3/3 1536/3/3
f 1538/4/3 1528/4/3 1533/4/3
f 1538/4/3 1533/4/3 1537/4/3
f 1538/3/3 1529/3/3 1528/3/3
f 1540/3/3 1536/3/3 1535/3/3
f 1540/3/3 1535/3/3 1534/3/3
f 1541/3/3 1536/3/3 1540/3/3
f 1542/4/3 1537/4/3 1536/4/3
f 1542/3/3 1536/3/3 1541/3/3
f 1543/3/3 1538/3/3 1537/3/3
f 1543/4/3 1537/4/3 1542/4/3
f 1544/3/3 1529/3/3 1538/3/3
f 1544/3/3 1538/3/3 1543/3/3
f 1545/3/3 1529/3/3 1544/3/3
f 1546/4/3 1542/4/3 1541/4/3
f 1547/3/3 1543/3/3 1542/3/3
f 1547/4/3 1542/4/3 1546/4/3
f 1547/3/3 1544/3/3 1543/3/3
f 1548/3/3 1544/3/3 1547/3/3
f 1549/3/3 1544/3/3 1548/3/3
f 1550/3/3 1541/3/3 1540/3/3
f 1550/3/3 1540/3/3 1539/3/3
f 1551/4/3 1546/4/3 1541/4/3
f 1551/3/3 1541/3/3 1550/3/3
f 1552/3/3 1548/3/3 1547/3/3
f 1552/4/3 1546/4/3 1551/4/3
f 1552/3/3 1547/3/3 1546/3/3
f 1553/3/3 1548/3/3 1552/3/3
f 1556/4/3 1555/4/3 1554/4/3
f 1557/4/3 1555/4/3 1556/4/3
f 1559/4/3 1558/4/3 1557/4/3
f 1560/4/3 1558/4/3 1559/4/3
f 1564/4/3 1563/4/3 1562/4/3
f 1565/4/3 1563/4/3 1564/4/3
f 1567/4/3 1561/4/3 1560/4/3
f 1568/4/3 1561/4/3 1567/4/3
f 1571/3/3 1566/3/3 1565/3/3
f 1572/3/3 1566/3/3 1571/3/3
f 1575/3/3 1570/3/3 1569/3/3
f 1576/3/3 1570/3/3 1575/3/3
f 1578/3/3 1568/3/3 1567/3/3
f 1579/3/3 1568/3/3 1578/3/3
f 1580/3/3 1574/3/3 1573/3/3
f 1581/3/3 1574/3/3 1580/3/3
f 1582/3/3 1577/3/3 1576/3/3
f 1583/3/3 1577/3/3 1582/3/3
f 1588/3/3 1584/3/3 1583/3/3
f 1589/3/3 1584/3/3 1588/3/3
f 1590/4/3 1585/4/3 1584/4/3
f 1590/3/3 1584/3/3 1589/3/3
f 1591/4/3 1585/4/3 1590/4/3
f 1592/3/3 1587/3/3 1586/3/3
f 1593/3/3 1587/3/3 1592/3/3
f 1594/3/3 1587/3/3 1593/3/3
f 1596/4/3 1595/4/3 1594/4/3
f 1597/4/3 1595/4/3 1596/4/3
f 1600/3/3 1599/3/3 1598/3/3
f 1601/3/3 1599/3/3 1600/3/3
f 1604/3/3 1603/3/3 1602/3/3
f 1605/3/3 1603/3/3 1604/3/3
f 1606/3/3 1597/3/3 1596/3/3
f 1607/3/3 1597/3/3 1606/3/3
f 1610/1/3 1609/1/3 1608/1/3
f 1611/1/3 1609/1/3 1610/1/3
f 1612/2/3 1611/2/3 1610/2/3
f 1613/2/3 1611/2/3 1612/2/3
f 1621/4/3 1617/4/3 1616/4/3
f 1622/3/3 1618/3/3 1617/3/3
f 1622/4/3 1617/4/3 1621/4/3
f 1623/3/3 1618/3/3 1622/3/3
f 1624/3/3 1620/3/3 1619/3/3
f 1625/3/3 1620/3/3 1624/3/3
f 1631/3/3 1615/3/3 1614/3/3
f 1632/3/3 1615/3/3 1631/3/3
f 1636/3/3 1629/3/3 1628/3/3
f 1636/3/3 1627/3/3 1626/3/3
f 1636/3/3 1628/3/3 1627/3/3
f 1637/3/3 1629/3/3 1636/3/3
f 1638/3/3 1631/3/3 1630/3/3
f 1639/3/3 1631/3/3 1638/3/3
f 1640/3/3 1634/3/3 1633/3/3
f 1641/3/3 1634/3/3 1640/3/3
f 1647/3/3 1636/3/3 1635/3/3
f 1648/3/3 1636/3/3 1647/3/3
f 1651/3/3 1643/3/3 1642/3/3
f 1652/4/3 1644/4/3 1643/4/3
f 1652/3/3 1643/3/3 1651/3/3
f 1652/4/3 1645/4/3 1644/4/3
f 1653/3/3 1646/3/3 1645/3/3
f 1653/4/3 1645/4/3 1652/4/3
f 1653/3/3 1647/3/3 1646/3/3
f 1654/3/3 1647/3/3 1653/3/3
f 1657/3/3 1650/3/3 1649/3/3
f 1659/3/3 1656/3/3 1655/3/3
f 1660/3/3 1656/3/3 1659/3/3
f 1661/3/3 1650/3/3 1657/3/3
f 1662/3/3 1659/3/3 1658/3/3
f 1663/3/3 1659/3/3 1662/3/3
f 1665/3/3 1650/3/3 1661/3/3
f 1666/3/3 1650/3/3 1665/3/3
f 1668/3/3 1665/3/3 1664/3/3
f 1669/3/3 1665/3/3 1668/3/3
f 1670/3/3 1668/3/3 1667/3/3
f 1671/3/3 1668/3/3 1670/3/3
f 1674/3/3 1673/3/3 1672/3/3
f 1675/3/3 1673/3/3 1674/3/3
f 1677/3/3 1676/3/3 1675/3/3
f 1678/3/3 1676/3/3 1677/3/3
f 1684/3/3 1680/3/3 1679/3/3
f 1685/4/3 1681/4/3 1680/4/3
f 1685/3/3 1680/3/3 1684/3/3
f 1686/3/3 1682/3/3 1681/3/3
f 1686/4/3 1681/4/3 1685/4/3
f 1687/3/3 1682/3/3 1686/3/3
f 1689/3/3 1684/3/3 1683/3/3
f 1690/3/3 1684/3/3 1689/3/3
f 1691/3/3 1688/3/3 1687/3/3
f 1692/3/3 1688/3/3 1691/3/3
f 1698/3/3 1694/3/3 1693/3/3
f 1699/3/3 1694/3/3 1698/3/3
f 1700/3/3 1694/3/3 1699/3/3
f 1701/3/3 1696/3/3 1695/3/3
f 1701/3/3 1697/3/3 1696/3/3
f 1702/3/3 1697/3/3 1701/3/3
f 1704/3/3 1703/3/3 1702/3/3
f 1705/3/3 1703/3/3 1704/3/3
f 1710/3/3 1709/3/3 1708/3/3
f 1711/3/3 1709/3/3 1710/3/3
f 1715/3/3 1712/3/3 1711/3/3
f 1716/4/3 1713/4/3 1712/4/3
f 1716/3/3 1712/3/3 1715/3/3
f 1717/3/3 1714/3/3 1713/3/3
f 1717/4/3 1713/4/3 1716/4/3
f 1718/3/3 1714/3/3 1717/3/3
f 1720/3/3 1707/3/3 1706/3/3
f 1721/3/3 1707/3/3 1720/3/3
f 1722/3/3 1719/3/3 1718/3/3
f 1723/3/3 1719/3/3 1722/3/3
f 1729/3/3 1725/3/3 1724/3/3
f 1730/3/3 1725/3/3 1729/3/3
f 1734/3/3 1727/3/3 1726/3/3
f 1735/4/3 1728/4/3 1727/4/3
f 1735/3/3 1727/3/3 1734/3/3
f 1736/3/3 1729/3/3 1728/3/3
f 1736/4/3 1728/4/3 1735/4/3
f 1737/3/3 1729/3/3 1736/3/3
f 1738/3/3 1734/3/3 1733/3/3
f 1739/3/3 1734/3/3 1738/3/3
f 1740/3/3 1732/3/3 1731/3/3
f 1741/3/3 1732/3/3 1740/3/3
f 1742/4/3 1741/4/3 1740/4/3
f 1743/4/3 1741/4/3 1742/4/3
f 1749/3/3 1745/3/3 1744/3/3
f 1750/3/3 1745/3/3 1749/3/3
f 1755/3/3 1747/3/3 1746/3/3
f 1756/3/3 1747/3/3 1755/3/3
f 1757/3/3 1749/3/3 1748/3/3
f 1758/3/3 1749/3/3 1757/3/3
f 1759/3/3 1749/3/3 1758/3/3
f 1760/3/3 1752/3/3 1751/3/3
f 1761/3/3 1752/3/3 1760/3/3
f 1766/3/3 1754/3/3 1753/3/3
f 1767/3/3 1754/3/3 1766/3/3
f 1768/3/3 1762/3/3 1761/3/3
f 1769/4/3 1763/4/3 1762/4/3
f 1769/3/3 1762/3/3 1768/3/3
f 1769/4/3 1764/4/3 1763/4/3
f 1770/3/3 1765/3/3 1764/3/3
f 1770/4/3 1764/4/3 1769/4/3
f 1770/3/3 1766/3/3 1765/3/3
f 1771/3/3 1766/3/3 1770/3/3
f 1775/3/3 1773/3/3 1772/3/3
f 1776/3/3 1773/3/3 1775/3/3
f 1777/3/3 1775/3/3 1774/3/3
f 1778/3/3 1775/3/3 1777/3/3
f 1779/2/4 1780/2/4 1781/2/4
f 1781/2/4 1780/2/4 1782/2/4
f 1783/2/4 1784/2/4 1785/2/4
f 1785/2/4 1784/2/4 1786/2/4
f 1786/2/4 1784/2/4 1787/2/4
f 1788/1/4 1789/1/4 1790/1/4
f 1790/1/4 1789/1/4 1791/1/4
f 1790/2/4 1791/2/4 1792/2/4
f 1792/2/4 1791/2/4 1793/2/4
f 1794/3/4 1795/3/4 1796/3/4
f 1796/3/4 1795/3/4 1797/3/4
f 1797/3/4 1798/3/4 1799/3/4
f 1799/3/4 1798/3/4 1800/3/4
f 1801/3/4 1802/3/4 1806/3/4
f 1802/4/4 1803/4/4 1807/4/4
f 1806/3/4 1802/3/4 1807/3/4
f 1807/4/4 1803/4/4 1808/4/4
f 1803/3/4 1804/3/4 1809/3/4
f 1808/4/4 1803/4/4 1809/4/4
f 1809/3/4 1804/3/4 1810/3/4
f 1810/3/4 1804/3/4 1811/3/4
f 1805/3/4 1806/3/4 1813/3/4
f 1813/3/4 1806/3/4 1814/3/4
f 1811/3/4 1812/3/4 1815/3/4
f 1815/3/4 1812/3/4 1816/3/4
f 1817/3/4 1818/3/4 1822/3/4
f 1822/3/4 1818/3/4 1823/3/4
f 1823/3/4 1818/3/4 1824/3/4
f 1819/3/4 1820/3/4 1825/3/4
f 1820/3/4 1821/3/4 1825/3/4
f 1825/3/4 1821/3/4 1826/3/4
f 1826/3/4 1827/3/4 1828/3/4
f 1828/3/4 1827/3/4 1829/3/4
f 1830/3/4 1831/3/4 1832/3/4
f 1833/3/4 1834/3/4 1835/3/4
f 1835/3/4 1834/3/4 1836/3/4
f 1836/3/4 1837/3/4 1840/3/4
f 1837/4/4 1838/4/4 1841/4/4
f 1840/3/4 1837/3/4 1841/3/4
f 1838/3/4 1839/3/4 1842/3/4
f 1841/4/4 1838/4/4 1842/4/4
f 1842/3/4 1839/3/4 1843/3/4
f 1832/3/4 1831/3/4 1845/3/4
f 1845/3/4 1831/3/4 1846/3/4
f 1843/3/4 1844/3/4 1847/3/4
f 1847/3/4 1844/3/4 1848/3/4
f 1849/2/4 1850/2/4 1852/2/4
f 1850/1/4 1851/1/4 1852/1/4
f 1852/1/4 1851/1/4 1853/1/4
f 1849/2/4 1852/2/4 1854/2/4
f 1852/2/4 1853/2/4 1854/2/4
f 1854/2/4 1853/2/4 1855/2/4
f 1856/3/4 1857/3/4 1861/3/4
f 1861/3/4 1857/3/4 1862/3/4
f 1858/3/4 1859/3/4 1866/3/4
f 1859/4/4 1860/4/4 1867/4/4
f 1866/3/4 1859/3/4 1867/3/4
f 1860/3/4 1861/3/4 1868/3/4
f 1867/4/4 1860/4/4 1868/4/4
f 1868/3/4 1861/3/4 1869/3/4
f 1869/3/4 1861/3/4 1870/3/4
f 1870/3/4 1861/3/4 1871/3/4
f 1865/3/4 1866/3/4 1872/3/4
f 1872/3/4 1866/3/4 1873/3/4
f 1863/3/4 1864/3/4 1874/3/4
f 1874/3/4 1864/3/4 1875/3/4
f 1874/4/4 1875/4/4 1876/4/4
f 1876/4/4 1875/4/4 1877/4/4
f 1877/4/4 1875/4/4 1878/4/4
f 1879/3/4 1880/3/4 1886/3/4
f 1886/3/4 1880/3/4 1887/3/4
f 1883/3/4 1884/3/4 1892/3/4
f 1881/3/4 1882/3/4 1892/3/4
f 1882/3/4 1883/3/4 1892/3/4
f 1892/3/4 1884/3/4 1893/3/4
f 1885/3/4 1886/3/4 1894/3/4
f 1894/3/4 1886/3/4 1895/3/4
f 1895/3/4 1886/3/4 1896/3/4
f 1888/3/4 1889/3/4 1897/3/4
f 1897/3/4 1889/3/4 1898/3/4
f 1890/3/4 1891/3/4 1901/3/4
f 1901/3/4 1891/3/4 1902/3/4
f 1898/3/4 1899/3/4 1903/3/4
f 1899/4/4 1900/4/4 1904/4/4
f 1903/3/4 1899/3/4 1904/3/4
f 1900/3/4 1901/3/4 1905/3/4
f 1904/4/4 1900/4/4 1905/4/4
f 1905/3/4 1901/3/4 1906/3/4
f 1907/3/4 1908/3/4 1910/3/4
f 1910/3/4 1908/3/4 1911/3/4
f 1909/3/4 1910/3/4 1912/3/4
f 1912/3/4 1910/3/4 1913/3/4
f 1914/3/4 1915/3/4 1916/3/4
f 1916/3/4 1915/3/4 1917/3/4
f 1917/3/4 1918/3/4 1919/3/4
f 1919/3/4 1918/3/4 1920/3/4
f 1922/3/4 1923/3/4 1924/3/4
f 1924/3/4 1923/3/4 1925/3/4
f 1925/3/4 1926/3/4 1931/3/4
f 1931/3/4 1926/3/4 1932/3/4
f 1927/3/4 1928/3/4 1933/3/4
f 1928/4/4 1929/4/4 1934/4/4
f 1933/3/4 1928/3/4 1934/3/4
f 1934/4/4 1929/4/4 1935/4/4
f 1929/3/4 1930/3/4 1936/3/4
f 1935/4/4 1929/4/4 1936/4/4
f 1936/3/4 1930/3/4 1937/3/4
f 1920/3/4 1921/3/4 1939/3/4
f 1939/3/4 1921/3/4 1940/3/4
f 1937/3/4 1938/3/4 1941/3/4
f 1941/3/4 1938/3/4 1942/3/4
f 1942/3/4 1938/3/4 1943/3/4
f 1943/3/4 1944/3/4 1948/3/4
f 1944/4/4 1945/4/4 1949/4/4
f 1948/3/4 1944/3/4 1949/3/4
f 1949/4/4 1945/4/4 1950/4/4
f 1946/3/4 1947/3/4 1951/3/4
f 1951/3/4 1947/3/4 1952/3/4
f 1952/4/4 1953/4/4 1954/4/4
f 1954/4/4 1953/4/4 1955/4/4
f 1956/4/4 1957/4/4 1959/4/4
f 1957/3/4 1958/3/4 1960/3/4
f 1959/4/4 1957/4/4 1960/4/4
f 1960/3/4 1958/3/4 1961/3/4
f 1954/3/4 1955/3/4 1962/3/4
f 1962/3/4 1955/3/4 1963/3/4
f 1964/4/4 1965/4/4 1969/4/4
f 1966/3/4 1967/3/4 1970/3/4
f 1970/3/4 1967/3/4 1971/3/4
f 1967/4/4 1968/4/4 1972/4/4
f 1971/3/4 1967/3/4 1972/3/4
f 1972/4/4 1968/4/4 1973/4/4
f 1969/4/4 1965/4/4 1974/4/4
f 1974/4/4 1965/4/4 1975/4/4
f 1974/3/4 1975/3/4 1983/3/4
f 1983/3/4 1975/3/4 1984/3/4
f 1976/3/4 1977/3/4 1986/3/4
f 1977/3/4 1978/3/4 1986/3/4
f 1978/3/4 1979/3/4 1986/3/4
f 1979/4/4 1980/4/4 1987/4/4
f 1986/3/4 1979/3/4 1987/3/4
f 1980/3/4 1981/3/4 1988/3/4
f 1987/4/4 1980/4/4 1988/4/4
f 1988/3/4 1981/3/4 1989/3/4
f 1982/3/4 1983/3/4 1990/3/4
f 1990/3/4 1983/3/4 1991/3/4
f 1985/3/4 1986/3/4 1995/3/4
f 1995/3/4 1986/3/4 1996/3/4
f 1993/3/4 1994/3/4 1999/3/4
f 1992/3/4 1993/3/4 1999/3/4
f 1994/3/4 1995/3/4 1999/3/4
f 1999/3/4 1995/3/4 2000/3/4
f 2001/3/4 2002/3/4 2004/3/4
f 2004/3/4 2002/3/4 2005/3/4
f 2003/3/4 2004/3/4 2006/3/4
f 2006/3/4 2004/3/4 2007/3/4
f 1997/3/4 1998/3/4 2009/3/4
f 2009/3/4 1998/3/4 2010/3/4
f 2008/3/4 2009/3/4 2012/3/4
f 2012/3/4 2009/3/4 2013/3/4
f 2011/3/4 2012/3/4 2014/3/4
f 2014/3/4 2012/3/4 2015/3/4
f 2016/3/4 2017/3/4 2020/3/4
f 2017/4/4 2018/4/4 2020/4/4
f 2020/4/4 2018/4/4 2021/4/4
f 2018/3/4 2019/3/4 2022/3/4
f 2021/4/4 2018/4/4 2022/4/4
f 2022/3/4 2019/3/4 2023/3/4
f 2023/3/4 2019/3/4 2024/3/4
f 2020/3/4 2021/3/4 2026/3/4
f 2016/3/4 2020/3/4 2026/3/4
f 2026/3/4 2021/3/4 2027/3/4
f 2021/4/4 2022/4/4 2028/4/4
f 2027/3/4 2021/3/4 2028/3/4
f 2022/4/4 2023/4/4 2028/4/4
f 2028/4/4 2023/4/4 2029/4/4
f 2024/3/4 2025/3/4 2030/3/4
f 2023/3/4 2024/3/4 2030/3/4
f 2028/3/4 2029/3/4 2032/3/4
f 2027/3/4 2028/3/4 2032/3/4
f 2032/3/4 2029/3/4 2033/3/4
f 2029/4/4 2023/4/4 2034/4/4
f 2033/3/4 2029/3/4 2034/3/4
f 2030/3/4 2031/3/4 2035/3/4
f 2034/4/4 2023/4/4 2035/4/4
f 2023/3/4 2030/3/4 2035/3/4
f 2033/3/4 2034/3/4 2036/3/4
f 2034/3/4 2035/3/4 2036/3/4
f 2036/3/4 2035/3/4 2037/3/4
f 2037/3/4 2035/3/4 2038/3/4
f 2038/3/4 2035/3/4 2039/3/4
f 2040/3/4 2041/3/4 2044/3/4
f 2041/4/4 2042/4/4 2044/4/4
f 2042/3/4 2043/3/4 2045/3/4
f 2044/4/4 2042/4/4 2045/4/4
f 2045/3/4 2043/3/4 2046/3/4
f 2044/3/4 2045/3/4 2049/3/4
f 2045/4/4 2046/4/4 2049/4/4
f 2046/4/4 2047/4/4 2049/4/4
f 2047/3/4 2048/3/4 2050/3/4
f 2049/4/4 2047/4/4 2050/4/4
f 2050/3/4 2048/3/4 2051/3/4
f 2039/3/4 2035/3/4 2052/3/4
f 2035/3/4 2031/3/4 2053/3/4
f 2052/3/4 2035/3/4 2053/3/4
f 2051/3/4 2052/3/4 2055/3/4
f 2053/3/4 2054/3/4 2055/3/4
f 2052/3/4 2053/3/4 2055/3/4
f 2050/3/4 2051/3/4 2055/3/4
f 2049/3/4 2050/3/4 2055/3/4
f 2055/3/4 2054/3/4 2056/3/4
f 2056/3/4 2054/3/4 2057/3/4
f 2057/3/4 2054/3/4 2058/3/4
f 2056/3/4 2057/3/4 2059/3/4
f 2059/3/4 2057/3/4 2060/3/4
f 2060/3/4 2057/3/4 2061/3/4
f 2058/3/4 2054/3/4 2062/3/4
f 2062/3/4 2054/3/4 2063/3/4
f 2044/3/4 2049/3/4 2068/3/4
f 2040/3/4 2044/3/4 2068/3/4
f 2049/3/4 2055/3/4 2068/3/4
f 2068/3/4 2055/3/4 2069/3/4
f 2069/3/4 2055/3/4 2070/3/4
f 2059/4/4 2060/4/4 2071/4/4
f 2071/4/4 2060/4/4 2072/4/4
f 2072/4/4 2060/4/4 2073/4/4
f 2061/4/4 2062/4/4 2074/4/4
f 2062/4/4 2063/4/4 2074/4/4
f 2063/3/4 2054/3/4 2075/3/4
f 2074/4/4 2063/4/4 2075/4/4
f 2064/3/4 2065/3/4 2077/3/4
f 2065/4/4 2066/4/4 2078/4/4
f 2077/3/4 2065/3/4 2078/3/4
f 2066/3/4 2067/3/4 2079/3/4
f 2078/4/4 2066/4/4 2079/4/4
f 2079/3/4 2067/3/4 2080/3/4
f 2080/3/4 2067/3/4 2081/3/4
f 2069/3/4 2070/3/4 2083/3/4
f 2083/3/4 2070/3/4 2084/3/4
f 2073/3/4 2074/3/4 2085/3/4
f 2074/3/4 2075/3/4 2085/3/4
f 2085/3/4 2075/3/4 2086/3/4
f 2076/3/4 2077/3/4 2088/3/4
f 2088/3/4 2077/3/4 2089/3/4
f 2081/3/4 2082/3/4 2090/3/4
f 2090/3/4 2082/3/4 2091/3/4
f 2084/3/4 2070/3/4 2093/3/4
f 2093/3/4 2070/3/4 2094/3/4
f 2094/3/4 2070/3/4 2095/3/4
f 2073/3/4 2085/3/4 2096/3/4
f 2086/3/4 2075/3/4 2097/3/4
f 2075/3/4 2054/3/4 2098/3/4
f 2097/3/4 2075/3/4 2098/3/4
f 2087/3/4 2088/3/4 2099/3/4
f 2099/3/4 2088/3/4 2100/3/4
f 2091/3/4 2092/3/4 2101/3/4
f 2101/3/4 2092/3/4 2102/3/4
f 2071/3/4 2072/3/4 2103/3/4
f 2073/3/4 2096/3/4 2104/3/4
f 2096/3/4 2097/3/4 2104/3/4
f 2097/3/4 2098/3/4 2104/3/4
f 2098/3/4 2099/3/4 2104/3/4
f 2104/3/4 2099/3/4 2105/3/4
f 2105/3/4 2099/3/4 2106/3/4
f 2106/3/4 2099/3/4 2107/3/4
f 2103/3/4 2104/3/4 2108/3/4
f 2105/3/4 2106/3/4 2109/3/4
f 2109/3/4 2106/3/4 2110/3/4
f 2106/4/4 2107/4/4 2111/4/4
f 2110/3/4 2106/3/4 2111/3/4
f 2107/3/4 2099/3/4 2112/3/4
f 2111/4/4 2107/4/4 2112/4/4
f 2112/3/4 2099/3/4 2113/3/4
f 2110/3/4 2111/3/4 2114/3/4
f 2112/4/4 2113/4/4 2114/4/4
f 2111/3/4 2112/3/4 2114/3/4
f 2114/4/4 2113/4/4 2115/4/4
f 2108/3/4 2109/3/4 2116/3/4
f 2103/3/4 2108/3/4 2116/3/4
f 2116/3/4 2109/3/4 2117/3/4
f 2114/3/4 2115/3/4 2118/3/4
f 2110/3/4 2114/3/4 2118/3/4
f 2118/3/4 2115/3/4 2119/3/4
f 2119/3/4 2115/3/4 2120/3/4
f 2094/3/4 2095/3/4 2121/3/4
f 2121/3/4 2095/3/4 2122/3/4
f 2071/3/4 2103/3/4 2123/3/4
f 2103/3/4 2116/3/4 2123/3/4
f 2123/3/4 2116/3/4 2124/3/4
f 2117/3/4 2118/3/4 2125/3/4
f 2118/3/4 2119/3/4 2125/3/4
f 2120/3/4 2115/3/4 2126/3/4
f 2119/4/4 2120/4/4 2126/4/4
f 2126/3/4 2115/3/4 2127/3/4
f 2094/3/4 2121/3/4 2129/3/4
f 2121/4/4 2122/4/4 2130/4/4
f 2129/3/4 2121/3/4 2130/3/4
f 2124/3/4 2125/3/4 2131/3/4
f 2125/3/4 2119/3/4 2131/3/4
f 2131/3/4 2119/3/4 2132/3/4
f 2126/4/4 2127/4/4 2133/4/4
f 2119/4/4 2126/4/4 2133/4/4
f 2127/3/4 2115/3/4 2134/3/4
f 2133/4/4 2127/4/4 2134/4/4
f 2134/3/4 2115/3/4 2135/3/4
f 2128/4/4 2129/4/4 2140/4/4
f 2129/4/4 2130/4/4 2140/4/4
f 2140/4/4 2130/4/4 2141/4/4
f 2130/4/4 2122/4/4 2142/4/4
f 2141/4/4 2130/4/4 2142/4/4
f 2124/3/4 2131/3/4 2143/3/4
f 2132/3/4 2119/3/4 2144/3/4
f 2119/4/4 2133/4/4 2145/4/4
f 2144/3/4 2119/3/4 2145/3/4
f 2145/4/4 2133/4/4 2146/4/4
f 2135/4/4 2136/4/4 2147/4/4
f 2147/4/4 2136/4/4 2148/4/4
f 2137/3/4 2138/3/4 2151/3/4
f 2151/3/4 2138/3/4 2152/3/4
f 2140/4/4 2141/4/4 2155/4/4
f 2139/4/4 2140/4/4 2155/4/4
f 2141/3/4 2142/3/4 2156/3/4
f 2155/4/4 2141/4/4 2156/4/4
f 2071/3/4 2123/3/4 2157/3/4
f 2145/3/4 2146/3/4 2158/3/4
f 2124/3/4 2143/3/4 2158/3/4
f 2143/3/4 2144/3/4 2158/3/4
f 2144/3/4 2145/3/4 2158/3/4
f 2158/3/4 2146/3/4 2159/3/4
f 2148/3/4 2149/3/4 2160/3/4
f 2160/3/4 2149/3/4 2161/3/4
f 2150/3/4 2151/3/4 2165/3/4
f 2165/3/4 2151/3/4 2166/3/4
f 2153/3/4 2154/3/4 2167/3/4
f 2167/3/4 2154/3/4 2168/3/4
f 2154/4/4 2155/4/4 2169/4/4
f 2168/3/4 2154/3/4 2169/3/4
f 2155/3/4 2156/3/4 2170/3/4
f 2169/4/4 2155/4/4 2170/4/4
f 2156/3/4 2142/3/4 2171/3/4
f 2170/3/4 2156/3/4 2171/3/4
f 2157/3/4 2158/3/4 2172/3/4
f 2159/3/4 2146/3/4 2173/3/4
f 2173/3/4 2146/3/4 2174/3/4
f 2161/3/4 2162/3/4 2175/3/4
f 2163/4/4 2164/4/4 2176/4/4
f 2175/3/4 2162/3/4 2176/3/4
f 2162/4/4 2163/4/4 2176/4/4
f 2164/3/4 2165/3/4 2177/3/4
f 2176/4/4 2164/4/4 2177/4/4
f 2177/3/4 2165/3/4 2178/3/4
f 2167/4/4 2168/4/4 2179/4/4
f 2168/3/4 2169/3/4 2180/3/4
f 2179/4/4 2168/4/4 2180/4/4
f 2169/3/4 2170/3/4 2180/3/4
f 2170/3/4 2171/3/4 2180/3/4
f 2180/3/4 2171/3/4 2181/3/4
f 2181/3/4 2171/3/4 2182/3/4
f 2157/3/4 2172/3/4 2187/3/4
f 2071/3/4 2157/3/4 2187/3/4
f 2172/4/4 2173/4/4 2188/4/4
f 2174/3/4 2146/3/4 2189/3/4
f 2179/3/4 2180/3/4 2190/3/4
f 2180/4/4 2181/4/4 2190/4/4
f 2181/3/4 2182/3/4 2191/3/4
f 2190/4/4 2181/4/4 2191/4/4
f 2191/3/4 2182/3/4 2192/3/4
f 2182/4/4 2183/4/4 2193/4/4
f 2192/3/4 2182/3/4 2193/3/4
f 2183/3/4 2184/3/4 2194/3/4
f 2193/4/4 2183/4/4 2194/4/4
f 2185/4/4 2186/4/4 2195/4/4
f 2194/3/4 2184/3/4 2195/3/4
f 2184/4/4 2185/4/4 2195/4/4
f 2186/3/4 2187/3/4 2196/3/4
f 2195/4/4 2186/4/4 2196/4/4
f 2196/3/4 2187/3/4 2197/3/4
f 2187/3/4 2172/3/4 2198/3/4
f 2197/3/4 2187/3/4 2198/3/4
f 2172/4/4 2188/4/4 2199/4/4
f 2198/3/4 2172/3/4 2199/3/4
f 2188/3/4 2189/3/4 2200/3/4
f 2199/4/4 2188/4/4 2200/4/4
f 2189/3/4 2146/3/4 2201/3/4
f 2200/3/4 2189/3/4 2201/3/4
f 2201/3/4 2146/3/4 2202/3/4
f 2190/3/4 2191/3/4 2203/3/4
f 2191/4/4 2192/4/4 2203/4/4
f 2192/3/4 2193/3/4 2204/3/4
f 2203/4/4 2192/4/4 2204/4/4
f 2204/3/4 2193/3/4 2205/3/4
f 2205/3/4 2193/3/4 2206/3/4
f 2206/3/4 2193/3/4 2207/3/4
f 2179/3/4 2190/3/4 2208/3/4
f 2190/3/4 2203/3/4 2208/3/4
f 2203/3/4 2204/3/4 2208/3/4
f 2204/4/4 2205/4/4 2209/4/4
f 2208/3/4 2204/3/4 2209/3/4
f 2205/3/4 2206/3/4 2210/3/4
f 2209/4/4 2205/4/4 2210/4/4
f 2210/3/4 2206/3/4 2211/3/4
f 2197/3/4 2198/3/4 2213/3/4
f 2212/3/4 2213/3/4 2215/3/4
f 2213/3/4 2198/3/4 2216/3/4
f 2215/3/4 2213/3/4 2216/3/4
f 2198/4/4 2199/4/4 2217/4/4
f 2216/3/4 2198/3/4 2217/3/4
f 2200/3/4 2201/3/4 2218/3/4
f 2217/4/4 2199/4/4 2218/4/4
f 2199/3/4 2200/3/4 2218/3/4
f 2215/3/4 2216/3/4 2220/3/4
f 2214/3/4 2215/3/4 2220/3/4
f 2220/3/4 2216/3/4 2221/3/4
f 2216/4/4 2217/4/4 2222/4/4
f 2221/3/4 2216/3/4 2222/3/4
f 2217/3/4 2218/3/4 2223/3/4
f 2222/4/4 2217/4/4 2223/4/4
f 2220/3/4 2221/3/4 2225/3/4
f 2219/3/4 2220/3/4 2225/3/4
f 2225/3/4 2221/3/4 2226/3/4
f 2221/4/4 2222/4/4 2227/4/4
f 2226/3/4 2221/3/4 2227/3/4
f 2223/3/4 2218/3/4 2228/3/4
f 2218/3/4 2201/3/4 2228/3/4
f 2222/3/4 2223/3/4 2228/3/4
f 2228/3/4 2201/3/4 2229/3/4
f 2226/4/4 2227/4/4 2230/4/4
f 2225/3/4 2226/3/4 2230/3/4
f 2224/3/4 2225/3/4 2230/3/4
f 2227/4/4 2222/4/4 2231/4/4
f 2230/4/4 2227/4/4 2231/4/4
f 2222/3/4 2228/3/4 2231/3/4
f 2231/3/4 2228/3/4 2232/3/4
f 2232/3/4 2228/3/4 2233/3/4
f 2224/3/4 2230/3/4 2234/3/4
f 2230/3/4 2231/3/4 2234/3/4
f 2231/3/4 2232/3/4 2234/3/4
f 2234/3/4 2232/3/4 2235/3/4
f 2236/3/4 2237/3/4 2240/3/4
f 2240/3/4 2237/3/4 2241/3/4
f 2241/3/4 2237/3/4 2242/3/4
f 2242/3/4 2237/3/4 2243/3/4
f 2243/3/4 2237/3/4 2244/3/4
f 2244/3/4 2237/3/4 2245/3/4
f 2238/3/4 2239/3/4 2247/3/4
f 2247/3/4 2239/3/4 2248/3/4
f 2236/3/4 2240/3/4 2249/3/4
f 2249/3/4 2240/3/4 2250/3/4
f 2244/4/4 2245/4/4 2251/4/4
f 2243/3/4 2244/3/4 2251/3/4
f 2251/4/4 2245/4/4 2252/4/4
f 2252/4/4 2245/4/4 2253/4/4
f 2253/4/4 2245/4/4 2254/4/4
f 2246/4/4 2247/4/4 2256/4/4
f 2256/4/4 2247/4/4 2257/4/4
f 2249/4/4 2250/4/4 2262/4/4
f 2258/3/4 2259/3/4 2267/3/4
f 2259/4/4 2260/4/4 2268/4/4
f 2267/3/4 2259/3/4 2268/3/4
f 2268/4/4 2260/4/4 2269/4/4
f 2260/3/4 2261/3/4 2270/3/4
f 2269/4/4 2260/4/4 2270/4/4
f 2270/3/4 2261/3/4 2271/3/4
f 2249/4/4 2262/4/4 2273/4/4
f 2273/4/4 2262/4/4 2274/4/4
f 2243/3/4 2251/3/4 2275/3/4
f 2251/3/4 2252/3/4 2275/3/4
f 2252/4/4 2253/4/4 2276/4/4
f 2275/3/4 2252/3/4 2276/3/4
f 2253/3/4 2254/3/4 2277/3/4
f 2276/4/4 2253/4/4 2277/4/4
f 2263/3/4 2264/3/4 2278/3/4
f 2278/3/4 2264/3/4 2279/3/4
f 2265/3/4 2266/3/4 2281/3/4
f 2281/3/4 2266/3/4 2282/3/4
f 2271/3/4 2272/3/4 2284/3/4
f 2284/3/4 2272/3/4 2285/3/4
f 2243/3/4 2275/3/4 2288/3/4
f 2275/4/4 2276/4/4 2289/4/4
f 2288/3/4 2275/3/4 2289/3/4
f 2276/3/4 2277/3/4 2290/3/4
f 2289/4/4 2276/4/4 2290/4/4
f 2255/3/4 2256/3/4 2291/3/4
f 2291/3/4 2256/3/4 2292/3/4
f 2286/3/4 2287/3/4 2294/3/4
f 2243/3/4 2288/3/4 2295/3/4
f 2288/4/4 2289/4/4 2296/4/4
f 2295/3/4 2288/3/4 2296/3/4
f 2289/3/4 2290/3/4 2297/3/4
f 2296/4/4 2289/4/4 2297/4/4
f 2292/3/4 2293/3/4 2298/3/4
f 2298/3/4 2293/3/4 2299/3/4
f 2280/3/4 2281/3/4 2301/3/4
f 2301/3/4 2281/3/4 2302/3/4
f 2282/5/4 2283/5/4 2303/5/4
f 2294/3/4 2287/3/4 2304/3/4
f 2304/3/4 2287/3/4 2305/3/4
f 2295/4/4 2296/4/4 2306/4/4
f 2296/3/4 2297/3/4 2307/3/4
f 2306/4/4 2296/4/4 2307/4/4
f 2301/4/4 2302/4/4 2308/4/4
f 2308/4/4 2302/4/4 2309/4/4
f 2303/5/4 2283/5/4 2310/5/4
f 2299/3/4 2300/3/4 2312/3/4
f 2312/3/4 2300/3/4 2313/3/4
f 2304/4/4 2305/4/4 2314/4/4
f 2314/4/4 2305/4/4 2315/4/4
f 2273/3/4 2274/3/4 2316/3/4
f 2316/3/4 2274/3/4 2317/3/4
f 2311/3/4 2312/3/4 2319/3/4
f 2319/3/4 2312/3/4 2320/3/4
f 2308/3/4 2309/3/4 2323/3/4
f 2323/3/4 2309/3/4 2324/3/4
f 2310/5/4 2283/5/4 2325/5/4
f 2325/5/4 2283/5/4 2326/5/4
f 2314/3/4 2315/3/4 2329/3/4
f 2329/3/4 2315/3/4 2330/3/4
f 2316/4/4 2317/4/4 2331/4/4
f 2331/4/4 2317/4/4 2332/4/4
f 2321/3/4 2322/3/4 2333/3/4
f 2333/3/4 2322/3/4 2334/3/4
f 2324/3/4 2325/3/4 2335/3/4
f 2335/3/4 2325/3/4 2336/3/4
f 2327/4/4 2328/4/4 2339/4/4
f 2339/4/4 2328/4/4 2340/4/4
f 2318/3/4 2319/3/4 2341/3/4
f 2341/3/4 2319/3/4 2342/3/4
f 2337/3/4 2338/3/4 2344/3/4
f 2338/4/4 2339/4/4 2345/4/4
f 2344/3/4 2338/3/4 2345/3/4
f 2345/4/4 2339/4/4 2346/4/4
f 2331/3/4 2332/3/4 2347/3/4
f 2347/3/4 2332/3/4 2348/3/4
f 2306/3/4 2307/3/4 2349/3/4
f 2307/3/4 2297/3/4 2350/3/4
f 2349/3/4 2307/3/4 2350/3/4
f 2342/4/4 2343/4/4 2351/4/4
f 2351/4/4 2343/4/4 2352/4/4
f 2348/4/4 2349/4/4 2354/4/4
f 2347/4/4 2348/4/4 2354/4/4
f 2349/4/4 2350/4/4 2354/4/4
f 2350/3/4 2297/3/4 2355/3/4
f 2354/4/4 2350/4/4 2355/4/4
f 2297/3/4 2290/3/4 2356/3/4
f 2355/3/4 2297/3/4 2356/3/4
f 2290/3/4 2277/3/4 2356/3/4
f 2277/3/4 2254/3/4 2356/3/4
f 2352/3/4 2353/3/4 2357/3/4
f 2357/3/4 2353/3/4 2358/3/4
f 2359/4/4 2360/4/4 2361/4/4
f 2361/4/4 2360/4/4 2362/4/4
f 2363/3/4 2364/3/4 2369/3/4
f 2369/3/4 2364/3/4 2370/3/4
f 2365/3/4 2366/3/4 2371/3/4
f 2371/3/4 2366/3/4 2372/3/4
f 2366/4/4 2367/4/4 2373/4/4
f 2372/3/4 2366/3/4 2373/3/4
f 2367/3/4 2368/3/4 2374/3/4
f 2373/4/4 2367/4/4 2374/4/4
f 2374/3/4 2368/3/4 2375/3/4
f 2365/3/4 2371/3/4 2376/3/4
f 2376/3/4 2371/3/4 2377/3/4
f 2376/4/4 2377/4/4 2381/4/4
f 2381/4/4 2377/4/4 2382/4/4
f 2378/3/4 2379/3/4 2384/3/4
f 2384/3/4 2379/3/4 2385/3/4
f 2385/3/4 2379/3/4 2386/3/4
f 2379/4/4 2380/4/4 2387/4/4
f 2386/3/4 2379/3/4 2387/3/4
f 2387/4/4 2380/4/4 2388/4/4
f 2389/4/4 2390/4/4 2393/4/4
f 2393/4/4 2390/4/4 2394/4/4
f 2375/3/4 2368/3/4 2395/3/4
f 2395/3/4 2368/3/4 2396/3/4
f 2383/3/4 2384/3/4 2397/3/4
f 2397/3/4 2384/3/4 2398/3/4
f 2391/5/4 2392/5/4 2399/5/4
f 2399/5/4 2392/5/4 2400/5/4
f 2400/5/4 2392/5/4 2401/5/4
f 2393/3/4 2394/3/4 2402/3/4
f 2395/4/4 2396/4/4 2403/4/4
f 2403/4/4 2396/4/4 2404/4/4
f 2397/4/4 2398/4/4 2405/4/4
f 2405/4/4 2398/4/4 2406/4/4
f 2402/3/4 2394/3/4 2407/3/4
f 2381/3/4 2382/3/4 2411/3/4
f 2411/3/4 2382/3/4 2412/3/4
f 2409/5/4 2410/5/4 2413/5/4
f 2408/5/4 2409/5/4 2413/5/4
f 2413/5/4 2410/5/4 2414/5/4
f 2405/3/4 2406/3/4 2415/3/4
f 2415/3/4 2406/3/4 2416/3/4
f 2385/5/4 2386/5/4 2417/5/4
f 2417/5/4 2386/5/4 2418/5/4
f 2407/3/4 2394/3/4 2420/3/4
f 2420/3/4 2394/3/4 2421/3/4
f 2411/4/4 2412/4/4 2422/4/4
f 2422/4/4 2412/4/4 2423/4/4
f 2418/3/4 2419/3/4 2424/3/4
f 2417/3/4 2418/3/4 2424/3/4
f 2416/3/4 2417/3/4 2424/3/4
f 2424/3/4 2419/3/4 2425/3/4
f 2422/3/4 2423/3/4 2428/3/4
f 2403/3/4 2404/3/4 2429/3/4
f 2426/3/4 2427/3/4 2430/3/4
f 2430/3/4 2427/3/4 2431/3/4
f 2428/3/4 2429/3/4 2432/3/4
f 2422/3/4 2428/3/4 2432/3/4
f 2429/3/4 2404/3/4 2433/3/4
f 2432/3/4 2429/3/4 2433/3/4
f 2434/3/4 2435/3/4 2436/3/4
f 2436/3/4 2435/3/4 2437/3/4
f 2438/4/4 2439/4/4 2440/4/4
f 2440/4/4 2439/4/4 2441/4/4
f 2441/3/4 2442/3/4 2444/3/4
f 2444/3/4 2442/3/4 2445/3/4
f 2443/3/4 2444/3/4 2446/3/4
f 2446/3/4 2444/3/4 2447/3/4
f 2448/3/4 2449/3/4 2452/3/4
f 2449/4/4 2450/4/4 2453/4/4
f 2452/3/4 2449/3/4 2453/3/4
f 2453/4/4 2450/4/4 2454/4/4
f 2450/3/4 2451/3/4 2455/3/4
f 2454/4/4 2450/4/4 2455/4/4
f 2453/4/4 2454/4/4 2456/4/4
f 2452/4/4 2453/4/4 2456/4/4
f 2454/3/4 2455/3/4 2457/3/4
f 2456/4/4 2454/4/4 2457/4/4
f 2458/3/4 2459/3/4 2461/3/4
f 2459/4/4 2460/4/4 2462/4/4
f 2461/3/4 2459/3/4 2462/3/4
f 2462/4/4 2460/4/4 2463/4/4
f 2455/3/4 2451/3/4 2464/3/4
f 2456/3/4 2457/3/4 2464/3/4
f 2457/3/4 2455/3/4 2464/3/4
f 2464/3/4 2451/3/4 2465/3/4
f 2458/3/4 2461/3/4 2466/3/4
f 2462/3/4 2463/3/4 2468/3/4
f 2468/3/4 2463/3/4 2469/3/4
f 2464/4/4 2465/4/4 2470/4/4
f 2456/3/4 2464/3/4 2470/3/4
f 2470/4/4 2465/4/4 2471/4/4
f 2466/3/4 2467/3/4 2472/3/4
f 2458/3/4 2466/3/4 2472/3/4
f 2468/4/4 2469/4/4 2473/4/4
f 2472/3/4 2467/3/4 2473/3/4
f 2467/4/4 2468/4/4 2473/4/4
f 2473/4/4 2469/4/4 2474/4/4
f 2474/4/4 2469/4/4 2475/4/4
f 2458/3/4 2472/3/4 2476/3/4
f 2472/4/4 2473/4/4 2476/4/4
f 2473/4/4 2474/4/4 2476/4/4
f 2474/3/4 2475/3/4 2477/3/4
f 2476/4/4 2474/4/4 2477/4/4
f 2477/3/4 2475/3/4 2478/3/4
f 2470/3/4 2471/3/4 2479/3/4
f 2456/3/4 2470/3/4 2479/3/4
f 2479/3/4 2471/3/4 2480/3/4
f 2458/3/4 2476/3/4 2481/3/4
f 2478/3/4 2475/3/4 2482/3/4
f 2458/3/4 2481/3/4 2483/3/4
f 2481/3/4 2482/3/4 2483/3/4
f 2482/3/4 2475/3/4 2484/3/4
f 2483/3/4 2482/3/4 2484/3/4
f 2479/4/4 2480/4/4 2485/4/4
f 2480/3/4 2471/3/4 2486/3/4
f 2485/4/4 2480/4/4 2486/4/4
f 2485/3/4 2486/3/4 2489/3/4
f 2486/3/4 2471/3/4 2490/3/4
f 2489/3/4 2486/3/4 2490/3/4
f 2487/4/4 2488/4/4 2491/4/4
f 2491/4/4 2488/4/4 2492/4/4
f 2492/3/4 2493/3/4 2494/3/4
f 2494/3/4 2493/3/4 2495/3/4
f 2494/4/4 2495/4/4 2497/4/4
f 2497/4/4 2495/4/4 2498/4/4
f 2496/3/4 2497/3/4 2499/3/4
f 2499/3/4 2497/3/4 2500/3/4
f 2501/3/4 2502/3/4 2503/3/4
f 2501/3/4 2503/3/4 2505/3/4
f 2503/3/4 2504/3/4 2505/3/4
f 2505/3/4 2504/3/4 2506/3/4
f 2501/3/4 2505/3/4 2507/3/4
f 2507/3/4 2505/3/4 2508/3/4
f 2509/3/4 2510/3/4 2511/3/4
f 2509/3/4 2511/3/4 2513/3/4
f 2511/3/4 2512/3/4 2513/3/4
f 2513/3/4 2512/3/4 2514/3/4
f 2509/3/4 2513/3/4 2515/3/4
f 2515/3/4 2513/3/4 2516/3/4
f 2522/3/5 2518/3/5 2517/3/5
f 2523/3/5 2518/3/5 2522/3/5
f 2526/3/5 2520/3/5 2519/3/5
f 2527/3/5 2520/3/5 2526/3/5
f 2529/3/5 2524/3/5 2523/3/5
f 2529/3/5 2522/3/5 2521/3/5
f 2529/3/5 2523/3/5 2522/3/5
f 2530/3/5 2524/3/5 2529/3/5
f 2531/3/5 2528/3/5 2527/3/5
f 2531/3/5 2527/3/5 2526/3/5
f 2531/3/5 2526/3/5 2525/3/5
f 2532/3/5 2528/3/5 2531/3/5
f 2533/4/5 2530/4/5 2529/4/5
f 2534/3/5 2524/3/5 2530/3/5
f 2534/4/5 2530/4/5 2533/4/5
f 2535/4/5 2532/4/5 2531/4/5
f 2536/3/5 2528/3/5 2532/3/5
f 2536/4/5 2532/4/5 2535/4/5
f 2537/3/5 2534/3/5 2533/3/5
f 2538/3/5 2524/3/5 2534/3/5
f 2538/3/5 2534/3/5 2537/3/5
f 2539/3/5 2536/3/5 2535/3/5
f 2540/3/5 2528/3/5 2536/3/5
f 2540/3/5 2536/3/5 2539/3/5
f 2549/3/5 2542/3/5 2541/3/5
f 2550/3/5 2542/3/5 2549/3/5
f 2551/3/5 2544/3/5 2543/3/5
f 2552/3/5 2544/3/5 2551/3/5
f 2553/3/5 2546/3/5 2545/3/5
f 2554/3/5 2546/3/5 2553/3/5
f 2555/3/5 2548/3/5 2547/3/5
f 2556/3/5 2548/3/5 2555/3/5
f 2565/3/5 2558/3/5 2557/3/5
f 2566/3/5 2558/3/5 2565/3/5
f 2567/3/5 2560/3/5 2559/3/5
f 2568/3/5 2560/3/5 2567/3/5
f 2569/3/5 2562/3/5 2561/3/5
f 2570/3/5 2562/3/5 2569/3/5
f 2571/3/5 2564/3/5 2563/3/5
f 2572/3/5 2564/3/5 2571/3/5
f 2582/3/5 2574/3/5 2573/3/5
f 2583/3/5 2574/3/5 2582/3/5
f 2584/3/5 2576/3/5 2575/3/5
f 2585/3/5 2576/3/5 2584/3/5
f 2588/4/5 2578/4/5 2577/4/5
f 2589/4/5 2578/4/5 2588/4/5
f 2590/3/5 2580/3/5 2579/3/5
f 2591/3/5 2580/3/5 2590/3/5
f 2593/3/5 2582/3/5 2581/3/5
f 2594/3/5 2582/3/5 2593/3/5
f 2597/3/5 2586/3/5 2585/3/5
f 2598/3/5 2586/3/5 2597/3/5
f 2599/3/5 2588/3/5 2587/3/5
f 2600/3/5 2588/3/5 2599/3/5
f 2603/3/5 2592/3/5 2591/3/5
f 2604/3/5 2592/3/5 2603/3/5
f 2605/3/5 2595/3/5 2594/3/5
f 2606/3/5 2595/3/5 2605/3/5
f 2607/4/5 2597/4/5 2596/4/5
f 2608/4/5 2597/4/5 2607/4/5
f 2609/3/5 2601/3/5 2600/3/5
f 2610/3/5 2601/3/5 2609/3/5
f 2611/3/5 2603/3/5 2602/3/5
f 2612/3/5 2603/3/5 2611/3/5
f 2617/3/5 2614/3/5 2613/3/5
f 2618/3/5 2614/3/5 2617/3/5
f 2619/3/5 2616/3/5 2615/3/5
f 2620/3/5 2616/3/5 2619/3/5
f 2625/3/5 2622/3/5 2621/3/5
f 2626/3/5 2622/3/5 2625/3/5
f 2627/4/5 2624/4/5 2623/4/5
f 2628/4/5 2624/4/5 2627/4/5
f 2633/3/5 2630/3/5 2629/3/5
f 2634/3/5 2630/3/5 2633/3/5
f 2637/3/5 2632/3/5 2631/3/5
f 2638/3/5 2632/3/5 2637/3/5
f 2640/3/5 2635/3/5 2634/3/5
f 2641/3/5 2635/3/5 2640/3/5
f 2642/3/5 2637/3/5 2636/3/5
f 2643/3/5 2637/3/5 2642/3/5
f 2645/3/5 2644/3/5 2643/3/5
f 2646/3/5 2644/3/5 2645/3/5
f 2647/3/5 2640/3/5 2639/3/5
f 2648/3/5 2640/3/5 2647/3/5
f 2649/4/5 2646/4/5 2645/4/5
f 2650/4/5 2646/4/5 2649/4/5
f 2655/3/5 2652/3/5 2651/3/5
f 2655/4/5 2653/4/5 2652/4/5
f 2656/4/5 2653/4/5 2655/4/5
f 2657/3/5 2654/3/5 2653/3/5
f 2657/4/5 2653/4/5 2656/4/5
f 2658/3/5 2654/3/5 2657/3/5
f 2659/3/5 2656/3/5 2655/3/5
f 2659/3/5 2655/3/5 2651/3/5
f 2660/3/5 2656/3/5 2659/3/5
f 2661/4/5 2658/4/5 2657/4/5
f 2661/3/5 2656/3/5 2660/3/5
f 2661/4/5 2657/4/5 2656/4/5
f 2662/3/5 2654/3/5 2658/3/5
f 2662/4/5 2658/4/5 2661/4/5
f 2663/3/5 2654/3/5 2662/3/5
f 2665/3/5 2661/3/5 2660/3/5
f 2665/3/5 2662/3/5 2661/3/5
f 2666/3/5 2662/3/5 2665/3/5
f 2668/3/5 2665/3/5 2664/3/5
f 2668/3/5 2667/3/5 2666/3/5
f 2668/3/5 2666/3/5 2665/3/5
f 2669/3/5 2668/3/5 2664/3/5
f 2670/3/5 2668/3/5 2669/3/5
f 2677/4/5 2672/4/5 2671/4/5
f 2678/4/5 2672/4/5 2677/4/5
f 2679/3/5 2673/3/5 2672/3/5
f 2679/4/5 2672/4/5 2678/4/5
f 2680/4/5 2674/4/5 2673/4/5
f 2680/3/5 2673/3/5 2679/3/5
f 2681/3/5 2675/3/5 2674/3/5
f 2681/4/5 2674/4/5 2680/4/5
f 2682/3/5 2675/3/5 2681/3/5
f 2683/4/5 2676/4/5 2675/4/5
f 2683/3/5 2675/3/5 2682/3/5
f 2684/4/5 2676/4/5 2683/4/5
f 2692/3/5 2686/3/5 2685/3/5
f 2693/4/5 2687/4/5 2686/4/5
f 2693/3/5 2686/3/5 2692/3/5
f 2694/3/5 2688/3/5 2687/3/5
f 2694/4/5 2687/4/5 2693/4/5
f 2695/4/5 2689/4/5 2688/4/5
f 2695/3/5 2688/3/5 2694/3/5
f 2696/3/5 2690/3/5 2689/3/5
f 2696/4/5 2689/4/5 2695/4/5
f 2697/4/5 2691/4/5 2690/4/5
f 2697/3/5 2690/3/5 2696/3/5
f 2698/4/5 2691/4/5 2697/4/5
f 2706/3/5 2700/3/5 2699/3/5
f 2706/3/5 2701/3/5 2700/3/5
f 2707/4/5 2702/4/5 2701/4/5
f 2707/3/5 2701/3/5 2706/3/5
f 2708/3/5 2703/3/5 2702/3/5
f 2708/4/5 2702/4/5 2707/4/5
f 2709/4/5 2704/4/5 2703/4/5
f 2709/3/5 2703/3/5 2708/3/5
f 2710/3/5 2705/3/5 2704/3/5
f 2710/4/5 2704/4/5 2709/4/5
f 2711/3/5 2705/3/5 2710/3/5
f 2718/3/5 2713/3/5 2712/3/5
f 2719/4/5 2714/4/5 2713/4/5
f 2719/3/5 2713/3/5 2718/3/5
f 2720/3/5 2715/3/5 2714/3/5
f 2720/4/5 2714/4/5 2719/4/5
f 2721/4/5 2716/4/5 2715/4/5
f 2721/3/5 2715/3/5 2720/3/5
f 2722/3/5 2717/3/5 2716/3/5
f 2722/4/5 2716/4/5 2721/4/5
f 2723/3/5 2717/3/5 2722/3/5
f 2728/3/5 2725/3/5 2724/3/5
f 2729/3/5 2725/3/5 2728/3/5
f 2730/3/5 2727/3/5 2726/3/5
f 2731/3/5 2727/3/5 2730/3/5
f 2736/3/5 2733/3/5 2732/3/5
f 2737/3/5 2733/3/5 2736/3/5
f 2738/3/5 2735/3/5 2734/3/5
f 2739/3/5 2735/3/5 2738/3/5
f 2744/3/5 2741/3/5 2740/3/5
f 2745/3/5 2741/3/5 2744/3/5
f 2746/4/5 2745/4/5 2744/4/5
f 2747/4/5 2745/4/5 2746/4/5
f 2748/3/5 2747/3/5 2746/3/5
f 2749/3/5 2747/3/5 2748/3/5
f 2750/3/5 2743/3/5 2742/3/5
f 2751/3/5 2743/3/5 2750/3/5
f 2756/4/5 2753/4/5 2752/4/5
f 2757/4/5 2753/4/5 2756/4/5
f 2758/3/5 2757/3/5 2756/3/5
f 2759/3/5 2757/3/5 2758/3/5
f 2760/3/5 2755/3/5 2754/3/5
f 2761/3/5 2755/3/5 2760/3/5
f 2766/3/5 2763/3/5 2762/3/5
f 2767/3/5 2763/3/5 2766/3/5
f 2770/3/5 2765/3/5 2764/3/5
f 2771/3/5 2765/3/5 2770/3/5
f 2772/3/5 2768/3/5 2767/3/5
f 2773/3/5 2768/3/5 2772/3/5
f 2774/4/5 2773/4/5 2772/4/5
f 2775/4/5 2773/4/5 2774/4/5
f 2777/3/5 2775/3/5 2774/3/5
f 2778/3/5 2775/3/5 2777/3/5
f 2779/3/5 2770/3/5 2769/3/5
f 2780/3/5 2770/3/5 2779/3/5
f 2782/3/5 2777/3/5 2776/3/5
f 2783/3/5 2777/3/5 2782/3/5
f 2784/3/5 2781/3/5 2780/3/5
f 2785/3/5 2781/3/5 2784/3/5
f 2791/3/5 2787/3/5 2786/3/5
f 2792/3/5 2787/3/5 2791/3/5
f 2793/4/5 2788/4/5 2787/4/5
f 2793/3/5 2787/3/5 2792/3/5
f 2794/4/5 2788/4/5 2793/4/5
f 2795/3/5 2790/3/5 2789/3/5
f 2796/3/5 2790/3/5 2795/3/5
f 2797/3/5 2790/3/5 2796/3/5
f 2798/3/5 2790/3/5 2797/3/5
f 2799/3/5 2793/3/5 2792/3/5
f 2800/3/5 2793/3/5 2799/3/5
f 2801/3/5 2793/3/5 2800/3/5
f 2802/3/5 2797/3/5 2796/3/5
f 2803/3/5 2797/3/5 2802/3/5
f 2804/4/5 2800/4/5 2799/4/5
f 2805/4/5 2800/4/5 2804/4/5
f 2808/3/5 2797/3/5 2803/3/5
f 2810/3/5 2805/3/5 2804/3/5
f 2811/4/5 2806/4/5 2805/4/5
f 2811/3/5 2805/3/5 2810/3/5
f 2812/4/5 2806/4/5 2811/4/5
f 2815/3/5 2808/3/5 2807/3/5
f 2816/3/5 2797/3/5 2808/3/5
f 2816/3/5 2808/3/5 2815/3/5
f 2818/3/5 2810/3/5 2809/3/5
f 2818/3/5 2813/3/5 2812/3/5
f 2818/3/5 2811/3/5 2810/3/5
f 2818/3/5 2812/3/5 2811/3/5
f 2819/3/5 2813/3/5 2818/3/5
f 2820/3/5 2817/3/5 2816/3/5
f 2820/3/5 2816/3/5 2815/3/5
f 2820/3/5 2815/3/5 2814/3/5
f 2821/3/5 2817/3/5 2820/3/5
f 2826/3/5 2823/3/5 2822/3/5
f 2827/3/5 2823/3/5 2826/3/5
f 2828/3/5 2825/3/5 2824/3/5
f 2829/3/5 2825/3/5 2828/3/5
f 2838/4/5 2831/4/5 2830/4/5
f 2839/4/5 2831/4/5 2838/4/5
f 2840/3/5 2833/3/5 2832/3/5
f 2841/3/5 2833/3/5 2840/3/5
f 2842/3/5 2835/3/5 2834/3/5
f 2843/3/5 2835/3/5 2842/3/5
f 2844/4/5 2837/4/5 2836/4/5
f 2845/4/5 2837/4/5 2844/4/5
f 2856/3/5 2847/3/5 2846/3/5
f 2857/3/5 2847/3/5 2856/3/5
f 2858/3/5 2849/3/5 2848/3/5
f 2859/3/5 2849/3/5 2858/3/5
f 2860/3/5 2851/3/5 2850/3/5
f 2861/3/5 2851/3/5 2860/3/5
f 2862/3/5 2853/3/5 2852/3/5
f 2863/3/5 2853/3/5 2862/3/5
f 2864/3/5 2855/3/5 2854/3/5
f 2865/3/5 2855/3/5 2864/3/5
f 2870/4/5 2867/4/5 2866/4/5
f 2871/3/5 2868/3/5 2867/3/5
f 2871/4/5 2867/4/5 2870/4/5
f 2872/3/5 2868/3/5 2871/3/5
f 2874/3/5 2873/3/5 2872/3/5
f 2875/3/5 2873/3/5 2874/3/5
f 2876/3/5 2870/3/5 2869/3/5
f 2877/3/5 2870/3/5 2876/3/5
f 2880/4/5 2875/4/5 2874/4/5
f 2881/4/5 2875/4/5 2880/4/5
f 2882/3/5 2878/3/5 2877/3/5
f 2883/4/5 2879/4/5 2878/4/5
f 2883/3/5 2878/3/5 2882/3/5
f 2884/3/5 2880/3/5 2879/3/5
f 2884/4/5 2879/4/5 2883/4/5
f 2885/3/5 2880/3/5 2884/3/5
f 2892/3/5 2887/3/5 2886/3/5
f 2893/3/5 2887/3/5 2892/3/5
f 2894/4/5 2888/4/5 2887/4/5
f 2894/3/5 2887/3/5 2893/3/5
f 2895/3/5 2889/3/5 2888/3/5
f 2895/4/5 2888/4/5 2894/4/5
f 2896/4/5 2890/4/5 2889/4/5
f 2896/3/5 2889/3/5 2895/3/5
f 2897/4/5 2890/4/5 2896/4/5
f 2900/4/5 2892/4/5 2891/4/5
f 2901/4/5 2892/4/5 2900/4/5
f 2902/3/5 2898/3/5 2897/3/5
f 2903/3/5 2898/3/5 2902/3/5
f 2905/3/5 2904/3/5 2903/3/5
f 2906/3/5 2904/3/5 2905/3/5
f 2907/4/5 2906/4/5 2905/4/5
f 2908/4/5 2906/4/5 2907/4/5
f 2909/3/5 2900/3/5 2899/3/5
f 2910/3/5 2900/3/5 2909/3/5
f 2913/3/5 2908/3/5 2907/3/5
f 2914/3/5 2908/3/5 2913/3/5
f 2915/3/5 2911/3/5 2910/3/5
f 2916/3/5 2911/3/5 2915/3/5
f 2919/3/5 2913/3/5 2912/3/5
f 2920/3/5 2913/3/5 2919/3/5
f 2921/3/5 2917/3/5 2916/3/5
f 2922/4/5 2918/4/5 2917/4/5
f 2922/3/5 2917/3/5 2921/3/5
f 2923/3/5 2919/3/5 2918/3/5
f 2923/4/5 2918/4/5 2922/4/5
f 2924/3/5 2919/3/5 2923/3/5
f 2929/3/5 2926/3/5 2925/3/5
f 2930/3/5 2926/3/5 2929/3/5
f 2931/3/5 2928/3/5 2927/3/5
f 2932/3/5 2928/3/5 2931/3/5
f 2939/3/5 2934/3/5 2933/3/5
f 2940/4/5 2935/4/5 2934/4/5
f 2940/3/5 2934/3/5 2939/3/5
f 2941/3/5 2936/3/5 2935/3/5
f 2941/4/5 2935/4/5 2940/4/5
f 2942/4/5 2937/4/5 2936/4/5
f 2942/3/5 2936/3/5 2941/3/5
f 2943/4/5 2937/4/5 2942/4/5
f 2946/3/5 2939/3/5 2938/3/5
f 2947/3/5 2939/3/5 2946/3/5
f 2948/3/5 2944/3/5 2943/3/5
f 2949/3/5 2944/3/5 2948/3/5
f 2952/4/5 2946/4/5 2945/4/5
f 2953/4/5 2946/4/5 2952/4/5
f 2954/3/5 2950/3/5 2949/3/5
f 2955/3/5 2950/3/5 2954/3/5
f 2957/4/5 2952/4/5 2951/4/5
f 2958/4/5 2952/4/5 2957/4/5
f 2959/3/5 2956/3/5 2955/3/5
f 2960/3/5 2956/3/5 2959/3/5
f 2961/4/5 2960/4/5 2959/4/5
f 2962/4/5 2960/4/5 2961/4/5
f 2963/4/5 2960/4/5 2962/4/5
f 2964/3/5 2958/3/5 2957/3/5
f 2965/3/5 2958/3/5 2964/3/5
f 2968/3/5 2963/3/5 2962/3/5
f 2969/3/5 2963/3/5 2968/3/5
f 2970/3/5 2966/3/5 2965/3/5
f 2971/3/5 2966/3/5 2970/3/5
f 2974/3/5 2968/3/5 2967/3/5
f 2975/3/5 2968/3/5 2974/3/5
f 2976/5/5 2973/5/5 2972/5/5
f 2977/5/5 2973/5/5 2976/5/5
f 2980/3/5 2979/3/5 2978/3/5
f 2981/3/5 2979/3/5 2980/3/5
f 2986/3/5 2983/3/5 2982/3/5
f 2987/3/5 2983/3/5 2986/3/5
f 2988/3/5 2985/3/5 2984/3/5
f 2989/3/5 2985/3/5 2988/3/5
f 2992/1/5 2991/1/5 2990/1/5
f 2993/1/5 2991/1/5 2992/1/5
f 2994/1/5 2991/1/5 2993/1/5
f 2997/1/5 2996/1/5 2995/1/5
f 2998/1/5 2996/1/5 2997/1/5
f 3001/2/5 3000/2/5 2999/2/5
f 3002/2/5 3000/2/5 3001/2/5
f 3005/2/5 3004/2/5 3003/2/5
f 3006/2/5 3004/2/5 3005/2/5
f 3010/2/5 3008/2/5 3007/2/5
f 3011/1/5 3009/1/5 3008/1/5
f 3011/2/5 3008/2/5 3010/2/5
f 3012/1/5 3009/1/5 3011/1/5
f 3013/3/6 3014/3/6 3021/3/6
f 3021/3/6 3014/3/6 3022/3/6
f 3015/3/6 3016/3/6 3023/3/6
f 3023/3/6 3016/3/6 3024/3/6
f 3017/3/6 3018/3/6 3025/3/6
f 3025/3/6 3018/3/6 3026/3/6
f 3019/3/6 3020/3/6 3027/3/6
f 3027/3/6 3020/3/6 3028/3/6
f 3029/4/6 3030/4/6 3037/4/6
f 3037/4/6 3030/4/6 3038/4/6
f 3031/3/6 3032/3/6 3039/3/6
f 3039/3/6 3032/3/6 3040/3/6
f 3033/4/6 3034/4/6 3041/4/6
f 3041/4/6 3034/4/6 3042/4/6
f 3035/3/6 3036/3/6 3044/3/6
f 3044/3/6 3036/3/6 3045/3/6
f 3038/3/6 3039/3/6 3046/3/6
f 3046/3/6 3039/3/6 3047/3/6
f 3042/3/6 3043/3/6 3048/3/6
f 3043/3/6 3044/3/6 3048/3/6
f 3048/3/6 3044/3/6 3049/3/6
f 3050/3/6 3051/3/6 3056/3/6
f 3056/3/6 3051/3/6 3057/3/6
f 3056/4/6 3057/4/6 3058/4/6
f 3057/3/6 3051/3/6 3059/3/6
f 3058/4/6 3057/4/6 3059/4/6
f 3059/3/6 3051/3/6 3060/3/6
f 3060/3/6 3051/3/6 3061/3/6
f 3054/3/6 3055/3/6 3062/3/6
f 3052/3/6 3053/3/6 3062/3/6
f 3053/3/6 3054/3/6 3062/3/6
f 3062/3/6 3055/3/6 3063/3/6
f 3063/3/6 3055/3/6 3064/3/6
f 3064/3/6 3055/3/6 3065/3/6
f 3065/3/6 3055/3/6 3066/3/6
f 3059/3/6 3060/3/6 3067/3/6
f 3067/3/6 3060/3/6 3068/3/6
f 3063/3/6 3064/3/6 3069/3/6
f 3064/4/6 3065/4/6 3070/4/6
f 3069/3/6 3064/3/6 3070/3/6
f 3070/4/6 3065/4/6 3071/4/6
f 3072/3/6 3073/3/6 3077/3/6
f 3077/3/6 3073/3/6 3078/3/6
f 3074/3/6 3075/3/6 3079/3/6
f 3079/3/6 3075/3/6 3080/3/6
f 3076/3/6 3077/3/6 3083/3/6
f 3083/3/6 3077/3/6 3084/3/6
f 3080/3/6 3081/3/6 3085/3/6
f 3085/3/6 3081/3/6 3086/3/6
f 3082/3/6 3083/3/6 3088/3/6
f 3088/3/6 3083/3/6 3089/3/6
f 3086/3/6 3087/3/6 3092/3/6
f 3092/3/6 3087/3/6 3093/3/6
f 3089/3/6 3090/3/6 3094/3/6
f 3094/3/6 3090/3/6 3095/3/6
f 3091/3/6 3092/3/6 3098/3/6
f 3098/3/6 3092/3/6 3099/3/6
f 3095/3/6 3096/3/6 3100/3/6
f 3100/3/6 3096/3/6 3101/3/6
f 3097/3/6 3098/3/6 3102/3/6
f 3102/3/6 3098/3/6 3103/3/6
f 3104/3/6 3105/3/6 3108/3/6
f 3108/3/6 3105/3/6 3109/3/6
f 3106/3/6 3107/3/6 3110/3/6
f 3110/3/6 3107/3/6 3111/3/6
f 3112/3/6 3113/3/6 3117/3/6
f 3117/3/6 3113/3/6 3118/3/6
f 3114/3/6 3115/3/6 3119/3/6
f 3119/3/6 3115/3/6 3120/3/6
f 3116/3/6 3117/3/6 3122/3/6
f 3122/3/6 3117/3/6 3123/3/6
f 3120/3/6 3121/3/6 3124/3/6
f 3124/3/6 3121/3/6 3125/3/6
f 3126/3/6 3127/3/6 3130/3/6
f 3130/3/6 3127/3/6 3131/3/6
f 3128/3/6 3129/3/6 3134/3/6
f 3134/3/6 3129/3/6 3135/3/6
f 3131/3/6 3132/3/6 3136/3/6
f 3136/3/6 3132/3/6 3137/3/6
f 3133/3/6 3134/3/6 3138/3/6
f 3138/3/6 3134/3/6 3139/3/6
f 3140/3/6 3141/3/6 3144/3/6
f 3141/4/6 3142/4/6 3145/4/6
f 3144/3/6 3141/3/6 3145/3/6
f 3142/3/6 3143/3/6 3146/3/6
f 3145/4/6 3142/4/6 3146/4/6
f 3146/3/6 3143/3/6 3147/3/6
f 3148/3/6 3149/3/6 3152/3/6
f 3149/4/6 3150/4/6 3153/4/6
f 3152/3/6 3149/3/6 3153/3/6
f 3150/3/6 3151/3/6 3154/3/6
f 3153/4/6 3150/4/6 3154/4/6
f 3154/3/6 3151/3/6 3155/3/6
f 3156/3/6 3157/3/6 3162/3/6
f 3157/4/6 3158/4/6 3163/4/6
f 3162/3/6 3157/3/6 3163/3/6
f 3158/3/6 3159/3/6 3164/3/6
f 3163/4/6 3158/4/6 3164/4/6
f 3159/4/6 3160/4/6 3165/4/6
f 3164/3/6 3159/3/6 3165/3/6
f 3165/4/6 3160/4/6 3166/4/6
f 3160/3/6 3161/3/6 3167/3/6
f 3166/4/6 3160/4/6 3167/4/6
f 3167/3/6 3161/3/6 3168/3/6
f 3168/3/6 3161/3/6 3169/3/6
f 3170/3/6 3171/3/6 3174/3/6
f 3171/4/6 3172/4/6 3175/4/6
f 3174/3/6 3171/3/6 3175/3/6
f 3172/3/6 3173/3/6 3176/3/6
f 3175/4/6 3172/4/6 3176/4/6
f 3176/3/6 3173/3/6 3177/3/6
f 3178/4/6 3179/4/6 3182/4/6
f 3182/4/6 3179/4/6 3183/4/6
f 3180/3/6 3181/3/6 3184/3/6
f 3184/3/6 3181/3/6 3185/3/6
f 3186/3/6 3187/3/6 3190/3/6
f 3190/3/6 3187/3/6 3191/3/6
f 3188/3/6 3189/3/6 3196/3/6
f 3196/3/6 3189/3/6 3197/3/6
f 3192/3/6 3193/3/6 3198/3/6
f 3198/3/6 3193/3/6 3199/3/6
f 3194/3/6 3195/3/6 3200/3/6
f 3200/3/6 3195/3/6 3201/3/6
f 3202/4/6 3203/4/6 3207/4/6
f 3207/4/6 3203/4/6 3208/4/6
f 3204/3/6 3205/3/6 3209/3/6
f 3209/3/6 3205/3/6 3210/3/6
f 3206/4/6 3207/4/6 3212/4/6
f 3212/4/6 3207/4/6 3213/4/6
f 3210/3/6 3211/3/6 3214/3/6
f 3214/3/6 3211/3/6 3215/3/6
f 3216/3/6 3217/3/6 3220/3/6
f 3220/3/6 3217/3/6 3221/3/6
f 3218/3/6 3219/3/6 3224/3/6
f 3224/3/6 3219/3/6 3225/3/6
f 3221/3/6 3222/3/6 3226/3/6
f 3226/3/6 3222/3/6 3227/3/6
f 3223/3/6 3224/3/6 3236/3/6
f 3236/3/6 3224/3/6 3237/3/6
f 3228/4/6 3229/4/6 3238/4/6
f 3238/4/6 3229/4/6 3239/4/6
f 3230/3/6 3231/3/6 3240/3/6
f 3240/3/6 3231/3/6 3241/3/6
f 3232/3/6 3233/3/6 3242/3/6
f 3242/3/6 3233/3/6 3243/3/6
f 3234/4/6 3235/4/6 3244/4/6
f 3244/4/6 3235/4/6 3245/4/6
f 3246/3/6 3247/3/6 3253/3/6
f 3253/3/6 3247/3/6 3254/3/6
f 3254/3/6 3247/3/6 3255/3/6
f 3255/3/6 3247/3/6 3256/3/6
f 3256/3/6 3247/3/6 3257/3/6
f 3248/3/6 3249/3/6 3258/3/6
f 3258/3/6 3249/3/6 3259/3/6
f 3259/3/6 3249/3/6 3260/3/6
f 3249/4/6 3250/4/6 3261/4/6
f 3260/3/6 3249/3/6 3261/3/6
f 3250/3/6 3251/3/6 3262/3/6
f 3261/4/6 3250/4/6 3262/4/6
f 3262/3/6 3251/3/6 3263/3/6
f 3252/4/6 3253/4/6 3266/4/6
f 3266/4/6 3253/4/6 3267/4/6
f 3255/3/6 3256/3/6 3268/3/6
f 3268/3/6 3256/3/6 3269/3/6
f 3259/3/6 3260/3/6 3270/3/6
f 3270/3/6 3260/3/6 3271/3/6
f 3263/3/6 3264/3/6 3272/3/6
f 3272/3/6 3264/3/6 3273/3/6
f 3265/3/6 3266/3/6 3275/3/6
f 3275/3/6 3266/3/6 3276/3/6
f 3273/3/6 3274/3/6 3283/3/6
f 3283/3/6 3274/3/6 3284/3/6
f 3276/3/6 3277/3/6 3285/3/6
f 3285/3/6 3277/3/6 3286/3/6
f 3278/3/6 3279/3/6 3287/3/6
f 3287/3/6 3279/3/6 3288/3/6
f 3280/3/6 3281/3/6 3291/3/6
f 3291/3/6 3281/3/6 3292/3/6
f 3282/3/6 3283/3/6 3293/3/6
f 3293/3/6 3283/3/6 3294/3/6
f 3288/3/6 3289/3/6 3295/3/6
f 3286/3/6 3287/3/6 3295/3/6
f 3287/3/6 3288/3/6 3295/3/6
f 3295/3/6 3289/3/6 3296/3/6
f 3291/3/6 3292/3/6 3307/3/6
f 3292/3/6 3293/3/6 3307/3/6
f 3290/3/6 3291/3/6 3307/3/6
f 3307/3/6 3293/3/6 3308/3/6
f 3297/3/6 3298/3/6 3309/3/6
f 3309/3/6 3298/3/6 3310/3/6
f 3299/3/6 3300/3/6 3311/3/6
f 3311/3/6 3300/3/6 3312/3/6
f 3301/3/6 3302/3/6 3313/3/6
f 3313/3/6 3302/3/6 3314/3/6
f 3303/3/6 3304/3/6 3315/3/6
f 3315/3/6 3304/3/6 3316/3/6
f 3305/3/6 3306/3/6 3317/3/6
f 3317/3/6 3306/3/6 3318/3/6
f 3319/4/6 3320/4/6 3325/4/6
f 3320/3/6 3321/3/6 3326/3/6
f 3325/4/6 3320/4/6 3326/4/6
f 3326/3/6 3321/3/6 3327/3/6
f 3322/3/6 3323/3/6 3328/3/6
f 3328/3/6 3323/3/6 3329/3/6
f 3326/3/6 3327/3/6 3331/3/6
f 3324/3/6 3325/3/6 3331/3/6
f 3325/3/6 3326/3/6 3331/3/6
f 3331/3/6 3327/3/6 3332/3/6
f 3332/3/6 3327/3/6 3333/3/6
f 3329/3/6 3330/3/6 3334/3/6
f 3328/3/6 3329/3/6 3334/3/6
f 3334/3/6 3330/3/6 3335/3/6
f 3335/3/6 3330/3/6 3336/3/6
f 3332/3/6 3333/3/6 3337/3/6
f 3337/3/6 3333/3/6 3338/3/6
f 3334/3/6 3335/3/6 3339/3/6
f 3339/3/6 3335/3/6 3340/3/6
f 3341/4/6 3342/4/6 3347/4/6
f 3342/3/6 3343/3/6 3348/3/6
f 3347/4/6 3342/4/6 3348/4/6
f 3348/3/6 3343/3/6 3349/3/6
f 3344/3/6 3345/3/6 3350/3/6
f 3350/3/6 3345/3/6 3351/3/6
f 3346/3/6 3347/3/6 3354/3/6
f 3354/3/6 3347/3/6 3355/3/6
f 3351/3/6 3352/3/6 3356/3/6
f 3356/3/6 3352/3/6 3357/3/6
f 3353/3/6 3354/3/6 3359/3/6
f 3359/3/6 3354/3/6 3360/3/6
f 3357/3/6 3358/3/6 3363/3/6
f 3363/3/6 3358/3/6 3364/3/6
f 3360/3/6 3361/3/6 3365/3/6
f 3365/3/6 3361/3/6 3366/3/6
f 3362/3/6 3363/3/6 3372/3/6
f 3372/3/6 3363/3/6 3373/3/6
f 3366/3/6 3367/3/6 3374/3/6
f 3367/3/6 3368/3/6 3374/3/6
f 3374/3/6 3368/3/6 3375/3/6
f 3369/4/6 3370/4/6 3376/4/6
f 3370/3/6 3371/3/6 3377/3/6
f 3376/4/6 3370/4/6 3377/4/6
f 3371/3/6 3372/3/6 3377/3/6
f 3377/3/6 3372/3/6 3378/3/6
f 3379/4/6 3380/4/6 3385/4/6
f 3380/3/6 3381/3/6 3386/3/6
f 3385/4/6 3380/4/6 3386/4/6
f 3386/3/6 3381/3/6 3387/3/6
f 3382/3/6 3383/3/6 3388/3/6
f 3388/3/6 3383/3/6 3389/3/6
f 3389/3/6 3383/3/6 3390/3/6
f 3390/3/6 3383/3/6 3391/3/6
f 3384/3/6 3385/3/6 3393/3/6
f 3385/4/6 3386/4/6 3394/4/6
f 3393/3/6 3385/3/6 3394/3/6
f 3394/4/6 3386/4/6 3395/4/6
f 3391/3/6 3392/3/6 3401/3/6
f 3390/3/6 3391/3/6 3401/3/6
f 3401/3/6 3392/3/6 3402/3/6
f 3402/3/6 3392/3/6 3403/3/6
f 3394/4/6 3395/4/6 3404/4/6
f 3395/4/6 3396/4/6 3404/4/6
f 3396/3/6 3397/3/6 3405/3/6
f 3404/4/6 3396/4/6 3405/4/6
f 3405/3/6 3397/3/6 3406/3/6
f 3399/4/6 3400/4/6 3407/4/6
f 3398/4/6 3399/4/6 3407/4/6
f 3401/3/6 3402/3/6 3408/3/6
f 3407/4/6 3400/4/6 3408/4/6
f 3400/3/6 3401/3/6 3408/3/6
f 3408/3/6 3402/3/6 3409/3/6
f 3410/3/6 3411/3/6 3415/3/6
f 3415/3/6 3411/3/6 3416/3/6
f 3412/3/6 3413/3/6 3417/3/6
f 3413/4/6 3414/4/6 3418/4/6
f 3417/3/6 3413/3/6 3418/3/6
f 3418/4/6 3414/4/6 3419/4/6
f 3420/3/6 3421/3/6 3424/3/6
f 3421/4/6 3422/4/6 3425/4/6
f 3424/3/6 3421/3/6 3425/3/6
f 3422/3/6 3423/3/6 3426/3/6
f 3425/4/6 3422/4/6 3426/4/6
f 3426/3/6 3423/3/6 3427/3/6
f 3428/3/6 3429/3/6 3432/3/6
f 3432/3/6 3429/3/6 3433/3/6
f 3430/3/6 3431/3/6 3434/3/6
f 3434/3/6 3431/3/6 3435/3/6
f 3436/4/6 3437/4/6 3443/4/6
f 3437/3/6 3438/3/6 3444/3/6
f 3443/4/6 3437/4/6 3444/4/6
f 3438/4/6 3439/4/6 3445/4/6
f 3444/3/6 3438/3/6 3445/3/6
f 3439/3/6 3440/3/6 3446/3/6
f 3445/4/6 3439/4/6 3446/4/6
f 3440/4/6 3441/4/6 3447/4/6
f 3446/3/6 3440/3/6 3447/3/6
f 3447/4/6 3441/4/6 3448/4/6
f 3442/4/6 3443/4/6 3451/4/6
f 3451/4/6 3443/4/6 3452/4/6
f 3448/4/6 3449/4/6 3453/4/6
f 3453/4/6 3449/4/6 3454/4/6
f 3450/4/6 3451/4/6 3457/4/6
f 3457/4/6 3451/4/6 3458/4/6
f 3454/3/6 3455/3/6 3459/3/6
f 3459/3/6 3455/3/6 3460/3/6
f 3456/4/6 3457/4/6 3462/4/6
f 3460/4/6 3461/4/6 3463/4/6
f 3463/4/6 3461/4/6 3464/4/6
f 3463/3/6 3464/3/6 3465/3/6
f 3456/4/6 3462/4/6 3466/4/6
f 3466/4/6 3462/4/6 3467/4/6
f 3466/3/6 3467/3/6 3468/3/6
f 3468/3/6 3467/3/6 3469/3/6
f 3465/3/6 3464/3/6 3472/3/6
f 3472/3/6 3464/3/6 3473/3/6
f 3469/3/6 3470/3/6 3474/3/6
f 3474/3/6 3470/3/6 3475/3/6
f 3471/4/6 3472/4/6 3478/4/6
f 3478/4/6 3472/4/6 3479/4/6
f 3475/4/6 3476/4/6 3480/4/6
f 3480/4/6 3476/4/6 3481/4/6
f 3477/3/6 3478/3/6 3482/3/6
f 3482/3/6 3478/3/6 3483/3/6
f 3484/3/6 3485/3/6 3487/3/6
f 3487/3/6 3485/3/6 3488/3/6
f 3486/3/6 3487/3/6 3491/3/6
f 3491/3/6 3487/3/6 3492/3/6
f 3488/3/6 3489/3/6 3493/3/6
f 3493/3/6 3489/3/6 3494/3/6
f 3490/4/6 3491/4/6 3496/4/6
f 3496/4/6 3491/4/6 3497/4/6
f 3494/4/6 3495/4/6 3498/4/6
f 3498/4/6 3495/4/6 3499/4/6
f 3499/4/6 3495/4/6 3500/4/6
f 3496/3/6 3497/3/6 3501/3/6
f 3501/3/6 3497/3/6 3502/3/6
f 3499/3/6 3500/3/6 3505/3/6
f 3505/3/6 3500/3/6 3506/3/6
f 3502/3/6 3503/3/6 3507/3/6
f 3507/3/6 3503/3/6 3508/3/6
f 3504/4/6 3505/4/6 3509/4/6
f 3509/4/6 3505/4/6 3510/4/6
f 3511/4/6 3512/4/6 3516/4/6
f 3512/3/6 3513/3/6 3517/3/6
f 3516/4/6 3512/4/6 3517/4/6
f 3513/4/6 3514/4/6 3518/4/6
f 3517/3/6 3513/3/6 3518/3/6
f 3514/3/6 3515/3/6 3519/3/6
f 3518/4/6 3514/4/6 3519/4/6
f 3519/3/6 3515/3/6 3520/3/6
f 3521/3/6 3522/3/6 3524/3/6
f 3524/3/6 3522/3/6 3525/3/6
f 3525/3/6 3526/3/6 3527/3/6
f 3527/3/6 3526/3/6 3528/3/6
f 3527/4/6 3528/4/6 3529/4/6
f 3529/4/6 3528/4/6 3530/4/6
f 3523/3/6 3524/3/6 3531/3/6
f 3529/3/6 3530/3/6 3532/3/6
f 3523/3/6 3531/3/6 3533/3/6
f 3523/3/6 3533/3/6 3534/3/6
f 3534/3/6 3533/3/6 3535/3/6
f 3532/3/6 3530/3/6 3536/3/6
f 3536/3/6 3530/3/6 3537/3/6
f 3538/4/6 3539/4/6 3543/4/6
f 3541/3/6 3542/3/6 3544/3/6
f 3543/4/6 3539/4/6 3544/4/6
f 3539/3/6 3540/3/6 3544/3/6
f 3540/3/6 3541/3/6 3544/3/6
f 3544/3/6 3542/3/6 3545/3/6
f 3546/3/6 3547/3/6 3548/3/6
f 3548/3/6 3547/3/6 3549/3/6
f 3549/3/6 3547/3/6 3550/3/6
f 3550/3/6 3547/3/6 3551/3/6
f 3551/3/6 3547/3/6 3552/3/6
f 3546/3/6 3548/3/6 3553/3/6
f 3546/3/6 3553/3/6 3554/3/6
f 3554/3/6 3553/3/6 3555/3/6
f 3550/3/6 3551/3/6 3556/3/6
f 3551/4/6 3552/4/6 3557/4/6
f 3556/3/6 3551/3/6 3557/3/6
f 3557/4/6 3552/4/6 3558/4/6
f 3554/4/6 3555/4/6 3559/4/6
f 3559/4/6 3555/4/6 3560/4/6
f 3555/3/6 3556/3/6 3561/3/6
f 3560/4/6 3555/4/6 3561/4/6
f 3556/3/6 3557/3/6 3561/3/6
f 3557/3/6 3558/3/6 3561/3/6
f 3561/3/6 3558/3/6 3562/3/6
f 3559/3/6 3560/3/6 3563/3/6
f 3560/4/6 3561/4/6 3563/4/6
f 3561/4/6 3562/4/6 3563/4/6
f 3563/4/6 3562/4/6 3564/4/6
f 3562/3/6 3558/3/6 3565/3/6
f 3564/4/6 3562/4/6 3565/4/6
f 3565/3/6 3558/3/6 3566/3/6
f 3563/3/6 3564/3/6 3567/3/6
f 3559/3/6 3563/3/6 3567/3/6
f 3565/4/6 3566/4/6 3568/4/6
f 3567/3/6 3564/3/6 3568/3/6
f 3564/4/6 3565/4/6 3568/4/6
f 3566/3/6 3558/3/6 3569/3/6
f 3568/4/6 3566/4/6 3569/4/6
f 3569/3/6 3558/3/6 3570/3/6
f 3571/1/6 3572/1/6 3574/1/6
f 3572/2/6 3573/2/6 3575/2/6
f 3574/1/6 3572/1/6 3575/1/6
f 3575/2/6 3573/2/6 3576/2/6
f 3577/1/6 3578/1/6 3580/1/6
f 3578/2/6 3579/2/6 3581/2/6
f 3580/1/6 3578/1/6 3581/1/6
f 3581/2/6 3579/2/6 3582/2/6
f 3583/2/6 3584/2/6 3585/2/6
f 3585/2/6 3584/2/6 3586/2/6
f 3587/2/6 3588/2/6 3589/2/6
f 3589/2/6 3588/2/6 3590/2/6
f 3589/1/6 3590/1/6 3591/1/6
f 3590/2/6 3588/2/6 3592/2/6
f 3591/1/6 3590/1/6 3592/1/6
f 3591/2/6 3592/2/6 3593/2/6
f 3592/2/6 3588/2/6 3594/2/6
f 3593/2/6 3592/2/6 3594/2/6
