# MagicaVoxel @ Ephtracy

# group
o 

# material
mtllib VR Токарев гольф.mtl
usemtl palette

# normals
vn -1 0 0
vn 1 0 0
vn 0 0 1
vn 0 0 -1
vn 0 -1 0
vn 0 1 0

# texcoords
vt 0.0449219 0.5
vt 0.0683594 0.5
vt 0.373047 0.5
vt 0.650391 0.5
vt 0.654297 0.5
vt 0.849609 0.5
vt 0.962891 0.5
vt 0.974609 0.5
vt 0.994141 0.5

# verts
v -1.9 0 0.2
v -1.9 0 -0.6
v -1.9 0.3 0.2
v -1.9 0.3 -0.6
v -1.8 0 0.3
v -1.8 0 0.2
v -1.8 0 -0.6
v -1.8 0 -0.7
v -1.8 0.3 0.3
v -1.8 0.3 0.2
v -1.8 0.3 -0.6
v -1.8 0.3 -0.7
v -1.7 0 0.4
v -1.7 0 0.3
v -1.7 0 -0.7
v -1.7 0 -0.8
v -1.7 0.3 0.4
v -1.7 0.3 0.3
v -1.7 0.3 -0.7
v -1.7 0.3 -0.8
v -1.6 0 0.5
v -1.6 0 0.4
v -1.6 0 -0.8
v -1.6 0 -0.9
v -1.6 0.3 0.5
v -1.6 0.3 0.4
v -1.6 0.3 -0.8
v -1.6 0.3 -0.9
v -1.5 0 0.6
v -1.5 0 0.5
v -1.5 0 -0.9
v -1.5 0 -1
v -1.5 0.1 -0.0999999
v -1.5 0.1 -0.3
v -1.5 0.2 -0.0999999
v -1.5 0.2 -0.3
v -1.5 0.3 0.6
v -1.5 0.3 0.5
v -1.5 0.3 -0.9
v -1.5 0.3 -1
v -1.4 0 0.7
v -1.4 0 0.6
v -1.4 0 -1
v -1.4 0 -1.1
v -1.4 0.3 0.7
v -1.4 0.3 0.6
v -1.4 0.3 -1
v -1.4 0.3 -1.1
v -1.3 0 0.8
v -1.3 0 0.7
v -1.3 0 -1.1
v -1.3 0 -1.2
v -1.3 0.3 0.8
v -1.3 0.3 0.7
v -1.3 0.3 -1.1
v -1.3 0.3 -1.2
v -1.2 0 3.1
v -1.2 0 2.1
v -1.2 0 0.9
v -1.2 0 0.8
v -1.2 0 -1.2
v -1.2 0 -1.3
v -1.2 0 -3.1
v -1.2 0 -4.5
v -1.2 0.3 2.7
v -1.2 0.3 2.1
v -1.2 0.3 0.9
v -1.2 0.3 0.8
v -1.2 0.3 -1.2
v -1.2 0.3 -1.3
v -1.2 0.4 3.1
v -1.2 0.4 2.7
v -1.2 0.5 -3.1
v -1.2 0.5 -4.5
v -1.1 0 3.6
v -1.1 0 3.1
v -1.1 0 2.1
v -1.1 0 1.6
v -1.1 0 1
v -1.1 0 0.9
v -1.1 0 -1.3
v -1.1 0 -1.4
v -1.1 0 -3
v -1.1 0 -3.1
v -1.1 0 -4.5
v -1.1 0 -4.6
v -1.1 0.1 0.4
v -1.1 0.1 0.2
v -1.1 0.1 -0.7
v -1.1 0.1 -0.9
v -1.1 0.2 0.4
v -1.1 0.2 0.2
v -1.1 0.2 -0.7
v -1.1 0.2 -0.9
v -1.1 0.3 2.1
v -1.1 0.3 1.6
v -1.1 0.3 1
v -1.1 0.3 0.9
v -1.1 0.3 -1.3
v -1.1 0.3 -1.4
v -1.1 0.4 3.1
v -1.1 0.4 3
v -1.1 0.5 3.3
v -1.1 0.5 3
v -1.1 0.5 2.5
v -1.1 0.5 2.4
v -1.1 0.5 -3
v -1.1 0.5 -3.1
v -1.1 0.5 -4.5
v -1.1 0.5 -4.6
v -1.1 0.6 3.6
v -1.1 0.6 3.3
v -1.1 0.6 2.5
v -1.1 0.6 2.4
v -1 0 4
v -1 0 3.6
v -1 0 1.6
v -1 0 1
v -1 0 -1.4
v -1 0 -2.1
v -1 0.3 1.7
v -1 0.3 1.6
v -1 0.3 1
v -1 0.3 0.9
v -1 0.3 -1.4
v -1 0.3 -2.1
v -1 0.4 1.7
v -1 0.4 1.6
v -1 0.4 1
v -1 0.4 0.9
v -1 0.5 2.6
v -1 0.5 2.5
v -1 0.5 2.4
v -1 0.5 2.3
v -1 0.5 1.6
v -1 0.5 1
v -1 0.6 4
v -1 0.6 3.6
v -1 0.6 2.6
v -1 0.6 2.5
v -1 0.6 2.4
v -1 0.6 2.3
v -1 0.7 2.5
v -1 0.7 2.4
v -0.9 0 -2.1
v -0.9 0 -2.6
v -0.9 0 -2.9
v -0.9 0 -3
v -0.9 0.2 2.5
v -0.9 0.2 2.4
v -0.9 0.3 -2.1
v -0.9 0.3 -2.6
v -0.9 0.5 2.7
v -0.9 0.5 2.6
v -0.9 0.5 2.5
v -0.9 0.5 2.4
v -0.9 0.5 2.3
v -0.9 0.5 2.2
v -0.9 0.5 -2.9
v -0.9 0.5 -3
v -0.9 0.6 2.7
v -0.9 0.6 2.6
v -0.9 0.6 2.5
v -0.9 0.6 2.4
v -0.9 0.6 2.3
v -0.9 0.6 2.2
v -0.9 0.7 2.6
v -0.9 0.7 2.5
v -0.9 0.7 2.4
v -0.9 0.7 2.3
v -0.9 0.8 2.5
v -0.9 0.8 2.4
v -0.8 0 -2.6
v -0.8 0 -2.9
v -0.8 0.2 0.6
v -0.8 0.2 0.4
v -0.8 0.3 -2.6
v -0.8 0.3 -2.9
v -0.8 0.7 0.6
v -0.8 0.7 0.4
v -0.6 0.2 -0.8
v -0.6 0.2 -1
v -0.6 0.6 -0.8
v -0.6 0.6 -1
v -0.5 0.2 0.2
v -0.5 0.2 -0.6
v -0.5 0.3 0.2
v -0.5 0.3 -0.6
v -0.4 0.1 -2.5
v -0.4 0.1 -2.7
v -0.4 0.2 0.3
v -0.4 0.2 0.2
v -0.4 0.2 -0.6
v -0.4 0.2 -0.7
v -0.4 0.2 -2.5
v -0.4 0.2 -2.7
v -0.4 0.3 0.3
v -0.4 0.3 0.2
v -0.4 0.3 -0.6
v -0.4 0.3 -0.7
v -0.3 0.1 -1.5
v -0.3 0.1 -1.7
v -0.3 0.2 -1.5
v -0.3 0.2 -1.7
v -0.3 0.3 4.76837e-07
v -0.3 0.3 -0.4
v -0.3 0.4 4.76837e-07
v -0.3 0.4 -0.0999999
v -0.3 0.5 -0.0999999
v -0.3 0.5 -0.2
v -0.3 0.5 -0.3
v -0.3 0.8 -0.3
v -0.3 0.8 -0.4
v -0.3 0.9 -0.2
v -0.3 0.9 -0.3
v -0.3 1 -0.3
v -0.3 1 -0.4
v -0.3 1.2 -0.2
v -0.3 1.2 -0.3
v -0.3 1.4 -0.2
v -0.3 1.4 -0.3
v -0.3 1.4 -0.4
v -0.3 1.5 -0.2
v -0.3 1.5 -0.3
v -0.3 1.5 -0.4
v -0.1 0.2 -3.9
v -0.1 0.2 -4
v -0.1 1.1 -3.9
v -0.1 1.1 -4
v 0.1 0.1 -3.6
v 0.1 0.1 -3.7
v 0.1 0.1 -3.9
v 0.1 0.1 -4
v 0.1 0.2 -3.6
v 0.1 0.2 -3.7
v 0.1 0.2 -3.9
v 0.1 0.2 -4
v 0.1 0.3 4.76837e-07
v 0.1 0.3 -0.4
v 0.1 0.4 4.76837e-07
v 0.1 0.4 -0.0999999
v 0.1 0.4 -0.2
v 0.1 0.5 -0.0999999
v 0.1 0.5 -0.2
v 0.1 0.5 -0.4
v 0.1 0.8 -0.2
v 0.1 0.8 -0.4
v 0.2 0.1 -3.7
v 0.2 0.1 -3.9
v 0.2 0.2 -2.5
v 0.2 0.2 -2.7
v 0.2 0.2 -3.7
v 0.2 0.2 -3.9
v 0.2 0.6 2.3
v 0.2 0.6 2.2
v 0.2 0.6 -2.5
v 0.2 0.6 -2.7
v 0.2 0.7 2.3
v 0.2 0.7 2.2
v 0.3 0.6 2.4
v 0.3 0.6 2.3
v 0.3 0.6 2.2
v 0.3 0.6 2.1
v 0.3 0.7 2.4
v 0.3 0.7 2.3
v 0.3 0.7 2.2
v 0.3 0.7 2.1
v 0.3 0.8 2.3
v 0.3 0.8 2.2
v 0.4 0.1 -0.8
v 0.4 0.1 -1
v 0.4 0.2 2.3
v 0.4 0.2 2.2
v 0.4 0.2 -0.8
v 0.4 0.2 -1
v 0.4 0.6 2.5
v 0.4 0.6 2.4
v 0.4 0.6 2.3
v 0.4 0.6 2.2
v 0.4 0.6 2.1
v 0.4 0.6 2
v 0.4 0.7 2.5
v 0.4 0.7 2.4
v 0.4 0.7 2.3
v 0.4 0.7 2.2
v 0.4 0.7 2.1
v 0.4 0.7 2
v 0.4 0.8 2.4
v 0.4 0.8 2.3
v 0.4 0.8 2.2
v 0.4 0.8 2.1
v 0.4 0.9 2.3
v 0.4 0.9 2.2
v 0.7 0.1 -2.1
v 0.7 0.1 -2.3
v 0.7 0.2 2.7
v 0.7 0.2 2.1
v 0.7 0.2 -2.1
v 0.7 0.2 -2.3
v 0.7 0.2 -2.5
v 0.7 0.2 -3
v 0.7 0.2 -3.2
v 0.7 0.3 3
v 0.7 0.3 2.7
v 0.7 0.3 2.1
v 0.7 0.3 -2.5
v 0.7 0.3 -2.9
v 0.7 0.3 -3.1
v 0.7 0.3 -3.2
v 0.7 0.4 3.1
v 0.7 0.4 3
v 0.7 0.4 2.7
v 0.7 0.4 -3
v 0.7 0.4 -3.1
v 0.7 0.5 3.1
v 0.7 0.5 3
v 0.7 0.5 -2.9
v 0.7 0.5 -3
v 0.8 0.2 2.1
v 0.8 0.2 1.7
v 0.8 0.2 -2
v 0.8 0.2 -2.5
v 0.8 0.2 -3.2
v 0.8 0.2 -3.3
v 0.8 0.3 2.1
v 0.8 0.3 1.7
v 0.8 0.3 1.6
v 0.8 0.3 -2
v 0.8 0.3 -2.5
v 0.8 0.3 -3.1
v 0.8 0.3 -3.2
v 0.8 0.3 -3.3
v 0.8 0.4 3.3
v 0.8 0.4 3.1
v 0.8 0.4 1.7
v 0.8 0.4 1.6
v 0.8 0.4 -3
v 0.8 0.4 -3.1
v 0.8 0.4 -3.2
v 0.8 0.5 3.6
v 0.8 0.5 3.3
v 0.8 0.5 3.1
v 0.8 0.5 -3
v 0.8 0.5 -3.1
v 0.8 0.6 3.6
v 0.8 0.6 3.3
v 0.9 0.2 -1.3
v 0.9 0.2 -2
v 0.9 0.2 -3.3
v 0.9 0.2 -4.3
v 0.9 0.3 1
v 0.9 0.3 0.9
v 0.9 0.3 -1.3
v 0.9 0.3 -2
v 0.9 0.3 -3.3
v 0.9 0.3 -4.3
v 0.9 0.4 1.6
v 0.9 0.4 1
v 0.9 0.4 0.9
v 0.9 0.5 3.9
v 0.9 0.5 3.6
v 0.9 0.5 1.6
v 0.9 0.5 1
v 0.9 0.6 3.9
v 0.9 0.6 3.6
v 1 0.2 0.9
v 1 0.2 0.8
v 1 0.2 -1.2
v 1 0.2 -1.3
v 1 0.3 0.9
v 1 0.3 0.8
v 1 0.3 -1.2
v 1 0.3 -1.3
v 1 0.3 -3.2
v 1 0.3 -4.4
v 1 0.4 -3.1
v 1 0.4 -3.2
v 1 0.4 -4.4
v 1 0.4 -4.5
v 1 0.5 -3.1
v 1 0.5 -3.2
v 1 0.5 -4.4
v 1 0.5 -4.5
v 1.1 0.1 0.7
v 1.1 0.1 0.5
v 1.1 0.2 0.8
v 1.1 0.2 0.7
v 1.1 0.2 0.5
v 1.1 0.2 0.1
v 1.1 0.2 -0.0999999
v 1.1 0.2 -1.1
v 1.1 0.2 -1.2
v 1.1 0.3 0.8
v 1.1 0.3 0.7
v 1.1 0.3 -1.1
v 1.1 0.3 -1.2
v 1.1 0.4 -3.2
v 1.1 0.4 -4.4
v 1.1 0.5 -3.2
v 1.1 0.5 -4.4
v 1.1 0.8 0.1
v 1.1 0.8 -0.0999999
v 1.2 0.2 0.7
v 1.2 0.2 0.6
v 1.2 0.2 -1
v 1.2 0.2 -1.1
v 1.2 0.3 0.7
v 1.2 0.3 0.6
v 1.2 0.3 -1
v 1.2 0.3 -1.1
v 1.3 0.2 0.6
v 1.3 0.2 0.5
v 1.3 0.2 -0.9
v 1.3 0.2 -1
v 1.3 0.3 0.6
v 1.3 0.3 0.5
v 1.3 0.3 -0.9
v 1.3 0.3 -1
v 1.4 0.2 0.5
v 1.4 0.2 0.4
v 1.4 0.2 -0.8
v 1.4 0.2 -0.9
v 1.4 0.3 0.5
v 1.4 0.3 0.4
v 1.4 0.3 -0.8
v 1.4 0.3 -0.9
v 1.5 0.2 0.4
v 1.5 0.2 0.3
v 1.5 0.2 -0.7
v 1.5 0.2 -0.8
v 1.5 0.3 0.4
v 1.5 0.3 0.3
v 1.5 0.3 -0.7
v 1.5 0.3 -0.8
v 1.6 0.2 0.3
v 1.6 0.2 0.2
v 1.6 0.2 -0.6
v 1.6 0.2 -0.7
v 1.6 0.3 0.3
v 1.6 0.3 0.2
v 1.6 0.3 -0.6
v 1.6 0.3 -0.7
v 1.7 0.1 -0.0999999
v 1.7 0.1 -0.3
v 1.7 0.2 0.2
v 1.7 0.2 0.1
v 1.7 0.2 -0.0999999
v 1.7 0.2 -0.3
v 1.7 0.2 -0.5
v 1.7 0.2 -0.6
v 1.7 0.3 0.2
v 1.7 0.3 0.1
v 1.7 0.3 -0.5
v 1.7 0.3 -0.6
v 1.8 0.2 0.1
v 1.8 0.2 -0.5
v 1.8 0.3 0.1
v 1.8 0.3 -0.5
v -1.8 0.2 0.1
v -1.8 0.2 -0.5
v -1.8 0.3 0.1
v -1.8 0.3 -0.5
v -1.7 0.1 -0.0999999
v -1.7 0.1 -0.3
v -1.7 0.2 0.2
v -1.7 0.2 0.1
v -1.7 0.2 -0.0999999
v -1.7 0.2 -0.3
v -1.7 0.2 -0.5
v -1.7 0.2 -0.6
v -1.7 0.3 0.2
v -1.7 0.3 0.1
v -1.7 0.3 -0.5
v -1.7 0.3 -0.6
v -1.6 0.2 0.3
v -1.6 0.2 0.2
v -1.6 0.2 -0.6
v -1.6 0.2 -0.7
v -1.6 0.3 0.3
v -1.6 0.3 0.2
v -1.6 0.3 -0.6
v -1.6 0.3 -0.7
v -1.5 0.2 0.4
v -1.5 0.2 0.3
v -1.5 0.2 -0.7
v -1.5 0.2 -0.8
v -1.5 0.3 0.4
v -1.5 0.3 0.3
v -1.5 0.3 -0.7
v -1.5 0.3 -0.8
v -1.4 0.2 0.5
v -1.4 0.2 0.4
v -1.4 0.2 -0.8
v -1.4 0.2 -0.9
v -1.4 0.3 0.5
v -1.4 0.3 0.4
v -1.4 0.3 -0.8
v -1.4 0.3 -0.9
v -1.3 0.1 0.4
v -1.3 0.1 0.2
v -1.3 0.1 -0.7
v -1.3 0.1 -0.9
v -1.3 0.2 0.6
v -1.3 0.2 0.5
v -1.3 0.2 0.4
v -1.3 0.2 0.2
v -1.3 0.2 -0.7
v -1.3 0.2 -0.9
v -1.3 0.2 -1
v -1.3 0.3 0.6
v -1.3 0.3 0.5
v -1.3 0.3 -0.9
v -1.3 0.3 -1
v -1.2 0.2 0.7
v -1.2 0.2 0.6
v -1.2 0.2 -1
v -1.2 0.2 -1.1
v -1.2 0.3 0.7
v -1.2 0.3 0.6
v -1.2 0.3 -1
v -1.2 0.3 -1.1
v -1.1 0.2 2.7
v -1.1 0.2 2.2
v -1.1 0.2 0.8
v -1.1 0.2 0.7
v -1.1 0.2 -1.1
v -1.1 0.2 -1.2
v -1.1 0.3 3
v -1.1 0.3 2.7
v -1.1 0.3 2.2
v -1.1 0.3 0.8
v -1.1 0.3 0.7
v -1.1 0.3 -1.1
v -1.1 0.3 -1.2
v -1.1 0.4 3
v -1.1 0.4 2.7
v -1.1 0.4 -3.2
v -1.1 0.4 -4.4
v -1.1 0.5 -3.2
v -1.1 0.5 -4.4
v -1 0.2 2.2
v -1 0.2 1.7
v -1 0.2 0.9
v -1 0.2 0.8
v -1 0.2 -1.2
v -1 0.2 -1.3
v -1 0.3 2.2
v -1 0.3 1.7
v -1 0.3 0.9
v -1 0.3 0.8
v -1 0.3 -1.2
v -1 0.3 -1.3
v -1 0.3 -3.2
v -1 0.3 -4.4
v -1 0.4 3.3
v -1 0.4 3
v -1 0.4 -3.1
v -1 0.4 -3.2
v -1 0.4 -4.4
v -1 0.4 -4.5
v -1 0.5 3.5
v -1 0.5 3.3
v -1 0.5 3
v -1 0.5 -3.1
v -1 0.5 -3.2
v -1 0.5 -4.4
v -1 0.5 -4.5
v -1 0.6 3.5
v -1 0.6 3.3
v -0.9 0.2 -1.3
v -0.9 0.2 -2
v -0.9 0.2 -3.3
v -0.9 0.2 -4.3
v -0.9 0.3 1.7
v -0.9 0.3 1.6
v -0.9 0.3 1
v -0.9 0.3 0.9
v -0.9 0.3 -1.3
v -0.9 0.3 -2
v -0.9 0.3 -3.3
v -0.9 0.3 -4.3
v -0.9 0.4 1.7
v -0.9 0.4 1.6
v -0.9 0.4 1
v -0.9 0.4 0.9
v -0.9 0.5 3.9
v -0.9 0.5 3.5
v -0.9 0.5 1.6
v -0.9 0.5 1
v -0.9 0.6 3.9
v -0.9 0.6 3.5
v -0.8 0.2 2.5
v -0.8 0.2 2.4
v -0.8 0.2 -2
v -0.8 0.2 -2.5
v -0.8 0.2 -3.2
v -0.8 0.2 -3.3
v -0.8 0.3 -2
v -0.8 0.3 -2.5
v -0.8 0.3 -3.1
v -0.8 0.3 -3.2
v -0.8 0.3 -3.3
v -0.8 0.4 -3
v -0.8 0.4 -3.1
v -0.8 0.4 -3.2
v -0.8 0.5 2.7
v -0.8 0.5 2.6
v -0.8 0.5 2.5
v -0.8 0.5 2.4
v -0.8 0.5 2.3
v -0.8 0.5 2.2
v -0.8 0.5 -3
v -0.8 0.5 -3.1
v -0.8 0.6 2.7
v -0.8 0.6 2.6
v -0.8 0.6 2.5
v -0.8 0.6 2.4
v -0.8 0.6 2.3
v -0.8 0.6 2.2
v -0.8 0.7 2.6
v -0.8 0.7 2.5
v -0.8 0.7 2.4
v -0.8 0.7 2.3
v -0.8 0.8 2.5
v -0.8 0.8 2.4
v -0.7 0.2 -2.5
v -0.7 0.2 -3
v -0.7 0.2 -3.2
v -0.7 0.3 -2.5
v -0.7 0.3 -2.9
v -0.7 0.3 -3.1
v -0.7 0.3 -3.2
v -0.7 0.4 -3
v -0.7 0.4 -3.1
v -0.7 0.5 2.6
v -0.7 0.5 2.5
v -0.7 0.5 2.4
v -0.7 0.5 2.3
v -0.7 0.5 -2.9
v -0.7 0.5 -3
v -0.7 0.6 2.6
v -0.7 0.6 2.5
v -0.7 0.6 2.4
v -0.7 0.6 2.3
v -0.7 0.7 2.5
v -0.7 0.7 2.4
v -0.6 0.1 -2.5
v -0.6 0.1 -2.7
v -0.6 0.2 0.6
v -0.6 0.2 0.4
v -0.6 0.2 -2.5
v -0.6 0.2 -2.7
v -0.6 0.5 2.5
v -0.6 0.5 2.4
v -0.6 0.6 2.5
v -0.6 0.6 2.4
v -0.6 0.7 0.6
v -0.6 0.7 0.4
v -0.5 0.1 -1.5
v -0.5 0.1 -1.7
v -0.5 0.2 -1.5
v -0.5 0.2 -1.7
v -0.4 0.2 -0.8
v -0.4 0.2 -1
v -0.4 0.6 -0.8
v -0.4 0.6 -1
v -0.2 0.1 -3.7
v -0.2 0.1 -3.9
v -0.2 0.2 -3.7
v -0.2 0.2 -3.9
v -0.1 0.1 -3.6
v -0.1 0.1 -3.7
v -0.1 0.2 -3.6
v -0.1 0.2 -3.7
v -0.1 0.3 4.76837e-07
v -0.1 0.3 -0.4
v -0.1 0.4 4.76837e-07
v -0.1 0.4 -0.0999999
v -0.1 0.5 -0.0999999
v -0.1 0.5 -0.2
v -0.1 0.8 -0.2
v -0.1 0.8 -0.4
v 0 0.1 -3.9
v 0 0.1 -4
v 0 0.2 -4
v 0 0.8 -3.9
v 0 0.8 -4
v 0.2 0.1 -0.8
v 0.2 0.1 -1
v 0.2 0.2 -0.8
v 0.2 0.2 -1
v 0.2 0.8 -3.9
v 0.2 0.8 -4
v 0.2 0.9 -3.9
v 0.2 0.9 -4
v 0.2 1 -3.9
v 0.2 1 -4
v 0.2 1.1 -3.9
v 0.2 1.1 -4
v 0.3 0.3 4.76837e-07
v 0.3 0.3 -0.4
v 0.3 0.4 4.76837e-07
v 0.3 0.4 -0.0999999
v 0.3 0.5 -0.0999999
v 0.3 0.5 -0.2
v 0.3 0.5 -0.3
v 0.3 0.5 -0.4
v 0.3 0.7 -0.2
v 0.3 0.7 -0.3
v 0.3 0.8 -0.3
v 0.3 0.8 -0.4
v 0.3 1.1 -0.2
v 0.3 1.1 -0.3
v 0.3 1.2 -0.2
v 0.3 1.2 -0.3
v 0.3 1.4 -0.2
v 0.3 1.4 -0.3
v 0.3 1.4 -0.4
v 0.3 1.5 -0.2
v 0.3 1.5 -0.3
v 0.3 1.5 -0.4
v 0.4 0.2 0.3
v 0.4 0.2 0.2
v 0.4 0.2 -0.6
v 0.4 0.2 -0.7
v 0.4 0.2 -2.5
v 0.4 0.2 -2.7
v 0.4 0.3 0.3
v 0.4 0.3 0.2
v 0.4 0.3 -0.6
v 0.4 0.3 -0.7
v 0.4 0.6 -2.5
v 0.4 0.6 -2.7
v 0.4 0.9 -3.9
v 0.4 0.9 -4
v 0.4 1 -3.9
v 0.4 1 -4
v 0.5 0.1 -2.1
v 0.5 0.1 -2.3
v 0.5 0.2 2.3
v 0.5 0.2 2.2
v 0.5 0.2 0.2
v 0.5 0.2 -0.6
v 0.5 0.2 -2.1
v 0.5 0.2 -2.3
v 0.5 0.3 0.2
v 0.5 0.3 -0.6
v 0.5 0.6 2.5
v 0.5 0.6 2.4
v 0.5 0.6 2.3
v 0.5 0.6 2.2
v 0.5 0.6 2.1
v 0.5 0.6 2
v 0.5 0.7 2.5
v 0.5 0.7 2.4
v 0.5 0.7 2.3
v 0.5 0.7 2.2
v 0.5 0.7 2.1
v 0.5 0.7 2
v 0.5 0.8 2.4
v 0.5 0.8 2.3
v 0.5 0.8 2.2
v 0.5 0.8 2.1
v 0.5 0.9 2.3
v 0.5 0.9 2.2
v 0.6 0.6 2.4
v 0.6 0.6 2.3
v 0.6 0.6 2.2
v 0.6 0.6 2.1
v 0.6 0.7 2.4
v 0.6 0.7 2.3
v 0.6 0.7 2.2
v 0.6 0.7 2.1
v 0.6 0.8 2.3
v 0.6 0.8 2.2
v 0.7 0.6 2.3
v 0.7 0.6 2.2
v 0.7 0.7 2.3
v 0.7 0.7 2.2
v 0.8 0 3
v 0.8 0 2.2
v 0.8 0 -2.6
v 0.8 0 -2.9
v 0.8 0.3 2.7
v 0.8 0.3 2.2
v 0.8 0.3 -2.6
v 0.8 0.3 -2.9
v 0.8 0.4 3
v 0.8 0.4 2.7
v 0.9 0 3.5
v 0.9 0 3
v 0.9 0 2.2
v 0.9 0 1.7
v 0.9 0 -2.1
v 0.9 0 -2.6
v 0.9 0 -2.9
v 0.9 0 -3
v 0.9 0.1 0.7
v 0.9 0.1 0.5
v 0.9 0.2 0.7
v 0.9 0.2 0.5
v 0.9 0.3 2.2
v 0.9 0.3 1.7
v 0.9 0.3 -2.1
v 0.9 0.3 -2.6
v 0.9 0.5 3.3
v 0.9 0.5 3
v 0.9 0.5 -2.9
v 0.9 0.5 -3
v 0.9 0.6 3.5
v 0.9 0.6 3.3
v 1 0 4
v 1 0 3.5
v 1 0 1.7
v 1 0 1
v 1 0 -1.4
v 1 0 -2.1
v 1 0.3 1
v 1 0.3 0.9
v 1 0.3 -1.4
v 1 0.3 -2.1
v 1 0.4 1.7
v 1 0.4 1.6
v 1 0.4 1
v 1 0.4 0.9
v 1 0.5 1.6
v 1 0.5 1
v 1 0.6 4
v 1 0.6 3.5
v 1.1 0 1
v 1.1 0 0.9
v 1.1 0 -1.3
v 1.1 0 -1.4
v 1.1 0 -3
v 1.1 0 -3.1
v 1.1 0 -4.5
v 1.1 0 -4.6
v 1.1 0.3 1
v 1.1 0.3 0.9
v 1.1 0.3 -1.3
v 1.1 0.3 -1.4
v 1.1 0.5 -3
v 1.1 0.5 -3.1
v 1.1 0.5 -4.5
v 1.1 0.5 -4.6
v 1.2 0 0.9
v 1.2 0 0.8
v 1.2 0 -1.2
v 1.2 0 -1.3
v 1.2 0 -3.1
v 1.2 0 -4.5
v 1.2 0.3 0.9
v 1.2 0.3 0.8
v 1.2 0.3 -1.2
v 1.2 0.3 -1.3
v 1.2 0.5 -3.1
v 1.2 0.5 -4.5
v 1.3 0 0.8
v 1.3 0 0.7
v 1.3 0 -1.1
v 1.3 0 -1.2
v 1.3 0.2 0.1
v 1.3 0.2 -0.0999999
v 1.3 0.3 0.8
v 1.3 0.3 0.7
v 1.3 0.3 -1.1
v 1.3 0.3 -1.2
v 1.3 0.8 0.1
v 1.3 0.8 -0.0999999
v 1.4 0 0.7
v 1.4 0 0.6
v 1.4 0 -1
v 1.4 0 -1.1
v 1.4 0.3 0.7
v 1.4 0.3 0.6
v 1.4 0.3 -1
v 1.4 0.3 -1.1
v 1.5 0 0.6
v 1.5 0 0.5
v 1.5 0 -0.9
v 1.5 0 -1
v 1.5 0.1 -0.0999999
v 1.5 0.1 -0.3
v 1.5 0.2 -0.0999999
v 1.5 0.2 -0.3
v 1.5 0.3 0.6
v 1.5 0.3 0.5
v 1.5 0.3 -0.9
v 1.5 0.3 -1
v 1.6 0 0.5
v 1.6 0 0.4
v 1.6 0 -0.8
v 1.6 0 -0.9
v 1.6 0.3 0.5
v 1.6 0.3 0.4
v 1.6 0.3 -0.8
v 1.6 0.3 -0.9
v 1.7 0 0.4
v 1.7 0 0.3
v 1.7 0 -0.7
v 1.7 0 -0.8
v 1.7 0.3 0.4
v 1.7 0.3 0.3
v 1.7 0.3 -0.7
v 1.7 0.3 -0.8
v 1.8 0 0.3
v 1.8 0 0.2
v 1.8 0 -0.6
v 1.8 0 -0.7
v 1.8 0.3 0.3
v 1.8 0.3 0.2
v 1.8 0.3 -0.6
v 1.8 0.3 -0.7
v 1.9 0 0.2
v 1.9 0 -0.6
v 1.9 0.3 0.2
v 1.9 0.3 -0.6
v -1 0 4
v -1 0.6 4
v 1 0 4
v 1 0.6 4
v -1.1 0 3.6
v -1.1 0.6 3.6
v -1 0 3.6
v -1 0.6 3.6
v 0.8 0.5 3.6
v 0.8 0.6 3.6
v 0.9 0.5 3.6
v 0.9 0.6 3.6
v -1.2 0 3.1
v -1.2 0.4 3.1
v -1.1 0 3.1
v -1.1 0.4 3.1
v 0.7 0.4 3.1
v 0.7 0.5 3.1
v 0.8 0.4 3.1
v 0.8 0.5 3.1
v -0.9 0.5 2.7
v -0.9 0.6 2.7
v -0.8 0.5 2.7
v -0.8 0.6 2.7
v -1 0.5 2.6
v -1 0.6 2.6
v -0.9 0.5 2.6
v -0.9 0.6 2.6
v -0.9 0.7 2.6
v -0.8 0.5 2.6
v -0.8 0.6 2.6
v -0.8 0.7 2.6
v -0.7 0.5 2.6
v -0.7 0.6 2.6
v -1.1 0.5 2.5
v -1.1 0.6 2.5
v -1 0.5 2.5
v -1 0.6 2.5
v -1 0.7 2.5
v -0.9 0.2 2.5
v -0.9 0.5 2.5
v -0.9 0.6 2.5
v -0.9 0.7 2.5
v -0.9 0.8 2.5
v -0.8 0.2 2.5
v -0.8 0.5 2.5
v -0.8 0.6 2.5
v -0.8 0.7 2.5
v -0.8 0.8 2.5
v -0.7 0.5 2.5
v -0.7 0.6 2.5
v -0.7 0.7 2.5
v -0.6 0.5 2.5
v -0.6 0.6 2.5
v 0.4 0.6 2.5
v 0.4 0.7 2.5
v 0.5 0.6 2.5
v 0.5 0.7 2.5
v 0.3 0.6 2.4
v 0.3 0.7 2.4
v 0.4 0.6 2.4
v 0.4 0.7 2.4
v 0.4 0.8 2.4
v 0.5 0.6 2.4
v 0.5 0.7 2.4
v 0.5 0.8 2.4
v 0.6 0.6 2.4
v 0.6 0.7 2.4
v 0.2 0.6 2.3
v 0.2 0.7 2.3
v 0.3 0.6 2.3
v 0.3 0.7 2.3
v 0.3 0.8 2.3
v 0.4 0.2 2.3
v 0.4 0.6 2.3
v 0.4 0.7 2.3
v 0.4 0.8 2.3
v 0.4 0.9 2.3
v 0.5 0.2 2.3
v 0.5 0.6 2.3
v 0.5 0.7 2.3
v 0.5 0.8 2.3
v 0.5 0.9 2.3
v 0.6 0.6 2.3
v 0.6 0.7 2.3
v 0.6 0.8 2.3
v 0.7 0.6 2.3
v 0.7 0.7 2.3
v -1.1 0.2 2.2
v -1.1 0.3 2.2
v -1 0.2 2.2
v -1 0.3 2.2
v 0.8 0 2.2
v 0.8 0.3 2.2
v 0.9 0 2.2
v 0.9 0.3 2.2
v -1 0.2 1.7
v -1 0.3 1.7
v -1 0.4 1.7
v -0.9 0.2 1.7
v -0.9 0.3 1.7
v -0.9 0.4 1.7
v 0.8 0.2 1.7
v 0.8 0.3 1.7
v 0.8 0.4 1.7
v 0.9 0 1.7
v 0.9 0.3 1.7
v 1 0 1.7
v 1 0.4 1.7
v -1 0.4 1.6
v -1 0.5 1.6
v -0.9 0.3 1.6
v -0.9 0.4 1.6
v -0.9 0.5 1.6
v 0.8 0.3 1.6
v 0.8 0.4 1.6
v 0.9 0.4 1.6
v 0.9 0.5 1.6
v 1 0.4 1.6
v 1 0.5 1.6
v -1.1 0 1
v -1.1 0.3 1
v -1 0 1
v -1 0.3 1
v 1 0 1
v 1 0.3 1
v 1.1 0 1
v 1.1 0.3 1
v -1.2 0 0.9
v -1.2 0.3 0.9
v -1.1 0 0.9
v -1.1 0.3 0.9
v 1.1 0 0.9
v 1.1 0.3 0.9
v 1.2 0 0.9
v 1.2 0.3 0.9
v -1.3 0 0.8
v -1.3 0.3 0.8
v -1.2 0 0.8
v -1.2 0.3 0.8
v 1.2 0 0.8
v 1.2 0.3 0.8
v 1.3 0 0.8
v 1.3 0.3 0.8
v -1.4 0 0.7
v -1.4 0.3 0.7
v -1.3 0 0.7
v -1.3 0.3 0.7
v 1.3 0 0.7
v 1.3 0.3 0.7
v 1.4 0 0.7
v 1.4 0.3 0.7
v -1.5 0 0.6
v -1.5 0.3 0.6
v -1.4 0 0.6
v -1.4 0.3 0.6
v -0.8 0.2 0.6
v -0.8 0.7 0.6
v -0.6 0.2 0.6
v -0.6 0.7 0.6
v 1.4 0 0.6
v 1.4 0.3 0.6
v 1.5 0 0.6
v 1.5 0.3 0.6
v -1.6 0 0.5
v -1.6 0.3 0.5
v -1.5 0 0.5
v -1.5 0.3 0.5
v 0.9 0.1 0.5
v 0.9 0.2 0.5
v 1.1 0.1 0.5
v 1.1 0.2 0.5
v 1.5 0 0.5
v 1.5 0.3 0.5
v 1.6 0 0.5
v 1.6 0.3 0.5
v -1.7 0 0.4
v -1.7 0.3 0.4
v -1.6 0 0.4
v -1.6 0.3 0.4
v 1.6 0 0.4
v 1.6 0.3 0.4
v 1.7 0 0.4
v 1.7 0.3 0.4
v -1.8 0 0.3
v -1.8 0.3 0.3
v -1.7 0 0.3
v -1.7 0.3 0.3
v -0.4 0.2 0.3
v -0.4 0.3 0.3
v 0.4 0.2 0.3
v 0.4 0.3 0.3
v 1.7 0 0.3
v 1.7 0.3 0.3
v 1.8 0 0.3
v 1.8 0.3 0.3
v -1.9 0 0.2
v -1.9 0.3 0.2
v -1.8 0 0.2
v -1.8 0.3 0.2
v -1.3 0.1 0.2
v -1.3 0.2 0.2
v -1.1 0.1 0.2
v -1.1 0.2 0.2
v -0.5 0.2 0.2
v -0.5 0.3 0.2
v -0.4 0.2 0.2
v -0.4 0.3 0.2
v 0.4 0.2 0.2
v 0.4 0.3 0.2
v 0.5 0.2 0.2
v 0.5 0.3 0.2
v 1.8 0 0.2
v 1.8 0.3 0.2
v 1.9 0 0.2
v 1.9 0.3 0.2
v 1.1 0.2 0.1
v 1.1 0.8 0.1
v 1.3 0.2 0.1
v 1.3 0.8 0.1
v -0.3 0.3 4.76837e-07
v -0.3 0.4 4.76837e-07
v -0.1 0.3 4.76837e-07
v -0.1 0.4 4.76837e-07
v 0.1 0.3 4.76837e-07
v 0.1 0.4 4.76837e-07
v 0.3 0.3 4.76837e-07
v 0.3 0.4 4.76837e-07
v -0.3 0.4 -0.0999999
v -0.3 0.5 -0.0999999
v -0.1 0.4 -0.0999999
v -0.1 0.5 -0.0999999
v 0.1 0.4 -0.0999999
v 0.1 0.5 -0.0999999
v 0.2 0.4 -0.0999999
v 0.2 0.5 -0.0999999
v 0.3 0.4 -0.0999999
v 0.3 0.5 -0.0999999
v -0.3 0.5 -0.2
v -0.3 0.9 -0.2
v -0.3 1.2 -0.2
v -0.3 1.4 -0.2
v -0.3 1.5 -0.2
v -0.2 0.5 -0.2
v -0.2 0.9 -0.2
v -0.2 1.2 -0.2
v -0.2 1.4 -0.2
v -0.1 0.5 -0.2
v -0.1 0.8 -0.2
v -0.1 0.9 -0.2
v -0.1 1 -0.2
v -0.1 1.2 -0.2
v -0.1 1.4 -0.2
v 0 1.4 -0.2
v 0 1.5 -0.2
v 0.1 0.5 -0.2
v 0.1 0.8 -0.2
v 0.1 0.9 -0.2
v 0.1 1 -0.2
v 0.1 1.1 -0.2
v 0.1 1.2 -0.2
v 0.1 1.4 -0.2
v 0.1 1.5 -0.2
v 0.2 0.5 -0.2
v 0.2 0.7 -0.2
v 0.2 0.8 -0.2
v 0.2 1 -0.2
v 0.2 1.1 -0.2
v 0.2 1.2 -0.2
v 0.2 1.4 -0.2
v 0.3 0.5 -0.2
v 0.3 0.7 -0.2
v 0.3 1.1 -0.2
v 0.3 1.2 -0.2
v 0.3 1.4 -0.2
v 0.3 1.5 -0.2
v -1.7 0.1 -0.3
v -1.7 0.2 -0.3
v -1.5 0.1 -0.3
v -1.5 0.2 -0.3
v 1.5 0.1 -0.3
v 1.5 0.2 -0.3
v 1.7 0.1 -0.3
v 1.7 0.2 -0.3
v -1.8 0.2 -0.5
v -1.8 0.3 -0.5
v -1.7 0.2 -0.5
v -1.7 0.3 -0.5
v 1.7 0.2 -0.5
v 1.7 0.3 -0.5
v 1.8 0.2 -0.5
v 1.8 0.3 -0.5
v -1.7 0.2 -0.6
v -1.7 0.3 -0.6
v -1.6 0.2 -0.6
v -1.6 0.3 -0.6
v 1.6 0.2 -0.6
v 1.6 0.3 -0.6
v 1.7 0.2 -0.6
v 1.7 0.3 -0.6
v -1.6 0.2 -0.7
v -1.6 0.3 -0.7
v -1.5 0.2 -0.7
v -1.5 0.3 -0.7
v 1.5 0.2 -0.7
v 1.5 0.3 -0.7
v 1.6 0.2 -0.7
v 1.6 0.3 -0.7
v -1.5 0.2 -0.8
v -1.5 0.3 -0.8
v -1.4 0.2 -0.8
v -1.4 0.3 -0.8
v -0.6 0.2 -0.8
v -0.6 0.6 -0.8
v -0.4 0.2 -0.8
v -0.4 0.6 -0.8
v 1.4 0.2 -0.8
v 1.4 0.3 -0.8
v 1.5 0.2 -0.8
v 1.5 0.3 -0.8
v -1.4 0.2 -0.9
v -1.4 0.3 -0.9
v -1.3 0.1 -0.9
v -1.3 0.2 -0.9
v -1.3 0.3 -0.9
v -1.1 0.1 -0.9
v -1.1 0.2 -0.9
v 1.3 0.2 -0.9
v 1.3 0.3 -0.9
v 1.4 0.2 -0.9
v 1.4 0.3 -0.9
v -1.3 0.2 -1
v -1.3 0.3 -1
v -1.2 0.2 -1
v -1.2 0.3 -1
v 0.2 0.1 -1
v 0.2 0.2 -1
v 0.4 0.1 -1
v 0.4 0.2 -1
v 1.2 0.2 -1
v 1.2 0.3 -1
v 1.3 0.2 -1
v 1.3 0.3 -1
v -1.2 0.2 -1.1
v -1.2 0.3 -1.1
v -1.1 0.2 -1.1
v -1.1 0.3 -1.1
v 1.1 0.2 -1.1
v 1.1 0.3 -1.1
v 1.2 0.2 -1.1
v 1.2 0.3 -1.1
v -1.1 0.2 -1.2
v -1.1 0.3 -1.2
v -1 0.2 -1.2
v -1 0.3 -1.2
v 1 0.2 -1.2
v 1 0.3 -1.2
v 1.1 0.2 -1.2
v 1.1 0.3 -1.2
v -1 0.2 -1.3
v -1 0.3 -1.3
v -0.9 0.2 -1.3
v -0.9 0.3 -1.3
v 0.9 0.2 -1.3
v 0.9 0.3 -1.3
v 1 0.2 -1.3
v 1 0.3 -1.3
v -0.5 0.1 -1.7
v -0.5 0.2 -1.7
v -0.3 0.1 -1.7
v -0.3 0.2 -1.7
v -0.9 0.2 -2
v -0.9 0.3 -2
v -0.8 0.2 -2
v -0.8 0.3 -2
v 0.8 0.2 -2
v 0.8 0.3 -2
v 0.9 0.2 -2
v 0.9 0.3 -2
v 0.5 0.1 -2.3
v 0.5 0.2 -2.3
v 0.7 0.1 -2.3
v 0.7 0.2 -2.3
v -0.8 0.2 -2.5
v -0.8 0.3 -2.5
v -0.7 0.2 -2.5
v -0.7 0.3 -2.5
v 0.2 0.2 -2.5
v 0.2 0.6 -2.5
v 0.4 0.2 -2.5
v 0.4 0.6 -2.5
v 0.7 0.2 -2.5
v 0.7 0.3 -2.5
v 0.8 0.2 -2.5
v 0.8 0.3 -2.5
v -0.6 0.1 -2.7
v -0.6 0.2 -2.7
v -0.4 0.1 -2.7
v -0.4 0.2 -2.7
v -0.9 0 -2.9
v -0.9 0.5 -2.9
v -0.8 0 -2.9
v -0.8 0.3 -2.9
v -0.7 0.3 -2.9
v -0.7 0.5 -2.9
v 0.7 0.3 -2.9
v 0.7 0.5 -2.9
v 0.8 0 -2.9
v 0.8 0.3 -2.9
v 0.9 0 -2.9
v 0.9 0.5 -2.9
v -1.1 0 -3
v -1.1 0.5 -3
v -0.9 0 -3
v -0.9 0.5 -3
v 0.9 0 -3
v 0.9 0.5 -3
v 1.1 0 -3
v 1.1 0.5 -3
v -1.2 0 -3.1
v -1.2 0.5 -3.1
v -1.1 0 -3.1
v -1.1 0.5 -3.1
v 1.1 0 -3.1
v 1.1 0.5 -3.1
v 1.2 0 -3.1
v 1.2 0.5 -3.1
v -0.2 0.1 -3.9
v -0.2 0.2 -3.9
v -0.1 0.1 -3.9
v -0.1 0.2 -3.9
v -0.1 1.1 -3.9
v 0 0.1 -3.9
v 0 0.8 -3.9
v 0 1.1 -3.9
v 0.1 0.1 -3.9
v 0.1 0.2 -3.9
v 0.2 0.1 -3.9
v 0.2 0.2 -3.9
v 0.2 0.8 -3.9
v 0.2 0.9 -3.9
v 0.2 1 -3.9
v 0.2 1.1 -3.9
v 0.4 0.9 -3.9
v 0.4 1 -3.9
v 0 0.1 -4
v 0 0.2 -4
v 0.1 0.1 -4
v 0.1 0.2 -4
v -0.9 0.2 -4.3
v -0.9 0.3 -4.3
v 0.9 0.2 -4.3
v 0.9 0.3 -4.3
v -1.1 0.4 -4.4
v -1.1 0.5 -4.4
v -1 0.3 -4.4
v -1 0.4 -4.4
v -1 0.5 -4.4
v 1 0.3 -4.4
v 1 0.4 -4.4
v 1 0.5 -4.4
v 1.1 0.4 -4.4
v 1.1 0.5 -4.4
v -1 0.4 -4.5
v -1 0.5 -4.5
v 1 0.4 -4.5
v 1 0.5 -4.5
v -0.9 0.5 3.9
v -0.9 0.6 3.9
v 0.9 0.5 3.9
v 0.9 0.6 3.9
v -1 0.5 3.5
v -1 0.6 3.5
v -0.9 0.5 3.5
v -0.9 0.6 3.5
v 0.9 0 3.5
v 0.9 0.6 3.5
v 1 0 3.5
v 1 0.6 3.5
v -1.1 0.5 3.3
v -1.1 0.6 3.3
v -1 0.4 3.3
v -1 0.5 3.3
v -1 0.6 3.3
v 0.8 0.4 3.3
v 0.8 0.5 3.3
v 0.8 0.6 3.3
v 0.9 0.5 3.3
v 0.9 0.6 3.3
v -1.1 0.3 3
v -1.1 0.4 3
v -1.1 0.5 3
v -1 0.3 3
v -1 0.4 3
v -1 0.5 3
v 0.7 0.3 3
v 0.7 0.4 3
v 0.7 0.5 3
v 0.8 0 3
v 0.8 0.4 3
v 0.9 0 3
v 0.9 0.5 3
v -1.2 0.3 2.7
v -1.2 0.4 2.7
v -1.1 0.2 2.7
v -1.1 0.3 2.7
v -1.1 0.4 2.7
v 0.7 0.2 2.7
v 0.7 0.3 2.7
v 0.7 0.4 2.7
v 0.8 0.3 2.7
v 0.8 0.4 2.7
v -1.1 0.5 2.4
v -1.1 0.6 2.4
v -1 0.5 2.4
v -1 0.6 2.4
v -1 0.7 2.4
v -0.9 0.2 2.4
v -0.9 0.5 2.4
v -0.9 0.6 2.4
v -0.9 0.7 2.4
v -0.9 0.8 2.4
v -0.8 0.2 2.4
v -0.8 0.5 2.4
v -0.8 0.6 2.4
v -0.8 0.7 2.4
v -0.8 0.8 2.4
v -0.7 0.5 2.4
v -0.7 0.6 2.4
v -0.7 0.7 2.4
v -0.6 0.5 2.4
v -0.6 0.6 2.4
v -1 0.5 2.3
v -1 0.6 2.3
v -0.9 0.5 2.3
v -0.9 0.6 2.3
v -0.9 0.7 2.3
v -0.8 0.5 2.3
v -0.8 0.6 2.3
v -0.8 0.7 2.3
v -0.7 0.5 2.3
v -0.7 0.6 2.3
v -0.9 0.5 2.2
v -0.9 0.6 2.2
v -0.8 0.5 2.2
v -0.8 0.6 2.2
v 0.2 0.6 2.2
v 0.2 0.7 2.2
v 0.3 0.6 2.2
v 0.3 0.7 2.2
v 0.3 0.8 2.2
v 0.4 0.2 2.2
v 0.4 0.6 2.2
v 0.4 0.7 2.2
v 0.4 0.8 2.2
v 0.4 0.9 2.2
v 0.5 0.2 2.2
v 0.5 0.6 2.2
v 0.5 0.7 2.2
v 0.5 0.8 2.2
v 0.5 0.9 2.2
v 0.6 0.6 2.2
v 0.6 0.7 2.2
v 0.6 0.8 2.2
v 0.7 0.6 2.2
v 0.7 0.7 2.2
v -1.2 0 2.1
v -1.2 0.3 2.1
v -1.1 0 2.1
v -1.1 0.3 2.1
v 0.3 0.6 2.1
v 0.3 0.7 2.1
v 0.4 0.6 2.1
v 0.4 0.7 2.1
v 0.4 0.8 2.1
v 0.5 0.6 2.1
v 0.5 0.7 2.1
v 0.5 0.8 2.1
v 0.6 0.6 2.1
v 0.6 0.7 2.1
v 0.7 0.2 2.1
v 0.7 0.3 2.1
v 0.8 0.2 2.1
v 0.8 0.3 2.1
v 0.4 0.6 2
v 0.4 0.7 2
v 0.5 0.6 2
v 0.5 0.7 2
v -1.1 0 1.6
v -1.1 0.3 1.6
v -1 0 1.6
v -1 0.3 1.6
v -1 0.4 1
v -1 0.5 1
v -0.9 0.3 1
v -0.9 0.4 1
v -0.9 0.5 1
v 0.9 0.3 1
v 0.9 0.4 1
v 0.9 0.5 1
v 1 0.4 1
v 1 0.5 1
v -1 0.2 0.9
v -1 0.3 0.9
v -1 0.4 0.9
v -0.9 0.2 0.9
v -0.9 0.3 0.9
v -0.9 0.4 0.9
v 0.9 0.2 0.9
v 0.9 0.3 0.9
v 0.9 0.4 0.9
v 1 0.2 0.9
v 1 0.3 0.9
v 1 0.4 0.9
v -1.1 0.2 0.8
v -1.1 0.3 0.8
v -1 0.2 0.8
v -1 0.3 0.8
v 1 0.2 0.8
v 1 0.3 0.8
v 1.1 0.2 0.8
v 1.1 0.3 0.8
v -1.2 0.2 0.7
v -1.2 0.3 0.7
v -1.1 0.2 0.7
v -1.1 0.3 0.7
v 0.9 0.1 0.7
v 0.9 0.2 0.7
v 1.1 0.1 0.7
v 1.1 0.2 0.7
v 1.1 0.3 0.7
v 1.2 0.2 0.7
v 1.2 0.3 0.7
v -1.3 0.2 0.6
v -1.3 0.3 0.6
v -1.2 0.2 0.6
v -1.2 0.3 0.6
v 1.2 0.2 0.6
v 1.2 0.3 0.6
v 1.3 0.2 0.6
v 1.3 0.3 0.6
v -1.4 0.2 0.5
v -1.4 0.3 0.5
v -1.3 0.2 0.5
v -1.3 0.3 0.5
v 1.3 0.2 0.5
v 1.3 0.3 0.5
v 1.4 0.2 0.5
v 1.4 0.3 0.5
v -1.5 0.2 0.4
v -1.5 0.3 0.4
v -1.4 0.2 0.4
v -1.4 0.3 0.4
v -1.3 0.1 0.4
v -1.3 0.2 0.4
v -1.1 0.1 0.4
v -1.1 0.2 0.4
v -0.8 0.2 0.4
v -0.8 0.7 0.4
v -0.6 0.2 0.4
v -0.6 0.7 0.4
v 1.4 0.2 0.4
v 1.4 0.3 0.4
v 1.5 0.2 0.4
v 1.5 0.3 0.4
v -1.6 0.2 0.3
v -1.6 0.3 0.3
v -1.5 0.2 0.3
v -1.5 0.3 0.3
v 1.5 0.2 0.3
v 1.5 0.3 0.3
v 1.6 0.2 0.3
v 1.6 0.3 0.3
v -1.7 0.2 0.2
v -1.7 0.3 0.2
v -1.6 0.2 0.2
v -1.6 0.3 0.2
v 1.6 0.2 0.2
v 1.6 0.3 0.2
v 1.7 0.2 0.2
v 1.7 0.3 0.2
v -1.8 0.2 0.1
v -1.8 0.3 0.1
v -1.7 0.2 0.1
v -1.7 0.3 0.1
v 1.7 0.2 0.1
v 1.7 0.3 0.1
v 1.8 0.2 0.1
v 1.8 0.3 0.1
v -1.7 0.1 -0.0999999
v -1.7 0.2 -0.0999999
v -1.5 0.1 -0.0999999
v -1.5 0.2 -0.0999999
v 1.1 0.2 -0.0999999
v 1.1 0.8 -0.0999999
v 1.3 0.2 -0.0999999
v 1.3 0.8 -0.0999999
v 1.5 0.1 -0.0999999
v 1.5 0.2 -0.0999999
v 1.7 0.1 -0.0999999
v 1.7 0.2 -0.0999999
v -0.3 0.3 -0.4
v -0.3 0.8 -0.4
v -0.3 1 -0.4
v -0.3 1.4 -0.4
v -0.3 1.5 -0.4
v -0.2 0.8 -0.4
v -0.2 1 -0.4
v -0.1 0.3 -0.4
v -0.1 0.8 -0.4
v 0 0.9 -0.4
v 0 1.2 -0.4
v 0.1 0.3 -0.4
v 0.1 0.5 -0.4
v 0.1 0.8 -0.4
v 0.1 0.9 -0.4
v 0.1 1.2 -0.4
v 0.2 0.8 -0.4
v 0.2 0.9 -0.4
v 0.3 0.3 -0.4
v 0.3 0.5 -0.4
v 0.3 0.8 -0.4
v 0.3 1.4 -0.4
v 0.3 1.5 -0.4
v -1.9 0 -0.6
v -1.9 0.3 -0.6
v -1.8 0 -0.6
v -1.8 0.3 -0.6
v -0.5 0.2 -0.6
v -0.5 0.3 -0.6
v -0.4 0.2 -0.6
v -0.4 0.3 -0.6
v 0.4 0.2 -0.6
v 0.4 0.3 -0.6
v 0.5 0.2 -0.6
v 0.5 0.3 -0.6
v 1.8 0 -0.6
v 1.8 0.3 -0.6
v 1.9 0 -0.6
v 1.9 0.3 -0.6
v -1.8 0 -0.7
v -1.8 0.3 -0.7
v -1.7 0 -0.7
v -1.7 0.3 -0.7
v -1.3 0.1 -0.7
v -1.3 0.2 -0.7
v -1.1 0.1 -0.7
v -1.1 0.2 -0.7
v -0.4 0.2 -0.7
v -0.4 0.3 -0.7
v 0.4 0.2 -0.7
v 0.4 0.3 -0.7
v 1.7 0 -0.7
v 1.7 0.3 -0.7
v 1.8 0 -0.7
v 1.8 0.3 -0.7
v -1.7 0 -0.8
v -1.7 0.3 -0.8
v -1.6 0 -0.8
v -1.6 0.3 -0.8
v 0.2 0.1 -0.8
v 0.2 0.2 -0.8
v 0.4 0.1 -0.8
v 0.4 0.2 -0.8
v 1.6 0 -0.8
v 1.6 0.3 -0.8
v 1.7 0 -0.8
v 1.7 0.3 -0.8
v -1.6 0 -0.9
v -1.6 0.3 -0.9
v -1.5 0 -0.9
v -1.5 0.3 -0.9
v 1.5 0 -0.9
v 1.5 0.3 -0.9
v 1.6 0 -0.9
v 1.6 0.3 -0.9
v -1.5 0 -1
v -1.5 0.3 -1
v -1.4 0 -1
v -1.4 0.3 -1
v -0.6 0.2 -1
v -0.6 0.6 -1
v -0.4 0.2 -1
v -0.4 0.6 -1
v 1.4 0 -1
v 1.4 0.3 -1
v 1.5 0 -1
v 1.5 0.3 -1
v -1.4 0 -1.1
v -1.4 0.3 -1.1
v -1.3 0 -1.1
v -1.3 0.3 -1.1
v 1.3 0 -1.1
v 1.3 0.3 -1.1
v 1.4 0 -1.1
v 1.4 0.3 -1.1
v -1.3 0 -1.2
v -1.3 0.3 -1.2
v -1.2 0 -1.2
v -1.2 0.3 -1.2
v 1.2 0 -1.2
v 1.2 0.3 -1.2
v 1.3 0 -1.2
v 1.3 0.3 -1.2
v -1.2 0 -1.3
v -1.2 0.3 -1.3
v -1.1 0 -1.3
v -1.1 0.3 -1.3
v 1.1 0 -1.3
v 1.1 0.3 -1.3
v 1.2 0 -1.3
v 1.2 0.3 -1.3
v -1.1 0 -1.4
v -1.1 0.3 -1.4
v -1 0 -1.4
v -1 0.3 -1.4
v 1 0 -1.4
v 1 0.3 -1.4
v 1.1 0 -1.4
v 1.1 0.3 -1.4
v -0.5 0.1 -1.5
v -0.5 0.2 -1.5
v -0.3 0.1 -1.5
v -0.3 0.2 -1.5
v -1 0 -2.1
v -1 0.3 -2.1
v -0.9 0 -2.1
v -0.9 0.3 -2.1
v 0.5 0.1 -2.1
v 0.5 0.2 -2.1
v 0.7 0.1 -2.1
v 0.7 0.2 -2.1
v 0.9 0 -2.1
v 0.9 0.3 -2.1
v 1 0 -2.1
v 1 0.3 -2.1
v -0.6 0.1 -2.5
v -0.6 0.2 -2.5
v -0.4 0.1 -2.5
v -0.4 0.2 -2.5
v -0.9 0 -2.6
v -0.9 0.3 -2.6
v -0.8 0 -2.6
v -0.8 0.3 -2.6
v 0.8 0 -2.6
v 0.8 0.3 -2.6
v 0.9 0 -2.6
v 0.9 0.3 -2.6
v 0.2 0.2 -2.7
v 0.2 0.6 -2.7
v 0.4 0.2 -2.7
v 0.4 0.6 -2.7
v -0.8 0.4 -3
v -0.8 0.5 -3
v -0.7 0.4 -3
v -0.7 0.5 -3
v 0.7 0.4 -3
v 0.7 0.5 -3
v 0.8 0.4 -3
v 0.8 0.5 -3
v -1 0.4 -3.1
v -1 0.5 -3.1
v -0.8 0.3 -3.1
v -0.8 0.4 -3.1
v -0.8 0.5 -3.1
v -0.7 0.3 -3.1
v -0.7 0.4 -3.1
v 0.7 0.3 -3.1
v 0.7 0.4 -3.1
v 0.8 0.3 -3.1
v 0.8 0.4 -3.1
v 0.8 0.5 -3.1
v 1 0.4 -3.1
v 1 0.5 -3.1
v -1.1 0.4 -3.2
v -1.1 0.5 -3.2
v -1 0.3 -3.2
v -1 0.4 -3.2
v -1 0.5 -3.2
v -0.8 0.2 -3.2
v -0.8 0.3 -3.2
v -0.8 0.4 -3.2
v -0.7 0.2 -3.2
v -0.7 0.3 -3.2
v 0.7 0.2 -3.2
v 0.7 0.3 -3.2
v 0.8 0.2 -3.2
v 0.8 0.3 -3.2
v 0.8 0.4 -3.2
v 1 0.3 -3.2
v 1 0.4 -3.2
v 1 0.5 -3.2
v 1.1 0.4 -3.2
v 1.1 0.5 -3.2
v -0.9 0.2 -3.3
v -0.9 0.3 -3.3
v -0.8 0.2 -3.3
v -0.8 0.3 -3.3
v 0.8 0.2 -3.3
v 0.8 0.3 -3.3
v 0.9 0.2 -3.3
v 0.9 0.3 -3.3
v -0.1 0.1 -3.6
v -0.1 0.2 -3.6
v 0.1 0.1 -3.6
v 0.1 0.2 -3.6
v -0.2 0.1 -3.7
v -0.2 0.2 -3.7
v -0.1 0.1 -3.7
v -0.1 0.2 -3.7
v 0.1 0.1 -3.7
v 0.1 0.2 -3.7
v 0.2 0.1 -3.7
v 0.2 0.2 -3.7
v -0.1 0.2 -4
v -0.1 1.1 -4
v 0 0.2 -4
v 0 0.8 -4
v 0 1.1 -4
v 0.2 0.8 -4
v 0.2 0.9 -4
v 0.2 1 -4
v 0.2 1.1 -4
v 0.4 0.9 -4
v 0.4 1 -4
v -1.2 0 -4.5
v -1.2 0.5 -4.5
v -1.1 0 -4.5
v -1.1 0.5 -4.5
v 1.1 0 -4.5
v 1.1 0.5 -4.5
v 1.2 0 -4.5
v 1.2 0.5 -4.5
v -1.1 0 -4.6
v -1.1 0.5 -4.6
v 1.1 0 -4.6
v 1.1 0.5 -4.6
v -1 0 4
v 1 0 4
v -0.9 0 3.9
v 0.9 0 3.9
v -1.1 0 3.6
v -1 0 3.6
v 0.8 0 3.6
v 0.9 0 3.6
v -1 0 3.5
v -0.9 0 3.5
v 0.9 0 3.5
v 1 0 3.5
v -1.2 0 3.1
v -1.1 0 3.1
v 0.7 0 3.1
v 0.8 0 3.1
v -1.1 0 3
v -1 0 3
v 0.8 0 3
v 0.9 0 3
v -1.1 0 2.2
v -1 0 2.2
v 0.8 0 2.2
v 0.9 0 2.2
v -1.2 0 2.1
v -1.1 0 2.1
v 0.7 0 2.1
v 0.8 0 2.1
v -1 0 1.7
v -0.9 0 1.7
v 0.9 0 1.7
v 1 0 1.7
v -1.1 0 1.6
v -1 0 1.6
v 0.8 0 1.6
v 0.9 0 1.6
v -1.1 0 1
v -1 0 1
v 1 0 1
v 1.1 0 1
v -1.2 0 0.9
v -1.1 0 0.9
v -1 0 0.9
v -0.9 0 0.9
v 0.9 0 0.9
v 1 0 0.9
v 1.1 0 0.9
v 1.2 0 0.9
v -1.3 0 0.8
v -1.2 0 0.8
v -1.1 0 0.8
v -1 0 0.8
v 1 0 0.8
v 1.1 0 0.8
v 1.2 0 0.8
v 1.3 0 0.8
v -1.4 0 0.7
v -1.3 0 0.7
v -1.2 0 0.7
v -1.1 0 0.7
v 0.9 0 0.7
v 1.1 0 0.7
v 1.2 0 0.7
v 1.3 0 0.7
v 1.4 0 0.7
v -1.5 0 0.6
v -1.4 0 0.6
v -1.3 0 0.6
v -1.2 0 0.6
v 1.2 0 0.6
v 1.3 0 0.6
v 1.4 0 0.6
v 1.5 0 0.6
v -1.6 0 0.5
v -1.5 0 0.5
v -1.4 0 0.5
v -1.3 0 0.5
v 0.9 0 0.5
v 1.1 0 0.5
v 1.3 0 0.5
v 1.4 0 0.5
v 1.5 0 0.5
v 1.6 0 0.5
v -1.7 0 0.4
v -1.6 0 0.4
v -1.5 0 0.4
v -1.4 0 0.4
v -1.3 0 0.4
v -1.1 0 0.4
v 1.4 0 0.4
v 1.5 0 0.4
v 1.6 0 0.4
v 1.7 0 0.4
v -1.8 0 0.3
v -1.7 0 0.3
v -1.6 0 0.3
v -1.5 0 0.3
v 1.5 0 0.3
v 1.6 0 0.3
v 1.7 0 0.3
v 1.8 0 0.3
v -1.9 0 0.2
v -1.8 0 0.2
v -1.7 0 0.2
v -1.6 0 0.2
v -1.3 0 0.2
v -1.1 0 0.2
v 1.6 0 0.2
v 1.7 0 0.2
v 1.8 0 0.2
v 1.9 0 0.2
v -1.8 0 0.1
v -1.7 0 0.1
v 1.7 0 0.1
v 1.8 0 0.1
v -1.7 0 -0.0999999
v -1.5 0 -0.0999999
v 1.5 0 -0.0999999
v 1.7 0 -0.0999999
v -1.7 0 -0.3
v -1.5 0 -0.3
v 1.5 0 -0.3
v 1.7 0 -0.3
v -1.8 0 -0.5
v -1.7 0 -0.5
v 1.7 0 -0.5
v 1.8 0 -0.5
v -1.9 0 -0.6
v -1.8 0 -0.6
v -1.7 0 -0.6
v -1.6 0 -0.6
v 1.6 0 -0.6
v 1.7 0 -0.6
v 1.8 0 -0.6
v 1.9 0 -0.6
v -1.8 0 -0.7
v -1.7 0 -0.7
v -1.6 0 -0.7
v -1.5 0 -0.7
v -1.3 0 -0.7
v -1.1 0 -0.7
v 1.5 0 -0.7
v 1.6 0 -0.7
v 1.7 0 -0.7
v 1.8 0 -0.7
v -1.7 0 -0.8
v -1.6 0 -0.8
v -1.5 0 -0.8
v -1.4 0 -0.8
v 0.2 0 -0.8
v 0.4 0 -0.8
v 1.4 0 -0.8
v 1.5 0 -0.8
v 1.6 0 -0.8
v 1.7 0 -0.8
v -1.6 0 -0.9
v -1.5 0 -0.9
v -1.4 0 -0.9
v -1.3 0 -0.9
v -1.1 0 -0.9
v 1.3 0 -0.9
v 1.4 0 -0.9
v 1.5 0 -0.9
v 1.6 0 -0.9
v -1.5 0 -1
v -1.4 0 -1
v -1.3 0 -1
v -1.2 0 -1
v 0.2 0 -1
v 0.4 0 -1
v 1.2 0 -1
v 1.3 0 -1
v 1.4 0 -1
v 1.5 0 -1
v -1.4 0 -1.1
v -1.3 0 -1.1
v -1.2 0 -1.1
v -1.1 0 -1.1
v 1.1 0 -1.1
v 1.2 0 -1.1
v 1.3 0 -1.1
v 1.4 0 -1.1
v -1.3 0 -1.2
v -1.2 0 -1.2
v -1.1 0 -1.2
v -1 0 -1.2
v 1 0 -1.2
v 1.1 0 -1.2
v 1.2 0 -1.2
v 1.3 0 -1.2
v -1.2 0 -1.3
v -1.1 0 -1.3
v -1 0 -1.3
v -0.9 0 -1.3
v 0.9 0 -1.3
v 1 0 -1.3
v 1.1 0 -1.3
v 1.2 0 -1.3
v -1.1 0 -1.4
v -1 0 -1.4
v 1 0 -1.4
v 1.1 0 -1.4
v -0.5 0 -1.5
v -0.3 0 -1.5
v -0.5 0 -1.7
v -0.3 0 -1.7
v -0.9 0 -2
v -0.8 0 -2
v 0.8 0 -2
v 0.9 0 -2
v -1 0 -2.1
v -0.9 0 -2.1
v 0.5 0 -2.1
v 0.7 0 -2.1
v 0.9 0 -2.1
v 1 0 -2.1
v 0.5 0 -2.3
v 0.7 0 -2.3
v -0.8 0 -2.5
v -0.7 0 -2.5
v -0.6 0 -2.5
v -0.4 0 -2.5
v 0.7 0 -2.5
v 0.8 0 -2.5
v -0.9 0 -2.6
v -0.8 0 -2.6
v 0.8 0 -2.6
v 0.9 0 -2.6
v -0.6 0 -2.7
v -0.4 0 -2.7
v -0.9 0 -2.9
v -0.8 0 -2.9
v 0.8 0 -2.9
v 0.9 0 -2.9
v -1.1 0 -3
v -0.9 0 -3
v -0.8 0 -3
v -0.7 0 -3
v 0.7 0 -3
v 0.8 0 -3
v 0.9 0 -3
v 1.1 0 -3
v -1.2 0 -3.1
v -1.1 0 -3.1
v -1 0 -3.1
v -0.8 0 -3.1
v 0.8 0 -3.1
v 1 0 -3.1
v 1.1 0 -3.1
v 1.2 0 -3.1
v -1.1 0 -3.2
v -1 0 -3.2
v 1 0 -3.2
v 1.1 0 -3.2
v -0.1 0 -3.7
v 0.1 0 -3.7
v -0.1 0 -3.9
v 0.1 0 -3.9
v -1.1 0 -4.4
v -1 0 -4.4
v 1 0 -4.4
v 1.1 0 -4.4
v -1.2 0 -4.5
v -1.1 0 -4.5
v -1 0 -4.5
v 1 0 -4.5
v 1.1 0 -4.5
v 1.2 0 -4.5
v -1.1 0 -4.6
v 1.1 0 -4.6
v -0.9 0.5 2.7
v -0.8 0.5 2.7
v -1 0.5 2.6
v -0.9 0.5 2.6
v -0.8 0.5 2.6
v -0.7 0.5 2.6
v -1.1 0.5 2.5
v -1 0.5 2.5
v -0.9 0.5 2.5
v -0.8 0.5 2.5
v -0.7 0.5 2.5
v -0.6 0.5 2.5
v -1.1 0.5 2.4
v -1 0.5 2.4
v -0.9 0.5 2.4
v -0.8 0.5 2.4
v -0.7 0.5 2.4
v -0.6 0.5 2.4
v -1 0.5 2.3
v -0.9 0.5 2.3
v -0.8 0.5 2.3
v -0.7 0.5 2.3
v -0.9 0.5 2.2
v -0.8 0.5 2.2
v 0.4 0.6 2.5
v 0.5 0.6 2.5
v 0.3 0.6 2.4
v 0.4 0.6 2.4
v 0.5 0.6 2.4
v 0.6 0.6 2.4
v 0.2 0.6 2.3
v 0.3 0.6 2.3
v 0.4 0.6 2.3
v 0.5 0.6 2.3
v 0.6 0.6 2.3
v 0.7 0.6 2.3
v 0.2 0.6 2.2
v 0.3 0.6 2.2
v 0.4 0.6 2.2
v 0.5 0.6 2.2
v 0.6 0.6 2.2
v 0.7 0.6 2.2
v 0.3 0.6 2.1
v 0.4 0.6 2.1
v 0.5 0.6 2.1
v 0.6 0.6 2.1
v 0.4 0.6 2
v 0.5 0.6 2
v -0.1 0.8 -0.2
v 0.1 0.8 -0.2
v -0.1 0.8 -0.4
v 0.1 0.8 -0.4
v 0 0.8 -3.9
v 0.2 0.8 -3.9
v 0 0.8 -4
v 0.2 0.8 -4
v 0.2 0.9 -3.9
v 0.4 0.9 -3.9
v 0.2 0.9 -4
v 0.4 0.9 -4
v 0.9 0.1 0.7
v 1.1 0.1 0.7
v 0.9 0.1 0.5
v 1.1 0.1 0.5
v -1.3 0.1 0.4
v -1.1 0.1 0.4
v -1.3 0.1 0.2
v -1.1 0.1 0.2
v -1.7 0.1 -0.0999999
v -1.5 0.1 -0.0999999
v 1.5 0.1 -0.0999999
v 1.7 0.1 -0.0999999
v -1.7 0.1 -0.3
v -1.5 0.1 -0.3
v 1.5 0.1 -0.3
v 1.7 0.1 -0.3
v -1.3 0.1 -0.7
v -1.1 0.1 -0.7
v 0.2 0.1 -0.8
v 0.4 0.1 -0.8
v -1.3 0.1 -0.9
v -1.1 0.1 -0.9
v 0.2 0.1 -1
v 0.4 0.1 -1
v -0.5 0.1 -1.5
v -0.3 0.1 -1.5
v -0.5 0.1 -1.7
v -0.3 0.1 -1.7
v 0.5 0.1 -2.1
v 0.7 0.1 -2.1
v 0.5 0.1 -2.3
v 0.7 0.1 -2.3
v -0.6 0.1 -2.5
v -0.4 0.1 -2.5
v -0.6 0.1 -2.7
v -0.4 0.1 -2.7
v -0.1 0.1 -3.6
v 0.1 0.1 -3.6
v -0.2 0.1 -3.7
v -0.1 0.1 -3.7
v 0.1 0.1 -3.7
v 0.2 0.1 -3.7
v -0.2 0.1 -3.9
v -0.1 0.1 -3.9
v 0 0.1 -3.9
v 0.1 0.1 -3.9
v 0.2 0.1 -3.9
v 0 0.1 -4
v 0.1 0.1 -4
v -1.1 0.2 2.7
v 0.7 0.2 2.7
v -0.9 0.2 2.5
v -0.8 0.2 2.5
v -0.9 0.2 2.4
v -0.8 0.2 2.4
v 0.4 0.2 2.3
v 0.5 0.2 2.3
v -1.1 0.2 2.2
v -1 0.2 2.2
v 0.4 0.2 2.2
v 0.5 0.2 2.2
v 0.7 0.2 2.1
v 0.8 0.2 2.1
v -1 0.2 1.7
v -0.9 0.2 1.7
v 0.8 0.2 1.7
v -1 0.2 0.9
v -0.9 0.2 0.9
v 0.9 0.2 0.9
v 1 0.2 0.9
v -1.1 0.2 0.8
v -1 0.2 0.8
v 1 0.2 0.8
v 1.1 0.2 0.8
v -1.2 0.2 0.7
v -1.1 0.2 0.7
v 0.9 0.2 0.7
v 1.1 0.2 0.7
v 1.2 0.2 0.7
v -1.3 0.2 0.6
v -1.2 0.2 0.6
v -0.8 0.2 0.6
v -0.6 0.2 0.6
v 1.2 0.2 0.6
v 1.3 0.2 0.6
v -1.4 0.2 0.5
v -1.3 0.2 0.5
v 0.9 0.2 0.5
v 1.1 0.2 0.5
v 1.3 0.2 0.5
v 1.4 0.2 0.5
v -1.5 0.2 0.4
v -1.4 0.2 0.4
v -1.3 0.2 0.4
v -1.1 0.2 0.4
v -0.8 0.2 0.4
v -0.6 0.2 0.4
v 1.4 0.2 0.4
v 1.5 0.2 0.4
v -1.6 0.2 0.3
v -1.5 0.2 0.3
v -0.4 0.2 0.3
v 0.4 0.2 0.3
v 1.5 0.2 0.3
v 1.6 0.2 0.3
v -1.7 0.2 0.2
v -1.6 0.2 0.2
v -1.3 0.2 0.2
v -1.1 0.2 0.2
v -0.5 0.2 0.2
v -0.4 0.2 0.2
v 0.4 0.2 0.2
v 0.5 0.2 0.2
v 1.6 0.2 0.2
v 1.7 0.2 0.2
v -1.8 0.2 0.1
v -1.7 0.2 0.1
v 1.1 0.2 0.1
v 1.3 0.2 0.1
v 1.7 0.2 0.1
v 1.8 0.2 0.1
v -1.7 0.2 -0.0999999
v -1.5 0.2 -0.0999999
v 1.1 0.2 -0.0999999
v 1.3 0.2 -0.0999999
v 1.5 0.2 -0.0999999
v 1.7 0.2 -0.0999999
v -1.7 0.2 -0.3
v -1.5 0.2 -0.3
v 1.5 0.2 -0.3
v 1.7 0.2 -0.3
v -1.8 0.2 -0.5
v -1.7 0.2 -0.5
v 1.7 0.2 -0.5
v 1.8 0.2 -0.5
v -1.7 0.2 -0.6
v -1.6 0.2 -0.6
v -0.5 0.2 -0.6
v -0.4 0.2 -0.6
v 0.4 0.2 -0.6
v 0.5 0.2 -0.6
v 1.6 0.2 -0.6
v 1.7 0.2 -0.6
v -1.6 0.2 -0.7
v -1.5 0.2 -0.7
v -1.3 0.2 -0.7
v -1.1 0.2 -0.7
v -0.4 0.2 -0.7
v 0.4 0.2 -0.7
v 1.5 0.2 -0.7
v 1.6 0.2 -0.7
v -1.5 0.2 -0.8
v -1.4 0.2 -0.8
v -0.6 0.2 -0.8
v -0.4 0.2 -0.8
v 0.2 0.2 -0.8
v 0.4 0.2 -0.8
v 1.4 0.2 -0.8
v 1.5 0.2 -0.8
v -1.4 0.2 -0.9
v -1.3 0.2 -0.9
v -1.1 0.2 -0.9
v 1.3 0.2 -0.9
v 1.4 0.2 -0.9
v -1.3 0.2 -1
v -1.2 0.2 -1
v -0.6 0.2 -1
v -0.4 0.2 -1
v 0.2 0.2 -1
v 0.4 0.2 -1
v 1.2 0.2 -1
v 1.3 0.2 -1
v -1.2 0.2 -1.1
v -1.1 0.2 -1.1
v 1.1 0.2 -1.1
v 1.2 0.2 -1.1
v -1.1 0.2 -1.2
v -1 0.2 -1.2
v 1 0.2 -1.2
v 1.1 0.2 -1.2
v -1 0.2 -1.3
v -0.9 0.2 -1.3
v 0.9 0.2 -1.3
v 1 0.2 -1.3
v -0.5 0.2 -1.5
v -0.3 0.2 -1.5
v -0.5 0.2 -1.7
v -0.3 0.2 -1.7
v -0.9 0.2 -2
v -0.8 0.2 -2
v 0.8 0.2 -2
v 0.9 0.2 -2
v 0.5 0.2 -2.1
v 0.7 0.2 -2.1
v 0.5 0.2 -2.3
v 0.7 0.2 -2.3
v -0.8 0.2 -2.5
v -0.7 0.2 -2.5
v -0.6 0.2 -2.5
v -0.4 0.2 -2.5
v 0.2 0.2 -2.5
v 0.4 0.2 -2.5
v 0.7 0.2 -2.5
v 0.8 0.2 -2.5
v -0.6 0.2 -2.7
v -0.4 0.2 -2.7
v 0.2 0.2 -2.7
v 0.4 0.2 -2.7
v -0.7 0.2 -3
v 0.7 0.2 -3
v -0.8 0.2 -3.2
v -0.7 0.2 -3.2
v 0.7 0.2 -3.2
v 0.8 0.2 -3.2
v -0.9 0.2 -3.3
v -0.8 0.2 -3.3
v 0.8 0.2 -3.3
v 0.9 0.2 -3.3
v -0.1 0.2 -3.6
v 0.1 0.2 -3.6
v -0.2 0.2 -3.7
v -0.1 0.2 -3.7
v 0.1 0.2 -3.7
v 0.2 0.2 -3.7
v -0.2 0.2 -3.9
v -0.1 0.2 -3.9
v 0.1 0.2 -3.9
v 0.2 0.2 -3.9
v -0.1 0.2 -4
v 0 0.2 -4
v 0.1 0.2 -4
v -0.9 0.2 -4.3
v 0.9 0.2 -4.3
v -1.1 0.3 3
v -1 0.3 3
v 0.7 0.3 3
v -1.2 0.3 2.7
v -1.1 0.3 2.7
v 0.7 0.3 2.7
v 0.8 0.3 2.7
v -1.1 0.3 2.2
v -1 0.3 2.2
v 0.8 0.3 2.2
v 0.9 0.3 2.2
v -1.2 0.3 2.1
v -1.1 0.3 2.1
v 0.7 0.3 2.1
v 0.8 0.3 2.1
v -1 0.3 1.7
v -0.9 0.3 1.7
v 0.8 0.3 1.7
v 0.9 0.3 1.7
v -1.1 0.3 1.6
v -1 0.3 1.6
v -0.9 0.3 1.6
v 0.8 0.3 1.6
v -1.1 0.3 1
v -1 0.3 1
v -0.9 0.3 1
v 0.9 0.3 1
v 1 0.3 1
v 1.1 0.3 1
v -1.2 0.3 0.9
v -1.1 0.3 0.9
v -1 0.3 0.9
v -0.9 0.3 0.9
v 0.9 0.3 0.9
v 1 0.3 0.9
v 1.1 0.3 0.9
v 1.2 0.3 0.9
v -1.3 0.3 0.8
v -1.2 0.3 0.8
v -1.1 0.3 0.8
v -1 0.3 0.8
v 1 0.3 0.8
v 1.1 0.3 0.8
v 1.2 0.3 0.8
v 1.3 0.3 0.8
v -1.4 0.3 0.7
v -1.3 0.3 0.7
v -1.2 0.3 0.7
v -1.1 0.3 0.7
v 1.1 0.3 0.7
v 1.2 0.3 0.7
v 1.3 0.3 0.7
v 1.4 0.3 0.7
v -1.5 0.3 0.6
v -1.4 0.3 0.6
v -1.3 0.3 0.6
v -1.2 0.3 0.6
v 1.2 0.3 0.6
v 1.3 0.3 0.6
v 1.4 0.3 0.6
v 1.5 0.3 0.6
v -1.6 0.3 0.5
v -1.5 0.3 0.5
v -1.4 0.3 0.5
v -1.3 0.3 0.5
v 1.3 0.3 0.5
v 1.4 0.3 0.5
v 1.5 0.3 0.5
v 1.6 0.3 0.5
v -1.7 0.3 0.4
v -1.6 0.3 0.4
v -1.5 0.3 0.4
v -1.4 0.3 0.4
v 1.4 0.3 0.4
v 1.5 0.3 0.4
v 1.6 0.3 0.4
v 1.7 0.3 0.4
v -1.8 0.3 0.3
v -1.7 0.3 0.3
v -1.6 0.3 0.3
v -1.5 0.3 0.3
v -0.4 0.3 0.3
v 0.4 0.3 0.3
v 1.5 0.3 0.3
v 1.6 0.3 0.3
v 1.7 0.3 0.3
v 1.8 0.3 0.3
v -1.9 0.3 0.2
v -1.8 0.3 0.2
v -1.7 0.3 0.2
v -1.6 0.3 0.2
v -0.5 0.3 0.2
v -0.4 0.3 0.2
v 0.4 0.3 0.2
v 0.5 0.3 0.2
v 1.6 0.3 0.2
v 1.7 0.3 0.2
v 1.8 0.3 0.2
v 1.9 0.3 0.2
v -1.8 0.3 0.1
v -1.7 0.3 0.1
v 1.7 0.3 0.1
v 1.8 0.3 0.1
v -0.3 0.3 4.76837e-07
v -0.1 0.3 4.76837e-07
v 0.1 0.3 4.76837e-07
v 0.3 0.3 4.76837e-07
v -0.3 0.3 -0.4
v -0.1 0.3 -0.4
v 0.1 0.3 -0.4
v 0.3 0.3 -0.4
v -1.8 0.3 -0.5
v -1.7 0.3 -0.5
v 1.7 0.3 -0.5
v 1.8 0.3 -0.5
v -1.9 0.3 -0.6
v -1.8 0.3 -0.6
v -1.7 0.3 -0.6
v -1.6 0.3 -0.6
v -0.5 0.3 -0.6
v -0.4 0.3 -0.6
v 0.4 0.3 -0.6
v 0.5 0.3 -0.6
v 1.6 0.3 -0.6
v 1.7 0.3 -0.6
v 1.8 0.3 -0.6
v 1.9 0.3 -0.6
v -1.8 0.3 -0.7
v -1.7 0.3 -0.7
v -1.6 0.3 -0.7
v -1.5 0.3 -0.7
v -0.4 0.3 -0.7
v 0.4 0.3 -0.7
v 1.5 0.3 -0.7
v 1.6 0.3 -0.7
v 1.7 0.3 -0.7
v 1.8 0.3 -0.7
v -1.7 0.3 -0.8
v -1.6 0.3 -0.8
v -1.5 0.3 -0.8
v -1.4 0.3 -0.8
v 1.4 0.3 -0.8
v 1.5 0.3 -0.8
v 1.6 0.3 -0.8
v 1.7 0.3 -0.8
v -1.6 0.3 -0.9
v -1.5 0.3 -0.9
v -1.4 0.3 -0.9
v -1.3 0.3 -0.9
v 1.3 0.3 -0.9
v 1.4 0.3 -0.9
v 1.5 0.3 -0.9
v 1.6 0.3 -0.9
v -1.5 0.3 -1
v -1.4 0.3 -1
v -1.3 0.3 -1
v -1.2 0.3 -1
v 1.2 0.3 -1
v 1.3 0.3 -1
v 1.4 0.3 -1
v 1.5 0.3 -1
v -1.4 0.3 -1.1
v -1.3 0.3 -1.1
v -1.2 0.3 -1.1
v -1.1 0.3 -1.1
v 1.1 0.3 -1.1
v 1.2 0.3 -1.1
v 1.3 0.3 -1.1
v 1.4 0.3 -1.1
v -1.3 0.3 -1.2
v -1.2 0.3 -1.2
v -1.1 0.3 -1.2
v -1 0.3 -1.2
v 1 0.3 -1.2
v 1.1 0.3 -1.2
v 1.2 0.3 -1.2
v 1.3 0.3 -1.2
v -1.2 0.3 -1.3
v -1.1 0.3 -1.3
v -1 0.3 -1.3
v -0.9 0.3 -1.3
v 0.9 0.3 -1.3
v 1 0.3 -1.3
v 1.1 0.3 -1.3
v 1.2 0.3 -1.3
v -1.1 0.3 -1.4
v -1 0.3 -1.4
v 1 0.3 -1.4
v 1.1 0.3 -1.4
v -0.9 0.3 -2
v -0.8 0.3 -2
v 0.8 0.3 -2
v 0.9 0.3 -2
v -1 0.3 -2.1
v -0.9 0.3 -2.1
v 0.9 0.3 -2.1
v 1 0.3 -2.1
v -0.8 0.3 -2.5
v -0.7 0.3 -2.5
v 0.7 0.3 -2.5
v 0.8 0.3 -2.5
v -0.9 0.3 -2.6
v -0.8 0.3 -2.6
v 0.8 0.3 -2.6
v 0.9 0.3 -2.6
v -0.8 0.3 -2.9
v -0.7 0.3 -2.9
v 0.7 0.3 -2.9
v 0.8 0.3 -2.9
v -0.8 0.3 -3.1
v -0.7 0.3 -3.1
v 0.7 0.3 -3.1
v 0.8 0.3 -3.1
v -1 0.3 -3.2
v -0.8 0.3 -3.2
v -0.7 0.3 -3.2
v 0.7 0.3 -3.2
v 0.8 0.3 -3.2
v 1 0.3 -3.2
v -0.9 0.3 -3.3
v -0.8 0.3 -3.3
v 0.8 0.3 -3.3
v 0.9 0.3 -3.3
v -0.9 0.3 -4.3
v 0.9 0.3 -4.3
v -1 0.3 -4.4
v 1 0.3 -4.4
v -1 0.4 3.3
v 0.8 0.4 3.3
v -1.2 0.4 3.1
v -1.1 0.4 3.1
v 0.7 0.4 3.1
v 0.8 0.4 3.1
v -1.1 0.4 3
v -1 0.4 3
v 0.7 0.4 3
v 0.8 0.4 3
v -1.2 0.4 2.7
v -1.1 0.4 2.7
v 0.7 0.4 2.7
v 0.8 0.4 2.7
v -1 0.4 1.7
v -0.9 0.4 1.7
v 0.8 0.4 1.7
v 1 0.4 1.7
v -1 0.4 1.6
v -0.9 0.4 1.6
v 0.8 0.4 1.6
v 0.9 0.4 1.6
v 1 0.4 1.6
v -1 0.4 1
v -0.9 0.4 1
v 0.9 0.4 1
v 1 0.4 1
v -1 0.4 0.9
v -0.9 0.4 0.9
v 0.9 0.4 0.9
v 1 0.4 0.9
v -0.3 0.4 4.76837e-07
v -0.1 0.4 4.76837e-07
v 0.1 0.4 4.76837e-07
v 0.3 0.4 4.76837e-07
v -0.3 0.4 -0.0999999
v -0.1 0.4 -0.0999999
v 0.1 0.4 -0.0999999
v 0.2 0.4 -0.0999999
v 0.3 0.4 -0.0999999
v -0.8 0.4 -3
v -0.7 0.4 -3
v 0.7 0.4 -3
v 0.8 0.4 -3
v -1 0.4 -3.1
v -0.8 0.4 -3.1
v -0.7 0.4 -3.1
v 0.7 0.4 -3.1
v 0.8 0.4 -3.1
v 1 0.4 -3.1
v -1.1 0.4 -3.2
v -1 0.4 -3.2
v -0.8 0.4 -3.2
v 0.8 0.4 -3.2
v 1 0.4 -3.2
v 1.1 0.4 -3.2
v -1.1 0.4 -4.4
v -1 0.4 -4.4
v 1 0.4 -4.4
v 1.1 0.4 -4.4
v -1 0.4 -4.5
v 1 0.4 -4.5
v -0.9 0.5 3.9
v 0.9 0.5 3.9
v 0.8 0.5 3.6
v 0.9 0.5 3.6
v -1 0.5 3.5
v -0.9 0.5 3.5
v -1.1 0.5 3.3
v -1 0.5 3.3
v 0.8 0.5 3.3
v 0.9 0.5 3.3
v 0.7 0.5 3.1
v 0.8 0.5 3.1
v -1.1 0.5 3
v -1 0.5 3
v 0.7 0.5 3
v 0.9 0.5 3
v -1 0.5 1.6
v -0.9 0.5 1.6
v 0.9 0.5 1.6
v 1 0.5 1.6
v -1 0.5 1
v -0.9 0.5 1
v 0.9 0.5 1
v 1 0.5 1
v -0.3 0.5 -0.0999999
v -0.1 0.5 -0.0999999
v 0.1 0.5 -0.0999999
v 0.2 0.5 -0.0999999
v 0.3 0.5 -0.0999999
v -0.3 0.5 -0.2
v -0.2 0.5 -0.2
v -0.1 0.5 -0.2
v 0.1 0.5 -0.2
v 0.2 0.5 -0.2
v 0.3 0.5 -0.2
v -0.9 0.5 -2.9
v -0.7 0.5 -2.9
v 0.7 0.5 -2.9
v 0.9 0.5 -2.9
v -1.1 0.5 -3
v -0.9 0.5 -3
v -0.8 0.5 -3
v -0.7 0.5 -3
v 0.7 0.5 -3
v 0.8 0.5 -3
v 0.9 0.5 -3
v 1.1 0.5 -3
v -1.2 0.5 -3.1
v -1.1 0.5 -3.1
v -1 0.5 -3.1
v -0.8 0.5 -3.1
v 0.8 0.5 -3.1
v 1 0.5 -3.1
v 1.1 0.5 -3.1
v 1.2 0.5 -3.1
v -1.1 0.5 -3.2
v -1 0.5 -3.2
v 1 0.5 -3.2
v 1.1 0.5 -3.2
v -1.1 0.5 -4.4
v -1 0.5 -4.4
v 1 0.5 -4.4
v 1.1 0.5 -4.4
v -1.2 0.5 -4.5
v -1.1 0.5 -4.5
v -1 0.5 -4.5
v 1 0.5 -4.5
v 1.1 0.5 -4.5
v 1.2 0.5 -4.5
v -1.1 0.5 -4.6
v 1.1 0.5 -4.6
v -1 0.6 4
v 1 0.6 4
v -0.9 0.6 3.9
v 0.9 0.6 3.9
v -1.1 0.6 3.6
v -1 0.6 3.6
v 0.8 0.6 3.6
v 0.9 0.6 3.6
v -1 0.6 3.5
v -0.9 0.6 3.5
v 0.9 0.6 3.5
v 1 0.6 3.5
v -1.1 0.6 3.3
v -1 0.6 3.3
v 0.8 0.6 3.3
v 0.9 0.6 3.3
v -0.9 0.6 2.7
v -0.8 0.6 2.7
v -1 0.6 2.6
v -0.9 0.6 2.6
v -0.8 0.6 2.6
v -0.7 0.6 2.6
v -1.1 0.6 2.5
v -1 0.6 2.5
v -0.9 0.6 2.5
v -0.8 0.6 2.5
v -0.7 0.6 2.5
v -0.6 0.6 2.5
v -1.1 0.6 2.4
v -1 0.6 2.4
v -0.9 0.6 2.4
v -0.8 0.6 2.4
v -0.7 0.6 2.4
v -0.6 0.6 2.4
v -1 0.6 2.3
v -0.9 0.6 2.3
v -0.8 0.6 2.3
v -0.7 0.6 2.3
v -0.9 0.6 2.2
v -0.8 0.6 2.2
v -0.6 0.6 -0.8
v -0.4 0.6 -0.8
v -0.6 0.6 -1
v -0.4 0.6 -1
v 0.2 0.6 -2.5
v 0.4 0.6 -2.5
v 0.2 0.6 -2.7
v 0.4 0.6 -2.7
v -0.9 0.7 2.6
v -0.8 0.7 2.6
v -1 0.7 2.5
v -0.9 0.7 2.5
v -0.8 0.7 2.5
v -0.7 0.7 2.5
v 0.4 0.7 2.5
v 0.5 0.7 2.5
v -1 0.7 2.4
v -0.9 0.7 2.4
v -0.8 0.7 2.4
v -0.7 0.7 2.4
v 0.3 0.7 2.4
v 0.4 0.7 2.4
v 0.5 0.7 2.4
v 0.6 0.7 2.4
v -0.9 0.7 2.3
v -0.8 0.7 2.3
v 0.2 0.7 2.3
v 0.3 0.7 2.3
v 0.4 0.7 2.3
v 0.5 0.7 2.3
v 0.6 0.7 2.3
v 0.7 0.7 2.3
v 0.2 0.7 2.2
v 0.3 0.7 2.2
v 0.4 0.7 2.2
v 0.5 0.7 2.2
v 0.6 0.7 2.2
v 0.7 0.7 2.2
v 0.3 0.7 2.1
v 0.4 0.7 2.1
v 0.5 0.7 2.1
v 0.6 0.7 2.1
v 0.4 0.7 2
v 0.5 0.7 2
v -0.8 0.7 0.6
v -0.6 0.7 0.6
v -0.8 0.7 0.4
v -0.6 0.7 0.4
v -0.9 0.8 2.5
v -0.8 0.8 2.5
v -0.9 0.8 2.4
v -0.8 0.8 2.4
v 0.4 0.8 2.4
v 0.5 0.8 2.4
v 0.3 0.8 2.3
v 0.4 0.8 2.3
v 0.5 0.8 2.3
v 0.6 0.8 2.3
v 0.3 0.8 2.2
v 0.4 0.8 2.2
v 0.5 0.8 2.2
v 0.6 0.8 2.2
v 0.4 0.8 2.1
v 0.5 0.8 2.1
v 1.1 0.8 0.1
v 1.3 0.8 0.1
v 1.1 0.8 -0.0999999
v 1.3 0.8 -0.0999999
v 0.4 0.9 2.3
v 0.5 0.9 2.3
v 0.4 0.9 2.2
v 0.5 0.9 2.2
v 0.2 1 -3.9
v 0.4 1 -3.9
v 0.2 1 -4
v 0.4 1 -4
v -0.1 1.1 -3.9
v 0 1.1 -3.9
v 0.2 1.1 -3.9
v -0.1 1.1 -4
v 0 1.1 -4
v 0.2 1.1 -4
v -0.3 1.5 -0.2
v 0 1.5 -0.2
v 0.1 1.5 -0.2
v 0.3 1.5 -0.2
v -0.3 1.5 -0.3
v 0 1.5 -0.3
v 0.1 1.5 -0.3
v 0.3 1.5 -0.3
v -0.3 1.5 -0.4
v 0.3 1.5 -0.4

# faces
f 3/8/1 2/8/1 1/8/1
f 4/8/1 2/8/1 3/8/1
f 9/8/1 6/8/1 5/8/1
f 10/8/1 6/8/1 9/8/1
f 11/8/1 8/8/1 7/8/1
f 12/8/1 8/8/1 11/8/1
f 17/8/1 14/8/1 13/8/1
f 18/8/1 14/8/1 17/8/1
f 19/8/1 16/8/1 15/8/1
f 20/8/1 16/8/1 19/8/1
f 25/8/1 22/8/1 21/8/1
f 26/8/1 22/8/1 25/8/1
f 27/8/1 24/8/1 23/8/1
f 28/8/1 24/8/1 27/8/1
f 35/5/1 34/5/1 33/5/1
f 36/5/1 34/5/1 35/5/1
f 37/8/1 30/8/1 29/8/1
f 38/8/1 30/8/1 37/8/1
f 39/8/1 32/8/1 31/8/1
f 40/8/1 32/8/1 39/8/1
f 45/8/1 42/8/1 41/8/1
f 46/8/1 42/8/1 45/8/1
f 47/8/1 44/8/1 43/8/1
f 48/8/1 44/8/1 47/8/1
f 53/8/1 50/8/1 49/8/1
f 54/8/1 50/8/1 53/8/1
f 55/8/1 52/8/1 51/8/1
f 56/8/1 52/8/1 55/8/1
f 65/8/1 58/8/1 57/8/1
f 66/8/1 58/8/1 65/8/1
f 67/8/1 60/8/1 59/8/1
f 68/8/1 60/8/1 67/8/1
f 69/8/1 62/8/1 61/8/1
f 70/8/1 62/8/1 69/8/1
f 71/8/1 65/8/1 57/8/1
f 72/8/1 65/8/1 71/8/1
f 73/8/1 64/8/1 63/8/1
f 74/8/1 64/8/1 73/8/1
f 91/5/1 88/5/1 87/5/1
f 92/5/1 88/5/1 91/5/1
f 93/5/1 90/5/1 89/5/1
f 94/5/1 90/5/1 93/5/1
f 95/8/1 78/8/1 77/8/1
f 96/8/1 78/8/1 95/8/1
f 97/8/1 80/8/1 79/8/1
f 98/8/1 80/8/1 97/8/1
f 99/8/1 82/8/1 81/8/1
f 100/8/1 82/8/1 99/8/1
f 101/8/1 76/8/1 75/8/1
f 103/8/1 101/8/1 75/8/1
f 103/8/1 102/8/1 101/8/1
f 104/8/1 102/8/1 103/8/1
f 107/8/1 84/8/1 83/8/1
f 108/8/1 84/8/1 107/8/1
f 109/8/1 86/8/1 85/8/1
f 110/8/1 86/8/1 109/8/1
f 111/8/1 103/8/1 75/8/1
f 112/8/1 103/8/1 111/8/1
f 113/4/1 106/4/1 105/4/1
f 114/4/1 106/4/1 113/4/1
f 122/8/1 118/8/1 117/8/1
f 123/8/1 118/8/1 122/8/1
f 125/8/1 120/8/1 119/8/1
f 126/8/1 120/8/1 125/8/1
f 127/8/1 124/8/1 123/8/1
f 127/8/1 122/8/1 121/8/1
f 127/8/1 123/8/1 122/8/1
f 128/8/1 124/8/1 127/8/1
f 129/8/1 124/8/1 128/8/1
f 130/8/1 124/8/1 129/8/1
f 135/8/1 129/8/1 128/8/1
f 136/8/1 129/8/1 135/8/1
f 137/8/1 116/8/1 115/8/1
f 138/8/1 116/8/1 137/8/1
f 139/4/1 132/4/1 131/4/1
f 140/4/1 132/4/1 139/4/1
f 141/4/1 134/4/1 133/4/1
f 142/4/1 134/4/1 141/4/1
f 143/4/1 141/4/1 140/4/1
f 144/4/1 141/4/1 143/4/1
f 151/8/1 146/8/1 145/8/1
f 152/8/1 146/8/1 151/8/1
f 155/3/1 150/3/1 149/3/1
f 156/3/1 150/3/1 155/3/1
f 159/8/1 148/8/1 147/8/1
f 160/8/1 148/8/1 159/8/1
f 161/4/1 154/4/1 153/4/1
f 162/4/1 154/4/1 161/4/1
f 165/4/1 158/4/1 157/4/1
f 166/4/1 158/4/1 165/4/1
f 167/4/1 163/4/1 162/4/1
f 168/4/1 163/4/1 167/4/1
f 169/4/1 165/4/1 164/4/1
f 170/4/1 165/4/1 169/4/1
f 171/4/1 169/4/1 168/4/1
f 172/4/1 169/4/1 171/4/1
f 177/8/1 174/8/1 173/8/1
f 178/8/1 174/8/1 177/8/1
f 179/1/1 176/1/1 175/1/1
f 180/1/1 176/1/1 179/1/1
f 183/1/1 182/1/1 181/1/1
f 184/1/1 182/1/1 183/1/1
f 187/8/1 186/8/1 185/8/1
f 188/8/1 186/8/1 187/8/1
f 195/5/1 190/5/1 189/5/1
f 196/5/1 190/5/1 195/5/1
f 197/8/1 192/8/1 191/8/1
f 198/8/1 192/8/1 197/8/1
f 199/8/1 194/8/1 193/8/1
f 200/8/1 194/8/1 199/8/1
f 203/5/1 202/5/1 201/5/1
f 204/5/1 202/5/1 203/5/1
f 207/1/1 206/1/1 205/1/1
f 208/1/1 206/1/1 207/1/1
f 209/1/1 206/1/1 208/1/1
f 210/1/1 206/1/1 209/1/1
f 211/1/1 206/1/1 210/1/1
f 212/1/1 206/1/1 211/1/1
f 212/2/1 211/2/1 210/2/1
f 213/1/1 206/1/1 212/1/1
f 214/2/1 212/2/1 210/2/1
f 214/2/1 213/2/1 212/2/1
f 215/2/1 213/2/1 214/2/1
f 216/1/1 215/1/1 214/1/1
f 216/2/1 213/2/1 215/2/1
f 217/2/1 213/2/1 216/2/1
f 218/1/1 216/1/1 214/1/1
f 218/1/1 217/1/1 216/1/1
f 219/1/1 217/1/1 218/1/1
f 220/7/1 219/7/1 218/7/1
f 221/1/1 217/1/1 219/1/1
f 221/7/1 219/7/1 220/7/1
f 222/1/1 217/1/1 221/1/1
f 223/1/1 221/1/1 220/1/1
f 224/2/1 222/2/1 221/2/1
f 224/1/1 221/1/1 223/1/1
f 225/2/1 222/2/1 224/2/1
f 228/3/1 227/3/1 226/3/1
f 229/3/1 227/3/1 228/3/1
f 234/5/1 231/5/1 230/5/1
f 235/5/1 231/5/1 234/5/1
f 236/5/1 233/5/1 232/5/1
f 237/5/1 233/5/1 236/5/1
f 240/1/1 239/1/1 238/1/1
f 241/1/1 239/1/1 240/1/1
f 242/1/1 239/1/1 241/1/1
f 243/2/1 242/2/1 241/2/1
f 244/1/1 239/1/1 242/1/1
f 244/2/1 242/2/1 243/2/1
f 245/1/1 239/1/1 244/1/1
f 246/2/1 245/2/1 244/2/1
f 247/2/1 245/2/1 246/2/1
f 252/5/1 249/5/1 248/5/1
f 253/5/1 249/5/1 252/5/1
f 256/1/1 251/1/1 250/1/1
f 257/1/1 251/1/1 256/1/1
f 258/4/1 255/4/1 254/4/1
f 259/4/1 255/4/1 258/4/1
f 264/4/1 261/4/1 260/4/1
f 265/4/1 261/4/1 264/4/1
f 266/4/1 263/4/1 262/4/1
f 267/4/1 263/4/1 266/4/1
f 268/4/1 266/4/1 265/4/1
f 269/4/1 266/4/1 268/4/1
f 274/5/1 271/5/1 270/5/1
f 275/5/1 271/5/1 274/5/1
f 278/3/1 273/3/1 272/3/1
f 279/3/1 273/3/1 278/3/1
f 282/4/1 277/4/1 276/4/1
f 283/4/1 277/4/1 282/4/1
f 286/4/1 281/4/1 280/4/1
f 287/4/1 281/4/1 286/4/1
f 288/4/1 284/4/1 283/4/1
f 289/4/1 284/4/1 288/4/1
f 290/4/1 286/4/1 285/4/1
f 291/4/1 286/4/1 290/4/1
f 292/4/1 290/4/1 289/4/1
f 293/4/1 290/4/1 292/4/1
f 298/5/1 295/5/1 294/5/1
f 299/5/1 295/5/1 298/5/1
f 304/8/1 297/8/1 296/8/1
f 305/8/1 297/8/1 304/8/1
f 306/8/1 301/8/1 300/8/1
f 307/8/1 301/8/1 306/8/1
f 308/5/1 302/5/1 301/5/1
f 309/5/1 302/5/1 308/5/1
f 311/8/1 304/8/1 303/8/1
f 312/8/1 304/8/1 311/8/1
f 313/8/1 301/8/1 307/8/1
f 313/5/1 308/5/1 301/5/1
f 314/5/1 308/5/1 313/5/1
f 315/8/1 311/8/1 310/8/1
f 316/8/1 311/8/1 315/8/1
f 317/8/1 313/8/1 307/8/1
f 318/8/1 313/8/1 317/8/1
f 325/8/1 320/8/1 319/8/1
f 326/8/1 320/8/1 325/8/1
f 328/8/1 322/8/1 321/8/1
f 329/8/1 322/8/1 328/8/1
f 331/5/1 324/5/1 323/5/1
f 332/5/1 324/5/1 331/5/1
f 335/8/1 327/8/1 326/8/1
f 336/8/1 327/8/1 335/8/1
f 338/5/1 331/5/1 330/5/1
f 339/5/1 331/5/1 338/5/1
f 341/8/1 334/8/1 333/8/1
f 342/8/1 334/8/1 341/8/1
f 343/8/1 338/8/1 337/8/1
f 344/8/1 338/8/1 343/8/1
f 345/8/1 341/8/1 340/8/1
f 346/8/1 341/8/1 345/8/1
f 353/8/1 348/8/1 347/8/1
f 354/8/1 348/8/1 353/8/1
f 355/5/1 350/5/1 349/5/1
f 356/5/1 350/5/1 355/5/1
f 358/8/1 352/8/1 351/8/1
f 359/8/1 352/8/1 358/8/1
f 362/8/1 358/8/1 357/8/1
f 363/8/1 358/8/1 362/8/1
f 364/8/1 361/8/1 360/8/1
f 365/8/1 361/8/1 364/8/1
f 370/8/1 367/8/1 366/8/1
f 371/8/1 367/8/1 370/8/1
f 372/8/1 369/8/1 368/8/1
f 373/8/1 369/8/1 372/8/1
f 377/5/1 375/5/1 374/5/1
f 378/5/1 375/5/1 377/5/1
f 380/8/1 377/8/1 376/8/1
f 381/8/1 377/8/1 380/8/1
f 382/8/1 379/8/1 378/8/1
f 383/8/1 379/8/1 382/8/1
f 387/5/1 385/5/1 384/5/1
f 388/5/1 385/5/1 387/5/1
f 393/8/1 387/8/1 386/8/1
f 394/8/1 387/8/1 393/8/1
f 395/8/1 392/8/1 391/8/1
f 396/8/1 392/8/1 395/8/1
f 399/8/1 398/8/1 397/8/1
f 400/8/1 398/8/1 399/8/1
f 401/1/1 390/1/1 389/1/1
f 402/1/1 390/1/1 401/1/1
f 407/8/1 404/8/1 403/8/1
f 408/8/1 404/8/1 407/8/1
f 409/8/1 406/8/1 405/8/1
f 410/8/1 406/8/1 409/8/1
f 415/8/1 412/8/1 411/8/1
f 416/8/1 412/8/1 415/8/1
f 417/8/1 414/8/1 413/8/1
f 418/8/1 414/8/1 417/8/1
f 423/8/1 420/8/1 419/8/1
f 424/8/1 420/8/1 423/8/1
f 425/8/1 422/8/1 421/8/1
f 426/8/1 422/8/1 425/8/1
f 431/8/1 428/8/1 427/8/1
f 432/8/1 428/8/1 431/8/1
f 433/8/1 430/8/1 429/8/1
f 434/8/1 430/8/1 433/8/1
f 439/8/1 436/8/1 435/8/1
f 440/8/1 436/8/1 439/8/1
f 441/8/1 438/8/1 437/8/1
f 442/8/1 438/8/1 441/8/1
f 447/5/1 444/5/1 443/5/1
f 448/5/1 444/5/1 447/5/1
f 451/8/1 446/8/1 445/8/1
f 452/8/1 446/8/1 451/8/1
f 453/8/1 450/8/1 449/8/1
f 454/8/1 450/8/1 453/8/1
f 457/8/1 456/8/1 455/8/1
f 458/8/1 456/8/1 457/8/1
f 459/8/2 460/8/2 461/8/2
f 461/8/2 460/8/2 462/8/2
f 463/5/2 464/5/2 467/5/2
f 467/5/2 464/5/2 468/5/2
f 465/8/2 466/8/2 471/8/2
f 471/8/2 466/8/2 472/8/2
f 469/8/2 470/8/2 473/8/2
f 473/8/2 470/8/2 474/8/2
f 475/8/2 476/8/2 479/8/2
f 479/8/2 476/8/2 480/8/2
f 477/8/2 478/8/2 481/8/2
f 481/8/2 478/8/2 482/8/2
f 483/8/2 484/8/2 487/8/2
f 487/8/2 484/8/2 488/8/2
f 485/8/2 486/8/2 489/8/2
f 489/8/2 486/8/2 490/8/2
f 491/8/2 492/8/2 495/8/2
f 495/8/2 492/8/2 496/8/2
f 493/8/2 494/8/2 497/8/2
f 497/8/2 494/8/2 498/8/2
f 499/5/2 500/5/2 505/5/2
f 505/5/2 500/5/2 506/5/2
f 501/5/2 502/5/2 507/5/2
f 507/5/2 502/5/2 508/5/2
f 503/8/2 504/8/2 510/8/2
f 510/8/2 504/8/2 511/8/2
f 508/8/2 509/8/2 512/8/2
f 512/8/2 509/8/2 513/8/2
f 514/8/2 515/8/2 518/8/2
f 518/8/2 515/8/2 519/8/2
f 516/8/2 517/8/2 520/8/2
f 520/8/2 517/8/2 521/8/2
f 522/8/2 523/8/2 529/8/2
f 529/8/2 523/8/2 530/8/2
f 524/8/2 525/8/2 531/8/2
f 531/8/2 525/8/2 532/8/2
f 526/8/2 527/8/2 533/8/2
f 533/8/2 527/8/2 534/8/2
f 528/8/2 529/8/2 535/8/2
f 535/8/2 529/8/2 536/8/2
f 537/8/2 538/8/2 539/8/2
f 539/8/2 538/8/2 540/8/2
f 541/8/2 542/8/2 547/8/2
f 547/8/2 542/8/2 548/8/2
f 543/8/2 544/8/2 549/8/2
f 549/8/2 544/8/2 550/8/2
f 545/8/2 546/8/2 551/8/2
f 551/8/2 546/8/2 552/8/2
f 553/5/2 554/5/2 558/5/2
f 558/5/2 554/5/2 559/5/2
f 555/8/2 556/8/2 562/8/2
f 562/8/2 556/8/2 563/8/2
f 557/8/2 558/8/2 564/8/2
f 564/8/2 558/8/2 565/8/2
f 559/8/2 560/8/2 566/8/2
f 566/8/2 560/8/2 567/8/2
f 561/8/2 562/8/2 568/8/2
f 568/8/2 562/8/2 569/8/2
f 570/8/2 571/8/2 578/8/2
f 578/8/2 571/8/2 579/8/2
f 572/5/2 573/5/2 580/5/2
f 580/5/2 573/5/2 581/5/2
f 574/8/2 575/8/2 582/8/2
f 582/8/2 575/8/2 583/8/2
f 576/8/2 577/8/2 584/8/2
f 584/8/2 577/8/2 585/8/2
f 583/8/2 584/8/2 588/8/2
f 588/8/2 584/8/2 589/8/2
f 586/8/2 587/8/2 590/8/2
f 590/8/2 587/8/2 591/8/2
f 594/8/2 595/8/2 598/8/2
f 598/8/2 595/8/2 599/8/2
f 596/5/2 597/5/2 601/5/2
f 601/5/2 597/5/2 602/5/2
f 600/5/2 601/5/2 604/5/2
f 604/5/2 601/5/2 605/5/2
f 592/3/2 593/3/2 608/3/2
f 608/3/2 593/3/2 609/3/2
f 603/8/2 604/8/2 612/8/2
f 612/8/2 604/8/2 613/8/2
f 606/4/2 607/4/2 614/4/2
f 614/4/2 607/4/2 615/4/2
f 610/4/2 611/4/2 618/4/2
f 618/4/2 611/4/2 619/4/2
f 615/4/2 616/4/2 620/4/2
f 620/4/2 616/4/2 621/4/2
f 617/4/2 618/4/2 622/4/2
f 622/4/2 618/4/2 623/4/2
f 621/4/2 622/4/2 624/4/2
f 624/4/2 622/4/2 625/4/2
f 626/8/2 627/8/2 629/8/2
f 629/8/2 627/8/2 630/8/2
f 627/5/2 628/5/2 631/5/2
f 631/5/2 628/5/2 632/5/2
f 630/8/2 627/8/2 633/8/2
f 627/5/2 631/5/2 633/5/2
f 633/5/2 631/5/2 634/5/2
f 630/8/2 633/8/2 639/8/2
f 639/8/2 633/8/2 640/8/2
f 635/4/2 636/4/2 641/4/2
f 641/4/2 636/4/2 642/4/2
f 637/4/2 638/4/2 643/4/2
f 643/4/2 638/4/2 644/4/2
f 642/4/2 643/4/2 645/4/2
f 645/4/2 643/4/2 646/4/2
f 647/5/2 648/5/2 651/5/2
f 651/5/2 648/5/2 652/5/2
f 653/4/2 654/4/2 655/4/2
f 655/4/2 654/4/2 656/4/2
f 649/1/2 650/1/2 657/1/2
f 657/1/2 650/1/2 658/1/2
f 659/5/2 660/5/2 661/5/2
f 661/5/2 660/5/2 662/5/2
f 663/1/2 664/1/2 665/1/2
f 665/1/2 664/1/2 666/1/2
f 667/5/2 668/5/2 669/5/2
f 669/5/2 668/5/2 670/5/2
f 671/5/2 672/5/2 673/5/2
f 673/5/2 672/5/2 674/5/2
f 675/1/2 676/1/2 677/1/2
f 677/1/2 676/1/2 678/1/2
f 678/1/2 676/1/2 679/1/2
f 679/1/2 676/1/2 680/1/2
f 680/1/2 676/1/2 681/1/2
f 681/1/2 676/1/2 682/1/2
f 683/3/2 684/3/2 685/3/2
f 683/3/2 685/3/2 686/3/2
f 686/3/2 685/3/2 687/3/2
f 688/5/2 689/5/2 690/5/2
f 690/5/2 689/5/2 691/5/2
f 692/6/2 693/6/2 694/6/2
f 694/6/2 693/6/2 695/6/2
f 696/6/2 697/6/2 698/6/2
f 698/6/2 697/6/2 699/6/2
f 700/1/2 701/1/2 702/1/2
f 702/1/2 701/1/2 703/1/2
f 703/1/2 701/1/2 704/1/2
f 704/1/2 701/1/2 705/1/2
f 705/1/2 701/1/2 706/1/2
f 706/1/2 701/1/2 707/1/2
f 705/1/2 706/1/2 708/1/2
f 706/2/2 707/2/2 709/2/2
f 708/1/2 706/1/2 709/1/2
f 708/2/2 709/2/2 710/2/2
f 709/2/2 707/2/2 710/2/2
f 710/2/2 707/2/2 711/2/2
f 708/2/2 710/2/2 712/2/2
f 710/1/2 711/1/2 713/1/2
f 712/2/2 710/2/2 713/2/2
f 712/1/2 713/1/2 714/1/2
f 713/1/2 711/1/2 715/1/2
f 714/1/2 713/1/2 715/1/2
f 714/7/2 715/7/2 716/7/2
f 715/1/2 711/1/2 717/1/2
f 716/7/2 715/7/2 717/7/2
f 717/1/2 711/1/2 718/1/2
f 716/1/2 717/1/2 719/1/2
f 717/2/2 718/2/2 720/2/2
f 719/1/2 717/1/2 720/1/2
f 720/2/2 718/2/2 721/2/2
f 722/8/2 723/8/2 728/8/2
f 728/8/2 723/8/2 729/8/2
f 724/8/2 725/8/2 730/8/2
f 730/8/2 725/8/2 731/8/2
f 726/1/2 727/1/2 732/1/2
f 732/1/2 727/1/2 733/1/2
f 734/6/2 735/6/2 736/6/2
f 736/6/2 735/6/2 737/6/2
f 738/5/2 739/5/2 744/5/2
f 744/5/2 739/5/2 745/5/2
f 742/8/2 743/8/2 746/8/2
f 746/8/2 743/8/2 747/8/2
f 740/3/2 741/3/2 750/3/2
f 750/3/2 741/3/2 751/3/2
f 748/4/2 749/4/2 754/4/2
f 754/4/2 749/4/2 755/4/2
f 752/4/2 753/4/2 758/4/2
f 758/4/2 753/4/2 759/4/2
f 755/4/2 756/4/2 760/4/2
f 760/4/2 756/4/2 761/4/2
f 757/4/2 758/4/2 762/4/2
f 762/4/2 758/4/2 763/4/2
f 761/4/2 762/4/2 764/4/2
f 764/4/2 762/4/2 765/4/2
f 766/4/2 767/4/2 770/4/2
f 770/4/2 767/4/2 771/4/2
f 768/4/2 769/4/2 772/4/2
f 772/4/2 769/4/2 773/4/2
f 771/4/2 772/4/2 774/4/2
f 774/4/2 772/4/2 775/4/2
f 776/4/2 777/4/2 778/4/2
f 778/4/2 777/4/2 779/4/2
f 780/8/2 781/8/2 784/8/2
f 784/8/2 781/8/2 785/8/2
f 782/8/2 783/8/2 786/8/2
f 786/8/2 783/8/2 787/8/2
f 780/8/2 784/8/2 788/8/2
f 788/8/2 784/8/2 789/8/2
f 798/5/2 799/5/2 800/5/2
f 800/5/2 799/5/2 801/5/2
f 792/8/2 793/8/2 802/8/2
f 802/8/2 793/8/2 803/8/2
f 794/8/2 795/8/2 804/8/2
f 804/8/2 795/8/2 805/8/2
f 790/8/2 791/8/2 806/8/2
f 806/8/2 791/8/2 807/8/2
f 796/8/2 797/8/2 808/8/2
f 808/8/2 797/8/2 809/8/2
f 790/8/2 806/8/2 810/8/2
f 810/8/2 806/8/2 811/8/2
f 814/8/2 815/8/2 818/8/2
f 816/8/2 817/8/2 820/8/2
f 820/8/2 817/8/2 821/8/2
f 818/8/2 819/8/2 822/8/2
f 814/8/2 818/8/2 822/8/2
f 822/8/2 819/8/2 823/8/2
f 823/8/2 819/8/2 824/8/2
f 824/8/2 819/8/2 825/8/2
f 823/8/2 824/8/2 826/8/2
f 826/8/2 824/8/2 827/8/2
f 812/8/2 813/8/2 828/8/2
f 828/8/2 813/8/2 829/8/2
f 830/8/2 831/8/2 838/8/2
f 838/8/2 831/8/2 839/8/2
f 832/8/2 833/8/2 840/8/2
f 840/8/2 833/8/2 841/8/2
f 834/8/2 835/8/2 842/8/2
f 842/8/2 835/8/2 843/8/2
f 836/8/2 837/8/2 844/8/2
f 844/8/2 837/8/2 845/8/2
f 846/8/2 847/8/2 852/8/2
f 852/8/2 847/8/2 853/8/2
f 848/8/2 849/8/2 854/8/2
f 854/8/2 849/8/2 855/8/2
f 850/8/2 851/8/2 856/8/2
f 856/8/2 851/8/2 857/8/2
f 858/8/2 859/8/2 864/8/2
f 864/8/2 859/8/2 865/8/2
f 860/8/2 861/8/2 866/8/2
f 866/8/2 861/8/2 867/8/2
f 862/1/2 863/1/2 868/1/2
f 868/1/2 863/1/2 869/1/2
f 870/8/2 871/8/2 874/8/2
f 874/8/2 871/8/2 875/8/2
f 872/8/2 873/8/2 876/8/2
f 876/8/2 873/8/2 877/8/2
f 882/5/2 883/5/2 884/5/2
f 884/5/2 883/5/2 885/5/2
f 878/8/2 879/8/2 886/8/2
f 886/8/2 879/8/2 887/8/2
f 880/8/2 881/8/2 888/8/2
f 888/8/2 881/8/2 889/8/2
f 890/8/2 891/8/2 894/8/2
f 894/8/2 891/8/2 895/8/2
f 892/8/2 893/8/2 896/8/2
f 896/8/2 893/8/2 897/8/2
f 898/8/2 899/8/2 902/8/2
f 902/8/2 899/8/2 903/8/2
f 900/8/2 901/8/2 904/8/2
f 904/8/2 901/8/2 905/8/2
f 906/8/2 907/8/2 910/8/2
f 910/8/2 907/8/2 911/8/2
f 908/8/2 909/8/2 912/8/2
f 912/8/2 909/8/2 913/8/2
f 914/8/2 915/8/2 916/8/2
f 916/8/2 915/8/2 917/8/2
f 920/8/3 919/8/3 918/8/3
f 921/8/3 919/8/3 920/8/3
f 924/8/3 923/8/3 922/8/3
f 925/8/3 923/8/3 924/8/3
f 928/8/3 927/8/3 926/8/3
f 929/8/3 927/8/3 928/8/3
f 932/8/3 931/8/3 930/8/3
f 933/8/3 931/8/3 932/8/3
f 936/8/3 935/8/3 934/8/3
f 937/8/3 935/8/3 936/8/3
f 940/4/3 939/4/3 938/4/3
f 941/4/3 939/4/3 940/4/3
f 944/4/3 943/4/3 942/4/3
f 945/4/3 943/4/3 944/4/3
f 948/4/3 946/4/3 945/4/3
f 949/4/3 946/4/3 948/4/3
f 950/4/3 948/4/3 947/4/3
f 951/4/3 948/4/3 950/4/3
f 954/4/3 953/4/3 952/4/3
f 955/4/3 953/4/3 954/4/3
f 959/4/3 956/4/3 955/4/3
f 960/4/3 956/4/3 959/4/3
f 962/3/3 958/3/3 957/3/3
f 963/3/3 958/3/3 962/3/3
f 965/4/3 961/4/3 960/4/3
f 966/4/3 961/4/3 965/4/3
f 968/4/3 965/4/3 964/4/3
f 969/4/3 965/4/3 968/4/3
f 970/4/3 968/4/3 967/4/3
f 971/4/3 968/4/3 970/4/3
f 974/4/3 973/4/3 972/4/3
f 975/4/3 973/4/3 974/4/3
f 978/4/3 977/4/3 976/4/3
f 979/4/3 977/4/3 978/4/3
f 982/4/3 980/4/3 979/4/3
f 983/4/3 980/4/3 982/4/3
f 984/4/3 982/4/3 981/4/3
f 985/4/3 982/4/3 984/4/3
f 988/4/3 987/4/3 986/4/3
f 989/4/3 987/4/3 988/4/3
f 993/4/3 990/4/3 989/4/3
f 994/4/3 990/4/3 993/4/3
f 996/3/3 992/3/3 991/3/3
f 997/3/3 992/3/3 996/3/3
f 999/4/3 995/4/3 994/4/3
f 1000/4/3 995/4/3 999/4/3
f 1002/4/3 999/4/3 998/4/3
f 1003/4/3 999/4/3 1002/4/3
f 1004/4/3 1002/4/3 1001/4/3
f 1005/4/3 1002/4/3 1004/4/3
f 1008/8/3 1007/8/3 1006/8/3
f 1009/8/3 1007/8/3 1008/8/3
f 1012/8/3 1011/8/3 1010/8/3
f 1013/8/3 1011/8/3 1012/8/3
f 1017/8/3 1015/8/3 1014/8/3
f 1017/8/3 1016/8/3 1015/8/3
f 1018/8/3 1016/8/3 1017/8/3
f 1019/8/3 1016/8/3 1018/8/3
f 1020/5/3 1018/5/3 1017/5/3
f 1021/5/3 1018/5/3 1020/5/3
f 1024/8/3 1022/8/3 1021/8/3
f 1025/8/3 1024/8/3 1023/8/3
f 1026/8/3 1022/8/3 1024/8/3
f 1026/8/3 1024/8/3 1025/8/3
f 1030/8/3 1028/8/3 1027/8/3
f 1031/8/3 1028/8/3 1030/8/3
f 1032/5/3 1030/5/3 1029/5/3
f 1033/5/3 1030/5/3 1032/5/3
f 1036/8/3 1035/8/3 1034/8/3
f 1037/8/3 1035/8/3 1036/8/3
f 1040/8/3 1039/8/3 1038/8/3
f 1041/8/3 1039/8/3 1040/8/3
f 1044/8/3 1043/8/3 1042/8/3
f 1045/8/3 1043/8/3 1044/8/3
f 1048/8/3 1047/8/3 1046/8/3
f 1049/8/3 1047/8/3 1048/8/3
f 1052/8/3 1051/8/3 1050/8/3
f 1053/8/3 1051/8/3 1052/8/3
f 1056/8/3 1055/8/3 1054/8/3
f 1057/8/3 1055/8/3 1056/8/3
f 1060/8/3 1059/8/3 1058/8/3
f 1061/8/3 1059/8/3 1060/8/3
f 1064/8/3 1063/8/3 1062/8/3
f 1065/8/3 1063/8/3 1064/8/3
f 1068/8/3 1067/8/3 1066/8/3
f 1069/8/3 1067/8/3 1068/8/3
f 1072/8/3 1071/8/3 1070/8/3
f 1073/8/3 1071/8/3 1072/8/3
f 1076/1/3 1075/1/3 1074/1/3
f 1077/1/3 1075/1/3 1076/1/3
f 1080/8/3 1079/8/3 1078/8/3
f 1081/8/3 1079/8/3 1080/8/3
f 1084/8/3 1083/8/3 1082/8/3
f 1085/8/3 1083/8/3 1084/8/3
f 1088/5/3 1087/5/3 1086/5/3
f 1089/5/3 1087/5/3 1088/5/3
f 1092/8/3 1091/8/3 1090/8/3
f 1093/8/3 1091/8/3 1092/8/3
f 1096/8/3 1095/8/3 1094/8/3
f 1097/8/3 1095/8/3 1096/8/3
f 1100/8/3 1099/8/3 1098/8/3
f 1101/8/3 1099/8/3 1100/8/3
f 1104/8/3 1103/8/3 1102/8/3
f 1105/8/3 1103/8/3 1104/8/3
f 1108/8/3 1107/8/3 1106/8/3
f 1109/8/3 1107/8/3 1108/8/3
f 1112/8/3 1111/8/3 1110/8/3
f 1113/8/3 1111/8/3 1112/8/3
f 1116/8/3 1115/8/3 1114/8/3
f 1117/8/3 1115/8/3 1116/8/3
f 1120/5/3 1119/5/3 1118/5/3
f 1121/5/3 1119/5/3 1120/5/3
f 1124/8/3 1123/8/3 1122/8/3
f 1125/8/3 1123/8/3 1124/8/3
f 1128/8/3 1127/8/3 1126/8/3
f 1129/8/3 1127/8/3 1128/8/3
f 1132/8/3 1131/8/3 1130/8/3
f 1133/8/3 1131/8/3 1132/8/3
f 1136/1/3 1135/1/3 1134/1/3
f 1137/1/3 1135/1/3 1136/1/3
f 1140/1/3 1139/1/3 1138/1/3
f 1141/1/3 1139/1/3 1140/1/3
f 1144/1/3 1143/1/3 1142/1/3
f 1145/1/3 1143/1/3 1144/1/3
f 1148/1/3 1147/1/3 1146/1/3
f 1149/1/3 1147/1/3 1148/1/3
f 1152/2/3 1151/2/3 1150/2/3
f 1153/2/3 1151/2/3 1152/2/3
f 1154/1/3 1153/1/3 1152/1/3
f 1155/1/3 1153/1/3 1154/1/3
f 1161/2/3 1157/2/3 1156/2/3
f 1162/1/3 1158/1/3 1157/1/3
f 1162/2/3 1157/2/3 1161/2/3
f 1163/7/3 1159/7/3 1158/7/3
f 1163/1/3 1158/1/3 1162/1/3
f 1164/1/3 1160/1/3 1159/1/3
f 1164/7/3 1159/7/3 1163/7/3
f 1165/1/3 1163/1/3 1162/1/3
f 1165/1/3 1162/1/3 1161/1/3
f 1166/1/3 1163/1/3 1165/1/3
f 1167/1/3 1163/1/3 1166/1/3
f 1168/1/3 1163/1/3 1167/1/3
f 1169/9/3 1164/9/3 1163/9/3
f 1169/1/3 1163/1/3 1168/1/3
f 1170/1/3 1160/1/3 1164/1/3
f 1170/9/3 1164/9/3 1169/9/3
f 1171/1/3 1169/1/3 1168/1/3
f 1171/1/3 1160/1/3 1170/1/3
f 1171/1/3 1170/1/3 1169/1/3
f 1172/1/3 1160/1/3 1171/1/3
f 1174/1/3 1167/1/3 1166/1/3
f 1175/9/3 1168/9/3 1167/9/3
f 1175/1/3 1167/1/3 1174/1/3
f 1176/1/3 1171/1/3 1168/1/3
f 1176/9/3 1168/9/3 1175/9/3
f 1177/1/3 1171/1/3 1176/1/3
f 1178/1/3 1171/1/3 1177/1/3
f 1179/2/3 1172/2/3 1171/2/3
f 1179/1/3 1171/1/3 1178/1/3
f 1180/2/3 1172/2/3 1179/2/3
f 1181/2/3 1174/2/3 1173/2/3
f 1182/2/3 1174/2/3 1181/2/3
f 1183/1/3 1175/1/3 1174/1/3
f 1183/2/3 1174/2/3 1182/2/3
f 1183/1/3 1176/1/3 1175/1/3
f 1184/9/3 1177/9/3 1176/9/3
f 1184/1/3 1176/1/3 1183/1/3
f 1185/1/3 1178/1/3 1177/1/3
f 1185/9/3 1177/9/3 1184/9/3
f 1186/9/3 1179/9/3 1178/9/3
f 1186/1/3 1178/1/3 1185/1/3
f 1187/1/3 1180/1/3 1179/1/3
f 1187/9/3 1179/9/3 1186/9/3
f 1188/1/3 1182/1/3 1181/1/3
f 1189/2/3 1184/2/3 1183/2/3
f 1189/1/3 1182/1/3 1188/1/3
f 1189/2/3 1183/2/3 1182/2/3
f 1189/2/3 1185/2/3 1184/2/3
f 1190/1/3 1186/1/3 1185/1/3
f 1190/2/3 1185/2/3 1189/2/3
f 1191/7/3 1187/7/3 1186/7/3
f 1191/1/3 1186/1/3 1190/1/3
f 1192/1/3 1180/1/3 1187/1/3
f 1192/7/3 1187/7/3 1191/7/3
f 1193/1/3 1180/1/3 1192/1/3
f 1196/5/3 1195/5/3 1194/5/3
f 1197/5/3 1195/5/3 1196/5/3
f 1200/5/3 1199/5/3 1198/5/3
f 1201/5/3 1199/5/3 1200/5/3
f 1204/8/3 1203/8/3 1202/8/3
f 1205/8/3 1203/8/3 1204/8/3
f 1208/8/3 1207/8/3 1206/8/3
f 1209/8/3 1207/8/3 1208/8/3
f 1212/8/3 1211/8/3 1210/8/3
f 1213/8/3 1211/8/3 1212/8/3
f 1216/8/3 1215/8/3 1214/8/3
f 1217/8/3 1215/8/3 1216/8/3
f 1220/8/3 1219/8/3 1218/8/3
f 1221/8/3 1219/8/3 1220/8/3
f 1224/8/3 1223/8/3 1222/8/3
f 1225/8/3 1223/8/3 1224/8/3
f 1228/8/3 1227/8/3 1226/8/3
f 1229/8/3 1227/8/3 1228/8/3
f 1232/1/3 1231/1/3 1230/1/3
f 1233/1/3 1231/1/3 1232/1/3
f 1236/8/3 1235/8/3 1234/8/3
f 1237/8/3 1235/8/3 1236/8/3
f 1241/8/3 1239/8/3 1238/8/3
f 1242/8/3 1239/8/3 1241/8/3
f 1243/5/3 1241/5/3 1240/5/3
f 1244/5/3 1241/5/3 1243/5/3
f 1247/8/3 1246/8/3 1245/8/3
f 1248/8/3 1246/8/3 1247/8/3
f 1251/8/3 1250/8/3 1249/8/3
f 1252/8/3 1250/8/3 1251/8/3
f 1255/5/3 1254/5/3 1253/5/3
f 1256/5/3 1254/5/3 1255/5/3
f 1259/8/3 1258/8/3 1257/8/3
f 1260/8/3 1258/8/3 1259/8/3
f 1263/8/3 1262/8/3 1261/8/3
f 1264/8/3 1262/8/3 1263/8/3
f 1267/8/3 1266/8/3 1265/8/3
f 1268/8/3 1266/8/3 1267/8/3
f 1271/8/3 1270/8/3 1269/8/3
f 1272/8/3 1270/8/3 1271/8/3
f 1275/8/3 1274/8/3 1273/8/3
f 1276/8/3 1274/8/3 1275/8/3
f 1279/8/3 1278/8/3 1277/8/3
f 1280/8/3 1278/8/3 1279/8/3
f 1283/8/3 1282/8/3 1281/8/3
f 1284/8/3 1282/8/3 1283/8/3
f 1287/5/3 1286/5/3 1285/5/3
f 1288/5/3 1286/5/3 1287/5/3
f 1291/8/3 1290/8/3 1289/8/3
f 1292/8/3 1290/8/3 1291/8/3
f 1295/8/3 1294/8/3 1293/8/3
f 1296/8/3 1294/8/3 1295/8/3
f 1299/5/3 1298/5/3 1297/5/3
f 1300/5/3 1298/5/3 1299/5/3
f 1303/8/3 1302/8/3 1301/8/3
f 1304/8/3 1302/8/3 1303/8/3
f 1307/1/3 1306/1/3 1305/1/3
f 1308/1/3 1306/1/3 1307/1/3
f 1311/8/3 1310/8/3 1309/8/3
f 1312/8/3 1310/8/3 1311/8/3
f 1315/5/3 1314/5/3 1313/5/3
f 1316/5/3 1314/5/3 1315/5/3
f 1319/8/3 1318/8/3 1317/8/3
f 1320/8/3 1318/8/3 1319/8/3
f 1321/8/3 1318/8/3 1320/8/3
f 1322/8/3 1318/8/3 1321/8/3
f 1326/8/3 1324/8/3 1323/8/3
f 1327/8/3 1326/8/3 1325/8/3
f 1328/8/3 1324/8/3 1326/8/3
f 1328/8/3 1326/8/3 1327/8/3
f 1331/8/3 1330/8/3 1329/8/3
f 1332/8/3 1330/8/3 1331/8/3
f 1335/8/3 1334/8/3 1333/8/3
f 1336/8/3 1334/8/3 1335/8/3
f 1339/8/3 1338/8/3 1337/8/3
f 1340/8/3 1338/8/3 1339/8/3
f 1343/8/3 1342/8/3 1341/8/3
f 1344/8/3 1342/8/3 1343/8/3
f 1347/5/3 1346/5/3 1345/5/3
f 1348/5/3 1346/5/3 1347/5/3
f 1350/3/3 1348/3/3 1347/3/3
f 1350/3/3 1349/3/3 1348/3/3
f 1351/3/3 1349/3/3 1350/3/3
f 1352/3/3 1349/3/3 1351/3/3
f 1355/5/3 1354/5/3 1353/5/3
f 1356/5/3 1354/5/3 1355/5/3
f 1357/6/3 1352/6/3 1351/6/3
f 1358/6/3 1352/6/3 1357/6/3
f 1359/6/3 1352/6/3 1358/6/3
f 1360/6/3 1352/6/3 1359/6/3
f 1361/6/3 1359/6/3 1358/6/3
f 1362/6/3 1359/6/3 1361/6/3
f 1365/5/3 1364/5/3 1363/5/3
f 1366/5/3 1364/5/3 1365/5/3
f 1369/5/3 1368/5/3 1367/5/3
f 1370/5/3 1368/5/3 1369/5/3
f 1374/8/3 1372/8/3 1371/8/3
f 1375/8/3 1372/8/3 1374/8/3
f 1376/5/3 1374/5/3 1373/5/3
f 1377/5/3 1374/5/3 1376/5/3
f 1379/8/3 1378/8/3 1377/8/3
f 1380/8/3 1378/8/3 1379/8/3
f 1383/8/3 1382/8/3 1381/8/3
f 1384/8/3 1382/8/3 1383/8/3
f 1385/8/4 1386/8/4 1387/8/4
f 1387/8/4 1386/8/4 1388/8/4
f 1389/8/4 1390/8/4 1391/8/4
f 1391/8/4 1390/8/4 1392/8/4
f 1393/8/4 1394/8/4 1395/8/4
f 1395/8/4 1394/8/4 1396/8/4
f 1397/8/4 1398/8/4 1400/8/4
f 1400/8/4 1398/8/4 1401/8/4
f 1399/5/4 1400/5/4 1402/5/4
f 1402/5/4 1400/5/4 1403/5/4
f 1403/8/4 1404/8/4 1405/8/4
f 1405/8/4 1404/8/4 1406/8/4
f 1407/8/4 1408/8/4 1410/8/4
f 1408/8/4 1409/8/4 1410/8/4
f 1410/8/4 1409/8/4 1411/8/4
f 1411/8/4 1409/8/4 1412/8/4
f 1410/5/4 1411/5/4 1413/5/4
f 1413/5/4 1411/5/4 1414/5/4
f 1414/8/4 1415/8/4 1417/8/4
f 1416/8/4 1417/8/4 1418/8/4
f 1417/8/4 1415/8/4 1419/8/4
f 1418/8/4 1417/8/4 1419/8/4
f 1420/8/4 1421/8/4 1423/8/4
f 1423/8/4 1421/8/4 1424/8/4
f 1422/5/4 1423/5/4 1425/5/4
f 1425/5/4 1423/5/4 1426/5/4
f 1426/8/4 1427/8/4 1428/8/4
f 1428/8/4 1427/8/4 1429/8/4
f 1430/4/4 1431/4/4 1432/4/4
f 1432/4/4 1431/4/4 1433/4/4
f 1433/4/4 1434/4/4 1437/4/4
f 1437/4/4 1434/4/4 1438/4/4
f 1435/3/4 1436/3/4 1440/3/4
f 1440/3/4 1436/3/4 1441/3/4
f 1438/4/4 1439/4/4 1443/4/4
f 1443/4/4 1439/4/4 1444/4/4
f 1442/4/4 1443/4/4 1446/4/4
f 1446/4/4 1443/4/4 1447/4/4
f 1445/4/4 1446/4/4 1448/4/4
f 1448/4/4 1446/4/4 1449/4/4
f 1450/4/4 1451/4/4 1452/4/4
f 1452/4/4 1451/4/4 1453/4/4
f 1453/4/4 1454/4/4 1456/4/4
f 1456/4/4 1454/4/4 1457/4/4
f 1455/4/4 1456/4/4 1458/4/4
f 1458/4/4 1456/4/4 1459/4/4
f 1460/4/4 1461/4/4 1462/4/4
f 1462/4/4 1461/4/4 1463/4/4
f 1464/4/4 1465/4/4 1466/4/4
f 1466/4/4 1465/4/4 1467/4/4
f 1467/4/4 1468/4/4 1471/4/4
f 1471/4/4 1468/4/4 1472/4/4
f 1469/3/4 1470/3/4 1474/3/4
f 1474/3/4 1470/3/4 1475/3/4
f 1472/4/4 1473/4/4 1477/4/4
f 1477/4/4 1473/4/4 1478/4/4
f 1476/4/4 1477/4/4 1480/4/4
f 1480/4/4 1477/4/4 1481/4/4
f 1479/4/4 1480/4/4 1482/4/4
f 1482/4/4 1480/4/4 1483/4/4
f 1484/8/4 1485/8/4 1486/8/4
f 1486/8/4 1485/8/4 1487/8/4
f 1488/4/4 1489/4/4 1490/4/4
f 1490/4/4 1489/4/4 1491/4/4
f 1491/4/4 1492/4/4 1494/4/4
f 1494/4/4 1492/4/4 1495/4/4
f 1493/4/4 1494/4/4 1496/4/4
f 1496/4/4 1494/4/4 1497/4/4
f 1498/8/4 1499/8/4 1500/8/4
f 1500/8/4 1499/8/4 1501/8/4
f 1502/4/4 1503/4/4 1504/4/4
f 1504/4/4 1503/4/4 1505/4/4
f 1506/8/4 1507/8/4 1508/8/4
f 1508/8/4 1507/8/4 1509/8/4
f 1510/8/4 1511/8/4 1513/8/4
f 1513/8/4 1511/8/4 1514/8/4
f 1512/5/4 1513/5/4 1515/5/4
f 1515/5/4 1513/5/4 1516/5/4
f 1516/8/4 1517/8/4 1518/8/4
f 1518/8/4 1517/8/4 1519/8/4
f 1520/8/4 1521/8/4 1523/8/4
f 1521/8/4 1522/8/4 1523/8/4
f 1523/8/4 1522/8/4 1524/8/4
f 1524/8/4 1522/8/4 1525/8/4
f 1523/5/4 1524/5/4 1526/5/4
f 1526/5/4 1524/5/4 1527/5/4
f 1526/8/4 1527/8/4 1529/8/4
f 1527/8/4 1528/8/4 1529/8/4
f 1529/8/4 1528/8/4 1530/8/4
f 1530/8/4 1528/8/4 1531/8/4
f 1532/8/4 1533/8/4 1534/8/4
f 1534/8/4 1533/8/4 1535/8/4
f 1536/8/4 1537/8/4 1538/8/4
f 1538/8/4 1537/8/4 1539/8/4
f 1540/8/4 1541/8/4 1542/8/4
f 1542/8/4 1541/8/4 1543/8/4
f 1544/5/4 1545/5/4 1546/5/4
f 1546/5/4 1545/5/4 1547/5/4
f 1547/8/4 1548/8/4 1549/8/4
f 1549/8/4 1548/8/4 1550/8/4
f 1551/8/4 1552/8/4 1553/8/4
f 1553/8/4 1552/8/4 1554/8/4
f 1555/8/4 1556/8/4 1557/8/4
f 1557/8/4 1556/8/4 1558/8/4
f 1559/8/4 1560/8/4 1561/8/4
f 1561/8/4 1560/8/4 1562/8/4
f 1563/8/4 1564/8/4 1565/8/4
f 1565/8/4 1564/8/4 1566/8/4
f 1567/8/4 1568/8/4 1569/8/4
f 1569/8/4 1568/8/4 1570/8/4
f 1571/5/4 1572/5/4 1573/5/4
f 1573/5/4 1572/5/4 1574/5/4
f 1575/1/4 1576/1/4 1577/1/4
f 1577/1/4 1576/1/4 1578/1/4
f 1579/8/4 1580/8/4 1581/8/4
f 1581/8/4 1580/8/4 1582/8/4
f 1583/8/4 1584/8/4 1585/8/4
f 1585/8/4 1584/8/4 1586/8/4
f 1587/8/4 1588/8/4 1589/8/4
f 1589/8/4 1588/8/4 1590/8/4
f 1591/8/4 1592/8/4 1593/8/4
f 1593/8/4 1592/8/4 1594/8/4
f 1595/8/4 1596/8/4 1597/8/4
f 1597/8/4 1596/8/4 1598/8/4
f 1599/8/4 1600/8/4 1601/8/4
f 1601/8/4 1600/8/4 1602/8/4
f 1603/8/4 1604/8/4 1605/8/4
f 1605/8/4 1604/8/4 1606/8/4
f 1607/5/4 1608/5/4 1609/5/4
f 1609/5/4 1608/5/4 1610/5/4
f 1611/1/4 1612/1/4 1613/1/4
f 1613/1/4 1612/1/4 1614/1/4
f 1615/5/4 1616/5/4 1617/5/4
f 1617/5/4 1616/5/4 1618/5/4
f 1619/1/4 1620/1/4 1624/1/4
f 1620/2/4 1621/2/4 1624/2/4
f 1621/1/4 1622/1/4 1625/1/4
f 1624/2/4 1621/2/4 1625/2/4
f 1619/1/4 1624/1/4 1626/1/4
f 1624/1/4 1625/1/4 1626/1/4
f 1626/1/4 1625/1/4 1627/1/4
f 1627/1/4 1625/1/4 1628/1/4
f 1625/1/4 1622/1/4 1629/1/4
f 1628/1/4 1625/1/4 1629/1/4
f 1627/1/4 1628/1/4 1632/1/4
f 1628/2/4 1629/2/4 1633/2/4
f 1632/1/4 1628/1/4 1633/1/4
f 1629/1/4 1622/1/4 1634/1/4
f 1633/2/4 1629/2/4 1634/2/4
f 1631/2/4 1632/2/4 1635/2/4
f 1632/2/4 1633/2/4 1635/2/4
f 1633/1/4 1634/1/4 1636/1/4
f 1635/2/4 1633/2/4 1636/2/4
f 1630/1/4 1631/1/4 1637/1/4
f 1631/2/4 1635/2/4 1638/2/4
f 1637/1/4 1631/1/4 1638/1/4
f 1635/1/4 1636/1/4 1639/1/4
f 1638/2/4 1635/2/4 1639/2/4
f 1622/2/4 1623/2/4 1640/2/4
f 1639/1/4 1636/1/4 1640/1/4
f 1636/1/4 1634/1/4 1640/1/4
f 1634/1/4 1622/1/4 1640/1/4
f 1640/2/4 1623/2/4 1641/2/4
f 1642/8/4 1643/8/4 1644/8/4
f 1644/8/4 1643/8/4 1645/8/4
f 1646/8/4 1647/8/4 1648/8/4
f 1648/8/4 1647/8/4 1649/8/4
f 1650/8/4 1651/8/4 1652/8/4
f 1652/8/4 1651/8/4 1653/8/4
f 1654/8/4 1655/8/4 1656/8/4
f 1656/8/4 1655/8/4 1657/8/4
f 1658/8/4 1659/8/4 1660/8/4
f 1660/8/4 1659/8/4 1661/8/4
f 1662/5/4 1663/5/4 1664/5/4
f 1664/5/4 1663/5/4 1665/5/4
f 1666/8/4 1667/8/4 1668/8/4
f 1668/8/4 1667/8/4 1669/8/4
f 1670/8/4 1671/8/4 1672/8/4
f 1672/8/4 1671/8/4 1673/8/4
f 1674/8/4 1675/8/4 1676/8/4
f 1676/8/4 1675/8/4 1677/8/4
f 1678/5/4 1679/5/4 1680/5/4
f 1680/5/4 1679/5/4 1681/5/4
f 1682/8/4 1683/8/4 1684/8/4
f 1684/8/4 1683/8/4 1685/8/4
f 1686/8/4 1687/8/4 1688/8/4
f 1688/8/4 1687/8/4 1689/8/4
f 1690/8/4 1691/8/4 1692/8/4
f 1692/8/4 1691/8/4 1693/8/4
f 1694/8/4 1695/8/4 1696/8/4
f 1696/8/4 1695/8/4 1697/8/4
f 1698/1/4 1699/1/4 1700/1/4
f 1700/1/4 1699/1/4 1701/1/4
f 1702/8/4 1703/8/4 1704/8/4
f 1704/8/4 1703/8/4 1705/8/4
f 1706/8/4 1707/8/4 1708/8/4
f 1708/8/4 1707/8/4 1709/8/4
f 1710/8/4 1711/8/4 1712/8/4
f 1712/8/4 1711/8/4 1713/8/4
f 1714/8/4 1715/8/4 1716/8/4
f 1716/8/4 1715/8/4 1717/8/4
f 1718/8/4 1719/8/4 1720/8/4
f 1720/8/4 1719/8/4 1721/8/4
f 1722/8/4 1723/8/4 1724/8/4
f 1724/8/4 1723/8/4 1725/8/4
f 1726/8/4 1727/8/4 1728/8/4
f 1728/8/4 1727/8/4 1729/8/4
f 1730/8/4 1731/8/4 1732/8/4
f 1732/8/4 1731/8/4 1733/8/4
f 1734/8/4 1735/8/4 1736/8/4
f 1736/8/4 1735/8/4 1737/8/4
f 1738/5/4 1739/5/4 1740/5/4
f 1740/5/4 1739/5/4 1741/5/4
f 1742/8/4 1743/8/4 1744/8/4
f 1744/8/4 1743/8/4 1745/8/4
f 1746/5/4 1747/5/4 1748/5/4
f 1748/5/4 1747/5/4 1749/5/4
f 1750/8/4 1751/8/4 1752/8/4
f 1752/8/4 1751/8/4 1753/8/4
f 1754/5/4 1755/5/4 1756/5/4
f 1756/5/4 1755/5/4 1757/5/4
f 1758/8/4 1759/8/4 1760/8/4
f 1760/8/4 1759/8/4 1761/8/4
f 1762/8/4 1763/8/4 1764/8/4
f 1764/8/4 1763/8/4 1765/8/4
f 1766/1/4 1767/1/4 1768/1/4
f 1768/1/4 1767/1/4 1769/1/4
f 1770/8/4 1771/8/4 1772/8/4
f 1772/8/4 1771/8/4 1773/8/4
f 1774/8/4 1775/8/4 1776/8/4
f 1776/8/4 1775/8/4 1777/8/4
f 1778/8/4 1779/8/4 1781/8/4
f 1781/8/4 1779/8/4 1782/8/4
f 1780/5/4 1781/5/4 1783/5/4
f 1783/5/4 1781/5/4 1784/5/4
f 1785/5/4 1786/5/4 1787/5/4
f 1787/5/4 1786/5/4 1788/5/4
f 1788/8/4 1789/8/4 1790/8/4
f 1790/8/4 1789/8/4 1791/8/4
f 1792/8/4 1793/8/4 1795/8/4
f 1795/8/4 1793/8/4 1796/8/4
f 1794/5/4 1795/5/4 1798/5/4
f 1798/5/4 1795/5/4 1799/5/4
f 1797/5/4 1798/5/4 1800/5/4
f 1800/5/4 1798/5/4 1801/5/4
f 1802/5/4 1803/5/4 1804/5/4
f 1804/5/4 1803/5/4 1805/5/4
f 1805/5/4 1806/5/4 1807/5/4
f 1807/5/4 1806/5/4 1808/5/4
f 1808/8/4 1809/8/4 1810/8/4
f 1810/8/4 1809/8/4 1811/8/4
f 1812/5/4 1813/5/4 1814/5/4
f 1814/5/4 1813/5/4 1815/5/4
f 1816/5/4 1817/5/4 1818/5/4
f 1818/5/4 1817/5/4 1819/5/4
f 1820/5/4 1821/5/4 1822/5/4
f 1822/5/4 1821/5/4 1823/5/4
f 1824/5/4 1825/5/4 1826/5/4
f 1826/5/4 1825/5/4 1827/5/4
f 1828/5/4 1829/5/4 1830/5/4
f 1830/5/4 1829/5/4 1831/5/4
f 1832/3/4 1833/3/4 1834/3/4
f 1834/3/4 1833/3/4 1835/3/4
f 1835/3/4 1833/3/4 1836/3/4
f 1835/6/4 1836/6/4 1837/6/4
f 1837/6/4 1836/6/4 1838/6/4
f 1838/6/4 1836/6/4 1839/6/4
f 1839/6/4 1836/6/4 1840/6/4
f 1838/6/4 1839/6/4 1841/6/4
f 1841/6/4 1839/6/4 1842/6/4
f 1843/8/4 1844/8/4 1845/8/4
f 1845/8/4 1844/8/4 1846/8/4
f 1847/8/4 1848/8/4 1849/8/4
f 1849/8/4 1848/8/4 1850/8/4
f 1851/8/4 1852/8/4 1853/8/4
f 1853/8/4 1852/8/4 1854/8/4
f 1857/8/5 1856/8/5 1855/8/5
f 1858/8/5 1856/8/5 1857/8/5
f 1860/8/5 1857/8/5 1855/8/5
f 1861/5/5 1858/5/5 1857/5/5
f 1862/8/5 1856/8/5 1858/8/5
f 1862/5/5 1858/5/5 1861/5/5
f 1863/8/5 1860/8/5 1859/8/5
f 1863/8/5 1857/8/5 1860/8/5
f 1864/5/5 1861/5/5 1857/5/5
f 1864/8/5 1857/8/5 1863/8/5
f 1865/8/5 1856/8/5 1862/8/5
f 1865/8/5 1862/8/5 1861/8/5
f 1866/8/5 1856/8/5 1865/8/5
f 1868/8/5 1863/8/5 1859/8/5
f 1869/5/5 1861/5/5 1864/5/5
f 1869/5/5 1864/5/5 1863/5/5
f 1870/8/5 1865/8/5 1861/8/5
f 1870/5/5 1861/5/5 1869/5/5
f 1871/8/5 1868/8/5 1867/8/5
f 1871/8/5 1863/8/5 1868/8/5
f 1872/5/5 1869/5/5 1863/5/5
f 1872/8/5 1863/8/5 1871/8/5
f 1873/8/5 1865/8/5 1870/8/5
f 1873/8/5 1870/8/5 1869/8/5
f 1874/8/5 1865/8/5 1873/8/5
f 1875/5/5 1872/5/5 1871/5/5
f 1875/8/5 1871/8/5 1867/8/5
f 1876/5/5 1869/5/5 1872/5/5
f 1876/5/5 1872/5/5 1875/5/5
f 1877/8/5 1873/8/5 1869/8/5
f 1879/8/5 1875/8/5 1867/8/5
f 1879/8/5 1876/8/5 1875/8/5
f 1880/8/5 1876/8/5 1879/8/5
f 1881/8/5 1878/8/5 1877/8/5
f 1881/5/5 1869/5/5 1876/5/5
f 1881/8/5 1877/8/5 1869/8/5
f 1882/8/5 1878/8/5 1881/8/5
f 1883/8/5 1876/8/5 1880/8/5
f 1883/5/5 1882/5/5 1881/5/5
f 1883/5/5 1881/5/5 1876/5/5
f 1884/5/5 1882/5/5 1883/5/5
f 1885/8/5 1878/8/5 1882/8/5
f 1887/8/5 1883/8/5 1880/8/5
f 1887/8/5 1884/8/5 1883/8/5
f 1888/8/5 1884/8/5 1887/8/5
f 1889/5/5 1882/5/5 1884/5/5
f 1889/8/5 1885/8/5 1882/8/5
f 1889/8/5 1886/8/5 1885/8/5
f 1890/8/5 1886/8/5 1889/8/5
f 1892/8/5 1884/8/5 1888/8/5
f 1893/8/5 1886/8/5 1890/8/5
f 1896/8/5 1892/8/5 1891/8/5
f 1897/8/5 1884/8/5 1892/8/5
f 1897/8/5 1892/8/5 1896/8/5
f 1898/5/5 1890/5/5 1889/5/5
f 1898/8/5 1884/8/5 1897/8/5
f 1898/5/5 1889/5/5 1884/5/5
f 1899/8/5 1893/8/5 1890/8/5
f 1899/5/5 1890/5/5 1898/5/5
f 1899/8/5 1894/8/5 1893/8/5
f 1900/8/5 1894/8/5 1899/8/5
f 1901/8/5 1894/8/5 1900/8/5
f 1904/8/5 1897/8/5 1896/8/5
f 1904/8/5 1896/8/5 1895/8/5
f 1905/8/5 1897/8/5 1904/8/5
f 1906/5/5 1898/5/5 1897/5/5
f 1906/8/5 1897/8/5 1905/8/5
f 1906/5/5 1899/5/5 1898/5/5
f 1906/5/5 1900/5/5 1899/5/5
f 1907/8/5 1902/8/5 1901/8/5
f 1907/5/5 1900/5/5 1906/5/5
f 1907/8/5 1901/8/5 1900/8/5
f 1908/8/5 1902/8/5 1907/8/5
f 1909/8/5 1902/8/5 1908/8/5
f 1912/8/5 1905/8/5 1904/8/5
f 1912/8/5 1904/8/5 1903/8/5
f 1913/8/5 1905/8/5 1912/8/5
f 1914/5/5 1906/5/5 1905/5/5
f 1914/8/5 1905/8/5 1913/8/5
f 1914/5/5 1907/5/5 1906/5/5
f 1914/5/5 1908/5/5 1907/5/5
f 1915/5/5 1908/5/5 1914/5/5
f 1916/8/5 1910/8/5 1909/8/5
f 1916/5/5 1908/5/5 1915/5/5
f 1916/8/5 1909/8/5 1908/8/5
f 1917/8/5 1910/8/5 1916/8/5
f 1918/8/5 1910/8/5 1917/8/5
f 1921/8/5 1913/8/5 1912/8/5
f 1921/8/5 1912/8/5 1911/8/5
f 1922/8/5 1913/8/5 1921/8/5
f 1923/5/5 1915/5/5 1914/5/5
f 1923/8/5 1913/8/5 1922/8/5
f 1923/5/5 1914/5/5 1913/5/5
f 1924/8/5 1919/8/5 1918/8/5
f 1924/8/5 1918/8/5 1917/8/5
f 1924/5/5 1917/5/5 1916/5/5
f 1925/8/5 1919/8/5 1924/8/5
f 1926/8/5 1919/8/5 1925/8/5
f 1929/8/5 1922/8/5 1921/8/5
f 1929/8/5 1921/8/5 1920/8/5
f 1930/8/5 1922/8/5 1929/8/5
f 1931/5/5 1923/5/5 1922/5/5
f 1931/8/5 1922/8/5 1930/8/5
f 1932/5/5 1915/5/5 1923/5/5
f 1932/5/5 1923/5/5 1931/5/5
f 1932/9/5 1916/9/5 1915/9/5
f 1933/5/5 1924/5/5 1916/5/5
f 1933/9/5 1916/9/5 1932/9/5
f 1933/5/5 1925/5/5 1924/5/5
f 1934/8/5 1927/8/5 1926/8/5
f 1934/5/5 1925/5/5 1933/5/5
f 1934/8/5 1926/8/5 1925/8/5
f 1935/8/5 1927/8/5 1934/8/5
f 1936/8/5 1927/8/5 1935/8/5
f 1939/8/5 1930/8/5 1929/8/5
f 1939/8/5 1929/8/5 1928/8/5
f 1940/8/5 1930/8/5 1939/8/5
f 1941/5/5 1933/5/5 1932/5/5
f 1941/8/5 1930/8/5 1940/8/5
f 1941/5/5 1931/5/5 1930/5/5
f 1941/5/5 1932/5/5 1931/5/5
f 1941/5/5 1934/5/5 1933/5/5
f 1941/5/5 1935/5/5 1934/5/5
f 1942/5/5 1935/5/5 1941/5/5
f 1943/5/5 1935/5/5 1942/5/5
f 1944/8/5 1937/8/5 1936/8/5
f 1944/5/5 1935/5/5 1943/5/5
f 1944/8/5 1936/8/5 1935/8/5
f 1945/8/5 1937/8/5 1944/8/5
f 1946/8/5 1937/8/5 1945/8/5
f 1949/8/5 1940/8/5 1939/8/5
f 1949/8/5 1939/8/5 1938/8/5
f 1950/8/5 1940/8/5 1949/8/5
f 1951/5/5 1942/5/5 1941/5/5
f 1951/8/5 1940/8/5 1950/8/5
f 1951/5/5 1941/5/5 1940/5/5
f 1952/8/5 1947/8/5 1946/8/5
f 1952/8/5 1946/8/5 1945/8/5
f 1952/5/5 1944/5/5 1943/5/5
f 1952/5/5 1945/5/5 1944/5/5
f 1953/8/5 1947/8/5 1952/8/5
f 1954/8/5 1947/8/5 1953/8/5
f 1957/8/5 1950/8/5 1949/8/5
f 1957/8/5 1949/8/5 1948/8/5
f 1958/8/5 1950/8/5 1957/8/5
f 1959/5/5 1951/5/5 1950/5/5
f 1959/8/5 1950/8/5 1958/8/5
f 1960/5/5 1942/5/5 1951/5/5
f 1960/5/5 1951/5/5 1959/5/5
f 1960/9/5 1943/9/5 1942/9/5
f 1961/5/5 1952/5/5 1943/5/5
f 1961/9/5 1943/9/5 1960/9/5
f 1961/5/5 1953/5/5 1952/5/5
f 1962/8/5 1955/8/5 1954/8/5
f 1962/5/5 1953/5/5 1961/5/5
f 1962/8/5 1954/8/5 1953/8/5
f 1963/8/5 1955/8/5 1962/8/5
f 1964/8/5 1955/8/5 1963/8/5
f 1966/8/5 1958/8/5 1957/8/5
f 1966/8/5 1957/8/5 1956/8/5
f 1967/5/5 1959/5/5 1958/5/5
f 1967/8/5 1958/8/5 1966/8/5
f 1967/5/5 1961/5/5 1960/5/5
f 1967/5/5 1963/5/5 1962/5/5
f 1967/5/5 1962/5/5 1961/5/5
f 1967/5/5 1960/5/5 1959/5/5
f 1968/8/5 1965/8/5 1964/8/5
f 1968/5/5 1963/5/5 1967/5/5
f 1968/8/5 1964/8/5 1963/8/5
f 1969/8/5 1965/8/5 1968/8/5
f 1970/5/5 1967/5/5 1966/5/5
f 1970/5/5 1968/5/5 1967/5/5
f 1970/5/5 1969/5/5 1968/5/5
f 1971/5/5 1969/5/5 1970/5/5
f 1972/5/5 1969/5/5 1971/5/5
f 1973/5/5 1969/5/5 1972/5/5
f 1974/5/5 1970/5/5 1966/5/5
f 1974/9/5 1971/9/5 1970/9/5
f 1975/5/5 1972/5/5 1971/5/5
f 1975/9/5 1971/9/5 1974/9/5
f 1976/9/5 1973/9/5 1972/9/5
f 1976/5/5 1972/5/5 1975/5/5
f 1977/5/5 1969/5/5 1973/5/5
f 1977/9/5 1973/9/5 1976/9/5
f 1978/8/5 1966/8/5 1956/8/5
f 1978/5/5 1976/5/5 1975/5/5
f 1978/5/5 1977/5/5 1976/5/5
f 1978/5/5 1974/5/5 1966/5/5
f 1978/5/5 1975/5/5 1974/5/5
f 1979/5/5 1977/5/5 1978/5/5
f 1980/5/5 1969/5/5 1977/5/5
f 1980/5/5 1977/5/5 1979/5/5
f 1981/8/5 1965/8/5 1969/8/5
f 1981/5/5 1969/5/5 1980/5/5
f 1982/8/5 1979/8/5 1978/8/5
f 1982/8/5 1978/8/5 1956/8/5
f 1983/8/5 1979/8/5 1982/8/5
f 1984/5/5 1980/5/5 1979/5/5
f 1984/8/5 1979/8/5 1983/8/5
f 1985/5/5 1980/5/5 1984/5/5
f 1986/5/5 1980/5/5 1985/5/5
f 1987/8/5 1981/8/5 1980/8/5
f 1987/5/5 1980/5/5 1986/5/5
f 1988/8/5 1965/8/5 1981/8/5
f 1988/8/5 1981/8/5 1987/8/5
f 1989/8/5 1965/8/5 1988/8/5
f 1990/8/5 1984/8/5 1983/8/5
f 1990/8/5 1985/8/5 1984/8/5
f 1991/8/5 1985/8/5 1990/8/5
f 1992/5/5 1986/5/5 1985/5/5
f 1992/8/5 1985/8/5 1991/8/5
f 1993/5/5 1986/5/5 1992/5/5
f 1994/5/5 1986/5/5 1993/5/5
f 1995/5/5 1986/5/5 1994/5/5
f 1996/5/5 1986/5/5 1995/5/5
f 1997/8/5 1987/8/5 1986/8/5
f 1997/5/5 1986/5/5 1996/5/5
f 1997/8/5 1988/8/5 1987/8/5
f 1998/8/5 1988/8/5 1997/8/5
f 1999/8/5 1988/8/5 1998/8/5
f 2000/8/5 1992/8/5 1991/8/5
f 2000/8/5 1993/8/5 1992/8/5
f 2001/8/5 1993/8/5 2000/8/5
f 2002/5/5 1994/5/5 1993/5/5
f 2002/8/5 1993/8/5 2001/8/5
f 2003/5/5 1994/5/5 2002/5/5
f 2004/5/5 1996/5/5 1995/5/5
f 2005/5/5 1996/5/5 2004/5/5
f 2006/5/5 1996/5/5 2005/5/5
f 2007/8/5 1998/8/5 1997/8/5
f 2007/5/5 1996/5/5 2006/5/5
f 2007/8/5 1997/8/5 1996/8/5
f 2008/8/5 1998/8/5 2007/8/5
f 2009/8/5 1998/8/5 2008/8/5
f 2010/8/5 2002/8/5 2001/8/5
f 2010/8/5 2003/8/5 2002/8/5
f 2011/8/5 2003/8/5 2010/8/5
f 2012/5/5 1994/5/5 2003/5/5
f 2012/8/5 2003/8/5 2011/8/5
f 2013/9/5 1995/9/5 1994/9/5
f 2013/5/5 1994/5/5 2012/5/5
f 2014/5/5 2004/5/5 1995/5/5
f 2014/9/5 1995/9/5 2013/9/5
f 2015/5/5 2006/5/5 2005/5/5
f 2016/8/5 2008/8/5 2007/8/5
f 2016/5/5 2006/5/5 2015/5/5
f 2016/8/5 2007/8/5 2006/8/5
f 2017/8/5 2008/8/5 2016/8/5
f 2018/8/5 2008/8/5 2017/8/5
f 2019/8/5 2012/8/5 2011/8/5
f 2019/8/5 2013/8/5 2012/8/5
f 2020/8/5 2013/8/5 2019/8/5
f 2021/5/5 2014/5/5 2013/5/5
f 2021/8/5 2013/8/5 2020/8/5
f 2022/5/5 2014/5/5 2021/5/5
f 2023/5/5 2004/5/5 2014/5/5
f 2023/5/5 2014/5/5 2022/5/5
f 2023/9/5 2005/9/5 2004/9/5
f 2024/5/5 2015/5/5 2005/5/5
f 2024/9/5 2005/9/5 2023/9/5
f 2025/5/5 2015/5/5 2024/5/5
f 2026/8/5 2017/8/5 2016/8/5
f 2026/5/5 2015/5/5 2025/5/5
f 2026/8/5 2016/8/5 2015/8/5
f 2027/8/5 2017/8/5 2026/8/5
f 2028/8/5 2017/8/5 2027/8/5
f 2029/8/5 2022/8/5 2021/8/5
f 2029/8/5 2021/8/5 2020/8/5
f 2030/8/5 2022/8/5 2029/8/5
f 2031/5/5 2025/5/5 2024/5/5
f 2031/8/5 2022/8/5 2030/8/5
f 2031/5/5 2023/5/5 2022/5/5
f 2031/5/5 2024/5/5 2023/5/5
f 2032/5/5 2025/5/5 2031/5/5
f 2033/5/5 2025/5/5 2032/5/5
f 2034/8/5 2027/8/5 2026/8/5
f 2034/5/5 2025/5/5 2033/5/5
f 2034/8/5 2026/8/5 2025/8/5
f 2035/8/5 2027/8/5 2034/8/5
f 2036/8/5 2027/8/5 2035/8/5
f 2037/8/5 2032/8/5 2031/8/5
f 2037/8/5 2031/8/5 2030/8/5
f 2038/8/5 2032/8/5 2037/8/5
f 2039/5/5 2033/5/5 2032/5/5
f 2039/8/5 2032/8/5 2038/8/5
f 2040/5/5 2033/5/5 2039/5/5
f 2041/5/5 2033/5/5 2040/5/5
f 2042/8/5 2035/8/5 2034/8/5
f 2042/5/5 2033/5/5 2041/5/5
f 2042/8/5 2034/8/5 2033/8/5
f 2043/8/5 2035/8/5 2042/8/5
f 2044/8/5 2035/8/5 2043/8/5
f 2045/8/5 2040/8/5 2039/8/5
f 2045/8/5 2039/8/5 2038/8/5
f 2046/8/5 2040/8/5 2045/8/5
f 2047/5/5 2041/5/5 2040/5/5
f 2047/8/5 2040/8/5 2046/8/5
f 2048/5/5 2041/5/5 2047/5/5
f 2049/5/5 2041/5/5 2048/5/5
f 2050/8/5 2043/8/5 2042/8/5
f 2050/5/5 2041/5/5 2049/5/5
f 2050/8/5 2042/8/5 2041/8/5
f 2051/8/5 2043/8/5 2050/8/5
f 2052/8/5 2043/8/5 2051/8/5
f 2053/8/5 2048/8/5 2047/8/5
f 2053/8/5 2047/8/5 2046/8/5
f 2054/8/5 2048/8/5 2053/8/5
f 2055/8/5 2051/8/5 2050/8/5
f 2055/8/5 2050/8/5 2049/8/5
f 2056/8/5 2051/8/5 2055/8/5
f 2057/5/5 2049/5/5 2048/5/5
f 2058/5/5 2049/5/5 2057/5/5
f 2059/5/5 2057/5/5 2048/5/5
f 2059/9/5 2058/9/5 2057/9/5
f 2060/5/5 2049/5/5 2058/5/5
f 2060/9/5 2058/9/5 2059/9/5
f 2061/8/5 2048/8/5 2054/8/5
f 2061/5/5 2059/5/5 2048/5/5
f 2061/5/5 2060/5/5 2059/5/5
f 2062/5/5 2060/5/5 2061/5/5
f 2063/5/5 2049/5/5 2060/5/5
f 2063/5/5 2060/5/5 2062/5/5
f 2064/8/5 2055/8/5 2049/8/5
f 2064/5/5 2049/5/5 2063/5/5
f 2065/8/5 2062/8/5 2061/8/5
f 2065/8/5 2061/8/5 2054/8/5
f 2066/8/5 2062/8/5 2065/8/5
f 2067/5/5 2063/5/5 2062/5/5
f 2068/5/5 2063/5/5 2067/5/5
f 2069/8/5 2055/8/5 2064/8/5
f 2069/8/5 2064/8/5 2063/8/5
f 2070/8/5 2055/8/5 2069/8/5
f 2071/9/5 2068/9/5 2067/9/5
f 2071/5/5 2067/5/5 2062/5/5
f 2072/5/5 2063/5/5 2068/5/5
f 2072/9/5 2068/9/5 2071/9/5
f 2073/5/5 2071/5/5 2062/5/5
f 2073/8/5 2062/8/5 2066/8/5
f 2073/5/5 2072/5/5 2071/5/5
f 2074/5/5 2072/5/5 2073/5/5
f 2075/5/5 2072/5/5 2074/5/5
f 2076/5/5 2072/5/5 2075/5/5
f 2077/5/5 2063/5/5 2072/5/5
f 2077/5/5 2072/5/5 2076/5/5
f 2078/8/5 2069/8/5 2063/8/5
f 2078/5/5 2063/5/5 2077/5/5
f 2079/8/5 2073/8/5 2066/8/5
f 2079/8/5 2074/8/5 2073/8/5
f 2080/8/5 2074/8/5 2079/8/5
f 2081/8/5 2069/8/5 2078/8/5
f 2081/8/5 2078/8/5 2077/8/5
f 2082/8/5 2069/8/5 2081/8/5
f 2083/9/5 2076/9/5 2075/9/5
f 2083/5/5 2075/5/5 2074/5/5
f 2084/5/5 2077/5/5 2076/5/5
f 2084/9/5 2076/9/5 2083/9/5
f 2086/8/5 2074/8/5 2080/8/5
f 2087/8/5 2081/8/5 2077/8/5
f 2090/8/5 2086/8/5 2085/8/5
f 2091/8/5 2074/8/5 2086/8/5
f 2091/8/5 2086/8/5 2090/8/5
f 2092/5/5 2083/5/5 2074/5/5
f 2092/8/5 2074/8/5 2091/8/5
f 2092/5/5 2084/5/5 2083/5/5
f 2093/5/5 2077/5/5 2084/5/5
f 2093/5/5 2084/5/5 2092/5/5
f 2093/8/5 2088/8/5 2087/8/5
f 2093/8/5 2087/8/5 2077/8/5
f 2094/8/5 2088/8/5 2093/8/5
f 2095/8/5 2088/8/5 2094/8/5
f 2098/8/5 2091/8/5 2090/8/5
f 2098/8/5 2090/8/5 2089/8/5
f 2099/8/5 2091/8/5 2098/8/5
f 2100/5/5 2094/5/5 2093/5/5
f 2100/8/5 2091/8/5 2099/8/5
f 2100/5/5 2092/5/5 2091/5/5
f 2100/5/5 2093/5/5 2092/5/5
f 2101/8/5 2095/8/5 2094/8/5
f 2101/5/5 2094/5/5 2100/5/5
f 2101/8/5 2096/8/5 2095/8/5
f 2102/8/5 2096/8/5 2101/8/5
f 2103/8/5 2096/8/5 2102/8/5
f 2105/8/5 2099/8/5 2098/8/5
f 2105/8/5 2098/8/5 2097/8/5
f 2106/5/5 2100/5/5 2099/5/5
f 2106/8/5 2099/8/5 2105/8/5
f 2106/5/5 2102/5/5 2101/5/5
f 2106/5/5 2101/5/5 2100/5/5
f 2107/8/5 2103/8/5 2102/8/5
f 2107/5/5 2102/5/5 2106/5/5
f 2107/8/5 2104/8/5 2103/8/5
f 2108/8/5 2104/8/5 2107/8/5
f 2109/5/5 2106/5/5 2105/5/5
f 2109/5/5 2107/5/5 2106/5/5
f 2109/5/5 2108/5/5 2107/5/5
f 2110/5/5 2108/5/5 2109/5/5
f 2111/5/5 2109/5/5 2105/5/5
f 2111/9/5 2110/9/5 2109/9/5
f 2112/5/5 2108/5/5 2110/5/5
f 2112/9/5 2110/9/5 2111/9/5
f 2113/8/5 2105/8/5 2097/8/5
f 2113/5/5 2111/5/5 2105/5/5
f 2113/5/5 2112/5/5 2111/5/5
f 2114/5/5 2112/5/5 2113/5/5
f 2115/5/5 2108/5/5 2112/5/5
f 2115/5/5 2112/5/5 2114/5/5
f 2116/8/5 2104/8/5 2108/8/5
f 2116/5/5 2108/5/5 2115/5/5
f 2117/8/5 2114/8/5 2113/8/5
f 2117/8/5 2113/8/5 2097/8/5
f 2118/8/5 2114/8/5 2117/8/5
f 2119/5/5 2115/5/5 2114/5/5
f 2119/8/5 2114/8/5 2118/8/5
f 2120/8/5 2116/8/5 2115/8/5
f 2120/5/5 2115/5/5 2119/5/5
f 2121/8/5 2104/8/5 2116/8/5
f 2121/8/5 2116/8/5 2120/8/5
f 2122/8/5 2104/8/5 2121/8/5
f 2123/8/5 2120/8/5 2119/8/5
f 2123/8/5 2121/8/5 2120/8/5
f 2123/8/5 2119/8/5 2118/8/5
f 2124/8/5 2121/8/5 2123/8/5
f 2128/4/5 2126/4/5 2125/4/5
f 2129/4/5 2126/4/5 2128/4/5
f 2132/4/5 2128/4/5 2127/4/5
f 2132/4/5 2130/4/5 2129/4/5
f 2132/4/5 2129/4/5 2128/4/5
f 2133/4/5 2130/4/5 2132/4/5
f 2134/4/5 2130/4/5 2133/4/5
f 2135/4/5 2130/4/5 2134/4/5
f 2137/4/5 2132/4/5 2131/4/5
f 2137/4/5 2133/4/5 2132/4/5
f 2138/4/5 2133/4/5 2137/4/5
f 2139/4/5 2133/4/5 2138/4/5
f 2140/4/5 2136/4/5 2135/4/5
f 2140/4/5 2135/4/5 2134/4/5
f 2141/4/5 2136/4/5 2140/4/5
f 2142/4/5 2136/4/5 2141/4/5
f 2143/4/5 2139/4/5 2138/4/5
f 2143/4/5 2141/4/5 2140/4/5
f 2143/4/5 2140/4/5 2139/4/5
f 2144/4/5 2141/4/5 2143/4/5
f 2145/4/5 2141/4/5 2144/4/5
f 2146/4/5 2141/4/5 2145/4/5
f 2147/4/5 2145/4/5 2144/4/5
f 2148/4/5 2145/4/5 2147/4/5
f 2152/4/5 2150/4/5 2149/4/5
f 2153/4/5 2150/4/5 2152/4/5
f 2156/4/5 2152/4/5 2151/4/5
f 2156/4/5 2154/4/5 2153/4/5
f 2156/4/5 2153/4/5 2152/4/5
f 2157/4/5 2154/4/5 2156/4/5
f 2158/4/5 2154/4/5 2157/4/5
f 2159/4/5 2154/4/5 2158/4/5
f 2161/4/5 2156/4/5 2155/4/5
f 2161/4/5 2157/4/5 2156/4/5
f 2162/4/5 2157/4/5 2161/4/5
f 2163/4/5 2157/4/5 2162/4/5
f 2164/4/5 2160/4/5 2159/4/5
f 2164/4/5 2159/4/5 2158/4/5
f 2165/4/5 2160/4/5 2164/4/5
f 2166/4/5 2160/4/5 2165/4/5
f 2167/4/5 2163/4/5 2162/4/5
f 2167/4/5 2165/4/5 2164/4/5
f 2167/4/5 2164/4/5 2163/4/5
f 2168/4/5 2165/4/5 2167/4/5
f 2169/4/5 2165/4/5 2168/4/5
f 2170/4/5 2165/4/5 2169/4/5
f 2171/4/5 2169/4/5 2168/4/5
f 2172/4/5 2169/4/5 2171/4/5
f 2175/1/5 2174/1/5 2173/1/5
f 2176/1/5 2174/1/5 2175/1/5
f 2179/6/5 2178/6/5 2177/6/5
f 2180/6/5 2178/6/5 2179/6/5
f 2183/6/5 2182/6/5 2181/6/5
f 2184/6/5 2182/6/5 2183/6/5
f 2185/9/6 2186/9/6 2187/9/6
f 2187/9/6 2186/9/6 2188/9/6
f 2189/9/6 2190/9/6 2191/9/6
f 2191/9/6 2190/9/6 2192/9/6
f 2193/9/6 2194/9/6 2197/9/6
f 2197/9/6 2194/9/6 2198/9/6
f 2195/9/6 2196/9/6 2199/9/6
f 2199/9/6 2196/9/6 2200/9/6
f 2201/9/6 2202/9/6 2205/9/6
f 2205/9/6 2202/9/6 2206/9/6
f 2203/9/6 2204/9/6 2207/9/6
f 2207/9/6 2204/9/6 2208/9/6
f 2209/9/6 2210/9/6 2211/9/6
f 2211/9/6 2210/9/6 2212/9/6
f 2213/9/6 2214/9/6 2215/9/6
f 2215/9/6 2214/9/6 2216/9/6
f 2217/9/6 2218/9/6 2219/9/6
f 2219/9/6 2218/9/6 2220/9/6
f 2221/5/6 2222/5/6 2224/5/6
f 2224/5/6 2222/5/6 2225/5/6
f 2223/5/6 2224/5/6 2227/5/6
f 2224/9/6 2225/9/6 2228/9/6
f 2227/5/6 2224/5/6 2228/5/6
f 2228/9/6 2225/9/6 2229/9/6
f 2225/5/6 2226/5/6 2230/5/6
f 2229/9/6 2225/9/6 2230/9/6
f 2230/5/6 2226/5/6 2231/5/6
f 2229/5/6 2230/5/6 2232/5/6
f 2232/5/6 2230/5/6 2233/5/6
f 2234/5/6 2235/5/6 2236/5/6
f 2236/5/6 2235/5/6 2237/5/6
f 2234/5/6 2236/5/6 2238/5/6
f 2237/5/6 2235/5/6 2239/5/6
f 2239/5/6 2235/5/6 2240/5/6
f 2238/5/6 2239/5/6 2240/5/6
f 2240/5/6 2235/5/6 2241/5/6
f 2234/5/6 2238/5/6 2242/5/6
f 2238/5/6 2240/5/6 2242/5/6
f 2242/5/6 2240/5/6 2243/5/6
f 2243/5/6 2240/5/6 2244/5/6
f 2241/5/6 2235/5/6 2245/5/6
f 2243/5/6 2244/5/6 2246/5/6
f 2244/5/6 2245/5/6 2246/5/6
f 2245/5/6 2235/5/6 2246/5/6
f 2243/5/6 2246/5/6 2248/5/6
f 2246/5/6 2247/5/6 2248/5/6
f 2248/5/6 2247/5/6 2249/5/6
f 2249/5/6 2247/5/6 2250/5/6
f 2251/5/6 2252/5/6 2256/5/6
f 2253/5/6 2254/5/6 2256/5/6
f 2252/5/6 2253/5/6 2256/5/6
f 2256/5/6 2254/5/6 2257/5/6
f 2255/5/6 2256/5/6 2260/5/6
f 2257/5/6 2258/5/6 2260/5/6
f 2256/5/6 2257/5/6 2260/5/6
f 2260/5/6 2258/5/6 2261/5/6
f 2261/5/6 2258/5/6 2262/5/6
f 2259/5/6 2260/5/6 2265/5/6
f 2260/5/6 2261/5/6 2265/5/6
f 2265/5/6 2261/5/6 2266/5/6
f 2266/5/6 2261/5/6 2267/5/6
f 2262/5/6 2263/5/6 2268/5/6
f 2264/5/6 2265/5/6 2271/5/6
f 2265/5/6 2266/5/6 2271/5/6
f 2267/5/6 2261/5/6 2272/5/6
f 2262/5/6 2268/5/6 2273/5/6
f 2268/5/6 2269/5/6 2273/5/6
f 2273/5/6 2269/5/6 2274/5/6
f 2270/5/6 2271/5/6 2277/5/6
f 2271/5/6 2266/5/6 2278/5/6
f 2277/5/6 2271/5/6 2278/5/6
f 2278/5/6 2266/5/6 2279/5/6
f 2279/5/6 2266/5/6 2280/5/6
f 2274/5/6 2275/5/6 2281/5/6
f 2267/5/6 2272/5/6 2281/5/6
f 2272/5/6 2273/5/6 2281/5/6
f 2273/5/6 2274/5/6 2281/5/6
f 2281/5/6 2275/5/6 2282/5/6
f 2276/5/6 2277/5/6 2285/5/6
f 2277/5/6 2278/5/6 2285/5/6
f 2279/5/6 2280/5/6 2286/5/6
f 2282/5/6 2283/5/6 2286/5/6
f 2281/5/6 2282/5/6 2286/5/6
f 2280/5/6 2281/5/6 2286/5/6
f 2286/5/6 2283/5/6 2287/5/6
f 2287/5/6 2283/5/6 2288/5/6
f 2284/5/6 2285/5/6 2291/5/6
f 2285/5/6 2278/5/6 2292/5/6
f 2291/5/6 2285/5/6 2292/5/6
f 2279/5/6 2286/5/6 2293/5/6
f 2293/5/6 2286/5/6 2294/5/6
f 2294/5/6 2286/5/6 2295/5/6
f 2287/5/6 2288/5/6 2296/5/6
f 2288/5/6 2289/5/6 2296/5/6
f 2296/5/6 2289/5/6 2297/5/6
f 2297/5/6 2289/5/6 2298/5/6
f 2290/5/6 2291/5/6 2301/5/6
f 2291/5/6 2292/5/6 2301/5/6
f 2293/5/6 2294/5/6 2301/5/6
f 2292/5/6 2293/5/6 2301/5/6
f 2298/5/6 2299/5/6 2302/5/6
f 2297/5/6 2298/5/6 2302/5/6
f 2302/5/6 2299/5/6 2303/5/6
f 2303/5/6 2299/5/6 2304/5/6
f 2300/5/6 2301/5/6 2306/5/6
f 2301/5/6 2294/5/6 2306/5/6
f 2306/5/6 2294/5/6 2307/5/6
f 2297/5/6 2302/5/6 2308/5/6
f 2304/5/6 2305/5/6 2309/5/6
f 2303/5/6 2304/5/6 2309/5/6
f 2309/5/6 2305/5/6 2310/5/6
f 2310/5/6 2305/5/6 2311/5/6
f 2300/5/6 2306/5/6 2312/5/6
f 2307/5/6 2294/5/6 2313/5/6
f 2309/5/6 2310/5/6 2314/5/6
f 2308/5/6 2309/5/6 2314/5/6
f 2311/5/6 2305/5/6 2315/5/6
f 2300/5/6 2312/5/6 2316/5/6
f 2312/5/6 2313/5/6 2316/5/6
f 2316/5/6 2313/5/6 2317/5/6
f 2314/5/6 2315/5/6 2318/5/6
f 2315/5/6 2305/5/6 2318/5/6
f 2318/5/6 2305/5/6 2319/5/6
f 2317/5/6 2313/5/6 2320/5/6
f 2320/5/6 2313/5/6 2321/5/6
f 2313/5/6 2294/5/6 2322/5/6
f 2321/5/6 2313/5/6 2322/5/6
f 2297/5/6 2308/5/6 2325/5/6
f 2308/5/6 2314/5/6 2325/5/6
f 2314/5/6 2318/5/6 2325/5/6
f 2325/5/6 2318/5/6 2326/5/6
f 2326/5/6 2318/5/6 2327/5/6
f 2322/5/6 2323/5/6 2328/5/6
f 2321/5/6 2322/5/6 2328/5/6
f 2328/5/6 2323/5/6 2329/5/6
f 2329/5/6 2323/5/6 2330/5/6
f 2330/5/6 2323/5/6 2331/5/6
f 2331/5/6 2323/5/6 2332/5/6
f 2325/5/6 2326/5/6 2333/5/6
f 2324/5/6 2325/5/6 2333/5/6
f 2333/5/6 2326/5/6 2334/5/6
f 2334/5/6 2326/5/6 2335/5/6
f 2329/5/6 2330/5/6 2336/5/6
f 2336/5/6 2330/5/6 2337/5/6
f 2331/5/6 2332/5/6 2338/5/6
f 2333/5/6 2334/5/6 2338/5/6
f 2332/5/6 2333/5/6 2338/5/6
f 2338/5/6 2334/5/6 2339/5/6
f 2339/5/6 2334/5/6 2340/5/6
f 2340/5/6 2334/5/6 2341/5/6
f 2341/5/6 2334/5/6 2342/5/6
f 2342/5/6 2334/5/6 2343/5/6
f 2337/5/6 2330/5/6 2344/5/6
f 2344/5/6 2330/5/6 2345/5/6
f 2331/5/6 2338/5/6 2346/5/6
f 2341/5/6 2342/5/6 2347/5/6
f 2347/5/6 2342/5/6 2348/5/6
f 2345/5/6 2346/5/6 2349/5/6
f 2349/5/6 2346/5/6 2350/5/6
f 2346/5/6 2338/5/6 2351/5/6
f 2350/5/6 2346/5/6 2351/5/6
f 2339/5/6 2340/5/6 2352/5/6
f 2352/5/6 2340/5/6 2353/5/6
f 2341/5/6 2347/5/6 2354/5/6
f 2354/5/6 2347/5/6 2355/5/6
f 2355/5/6 2347/5/6 2356/5/6
f 2352/5/6 2353/5/6 2357/5/6
f 2350/5/6 2351/5/6 2357/5/6
f 2354/5/6 2355/5/6 2357/5/6
f 2353/5/6 2354/5/6 2357/5/6
f 2351/5/6 2352/5/6 2357/5/6
f 2357/5/6 2355/5/6 2358/5/6
f 2358/5/6 2355/5/6 2359/5/6
f 2359/5/6 2355/5/6 2360/5/6
f 2358/5/6 2359/5/6 2361/5/6
f 2361/5/6 2359/5/6 2362/5/6
f 2362/5/6 2359/5/6 2363/5/6
f 2363/5/6 2359/5/6 2364/5/6
f 2362/5/6 2363/5/6 2365/5/6
f 2365/5/6 2363/5/6 2366/5/6
f 2366/5/6 2363/5/6 2367/5/6
f 2367/5/6 2363/5/6 2368/5/6
f 2366/5/6 2367/5/6 2369/5/6
f 2369/5/6 2367/5/6 2370/5/6
f 2366/5/6 2369/5/6 2371/5/6
f 2370/5/6 2367/5/6 2372/5/6
f 2366/5/6 2371/5/6 2373/5/6
f 2371/5/6 2372/5/6 2373/5/6
f 2373/5/6 2372/5/6 2374/5/6
f 2372/5/6 2367/5/6 2375/5/6
f 2374/5/6 2372/5/6 2375/5/6
f 2375/5/6 2367/5/6 2376/5/6
f 2374/5/6 2375/5/6 2377/5/6
f 2377/5/6 2375/5/6 2378/5/6
f 2374/5/6 2377/5/6 2379/5/6
f 2378/5/6 2375/5/6 2380/5/6
f 2374/5/6 2379/5/6 2381/5/6
f 2379/5/6 2380/5/6 2381/5/6
f 2381/5/6 2380/5/6 2382/5/6
f 2382/5/6 2380/5/6 2383/5/6
f 2383/5/6 2380/5/6 2384/5/6
f 2384/5/6 2380/5/6 2385/5/6
f 2385/5/6 2380/5/6 2386/5/6
f 2380/5/6 2375/5/6 2387/5/6
f 2386/5/6 2380/5/6 2387/5/6
f 2387/5/6 2375/5/6 2388/5/6
f 2382/5/6 2383/5/6 2389/5/6
f 2384/5/6 2385/5/6 2390/5/6
f 2390/5/6 2385/5/6 2391/5/6
f 2386/5/6 2387/5/6 2392/5/6
f 2390/5/6 2391/5/6 2393/5/6
f 2391/5/6 2392/5/6 2393/5/6
f 2382/5/6 2389/5/6 2393/5/6
f 2389/5/6 2390/5/6 2393/5/6
f 2392/5/6 2387/5/6 2394/5/6
f 2393/5/6 2392/5/6 2394/5/6
f 2393/5/6 2394/5/6 2396/5/6
f 2396/5/6 2394/5/6 2397/5/6
f 2396/5/6 2397/5/6 2400/5/6
f 2397/5/6 2398/5/6 2400/5/6
f 2395/5/6 2396/5/6 2400/5/6
f 2400/5/6 2398/5/6 2401/5/6
f 2400/5/6 2401/5/6 2403/5/6
f 2401/5/6 2402/5/6 2403/5/6
f 2399/5/6 2400/5/6 2403/5/6
f 2403/5/6 2402/5/6 2404/5/6
f 2399/5/6 2403/5/6 2405/5/6
f 2405/5/6 2403/5/6 2406/5/6
f 2404/5/6 2402/5/6 2407/5/6
f 2407/5/6 2402/5/6 2408/5/6
f 2399/5/6 2405/5/6 2409/5/6
f 2408/5/6 2402/5/6 2412/5/6
f 2409/5/6 2410/5/6 2413/5/6
f 2411/5/6 2412/5/6 2415/5/6
f 2413/5/6 2414/5/6 2416/5/6
f 2414/5/6 2415/5/6 2416/5/6
f 2399/5/6 2409/5/6 2416/5/6
f 2409/5/6 2413/5/6 2416/5/6
f 2415/5/6 2412/5/6 2417/5/6
f 2416/5/6 2415/5/6 2417/5/6
f 2412/5/6 2402/5/6 2417/5/6
f 2418/5/6 2419/5/6 2422/5/6
f 2419/5/6 2420/5/6 2422/5/6
f 2422/5/6 2420/5/6 2423/5/6
f 2421/8/6 2422/8/6 2425/8/6
f 2423/8/6 2424/8/6 2427/8/6
f 2425/8/6 2426/8/6 2429/8/6
f 2421/8/6 2425/8/6 2429/8/6
f 2429/8/6 2426/8/6 2430/8/6
f 2427/8/6 2428/8/6 2431/8/6
f 2423/8/6 2427/8/6 2431/8/6
f 2431/8/6 2428/8/6 2432/8/6
f 2430/8/6 2426/8/6 2433/8/6
f 2432/8/6 2428/8/6 2435/8/6
f 2435/8/6 2428/8/6 2436/8/6
f 2430/8/6 2433/8/6 2437/8/6
f 2437/8/6 2433/8/6 2438/8/6
f 2434/5/6 2435/5/6 2439/5/6
f 2439/5/6 2435/5/6 2440/5/6
f 2441/8/6 2442/8/6 2448/8/6
f 2448/8/6 2442/8/6 2449/8/6
f 2443/5/6 2444/5/6 2450/5/6
f 2450/5/6 2444/5/6 2451/5/6
f 2445/8/6 2446/8/6 2452/8/6
f 2452/8/6 2446/8/6 2453/8/6
f 2448/8/6 2449/8/6 2456/8/6
f 2447/8/6 2448/8/6 2456/8/6
f 2456/8/6 2449/8/6 2457/8/6
f 2457/8/6 2449/8/6 2458/8/6
f 2452/8/6 2453/8/6 2459/8/6
f 2453/8/6 2454/8/6 2459/8/6
f 2459/8/6 2454/8/6 2460/8/6
f 2460/8/6 2454/8/6 2461/8/6
f 2456/8/6 2457/8/6 2464/8/6
f 2455/8/6 2456/8/6 2464/8/6
f 2464/8/6 2457/8/6 2465/8/6
f 2465/8/6 2457/8/6 2466/8/6
f 2461/8/6 2462/8/6 2467/8/6
f 2460/8/6 2461/8/6 2467/8/6
f 2467/8/6 2462/8/6 2468/8/6
f 2468/8/6 2462/8/6 2469/8/6
f 2464/8/6 2465/8/6 2472/8/6
f 2463/8/6 2464/8/6 2472/8/6
f 2472/8/6 2465/8/6 2473/8/6
f 2473/8/6 2465/8/6 2474/8/6
f 2469/8/6 2470/8/6 2475/8/6
f 2468/8/6 2469/8/6 2475/8/6
f 2475/8/6 2470/8/6 2476/8/6
f 2476/8/6 2470/8/6 2477/8/6
f 2472/8/6 2473/8/6 2480/8/6
f 2471/8/6 2472/8/6 2480/8/6
f 2480/8/6 2473/8/6 2481/8/6
f 2481/8/6 2473/8/6 2482/8/6
f 2477/8/6 2478/8/6 2483/8/6
f 2476/8/6 2477/8/6 2483/8/6
f 2483/8/6 2478/8/6 2484/8/6
f 2484/8/6 2478/8/6 2485/8/6
f 2480/8/6 2481/8/6 2488/8/6
f 2479/8/6 2480/8/6 2488/8/6
f 2488/8/6 2481/8/6 2489/8/6
f 2489/8/6 2481/8/6 2490/8/6
f 2485/8/6 2486/8/6 2491/8/6
f 2484/8/6 2485/8/6 2491/8/6
f 2491/8/6 2486/8/6 2492/8/6
f 2492/8/6 2486/8/6 2493/8/6
f 2488/8/6 2489/8/6 2496/8/6
f 2487/8/6 2488/8/6 2496/8/6
f 2496/8/6 2489/8/6 2497/8/6
f 2497/8/6 2489/8/6 2498/8/6
f 2493/8/6 2494/8/6 2501/8/6
f 2492/8/6 2493/8/6 2501/8/6
f 2501/8/6 2494/8/6 2502/8/6
f 2502/8/6 2494/8/6 2503/8/6
f 2495/8/6 2496/8/6 2506/8/6
f 2496/8/6 2497/8/6 2506/8/6
f 2506/8/6 2497/8/6 2507/8/6
f 2507/8/6 2497/8/6 2508/8/6
f 2499/8/6 2500/8/6 2510/8/6
f 2510/8/6 2500/8/6 2511/8/6
f 2503/8/6 2504/8/6 2513/8/6
f 2502/8/6 2503/8/6 2513/8/6
f 2513/8/6 2504/8/6 2514/8/6
f 2514/8/6 2504/8/6 2515/8/6
f 2505/8/6 2506/8/6 2517/8/6
f 2506/8/6 2507/8/6 2517/8/6
f 2517/8/6 2507/8/6 2518/8/6
f 2515/8/6 2516/8/6 2519/8/6
f 2514/8/6 2515/8/6 2519/8/6
f 2519/8/6 2516/8/6 2520/8/6
f 2511/8/6 2512/8/6 2521/8/6
f 2510/8/6 2511/8/6 2521/8/6
f 2509/8/6 2510/8/6 2521/8/6
f 2521/8/6 2512/8/6 2522/8/6
f 2522/8/6 2512/8/6 2523/8/6
f 2523/8/6 2512/8/6 2524/8/6
f 2509/8/6 2521/8/6 2525/8/6
f 2522/8/6 2523/8/6 2526/8/6
f 2526/8/6 2523/8/6 2527/8/6
f 2524/8/6 2512/8/6 2528/8/6
f 2505/8/6 2517/8/6 2529/8/6
f 2520/8/6 2516/8/6 2532/8/6
f 2529/8/6 2530/8/6 2533/8/6
f 2505/8/6 2529/8/6 2533/8/6
f 2533/8/6 2530/8/6 2534/8/6
f 2534/8/6 2530/8/6 2535/8/6
f 2527/8/6 2528/8/6 2537/8/6
f 2526/8/6 2527/8/6 2537/8/6
f 2509/8/6 2525/8/6 2537/8/6
f 2525/8/6 2526/8/6 2537/8/6
f 2537/8/6 2528/8/6 2538/8/6
f 2528/8/6 2512/8/6 2539/8/6
f 2538/8/6 2528/8/6 2539/8/6
f 2539/8/6 2512/8/6 2540/8/6
f 2531/8/6 2532/8/6 2542/8/6
f 2532/8/6 2516/8/6 2543/8/6
f 2542/8/6 2532/8/6 2543/8/6
f 2543/8/6 2516/8/6 2544/8/6
f 2535/8/6 2536/8/6 2545/8/6
f 2534/8/6 2535/8/6 2545/8/6
f 2545/8/6 2536/8/6 2546/8/6
f 2546/8/6 2536/8/6 2547/8/6
f 2538/8/6 2539/8/6 2549/8/6
f 2549/8/6 2539/8/6 2550/8/6
f 2542/8/6 2543/8/6 2552/8/6
f 2541/8/6 2542/8/6 2552/8/6
f 2552/8/6 2543/8/6 2553/8/6
f 2553/8/6 2543/8/6 2554/8/6
f 2547/8/6 2548/8/6 2555/8/6
f 2546/8/6 2547/8/6 2555/8/6
f 2555/8/6 2548/8/6 2556/8/6
f 2556/8/6 2548/8/6 2557/8/6
f 2552/8/6 2553/8/6 2560/8/6
f 2551/8/6 2552/8/6 2560/8/6
f 2560/8/6 2553/8/6 2561/8/6
f 2561/8/6 2553/8/6 2562/8/6
f 2557/8/6 2558/8/6 2563/8/6
f 2556/8/6 2557/8/6 2563/8/6
f 2563/8/6 2558/8/6 2564/8/6
f 2564/8/6 2558/8/6 2565/8/6
f 2560/8/6 2561/8/6 2568/8/6
f 2559/8/6 2560/8/6 2568/8/6
f 2568/8/6 2561/8/6 2569/8/6
f 2569/8/6 2561/8/6 2570/8/6
f 2565/8/6 2566/8/6 2571/8/6
f 2564/8/6 2565/8/6 2571/8/6
f 2571/8/6 2566/8/6 2572/8/6
f 2572/8/6 2566/8/6 2573/8/6
f 2568/8/6 2569/8/6 2576/8/6
f 2567/8/6 2568/8/6 2576/8/6
f 2576/8/6 2569/8/6 2577/8/6
f 2577/8/6 2569/8/6 2578/8/6
f 2573/8/6 2574/8/6 2579/8/6
f 2572/8/6 2573/8/6 2579/8/6
f 2579/8/6 2574/8/6 2580/8/6
f 2580/8/6 2574/8/6 2581/8/6
f 2576/8/6 2577/8/6 2584/8/6
f 2575/8/6 2576/8/6 2584/8/6
f 2584/8/6 2577/8/6 2585/8/6
f 2585/8/6 2577/8/6 2586/8/6
f 2581/8/6 2582/8/6 2587/8/6
f 2580/8/6 2581/8/6 2587/8/6
f 2587/8/6 2582/8/6 2588/8/6
f 2588/8/6 2582/8/6 2589/8/6
f 2584/8/6 2585/8/6 2592/8/6
f 2583/8/6 2584/8/6 2592/8/6
f 2592/8/6 2585/8/6 2593/8/6
f 2593/8/6 2585/8/6 2594/8/6
f 2589/8/6 2590/8/6 2595/8/6
f 2588/8/6 2589/8/6 2595/8/6
f 2595/8/6 2590/8/6 2596/8/6
f 2596/8/6 2590/8/6 2597/8/6
f 2592/8/6 2593/8/6 2600/8/6
f 2591/8/6 2592/8/6 2600/8/6
f 2600/8/6 2593/8/6 2601/8/6
f 2601/8/6 2593/8/6 2602/8/6
f 2597/8/6 2598/8/6 2603/8/6
f 2596/8/6 2597/8/6 2603/8/6
f 2603/8/6 2598/8/6 2604/8/6
f 2600/8/6 2601/8/6 2605/8/6
f 2599/8/6 2600/8/6 2605/8/6
f 2605/8/6 2601/8/6 2606/8/6
f 2604/8/6 2598/8/6 2607/8/6
f 2599/8/6 2605/8/6 2610/8/6
f 2607/8/6 2608/8/6 2611/8/6
f 2604/8/6 2607/8/6 2611/8/6
f 2611/8/6 2608/8/6 2612/8/6
f 2609/8/6 2610/8/6 2613/8/6
f 2610/8/6 2605/8/6 2613/8/6
f 2613/8/6 2605/8/6 2614/8/6
f 2612/8/6 2608/8/6 2615/8/6
f 2609/8/6 2613/8/6 2618/8/6
f 2615/8/6 2616/8/6 2619/8/6
f 2612/8/6 2615/8/6 2619/8/6
f 2619/8/6 2616/8/6 2620/8/6
f 2617/8/6 2618/8/6 2621/8/6
f 2618/8/6 2613/8/6 2621/8/6
f 2621/8/6 2613/8/6 2622/8/6
f 2620/8/6 2616/8/6 2623/8/6
f 2623/8/6 2616/8/6 2624/8/6
f 2617/8/6 2621/8/6 2625/8/6
f 2625/8/6 2621/8/6 2626/8/6
f 2627/5/6 2628/5/6 2632/5/6
f 2632/5/6 2628/5/6 2633/5/6
f 2629/5/6 2630/5/6 2634/5/6
f 2634/5/6 2630/5/6 2635/5/6
f 2631/5/6 2632/5/6 2637/5/6
f 2637/5/6 2632/5/6 2638/5/6
f 2635/5/6 2636/5/6 2639/5/6
f 2639/5/6 2636/5/6 2640/5/6
f 2631/5/6 2637/5/6 2641/5/6
f 2640/5/6 2636/5/6 2642/5/6
f 2631/5/6 2641/5/6 2643/5/6
f 2641/5/6 2642/5/6 2643/5/6
f 2642/5/6 2636/5/6 2644/5/6
f 2643/5/6 2642/5/6 2644/5/6
f 2645/5/6 2646/5/6 2649/5/6
f 2649/5/6 2646/5/6 2650/5/6
f 2647/8/6 2648/8/6 2651/8/6
f 2645/5/6 2649/5/6 2652/5/6
f 2652/5/6 2649/5/6 2653/5/6
f 2647/8/6 2651/8/6 2655/8/6
f 2655/8/6 2651/8/6 2656/8/6
f 2653/8/6 2654/8/6 2657/8/6
f 2657/8/6 2654/8/6 2658/8/6
f 2659/8/6 2660/8/6 2663/8/6
f 2663/8/6 2660/8/6 2664/8/6
f 2661/8/6 2662/8/6 2665/8/6
f 2665/8/6 2662/8/6 2666/8/6
f 2666/8/6 2662/8/6 2667/8/6
f 2664/5/6 2665/5/6 2669/5/6
f 2665/5/6 2666/5/6 2669/5/6
f 2669/5/6 2666/5/6 2670/5/6
f 2668/8/6 2669/8/6 2672/8/6
f 2672/8/6 2669/8/6 2673/8/6
f 2670/8/6 2671/8/6 2674/8/6
f 2674/8/6 2671/8/6 2675/8/6
f 2676/1/6 2677/1/6 2680/1/6
f 2680/1/6 2677/1/6 2681/1/6
f 2678/1/6 2679/1/6 2682/1/6
f 2682/1/6 2679/1/6 2683/1/6
f 2683/1/6 2679/1/6 2684/1/6
f 2685/5/6 2686/5/6 2690/5/6
f 2690/5/6 2686/5/6 2691/5/6
f 2687/5/6 2688/5/6 2692/5/6
f 2692/5/6 2688/5/6 2693/5/6
f 2689/5/6 2690/5/6 2696/5/6
f 2696/5/6 2690/5/6 2697/5/6
f 2693/5/6 2694/5/6 2698/5/6
f 2698/5/6 2694/5/6 2699/5/6
f 2695/5/6 2696/5/6 2701/5/6
f 2701/5/6 2696/5/6 2702/5/6
f 2699/5/6 2700/5/6 2703/5/6
f 2703/5/6 2700/5/6 2704/5/6
f 2702/5/6 2703/5/6 2705/5/6
f 2705/5/6 2703/5/6 2706/5/6
f 2707/5/6 2708/5/6 2709/5/6
f 2709/5/6 2708/5/6 2710/5/6
f 2707/5/6 2709/5/6 2712/5/6
f 2711/5/6 2712/5/6 2714/5/6
f 2712/5/6 2709/5/6 2715/5/6
f 2714/5/6 2712/5/6 2715/5/6
f 2715/8/6 2716/8/6 2718/8/6
f 2713/8/6 2714/8/6 2719/8/6
f 2719/8/6 2714/8/6 2720/8/6
f 2717/8/6 2718/8/6 2721/8/6
f 2718/8/6 2716/8/6 2722/8/6
f 2721/8/6 2718/8/6 2722/8/6
f 2723/8/6 2724/8/6 2727/8/6
f 2727/8/6 2724/8/6 2728/8/6
f 2725/8/6 2726/8/6 2729/8/6
f 2729/8/6 2726/8/6 2730/8/6
f 2731/1/6 2732/1/6 2736/1/6
f 2736/1/6 2732/1/6 2737/1/6
f 2737/1/6 2732/1/6 2738/1/6
f 2733/2/6 2734/2/6 2739/2/6
f 2734/1/6 2735/1/6 2740/1/6
f 2739/2/6 2734/2/6 2740/2/6
f 2740/1/6 2735/1/6 2741/1/6
f 2742/8/6 2743/8/6 2747/8/6
f 2747/8/6 2743/8/6 2748/8/6
f 2748/8/6 2743/8/6 2749/8/6
f 2744/8/6 2745/8/6 2750/8/6
f 2750/8/6 2745/8/6 2751/8/6
f 2751/8/6 2745/8/6 2752/8/6
f 2746/8/6 2747/8/6 2755/8/6
f 2747/8/6 2748/8/6 2755/8/6
f 2755/8/6 2748/8/6 2756/8/6
f 2756/8/6 2748/8/6 2757/8/6
f 2751/8/6 2752/8/6 2758/8/6
f 2752/8/6 2753/8/6 2758/8/6
f 2758/8/6 2753/8/6 2759/8/6
f 2759/8/6 2753/8/6 2760/8/6
f 2755/8/6 2756/8/6 2762/8/6
f 2754/8/6 2755/8/6 2762/8/6
f 2762/8/6 2756/8/6 2763/8/6
f 2760/8/6 2761/8/6 2764/8/6
f 2759/8/6 2760/8/6 2764/8/6
f 2764/8/6 2761/8/6 2765/8/6
f 2754/8/6 2762/8/6 2766/8/6
f 2765/8/6 2761/8/6 2769/8/6
f 2766/8/6 2767/8/6 2770/8/6
f 2754/8/6 2766/8/6 2770/8/6
f 2770/8/6 2767/8/6 2771/8/6
f 2771/8/6 2767/8/6 2772/8/6
f 2768/8/6 2769/8/6 2773/8/6
f 2769/8/6 2761/8/6 2774/8/6
f 2773/8/6 2769/8/6 2774/8/6
f 2774/8/6 2761/8/6 2775/8/6
f 2771/8/6 2772/8/6 2776/8/6
f 2772/8/6 2773/8/6 2776/8/6
f 2773/8/6 2774/8/6 2776/8/6
f 2776/8/6 2774/8/6 2777/8/6
f 2778/8/6 2779/8/6 2780/8/6
f 2780/8/6 2779/8/6 2781/8/6
f 2778/8/6 2780/8/6 2783/8/6
f 2781/8/6 2779/8/6 2785/8/6
f 2782/8/6 2783/8/6 2786/8/6
f 2783/8/6 2780/8/6 2786/8/6
f 2786/8/6 2780/8/6 2787/8/6
f 2784/8/6 2785/8/6 2788/8/6
f 2785/8/6 2779/8/6 2788/8/6
f 2788/8/6 2779/8/6 2789/8/6
f 2782/8/6 2786/8/6 2790/8/6
f 2790/8/6 2786/8/6 2791/8/6
f 2784/8/6 2788/8/6 2792/8/6
f 2792/8/6 2788/8/6 2793/8/6
f 2794/4/6 2795/4/6 2797/4/6
f 2797/4/6 2795/4/6 2798/4/6
f 2796/4/6 2797/4/6 2801/4/6
f 2801/4/6 2797/4/6 2802/4/6
f 2798/4/6 2799/4/6 2803/4/6
f 2803/4/6 2799/4/6 2804/4/6
f 2800/4/6 2801/4/6 2806/4/6
f 2806/4/6 2801/4/6 2807/4/6
f 2804/4/6 2805/4/6 2810/4/6
f 2810/4/6 2805/4/6 2811/4/6
f 2807/4/6 2808/4/6 2812/4/6
f 2812/4/6 2808/4/6 2813/4/6
f 2809/4/6 2810/4/6 2814/4/6
f 2814/4/6 2810/4/6 2815/4/6
f 2813/4/6 2814/4/6 2816/4/6
f 2816/4/6 2814/4/6 2817/4/6
f 2818/1/6 2819/1/6 2820/1/6
f 2820/1/6 2819/1/6 2821/1/6
f 2822/1/6 2823/1/6 2824/1/6
f 2824/1/6 2823/1/6 2825/1/6
f 2826/4/6 2827/4/6 2829/4/6
f 2829/4/6 2827/4/6 2830/4/6
f 2828/4/6 2829/4/6 2834/4/6
f 2834/4/6 2829/4/6 2835/4/6
f 2830/4/6 2831/4/6 2836/4/6
f 2836/4/6 2831/4/6 2837/4/6
f 2832/4/6 2833/4/6 2839/4/6
f 2839/4/6 2833/4/6 2840/4/6
f 2835/4/6 2836/4/6 2842/4/6
f 2842/4/6 2836/4/6 2843/4/6
f 2838/4/6 2839/4/6 2845/4/6
f 2845/4/6 2839/4/6 2846/4/6
f 2840/4/6 2841/4/6 2847/4/6
f 2847/4/6 2841/4/6 2848/4/6
f 2844/4/6 2845/4/6 2850/4/6
f 2850/4/6 2845/4/6 2851/4/6
f 2848/4/6 2849/4/6 2854/4/6
f 2854/4/6 2849/4/6 2855/4/6
f 2851/4/6 2852/4/6 2856/4/6
f 2856/4/6 2852/4/6 2857/4/6
f 2853/4/6 2854/4/6 2858/4/6
f 2858/4/6 2854/4/6 2859/4/6
f 2857/4/6 2858/4/6 2860/4/6
f 2860/4/6 2858/4/6 2861/4/6
f 2862/1/6 2863/1/6 2864/1/6
f 2864/1/6 2863/1/6 2865/1/6
f 2866/4/6 2867/4/6 2868/4/6
f 2868/4/6 2867/4/6 2869/4/6
f 2870/4/6 2871/4/6 2873/4/6
f 2873/4/6 2871/4/6 2874/4/6
f 2872/4/6 2873/4/6 2876/4/6
f 2876/4/6 2873/4/6 2877/4/6
f 2874/4/6 2875/4/6 2878/4/6
f 2878/4/6 2875/4/6 2879/4/6
f 2877/4/6 2878/4/6 2880/4/6
f 2880/4/6 2878/4/6 2881/4/6
f 2882/1/6 2883/1/6 2884/1/6
f 2884/1/6 2883/1/6 2885/1/6
f 2886/4/6 2887/4/6 2888/4/6
f 2888/4/6 2887/4/6 2889/4/6
f 2890/6/6 2891/6/6 2892/6/6
f 2892/6/6 2891/6/6 2893/6/6
f 2894/3/6 2895/3/6 2897/3/6
f 2895/6/6 2896/6/6 2898/6/6
f 2897/3/6 2895/3/6 2898/3/6
f 2898/6/6 2896/6/6 2899/6/6
f 2900/1/6 2901/1/6 2904/1/6
f 2901/2/6 2902/2/6 2905/2/6
f 2904/1/6 2901/1/6 2905/1/6
f 2902/1/6 2903/1/6 2906/1/6
f 2905/2/6 2902/2/6 2906/2/6
f 2906/1/6 2903/1/6 2907/1/6
f 2904/2/6 2905/2/6 2908/2/6
f 2905/2/6 2906/2/6 2908/2/6
f 2906/2/6 2907/2/6 2908/2/6
f 2908/2/6 2907/2/6 2909/2/6
