# MagicaVoxel @ Ephtracy

# group
o 

# material
mtllib VR Токарев глаз.mtl
usemtl palette

# normals
vn -1 0 0
vn 1 0 0
vn 0 0 1
vn 0 0 -1
vn 0 -1 0
vn 0 1 0

# texcoords
vt 0.00195312 0.5
vt 0.728516 0.5
vt 0.751953 0.5
vt 0.845703 0.5
vt 0.962891 0.5
vt 0.994141 0.5

# verts
v -2 1.6 0.3
v -2 1.6 -0.3
v -2 1.7 0.4
v -2 1.7 0.3
v -2 1.7 -0.3
v -2 1.7 -0.4
v -2 1.9 0.4
v -2 1.9 -0.4
v -2 2 0.4
v -2 2 -2.38419e-07
v -2 2 -0.2
v -2 2 -0.4
v -2 2.1 -2.38419e-07
v -2 2.1 -0.1
v -2 2.2 -0.1
v -2 2.2 -0.2
v -2 2.2 -0.4
v -2 2.3 0.4
v -2 2.3 0.3
v -2 2.3 -0.2
v -2 2.3 -0.3
v -2 2.3 -0.4
v -2 2.4 0.3
v -2 2.4 -0.3
v -1.9 1.2 0.0999999
v -1.9 1.2 -0.1
v -1.9 1.3 0.4
v -1.9 1.3 0.3
v -1.9 1.3 0.0999999
v -1.9 1.3 -0.1
v -1.9 1.3 -0.4
v -1.9 1.4 0.5
v -1.9 1.4 0.4
v -1.9 1.4 0.3
v -1.9 1.4 -0.4
v -1.9 1.4 -0.5
v -1.9 1.5 0.6
v -1.9 1.5 0.5
v -1.9 1.5 0.4
v -1.9 1.5 -0.5
v -1.9 1.5 -0.6
v -1.9 1.6 0.7
v -1.9 1.6 0.6
v -1.9 1.6 0.5
v -1.9 1.6 0.3
v -1.9 1.6 -0.3
v -1.9 1.6 -0.6
v -1.9 1.6 -0.7
v -1.9 1.7 0.4
v -1.9 1.7 0.3
v -1.9 1.7 -0.3
v -1.9 1.7 -0.4
v -1.9 1.8 0.7
v -1.9 1.8 0.6
v -1.9 1.9 0.8
v -1.9 1.9 0.7
v -1.9 1.9 0.4
v -1.9 1.9 -0.4
v -1.9 1.9 -0.7
v -1.9 1.9 -0.8
v -1.9 2 0.8
v -1.9 2 0.4
v -1.9 2 -0.4
v -1.9 2 -0.6
v -1.9 2 -0.8
v -1.9 2.1 0.8
v -1.9 2.1 0.7
v -1.9 2.1 -0.6
v -1.9 2.1 -0.7
v -1.9 2.1 -0.8
v -1.9 2.2 -0.4
v -1.9 2.3 0.4
v -1.9 2.3 0.3
v -1.9 2.3 -0.3
v -1.9 2.3 -0.4
v -1.9 2.3 -0.5
v -1.9 2.4 0.7
v -1.9 2.4 0.6
v -1.9 2.4 0.3
v -1.9 2.4 -0.3
v -1.9 2.4 -0.5
v -1.9 2.4 -0.6
v -1.9 2.4 -0.7
v -1.9 2.5 0.6
v -1.9 2.5 0.5
v -1.9 2.5 -0.5
v -1.9 2.5 -0.6
v -1.9 2.6 0.5
v -1.9 2.6 0.4
v -1.9 2.6 -0.4
v -1.9 2.6 -0.5
v -1.9 2.7 0.4
v -1.9 2.7 0.0999999
v -1.9 2.7 -0.1
v -1.9 2.7 -0.4
v -1.9 2.8 0.0999999
v -1.9 2.8 -0.1
v -1.8 1 0.2
v -1.8 1 -0.2
v -1.8 1.1 0.5
v -1.8 1.1 0.4
v -1.8 1.1 0.3
v -1.8 1.1 0.2
v -1.8 1.1 -0.2
v -1.8 1.1 -0.5
v -1.8 1.2 0.6
v -1.8 1.2 0.5
v -1.8 1.2 0.0999999
v -1.8 1.2 -0.1
v -1.8 1.2 -0.5
v -1.8 1.2 -0.6
v -1.8 1.3 0.7
v -1.8 1.3 0.6
v -1.8 1.3 0.5
v -1.8 1.3 0.4
v -1.8 1.3 0.3
v -1.8 1.3 0.0999999
v -1.8 1.3 -0.1
v -1.8 1.3 -0.4
v -1.8 1.3 -0.6
v -1.8 1.3 -0.7
v -1.8 1.4 0.8
v -1.8 1.4 0.7
v -1.8 1.4 0.5
v -1.8 1.4 0.4
v -1.8 1.4 -0.4
v -1.8 1.4 -0.5
v -1.8 1.4 -0.7
v -1.8 1.4 -0.8
v -1.8 1.5 0.9
v -1.8 1.5 0.8
v -1.8 1.5 0.6
v -1.8 1.5 0.5
v -1.8 1.5 -0.5
v -1.8 1.5 -0.6
v -1.8 1.5 -0.8
v -1.8 1.5 -0.9
v -1.8 1.6 0.7
v -1.8 1.6 0.6
v -1.8 1.6 -0.6
v -1.8 1.6 -0.7
v -1.8 1.7 0.8
v -1.8 1.7 0.7
v -1.8 1.8 1
v -1.8 1.8 0.9
v -1.8 1.8 0.8
v -1.8 1.8 0.7
v -1.8 1.8 -0.9
v -1.8 1.8 -1
v -1.8 1.9 1
v -1.8 1.9 0.8
v -1.8 1.9 0.7
v -1.8 1.9 -0.7
v -1.8 1.9 -0.8
v -1.8 2 1
v -1.8 2 0.8
v -1.8 2 -0.8
v -1.8 2 -0.9
v -1.8 2 -1
v -1.8 2.1 0.8
v -1.8 2.1 0.7
v -1.8 2.1 -0.7
v -1.8 2.1 -0.8
v -1.8 2.1 -0.9
v -1.8 2.1 -1
v -1.8 2.2 1
v -1.8 2.2 0.9
v -1.8 2.2 -0.9
v -1.8 2.2 -1
v -1.8 2.4 0.7
v -1.8 2.4 0.6
v -1.8 2.4 -0.6
v -1.8 2.4 -0.7
v -1.8 2.5 0.9
v -1.8 2.5 0.8
v -1.8 2.5 0.7
v -1.8 2.5 0.6
v -1.8 2.5 0.5
v -1.8 2.5 -0.5
v -1.8 2.5 -0.6
v -1.8 2.5 -0.8
v -1.8 2.5 -0.9
v -1.8 2.6 0.8
v -1.8 2.6 0.7
v -1.8 2.6 0.5
v -1.8 2.6 0.4
v -1.8 2.6 -0.4
v -1.8 2.6 -0.5
v -1.8 2.6 -0.6
v -1.8 2.6 -0.7
v -1.8 2.6 -0.8
v -1.8 2.7 0.7
v -1.8 2.7 0.6
v -1.8 2.7 0.4
v -1.8 2.7 0.0999999
v -1.8 2.7 -0.1
v -1.8 2.7 -0.4
v -1.8 2.7 -0.6
v -1.8 2.7 -0.7
v -1.8 2.8 0.6
v -1.8 2.8 0.5
v -1.8 2.8 0.0999999
v -1.8 2.8 -2.38419e-07
v -1.8 2.8 -0.1
v -1.8 2.8 -0.4
v -1.8 2.8 -0.5
v -1.8 2.8 -0.6
v -1.8 2.9 0.5
v -1.8 2.9 0.2
v -1.8 2.9 -2.38419e-07
v -1.8 2.9 -0.2
v -1.8 2.9 -0.4
v -1.8 2.9 -0.5
v -1.8 3 0.2
v -1.8 3 -0.2
v -1.7 0.9 0.4
v -1.7 0.9 0.3
v -1.7 0.9 0.0999999
v -1.7 0.9 -0.2
v -1.7 0.9 -0.4
v -1.7 1 0.6
v -1.7 1 0.4
v -1.7 1 0.3
v -1.7 1 0.2
v -1.7 1 0.0999999
v -1.7 1 -0.2
v -1.7 1 -0.4
v -1.7 1 -0.5
v -1.7 1 -0.6
v -1.7 1.1 0.7
v -1.7 1.1 0.6
v -1.7 1.1 0.5
v -1.7 1.1 0.4
v -1.7 1.1 0.3
v -1.7 1.1 0.2
v -1.7 1.1 -0.2
v -1.7 1.1 -0.5
v -1.7 1.1 -0.6
v -1.7 1.1 -0.7
v -1.7 1.2 0.8
v -1.7 1.2 0.7
v -1.7 1.2 0.6
v -1.7 1.2 0.5
v -1.7 1.2 -0.5
v -1.7 1.2 -0.6
v -1.7 1.2 -0.7
v -1.7 1.2 -0.8
v -1.7 1.3 0.9
v -1.7 1.3 0.8
v -1.7 1.3 0.7
v -1.7 1.3 0.6
v -1.7 1.3 -0.6
v -1.7 1.3 -0.7
v -1.7 1.3 -0.8
v -1.7 1.3 -0.9
v -1.7 1.4 1
v -1.7 1.4 0.9
v -1.7 1.4 0.8
v -1.7 1.4 0.7
v -1.7 1.4 -0.7
v -1.7 1.4 -0.8
v -1.7 1.4 -0.9
v -1.7 1.4 -1
v -1.7 1.5 0.9
v -1.7 1.5 0.8
v -1.7 1.5 -0.8
v -1.7 1.5 -0.9
v -1.7 1.6 1.1
v -1.7 1.6 1
v -1.7 1.6 -1
v -1.7 1.6 -1.1
v -1.7 1.8 1
v -1.7 1.8 0.9
v -1.7 1.8 -0.9
v -1.7 1.8 -1
v -1.7 1.9 1.1
v -1.7 1.9 1
v -1.7 2 1.1
v -1.7 2 1
v -1.7 2 -1
v -1.7 2 -1.1
v -1.7 2.1 -1
v -1.7 2.1 -1.1
v -1.7 2.2 1
v -1.7 2.2 0.9
v -1.7 2.2 -0.9
v -1.7 2.2 -1
v -1.7 2.4 1.1
v -1.7 2.4 1
v -1.7 2.4 -1
v -1.7 2.4 -1.1
v -1.7 2.5 1
v -1.7 2.5 0.9
v -1.7 2.5 0.8
v -1.7 2.5 -0.8
v -1.7 2.5 -0.9
v -1.7 2.6 1
v -1.7 2.6 0.9
v -1.7 2.6 0.8
v -1.7 2.6 0.7
v -1.7 2.6 -0.7
v -1.7 2.6 -0.8
v -1.7 2.6 -0.9
v -1.7 2.6 -1
v -1.7 2.7 0.9
v -1.7 2.7 0.8
v -1.7 2.7 0.7
v -1.7 2.7 0.6
v -1.7 2.7 -0.6
v -1.7 2.7 -0.7
v -1.7 2.7 -0.8
v -1.7 2.7 -0.9
v -1.7 2.8 0.8
v -1.7 2.8 0.7
v -1.7 2.8 0.6
v -1.7 2.8 0.5
v -1.7 2.8 -0.5
v -1.7 2.8 -0.6
v -1.7 2.8 -0.7
v -1.7 2.8 -0.8
v -1.7 2.9 0.7
v -1.7 2.9 0.6
v -1.7 2.9 0.5
v -1.7 2.9 0.2
v -1.7 2.9 -0.2
v -1.7 2.9 -0.3
v -1.7 2.9 -0.4
v -1.7 2.9 -0.5
v -1.7 2.9 -0.6
v -1.7 2.9 -0.7
v -1.7 3 0.6
v -1.7 3 0.4
v -1.7 3 0.2
v -1.7 3 -0.2
v -1.7 3 -0.3
v -1.7 3 -0.4
v -1.7 3 -0.6
v -1.7 3.1 0.4
v -1.7 3.1 -0.4
v -1.6 0.7 0.2
v -1.6 0.7 -0.2
v -1.6 0.8 0.5
v -1.6 0.8 0.3
v -1.6 0.8 0.2
v -1.6 0.8 -2.38419e-07
v -1.6 0.8 -0.2
v -1.6 0.8 -0.5
v -1.6 0.9 0.7
v -1.6 0.9 0.5
v -1.6 0.9 0.4
v -1.6 0.9 0.3
v -1.6 0.9 0.0999999
v -1.6 0.9 -2.38419e-07
v -1.6 0.9 -0.2
v -1.6 0.9 -0.4
v -1.6 0.9 -0.5
v -1.6 0.9 -0.7
v -1.6 1 0.8
v -1.6 1 0.7
v -1.6 1 0.6
v -1.6 1 0.4
v -1.6 1 -0.4
v -1.6 1 -0.5
v -1.6 1 -0.6
v -1.6 1 -0.7
v -1.6 1 -0.8
v -1.6 1.1 0.9
v -1.6 1.1 0.8
v -1.6 1.1 0.7
v -1.6 1.1 0.6
v -1.6 1.1 -0.6
v -1.6 1.1 -0.7
v -1.6 1.1 -0.8
v -1.6 1.1 -0.9
v -1.6 1.2 1
v -1.6 1.2 0.9
v -1.6 1.2 0.8
v -1.6 1.2 0.7
v -1.6 1.2 -0.7
v -1.6 1.2 -0.8
v -1.6 1.2 -0.9
v -1.6 1.2 -1
v -1.6 1.3 1.1
v -1.6 1.3 1
v -1.6 1.3 0.9
v -1.6 1.3 0.8
v -1.6 1.3 -0.8
v -1.6 1.3 -0.9
v -1.6 1.3 -1
v -1.6 1.3 -1.1
v -1.6 1.4 1
v -1.6 1.4 0.9
v -1.6 1.4 -0.9
v -1.6 1.4 -1
v -1.6 1.5 1.2
v -1.6 1.5 1.1
v -1.6 1.5 1
v -1.6 1.5 -1.1
v -1.6 1.5 -1.2
v -1.6 1.6 1.1
v -1.6 1.6 1
v -1.6 1.6 -1
v -1.6 1.6 -1.1
v -1.6 1.8 1.3
v -1.6 1.8 1.2
v -1.6 1.8 -1.2
v -1.6 1.8 -1.3
v -1.6 1.9 1.3
v -1.6 1.9 1.1
v -1.6 1.9 -1.2
v -1.6 1.9 -1.3
v -1.6 2 1.3
v -1.6 2 1.1
v -1.6 2 -1.1
v -1.6 2 -1.2
v -1.6 2 -1.3
v -1.6 2.1 -1.1
v -1.6 2.1 -1.2
v -1.6 2.1 -1.3
v -1.6 2.2 1.3
v -1.6 2.2 1.2
v -1.6 2.2 -1.2
v -1.6 2.2 -1.3
v -1.6 2.4 1.1
v -1.6 2.4 1
v -1.6 2.4 -1
v -1.6 2.4 -1.1
v -1.6 2.5 1.2
v -1.6 2.5 1.1
v -1.6 2.5 1
v -1.6 2.5 -1.1
v -1.6 2.5 -1.2
v -1.6 2.6 1.1
v -1.6 2.6 1
v -1.6 2.6 0.9
v -1.6 2.6 -0.9
v -1.6 2.6 -1
v -1.6 2.6 -1.1
v -1.6 2.7 1.1
v -1.6 2.7 1
v -1.6 2.7 0.9
v -1.6 2.7 0.8
v -1.6 2.7 -0.8
v -1.6 2.7 -0.9
v -1.6 2.7 -1
v -1.6 2.7 -1.1
v -1.6 2.8 1
v -1.6 2.8 0.9
v -1.6 2.8 0.8
v -1.6 2.8 0.7
v -1.6 2.8 -0.7
v -1.6 2.8 -0.8
v -1.6 2.8 -0.9
v -1.6 2.8 -1
v -1.6 2.9 0.9
v -1.6 2.9 0.8
v -1.6 2.9 0.7
v -1.6 2.9 0.6
v -1.6 2.9 -0.6
v -1.6 2.9 -0.7
v -1.6 2.9 -0.8
v -1.6 2.9 -0.9
v -1.6 3 0.8
v -1.6 3 0.7
v -1.6 3 0.6
v -1.6 3 0.4
v -1.6 3 -0.4
v -1.6 3 -0.5
v -1.6 3 -0.6
v -1.6 3 -0.7
v -1.6 3 -0.8
v -1.6 3.1 0.7
v -1.6 3.1 0.5
v -1.6 3.1 0.4
v -1.6 3.1 0.2
v -1.6 3.1 -2.38419e-07
v -1.6 3.1 -0.4
v -1.6 3.1 -0.5
v -1.6 3.1 -0.7
v -1.6 3.2 0.5
v -1.6 3.2 0.2
v -1.6 3.2 -2.38419e-07
v -1.6 3.2 -0.2
v -1.6 3.2 -0.5
v -1.6 3.3 0.2
v -1.6 3.3 -0.2
v -1.5 0.6 0.3
v -1.5 0.6 -0.3
v -1.5 0.7 0.6
v -1.5 0.7 0.4
v -1.5 0.7 0.3
v -1.5 0.7 0.2
v -1.5 0.7 -0.2
v -1.5 0.7 -0.3
v -1.5 0.7 -0.6
v -1.5 0.8 0.8
v -1.5 0.8 0.6
v -1.5 0.8 0.5
v -1.5 0.8 0.4
v -1.5 0.8 0.3
v -1.5 0.8 0.2
v -1.5 0.8 -0.2
v -1.5 0.8 -0.5
v -1.5 0.8 -0.6
v -1.5 0.8 -0.8
v -1.5 0.9 0.9
v -1.5 0.9 0.8
v -1.5 0.9 0.7
v -1.5 0.9 0.5
v -1.5 0.9 -0.5
v -1.5 0.9 -0.7
v -1.5 0.9 -0.8
v -1.5 0.9 -0.9
v -1.5 1 1
v -1.5 1 0.9
v -1.5 1 0.8
v -1.5 1 0.7
v -1.5 1 -0.7
v -1.5 1 -0.8
v -1.5 1 -0.9
v -1.5 1 -1
v -1.5 1.1 1.1
v -1.5 1.1 1
v -1.5 1.1 0.9
v -1.5 1.1 0.8
v -1.5 1.1 -0.8
v -1.5 1.1 -0.9
v -1.5 1.1 -1
v -1.5 1.1 -1.1
v -1.5 1.2 1.2
v -1.5 1.2 1.1
v -1.5 1.2 1
v -1.5 1.2 0.9
v -1.5 1.2 -0.9
v -1.5 1.2 -1
v -1.5 1.2 -1.1
v -1.5 1.2 -1.2
v -1.5 1.3 1.1
v -1.5 1.3 1
v -1.5 1.3 -1
v -1.5 1.3 -1.1
v -1.5 1.4 1.3
v -1.5 1.4 1.2
v -1.5 1.4 1.1
v -1.5 1.4 -1.1
v -1.5 1.4 -1.2
v -1.5 1.4 -1.3
v -1.5 1.5 1.2
v -1.5 1.5 1.1
v -1.5 1.5 -1.1
v -1.5 1.5 -1.2
v -1.5 1.6 1.3
v -1.5 1.6 1.2
v -1.5 1.7 1.4
v -1.5 1.7 1.3
v -1.5 1.7 -1.2
v -1.5 1.7 -1.3
v -1.5 1.7 -1.4
v -1.5 1.8 1.3
v -1.5 1.8 1.2
v -1.5 1.8 -1.2
v -1.5 1.8 -1.3
v -1.5 1.8 -1.4
v -1.5 1.9 1.4
v -1.5 1.9 1.3
v -1.5 1.9 -1.3
v -1.5 2 1.4
v -1.5 2 1.3
v -1.5 2 -1.3
v -1.5 2 -1.4
v -1.5 2.1 -1.3
v -1.5 2.1 -1.4
v -1.5 2.2 1.3
v -1.5 2.2 1.2
v -1.5 2.2 -1.2
v -1.5 2.2 -1.3
v -1.5 2.3 1.4
v -1.5 2.3 1.3
v -1.5 2.3 -1.3
v -1.5 2.3 -1.4
v -1.5 2.5 1.3
v -1.5 2.5 1.2
v -1.5 2.5 1.1
v -1.5 2.5 -1.1
v -1.5 2.5 -1.2
v -1.5 2.6 1.3
v -1.5 2.6 1.2
v -1.5 2.6 1.1
v -1.5 2.6 -1.1
v -1.5 2.6 -1.2
v -1.5 2.6 -1.3
v -1.5 2.7 1.1
v -1.5 2.7 1
v -1.5 2.7 -1
v -1.5 2.7 -1.1
v -1.5 2.7 -1.2
v -1.5 2.8 1.2
v -1.5 2.8 1.1
v -1.5 2.8 1
v -1.5 2.8 0.9
v -1.5 2.8 -0.9
v -1.5 2.8 -1
v -1.5 2.8 -1.1
v -1.5 2.8 -1.2
v -1.5 2.9 1.1
v -1.5 2.9 1
v -1.5 2.9 0.9
v -1.5 2.9 0.8
v -1.5 2.9 -0.8
v -1.5 2.9 -0.9
v -1.5 2.9 -1
v -1.5 2.9 -1.1
v -1.5 3 1
v -1.5 3 0.9
v -1.5 3 0.8
v -1.5 3 0.7
v -1.5 3 -0.7
v -1.5 3 -0.8
v -1.5 3 -0.9
v -1.5 3 -1
v -1.5 3.1 0.9
v -1.5 3.1 0.8
v -1.5 3.1 0.7
v -1.5 3.1 0.5
v -1.5 3.1 -0.5
v -1.5 3.1 -0.7
v -1.5 3.1 -0.8
v -1.5 3.1 -0.9
v -1.5 3.2 0.8
v -1.5 3.2 0.6
v -1.5 3.2 0.5
v -1.5 3.2 0.4
v -1.5 3.2 0.3
v -1.5 3.2 0.2
v -1.5 3.2 -0.2
v -1.5 3.2 -0.5
v -1.5 3.2 -0.6
v -1.5 3.2 -0.8
v -1.5 3.3 0.6
v -1.5 3.3 0.4
v -1.5 3.3 0.3
v -1.5 3.3 0.2
v -1.5 3.3 -2.38419e-07
v -1.5 3.3 -0.1
v -1.5 3.3 -0.2
v -1.5 3.3 -0.3
v -1.5 3.3 -0.6
v -1.5 3.4 0.3
v -1.5 3.4 0.2
v -1.5 3.4 -2.38419e-07
v -1.5 3.4 -0.1
v -1.5 3.4 -0.3
v -1.4 0.5 0.3
v -1.4 0.5 -0.3
v -1.4 0.6 0.6
v -1.4 0.6 0.3
v -1.4 0.6 -0.3
v -1.4 0.6 -0.6
v -1.4 0.7 0.8
v -1.4 0.7 0.6
v -1.4 0.7 0.4
v -1.4 0.7 0.3
v -1.4 0.7 -0.3
v -1.4 0.7 -0.6
v -1.4 0.7 -0.8
v -1.4 0.8 0.9
v -1.4 0.8 0.8
v -1.4 0.8 0.6
v -1.4 0.8 -0.6
v -1.4 0.8 -0.8
v -1.4 0.8 -0.9
v -1.4 0.9 1
v -1.4 0.9 0.9
v -1.4 0.9 0.8
v -1.4 0.9 -0.8
v -1.4 0.9 -0.9
v -1.4 0.9 -1
v -1.4 1 1.1
v -1.4 1 1
v -1.4 1 0.9
v -1.4 1 -0.9
v -1.4 1 -1
v -1.4 1 -1.1
v -1.4 1.1 1.2
v -1.4 1.1 1.1
v -1.4 1.1 1
v -1.4 1.1 -1
v -1.4 1.1 -1.1
v -1.4 1.1 -1.2
v -1.4 1.2 1.3
v -1.4 1.2 1.2
v -1.4 1.2 1.1
v -1.4 1.2 -1.1
v -1.4 1.2 -1.2
v -1.4 1.2 -1.3
v -1.4 1.3 -1.2
v -1.4 1.3 -1.3
v -1.4 1.4 1.4
v -1.4 1.4 1.3
v -1.4 1.4 1.2
v -1.4 1.4 -1.2
v -1.4 1.4 -1.3
v -1.4 1.4 -1.4
v -1.4 1.5 1.4
v -1.4 1.5 1.3
v -1.4 1.5 -1.3
v -1.4 1.5 -1.4
v -1.4 1.6 1.3
v -1.4 1.7 1.5
v -1.4 1.7 1.4
v -1.4 1.7 1.3
v -1.4 1.7 -1.3
v -1.4 1.7 -1.4
v -1.4 1.7 -1.5
v -1.4 1.8 -1.4
v -1.4 1.9 1.5
v -1.4 1.9 1.4
v -1.4 2 1.5
v -1.4 2 1.4
v -1.4 2 -1.4
v -1.4 2 -1.5
v -1.4 2.1 -1.4
v -1.4 2.1 -1.5
v -1.4 2.3 1.5
v -1.4 2.3 1.4
v -1.4 2.3 1.3
v -1.4 2.3 -1.3
v -1.4 2.3 -1.4
v -1.4 2.3 -1.5
v -1.4 2.5 1.4
v -1.4 2.5 1.3
v -1.4 2.6 1.4
v -1.4 2.6 1.3
v -1.4 2.6 1.2
v -1.4 2.6 -1.2
v -1.4 2.6 -1.3
v -1.4 2.6 -1.4
v -1.4 2.7 1.3
v -1.4 2.7 1.2
v -1.4 2.7 -1.2
v -1.4 2.8 1.3
v -1.4 2.8 1.2
v -1.4 2.8 1.1
v -1.4 2.8 -1.1
v -1.4 2.8 -1.2
v -1.4 2.8 -1.3
v -1.4 2.9 1.2
v -1.4 2.9 1.1
v -1.4 2.9 1
v -1.4 2.9 -1
v -1.4 2.9 -1.1
v -1.4 2.9 -1.2
v -1.4 3 1.1
v -1.4 3 1
v -1.4 3 0.9
v -1.4 3 -0.9
v -1.4 3 -1
v -1.4 3 -1.1
v -1.4 3.1 1
v -1.4 3.1 0.9
v -1.4 3.1 0.8
v -1.4 3.1 -0.8
v -1.4 3.1 -0.9
v -1.4 3.1 -1
v -1.4 3.2 0.9
v -1.4 3.2 0.8
v -1.4 3.2 0.7
v -1.4 3.2 0.6
v -1.4 3.2 -0.6
v -1.4 3.2 -0.8
v -1.4 3.2 -0.9
v -1.4 3.3 0.8
v -1.4 3.3 0.7
v -1.4 3.3 0.6
v -1.4 3.3 0.5
v -1.4 3.3 0.4
v -1.4 3.3 0.3
v -1.4 3.3 -0.3
v -1.4 3.3 -0.6
v -1.4 3.3 -0.8
v -1.4 3.4 0.6
v -1.4 3.4 0.5
v -1.4 3.4 0.3
v -1.4 3.4 0.2
v -1.4 3.4 -2.38419e-07
v -1.4 3.4 -0.1
v -1.4 3.4 -0.3
v -1.4 3.4 -0.6
v -1.4 3.5 0.3
v -1.4 3.5 -2.38419e-07
v -1.4 3.5 -0.1
v -1.4 3.5 -0.3
v -1.3 0.4 0.2
v -1.3 0.4 0.0999999
v -1.3 0.4 -0.2
v -1.3 0.5 0.6
v -1.3 0.5 0.4
v -1.3 0.5 0.3
v -1.3 0.5 0.2
v -1.3 0.5 0.0999999
v -1.3 0.5 -0.2
v -1.3 0.5 -0.3
v -1.3 0.5 -0.6
v -1.3 0.6 0.8
v -1.3 0.6 0.6
v -1.3 0.6 0.4
v -1.3 0.6 0.3
v -1.3 0.6 -0.3
v -1.3 0.6 -0.6
v -1.3 0.6 -0.8
v -1.3 0.7 0.9
v -1.3 0.7 0.8
v -1.3 0.7 0.6
v -1.3 0.7 -0.6
v -1.3 0.7 -0.8
v -1.3 0.7 -0.9
v -1.3 0.8 1.1
v -1.3 0.8 1
v -1.3 0.8 0.9
v -1.3 0.8 0.8
v -1.3 0.8 -0.8
v -1.3 0.8 -0.9
v -1.3 0.8 -1
v -1.3 0.8 -1.1
v -1.3 0.9 1.2
v -1.3 0.9 1.1
v -1.3 0.9 1
v -1.3 0.9 0.9
v -1.3 0.9 -0.9
v -1.3 0.9 -1
v -1.3 0.9 -1.1
v -1.3 0.9 -1.2
v -1.3 1 1.1
v -1.3 1 1
v -1.3 1 -1
v -1.3 1 -1.1
v -1.3 1.1 1.3
v -1.3 1.1 1.2
v -1.3 1.1 1.1
v -1.3 1.1 -1.1
v -1.3 1.1 -1.2
v -1.3 1.1 -1.3
v -1.3 1.2 1.4
v -1.3 1.2 1.3
v -1.3 1.2 1.2
v -1.3 1.2 -1.2
v -1.3 1.2 -1.3
v -1.3 1.2 -1.4
v -1.3 1.3 -1.3
v -1.3 1.4 1.5
v -1.3 1.4 1.4
v -1.3 1.4 1.3
v -1.3 1.4 -1.3
v -1.3 1.4 -1.4
v -1.3 1.4 -1.5
v -1.3 1.5 1.4
v -1.3 1.5 -1.4
v -1.3 1.6 1.5
v -1.3 1.6 1.4
v -1.3 1.6 -1.4
v -1.3 1.6 -1.5
v -1.3 1.7 1.5
v -1.3 1.7 1.4
v -1.3 1.7 -1.4
v -1.3 1.7 -1.5
v -1.3 1.8 1.6
v -1.3 1.8 1.5
v -1.3 1.8 -1.5
v -1.3 1.8 -1.6
v -1.3 1.9 1.5
v -1.3 2 1.5
v -1.3 2 -1.5
v -1.3 2 -1.6
v -1.3 2.1 -1.5
v -1.3 2.1 -1.6
v -1.3 2.2 1.6
v -1.3 2.2 1.5
v -1.3 2.2 -1.5
v -1.3 2.2 -1.6
v -1.3 2.3 1.5
v -1.3 2.3 1.4
v -1.3 2.3 -1.4
v -1.3 2.3 -1.5
v -1.3 2.5 1.5
v -1.3 2.5 1.4
v -1.3 2.6 1.5
v -1.3 2.6 1.4
v -1.3 2.6 1.3
v -1.3 2.6 -1.3
v -1.3 2.6 -1.4
v -1.3 2.6 -1.5
v -1.3 2.7 1.3
v -1.3 2.7 -1.3
v -1.3 2.7 -1.4
v -1.3 2.8 1.4
v -1.3 2.8 1.3
v -1.3 2.8 1.2
v -1.3 2.8 -1.2
v -1.3 2.8 -1.3
v -1.3 2.8 -1.4
v -1.3 2.9 1.3
v -1.3 2.9 1.2
v -1.3 2.9 1.1
v -1.3 2.9 -1.1
v -1.3 2.9 -1.2
v -1.3 2.9 -1.3
v -1.3 3 1.1
v -1.3 3 1
v -1.3 3 -1
v -1.3 3 -1.1
v -1.3 3 -1.2
v -1.3 3.1 1.2
v -1.3 3.1 1.1
v -1.3 3.1 1
v -1.3 3.1 0.9
v -1.3 3.1 -0.9
v -1.3 3.1 -1
v -1.3 3.1 -1.1
v -1.3 3.1 -1.2
v -1.3 3.2 1.1
v -1.3 3.2 0.9
v -1.3 3.2 0.8
v -1.3 3.2 -0.8
v -1.3 3.2 -0.9
v -1.3 3.2 -1.1
v -1.3 3.3 0.9
v -1.3 3.3 0.8
v -1.3 3.3 0.7
v -1.3 3.3 0.6
v -1.3 3.3 -0.6
v -1.3 3.3 -0.8
v -1.3 3.3 -0.9
v -1.3 3.4 0.8
v -1.3 3.4 0.7
v -1.3 3.4 0.6
v -1.3 3.4 0.5
v -1.3 3.4 0.3
v -1.3 3.4 -0.3
v -1.3 3.4 -0.6
v -1.3 3.4 -0.8
v -1.3 3.5 0.6
v -1.3 3.5 0.3
v -1.3 3.5 0.2
v -1.3 3.5 -2.38419e-07
v -1.3 3.5 -0.1
v -1.3 3.5 -0.2
v -1.3 3.5 -0.3
v -1.3 3.5 -0.6
v -1.3 3.6 0.2
v -1.3 3.6 -2.38419e-07
v -1.3 3.6 -0.2
v -1.2 0.4 0.5
v -1.2 0.4 0.3
v -1.2 0.4 0.2
v -1.2 0.4 -0.2
v -1.2 0.4 -0.5
v -1.2 0.5 0.8
v -1.2 0.5 0.6
v -1.2 0.5 0.5
v -1.2 0.5 0.4
v -1.2 0.5 0.3
v -1.2 0.5 0.2
v -1.2 0.5 -0.2
v -1.2 0.5 -0.5
v -1.2 0.5 -0.6
v -1.2 0.5 -0.7
v -1.2 0.5 -0.8
v -1.2 0.6 0.9
v -1.2 0.6 0.8
v -1.2 0.6 0.6
v -1.2 0.6 -0.6
v -1.2 0.6 -0.7
v -1.2 0.6 -0.8
v -1.2 0.6 -0.9
v -1.2 0.7 1.1
v -1.2 0.7 1
v -1.2 0.7 0.9
v -1.2 0.7 0.8
v -1.2 0.7 -0.8
v -1.2 0.7 -0.9
v -1.2 0.7 -1.1
v -1.2 0.8 1.2
v -1.2 0.8 1.1
v -1.2 0.8 1
v -1.2 0.8 0.9
v -1.2 0.8 -0.9
v -1.2 0.8 -1
v -1.2 0.8 -1.1
v -1.2 0.8 -1.2
v -1.2 0.9 1.3
v -1.2 0.9 1.2
v -1.2 0.9 1.1
v -1.2 0.9 -1.1
v -1.2 0.9 -1.2
v -1.2 0.9 -1.3
v -1.2 1 1.3
v -1.2 1 1.2
v -1.2 1.1 1.4
v -1.2 1.1 1.3
v -1.2 1.1 1.2
v -1.2 1.1 -1.2
v -1.2 1.1 -1.3
v -1.2 1.1 -1.4
v -1.2 1.2 1.5
v -1.2 1.2 1.4
v -1.2 1.2 1.3
v -1.2 1.2 -1.3
v -1.2 1.2 -1.4
v -1.2 1.2 -1.5
v -1.2 1.3 -1.4
v -1.2 1.3 -1.5
v -1.2 1.4 1.5
v -1.2 1.4 1.4
v -1.2 1.4 -1.4
v -1.2 1.4 -1.5
v -1.2 1.5 1.6
v -1.2 1.5 1.5
v -1.2 1.5 -1.5
v -1.2 1.5 -1.6
v -1.2 1.6 1.5
v -1.2 1.6 -1.5
v -1.2 1.6 -1.6
v -1.2 1.7 1.5
v -1.2 1.8 1.6
v -1.2 1.8 1.5
v -1.2 1.8 -1.5
v -1.2 1.8 -1.6
v -1.2 2.2 1.6
v -1.2 2.2 1.5
v -1.2 2.2 -1.5
v -1.2 2.2 -1.6
v -1.2 2.5 1.6
v -1.2 2.5 1.5
v -1.2 2.5 -1.5
v -1.2 2.5 -1.6
v -1.2 2.6 1.5
v -1.2 2.6 1.4
v -1.2 2.6 -1.4
v -1.2 2.6 -1.5
v -1.2 2.7 -1.4
v -1.2 2.7 -1.5
v -1.2 2.8 1.5
v -1.2 2.8 1.4
v -1.2 2.8 1.3
v -1.2 2.8 -1.3
v -1.2 2.8 -1.4
v -1.2 2.8 -1.5
v -1.2 2.9 1.4
v -1.2 2.9 1.3
v -1.2 2.9 1.2
v -1.2 2.9 -1.2
v -1.2 2.9 -1.3
v -1.2 2.9 -1.4
v -1.2 3 -1.2
v -1.2 3 -1.3
v -1.2 3.1 1.3
v -1.2 3.1 1.2
v -1.2 3.1 1.1
v -1.2 3.1 -1.1
v -1.2 3.1 -1.2
v -1.2 3.1 -1.3
v -1.2 3.2 1.2
v -1.2 3.2 1.1
v -1.2 3.2 0.9
v -1.2 3.2 -0.9
v -1.2 3.2 -1.1
v -1.2 3.2 -1.2
v -1.2 3.3 1.1
v -1.2 3.3 0.9
v -1.2 3.3 0.8
v -1.2 3.3 -0.8
v -1.2 3.3 -0.9
v -1.2 3.3 -1.1
v -1.2 3.4 0.9
v -1.2 3.4 0.8
v -1.2 3.4 0.7
v -1.2 3.4 0.6
v -1.2 3.4 -0.6
v -1.2 3.4 -0.8
v -1.2 3.4 -0.9
v -1.2 3.5 0.8
v -1.2 3.5 0.7
v -1.2 3.5 0.6
v -1.2 3.5 0.5
v -1.2 3.5 0.2
v -1.2 3.5 -0.2
v -1.2 3.5 -0.5
v -1.2 3.5 -0.6
v -1.2 3.5 -0.8
v -1.2 3.6 0.5
v -1.2 3.6 0.2
v -1.2 3.6 -0.2
v -1.2 3.6 -0.5
v -1.1 0.3 0.4
v -1.1 0.3 -2.38419e-07
v -1.1 0.3 -0.4
v -1.1 0.4 0.7
v -1.1 0.4 0.5
v -1.1 0.4 0.4
v -1.1 0.4 0.3
v -1.1 0.4 0.2
v -1.1 0.4 -2.38419e-07
v -1.1 0.4 -0.4
v -1.1 0.4 -0.5
v -1.1 0.4 -0.6
v -1.1 0.4 -0.7
v -1.1 0.5 0.9
v -1.1 0.5 0.8
v -1.1 0.5 0.7
v -1.1 0.5 0.5
v -1.1 0.5 -0.5
v -1.1 0.5 -0.6
v -1.1 0.5 -0.7
v -1.1 0.5 -0.8
v -1.1 0.5 -0.9
v -1.1 0.6 1
v -1.1 0.6 0.9
v -1.1 0.6 0.8
v -1.1 0.6 -0.8
v -1.1 0.6 -0.9
v -1.1 0.6 -1
v -1.1 0.7 1.2
v -1.1 0.7 1.1
v -1.1 0.7 1
v -1.1 0.7 0.9
v -1.1 0.7 -0.9
v -1.1 0.7 -1
v -1.1 0.7 -1.1
v -1.1 0.7 -1.2
v -1.1 0.8 1.3
v -1.1 0.8 1.2
v -1.1 0.8 1.1
v -1.1 0.8 -1.1
v -1.1 0.8 -1.2
v -1.1 0.8 -1.3
v -1.1 0.9 1.3
v -1.1 0.9 1.2
v -1.1 0.9 -1.2
v -1.1 0.9 -1.3
v -1.1 1 1.4
v -1.1 1 1.3
v -1.1 1 -1.3
v -1.1 1 -1.4
v -1.1 1.1 1.5
v -1.1 1.1 1.4
v -1.1 1.1 1.3
v -1.1 1.1 -1.3
v -1.1 1.1 -1.4
v -1.1 1.1 -1.5
v -1.1 1.2 1.5
v -1.1 1.2 1.4
v -1.1 1.2 -1.4
v -1.1 1.2 -1.5
v -1.1 1.3 1.6
v -1.1 1.3 1.5
v -1.1 1.3 -1.5
v -1.1 1.3 -1.6
v -1.1 1.4 -1.5
v -1.1 1.4 -1.6
v -1.1 1.5 1.6
v -1.1 1.5 1.5
v -1.1 1.5 -1.5
v -1.1 1.5 -1.6
v -1.1 1.6 1.7
v -1.1 1.6 1.6
v -1.1 1.6 -1.6
v -1.1 1.6 -1.7
v -1.1 1.7 -1.6
v -1.1 1.7 -1.7
v -1.1 2 -1.6
v -1.1 2 -1.7
v -1.1 2.1 -1.6
v -1.1 2.1 -1.7
v -1.1 2.4 1.7
v -1.1 2.4 1.6
v -1.1 2.4 -1.6
v -1.1 2.4 -1.7
v -1.1 2.5 1.6
v -1.1 2.5 1.5
v -1.1 2.5 -1.5
v -1.1 2.5 -1.6
v -1.1 2.6 -1.5
v -1.1 2.7 1.6
v -1.1 2.7 1.5
v -1.1 2.7 -1.5
v -1.1 2.7 -1.6
v -1.1 2.8 1.5
v -1.1 2.8 1.4
v -1.1 2.8 -1.4
v -1.1 2.8 -1.5
v -1.1 2.9 1.5
v -1.1 2.9 1.4
v -1.1 2.9 1.3
v -1.1 2.9 -1.3
v -1.1 2.9 -1.4
v -1.1 2.9 -1.5
v -1.1 3 1.4
v -1.1 3 1.3
v -1.1 3 -1.3
v -1.1 3 -1.4
v -1.1 3.1 1.3
v -1.1 3.1 1.2
v -1.1 3.1 -1.2
v -1.1 3.1 -1.3
v -1.1 3.2 1.3
v -1.1 3.2 1.2
v -1.1 3.2 1.1
v -1.1 3.2 -1.1
v -1.1 3.2 -1.2
v -1.1 3.2 -1.3
v -1.1 3.3 1.2
v -1.1 3.3 1.1
v -1.1 3.3 1
v -1.1 3.3 0.9
v -1.1 3.3 -0.9
v -1.1 3.3 -1
v -1.1 3.3 -1.1
v -1.1 3.3 -1.2
v -1.1 3.4 1
v -1.1 3.4 0.9
v -1.1 3.4 0.8
v -1.1 3.4 -0.8
v -1.1 3.4 -0.9
v -1.1 3.4 -1
v -1.1 3.5 0.9
v -1.1 3.5 0.8
v -1.1 3.5 0.7
v -1.1 3.5 0.5
v -1.1 3.5 -0.5
v -1.1 3.5 -0.7
v -1.1 3.5 -0.8
v -1.1 3.5 -0.9
v -1.1 3.6 0.7
v -1.1 3.6 0.5
v -1.1 3.6 0.4
v -1.1 3.6 -0.1
v -1.1 3.6 -0.2
v -1.1 3.6 -0.4
v -1.1 3.6 -0.5
v -1.1 3.6 -0.7
v -1.1 3.7 0.4
v -1.1 3.7 -0.1
v -1.1 3.7 -0.2
v -1.1 3.7 -0.4
v -1 0.2 0.2
v -1 0.2 -0.2
v -1 0.3 0.6
v -1 0.3 0.4
v -1 0.3 0.2
v -1 0.3 -2.38419e-07
v -1 0.3 -0.2
v -1 0.3 -0.4
v -1 0.3 -0.6
v -1 0.4 0.8
v -1 0.4 0.7
v -1 0.4 0.6
v -1 0.4 0.4
v -1 0.4 -0.4
v -1 0.4 -0.6
v -1 0.4 -0.7
v -1 0.4 -0.8
v -1 0.5 1
v -1 0.5 0.9
v -1 0.5 0.8
v -1 0.5 0.7
v -1 0.5 -0.7
v -1 0.5 -0.8
v -1 0.5 -0.9
v -1 0.5 -1
v -1 0.6 1.1
v -1 0.6 1
v -1 0.6 0.9
v -1 0.6 -0.9
v -1 0.6 -1
v -1 0.6 -1.1
v -1 0.7 1.1
v -1 0.7 1
v -1 0.7 -1
v -1 0.7 -1.1
v -1 0.9 1.4
v -1 0.9 1.3
v -1 0.9 -1.3
v -1 0.9 -1.4
v -1 1 1.5
v -1 1 1.4
v -1 1 1.3
v -1 1 -1.3
v -1 1 -1.4
v -1 1 -1.5
v -1 1.1 1.5
v -1 1.1 1.4
v -1 1.1 -1.4
v -1 1.1 -1.5
v -1 1.2 1.6
v -1 1.2 1.5
v -1 1.2 -1.5
v -1 1.2 -1.6
v -1 1.3 1.6
v -1 1.3 1.5
v -1 1.3 -1.5
v -1 1.3 -1.6
v -1 1.4 1.7
v -1 1.4 1.6
v -1 1.4 -1.6
v -1 1.4 -1.7
v -1 1.6 1.7
v -1 1.6 1.6
v -1 1.6 -1.6
v -1 1.6 -1.7
v -1 1.8 1.8
v -1 1.8 1.7
v -1 1.8 -1.7
v -1 1.8 -1.8
v -1 2 -1.7
v -1 2 -1.8
v -1 2.1 -1.7
v -1 2.1 -1.8
v -1 2.2 1.8
v -1 2.2 1.7
v -1 2.2 -1.7
v -1 2.2 -1.8
v -1 2.4 1.7
v -1 2.4 1.6
v -1 2.4 -1.6
v -1 2.4 -1.7
v -1 2.5 -1.6
v -1 2.5 -1.7
v -1 2.6 1.7
v -1 2.6 1.6
v -1 2.6 -1.6
v -1 2.6 -1.7
v -1 2.7 1.6
v -1 2.7 1.5
v -1 2.7 -1.5
v -1 2.7 -1.6
v -1 2.8 1.6
v -1 2.8 1.5
v -1 2.8 -1.5
v -1 2.8 -1.6
v -1 2.9 1.5
v -1 2.9 1.4
v -1 2.9 -1.4
v -1 2.9 -1.5
v -1 3 1.5
v -1 3 1.4
v -1 3 1.3
v -1 3 -1.3
v -1 3 -1.4
v -1 3 -1.5
v -1 3.1 1.4
v -1 3.1 1.3
v -1 3.1 -1.3
v -1 3.1 -1.4
v -1 3.3 1.1
v -1 3.3 1
v -1 3.3 -1
v -1 3.3 -1.1
v -1 3.4 1.1
v -1 3.4 1
v -1 3.4 0.9
v -1 3.4 -0.9
v -1 3.4 -1
v -1 3.4 -1.1
v -1 3.5 1
v -1 3.5 0.9
v -1 3.5 0.8
v -1 3.5 0.7
v -1 3.5 -0.7
v -1 3.5 -0.8
v -1 3.5 -0.9
v -1 3.5 -1
v -1 3.6 0.8
v -1 3.6 0.7
v -1 3.6 0.6
v -1 3.6 0.4
v -1 3.6 -0.4
v -1 3.6 -0.6
v -1 3.6 -0.7
v -1 3.6 -0.8
v -1 3.7 0.6
v -1 3.7 0.4
v -1 3.7 0.2
v -1 3.7 -0.1
v -1 3.7 -0.2
v -1 3.7 -0.4
v -1 3.7 -0.6
v -1 3.8 0.2
v -1 3.8 -0.1
v -1 3.8 -0.2
v -0.9 0.2 0.5
v -0.9 0.2 0.2
v -0.9 0.2 -0.2
v -0.9 0.2 -0.4
v -0.9 0.2 -0.5
v -0.9 0.3 0.7
v -0.9 0.3 0.6
v -0.9 0.3 0.5
v -0.9 0.3 0.2
v -0.9 0.3 -0.2
v -0.9 0.3 -0.3
v -0.9 0.3 -0.4
v -0.9 0.3 -0.5
v -0.9 0.3 -0.6
v -0.9 0.3 -0.7
v -0.9 0.4 0.9
v -0.9 0.4 0.8
v -0.9 0.4 0.7
v -0.9 0.4 0.6
v -0.9 0.4 -0.6
v -0.9 0.4 -0.7
v -0.9 0.4 -0.8
v -0.9 0.4 -0.9
v -0.9 0.5 1.1
v -0.9 0.5 1
v -0.9 0.5 0.9
v -0.9 0.5 0.8
v -0.9 0.5 -0.8
v -0.9 0.5 -0.9
v -0.9 0.5 -1
v -0.9 0.5 -1.1
v -0.9 0.6 1.2
v -0.9 0.6 1.1
v -0.9 0.6 1
v -0.9 0.6 -1
v -0.9 0.6 -1.1
v -0.9 0.6 -1.2
v -0.9 0.7 1.3
v -0.9 0.7 1.2
v -0.9 0.7 1.1
v -0.9 0.7 -1.1
v -0.9 0.7 -1.2
v -0.9 0.7 -1.3
v -0.9 0.8 1.4
v -0.9 0.8 1.3
v -0.9 0.8 1.2
v -0.9 0.8 -1.2
v -0.9 0.8 -1.3
v -0.9 0.8 -1.4
v -0.9 0.9 1.5
v -0.9 0.9 1.4
v -0.9 0.9 1.3
v -0.9 0.9 -1.3
v -0.9 0.9 -1.4
v -0.9 0.9 -1.5
v -0.9 1 1.5
v -0.9 1 1.4
v -0.9 1 -1.4
v -0.9 1 -1.5
v -0.9 1.1 1.6
v -0.9 1.1 1.5
v -0.9 1.1 -1.5
v -0.9 1.1 -1.6
v -0.9 1.2 1.6
v -0.9 1.2 1.5
v -0.9 1.2 -1.5
v -0.9 1.2 -1.6
v -0.9 1.3 1.7
v -0.9 1.3 1.6
v -0.9 1.3 -1.6
v -0.9 1.3 -1.7
v -0.9 1.4 1.7
v -0.9 1.4 1.6
v -0.9 1.4 -1.6
v -0.9 1.4 -1.7
v -0.9 1.5 1.8
v -0.9 1.5 1.7
v -0.9 1.5 -1.7
v -0.9 1.5 -1.8
v -0.9 1.6 -1.7
v -0.9 1.6 -1.8
v -0.9 1.7 -1.7
v -0.9 1.8 1.8
v -0.9 1.8 1.7
v -0.9 1.8 -1.7
v -0.9 1.8 -1.8
v -0.9 2.2 1.8
v -0.9 2.2 1.7
v -0.9 2.2 -1.7
v -0.9 2.2 -1.8
v -0.9 2.4 -1.7
v -0.9 2.4 -1.8
v -0.9 2.5 1.8
v -0.9 2.5 1.7
v -0.9 2.5 -1.7
v -0.9 2.5 -1.8
v -0.9 2.6 1.7
v -0.9 2.6 1.6
v -0.9 2.6 -1.6
v -0.9 2.6 -1.7
v -0.9 2.7 1.7
v -0.9 2.7 1.6
v -0.9 2.7 -1.6
v -0.9 2.7 -1.7
v -0.9 2.8 1.6
v -0.9 2.8 1.5
v -0.9 2.8 -1.5
v -0.9 2.8 -1.6
v -0.9 2.9 1.6
v -0.9 2.9 1.5
v -0.9 2.9 -1.5
v -0.9 2.9 -1.6
v -0.9 3 1.5
v -0.9 3 1.4
v -0.9 3 -1.4
v -0.9 3 -1.5
v -0.9 3.1 1.5
v -0.9 3.1 1.4
v -0.9 3.1 1.3
v -0.9 3.1 -1.3
v -0.9 3.1 -1.4
v -0.9 3.1 -1.5
v -0.9 3.2 1.4
v -0.9 3.2 1.3
v -0.9 3.2 1.2
v -0.9 3.2 -1.2
v -0.9 3.2 -1.3
v -0.9 3.2 -1.4
v -0.9 3.3 1.3
v -0.9 3.3 1.2
v -0.9 3.3 1.1
v -0.9 3.3 -1.1
v -0.9 3.3 -1.2
v -0.9 3.3 -1.3
v -0.9 3.4 1.2
v -0.9 3.4 1.1
v -0.9 3.4 1
v -0.9 3.4 -1
v -0.9 3.4 -1.1
v -0.9 3.4 -1.2
v -0.9 3.5 1.1
v -0.9 3.5 1
v -0.9 3.5 0.9
v -0.9 3.5 0.8
v -0.9 3.5 -0.8
v -0.9 3.5 -0.9
v -0.9 3.5 -1
v -0.9 3.5 -1.1
v -0.9 3.6 0.9
v -0.9 3.6 0.8
v -0.9 3.6 0.7
v -0.9 3.6 0.6
v -0.9 3.6 -0.6
v -0.9 3.6 -0.7
v -0.9 3.6 -0.8
v -0.9 3.6 -0.9
v -0.9 3.7 0.7
v -0.9 3.7 0.6
v -0.9 3.7 0.5
v -0.9 3.7 0.2
v -0.9 3.7 -0.2
v -0.9 3.7 -0.5
v -0.9 3.7 -0.6
v -0.9 3.7 -0.7
v -0.9 3.8 0.5
v -0.9 3.8 0.2
v -0.9 3.8 -0.2
v -0.9 3.8 -0.5
v -0.8 0.1 0.0999999
v -0.8 0.1 -2.38419e-07
v -0.8 0.1 -0.1
v -0.8 0.2 0.6
v -0.8 0.2 0.5
v -0.8 0.2 0.0999999
v -0.8 0.2 -2.38419e-07
v -0.8 0.2 -0.1
v -0.8 0.2 -0.5
v -0.8 0.2 -0.6
v -0.8 0.3 0.8
v -0.8 0.3 0.7
v -0.8 0.3 0.6
v -0.8 0.3 0.5
v -0.8 0.3 -0.5
v -0.8 0.3 -0.6
v -0.8 0.3 -0.7
v -0.8 0.3 -0.8
v -0.8 0.4 1
v -0.8 0.4 0.9
v -0.8 0.4 0.8
v -0.8 0.4 0.7
v -0.8 0.4 -0.7
v -0.8 0.4 -0.8
v -0.8 0.4 -0.9
v -0.8 0.4 -1
v -0.8 0.5 1.2
v -0.8 0.5 1.1
v -0.8 0.5 1
v -0.8 0.5 0.9
v -0.8 0.5 -0.9
v -0.8 0.5 -1
v -0.8 0.5 -1.1
v -0.8 0.5 -1.2
v -0.8 0.6 1.3
v -0.8 0.6 1.2
v -0.8 0.6 1.1
v -0.8 0.6 -1.1
v -0.8 0.6 -1.2
v -0.8 0.6 -1.3
v -0.8 0.7 1.4
v -0.8 0.7 1.3
v -0.8 0.7 1.2
v -0.8 0.7 -1.2
v -0.8 0.7 -1.3
v -0.8 0.7 -1.4
v -0.8 0.8 1.5
v -0.8 0.8 1.4
v -0.8 0.8 1.3
v -0.8 0.8 -1.3
v -0.8 0.8 -1.4
v -0.8 0.8 -1.5
v -0.8 0.9 1.5
v -0.8 0.9 1.4
v -0.8 0.9 -1.4
v -0.8 0.9 -1.5
v -0.8 1 1.6
v -0.8 1 1.5
v -0.8 1 -1.5
v -0.8 1 -1.6
v -0.8 1.1 1.6
v -0.8 1.1 1.5
v -0.8 1.1 -1.5
v -0.8 1.1 -1.6
v -0.8 1.2 1.7
v -0.8 1.2 1.6
v -0.8 1.2 -1.6
v -0.8 1.2 -1.7
v -0.8 1.3 1.7
v -0.8 1.3 1.6
v -0.8 1.3 -1.6
v -0.8 1.3 -1.7
v -0.8 1.4 1.8
v -0.8 1.4 1.7
v -0.8 1.4 -1.7
v -0.8 1.4 -1.8
v -0.8 1.5 1.8
v -0.8 1.5 1.7
v -0.8 1.5 -1.7
v -0.8 1.5 -1.8
v -0.8 1.9 1.9
v -0.8 1.9 1.8
v -0.8 1.9 -1.8
v -0.8 1.9 -1.9
v -0.8 2 -1.8
v -0.8 2 -1.9
v -0.8 2.1 1.9
v -0.8 2.1 1.8
v -0.8 2.1 -1.8
v -0.8 2.1 -1.9
v -0.8 2.5 1.8
v -0.8 2.5 1.7
v -0.8 2.5 -1.7
v -0.8 2.5 -1.8
v -0.8 2.6 1.8
v -0.8 2.6 1.7
v -0.8 2.6 -1.7
v -0.8 2.6 -1.8
v -0.8 2.7 1.7
v -0.8 2.7 1.6
v -0.8 2.7 -1.6
v -0.8 2.7 -1.7
v -0.8 2.8 1.7
v -0.8 2.8 1.6
v -0.8 2.8 -1.6
v -0.8 2.8 -1.7
v -0.8 2.9 1.6
v -0.8 2.9 1.5
v -0.8 2.9 -1.5
v -0.8 2.9 -1.6
v -0.8 3 1.6
v -0.8 3 1.5
v -0.8 3 -1.5
v -0.8 3 -1.6
v -0.8 3.1 1.5
v -0.8 3.1 1.4
v -0.8 3.1 -1.4
v -0.8 3.1 -1.5
v -0.8 3.2 1.5
v -0.8 3.2 1.4
v -0.8 3.2 1.3
v -0.8 3.2 -1.3
v -0.8 3.2 -1.4
v -0.8 3.2 -1.5
v -0.8 3.3 1.4
v -0.8 3.3 1.3
v -0.8 3.3 1.2
v -0.8 3.3 -1.2
v -0.8 3.3 -1.3
v -0.8 3.3 -1.4
v -0.8 3.4 1.3
v -0.8 3.4 1.2
v -0.8 3.4 1.1
v -0.8 3.4 -1.1
v -0.8 3.4 -1.2
v -0.8 3.4 -1.3
v -0.8 3.5 1.2
v -0.8 3.5 1.1
v -0.8 3.5 1
v -0.8 3.5 0.9
v -0.8 3.5 -0.9
v -0.8 3.5 -1
v -0.8 3.5 -1.1
v -0.8 3.5 -1.2
v -0.8 3.6 1
v -0.8 3.6 0.9
v -0.8 3.6 0.8
v -0.8 3.6 0.7
v -0.8 3.6 -0.7
v -0.8 3.6 -0.8
v -0.8 3.6 -0.9
v -0.8 3.6 -1
v -0.8 3.7 0.8
v -0.8 3.7 0.7
v -0.8 3.7 0.6
v -0.8 3.7 0.5
v -0.8 3.7 -0.5
v -0.8 3.7 -0.6
v -0.8 3.7 -0.7
v -0.8 3.7 -0.8
v -0.8 3.8 0.6
v -0.8 3.8 0.5
v -0.8 3.8 0.0999999
v -0.8 3.8 -0.1
v -0.8 3.8 -0.5
v -0.8 3.8 -0.6
v -0.8 3.9 0.0999999
v -0.8 3.9 -0.1
v -0.7 0.1 0.4
v -0.7 0.1 0.2
v -0.7 0.1 0.0999999
v -0.7 0.1 -0.1
v -0.7 0.1 -0.4
v -0.7 0.2 0.7
v -0.7 0.2 0.6
v -0.7 0.2 0.4
v -0.7 0.2 0.2
v -0.7 0.2 0.0999999
v -0.7 0.2 -0.1
v -0.7 0.2 -0.4
v -0.7 0.2 -0.6
v -0.7 0.2 -0.7
v -0.7 0.3 0.9
v -0.7 0.3 0.8
v -0.7 0.3 0.7
v -0.7 0.3 0.6
v -0.7 0.3 -0.6
v -0.7 0.3 -0.7
v -0.7 0.3 -0.8
v -0.7 0.3 -0.9
v -0.7 0.4 1.1
v -0.7 0.4 1
v -0.7 0.4 0.9
v -0.7 0.4 0.8
v -0.7 0.4 -0.8
v -0.7 0.4 -0.9
v -0.7 0.4 -1
v -0.7 0.4 -1.1
v -0.7 0.5 1.1
v -0.7 0.5 1
v -0.7 0.5 -1
v -0.7 0.5 -1.1
v -0.7 0.9 1.6
v -0.7 0.9 1.5
v -0.7 0.9 -1.5
v -0.7 0.9 -1.6
v -0.7 1 1.6
v -0.7 1 1.5
v -0.7 1 -1.5
v -0.7 1 -1.6
v -0.7 1.1 1.7
v -0.7 1.1 1.6
v -0.7 1.1 -1.6
v -0.7 1.1 -1.7
v -0.7 1.2 1.7
v -0.7 1.2 1.6
v -0.7 1.2 -1.6
v -0.7 1.2 -1.7
v -0.7 1.3 1.8
v -0.7 1.3 1.7
v -0.7 1.3 -1.7
v -0.7 1.3 -1.8
v -0.7 1.4 1.8
v -0.7 1.4 1.7
v -0.7 1.4 -1.7
v -0.7 1.4 -1.8
v -0.7 1.6 1.9
v -0.7 1.6 1.8
v -0.7 1.6 -1.8
v -0.7 1.6 -1.9
v -0.7 1.7 -1.8
v -0.7 1.8 -1.8
v -0.7 1.9 1.9
v -0.7 1.9 1.8
v -0.7 1.9 -1.8
v -0.7 1.9 -1.9
v -0.7 2.1 1.9
v -0.7 2.1 1.8
v -0.7 2.1 -1.8
v -0.7 2.1 -1.9
v -0.7 2.3 -1.8
v -0.7 2.3 -1.9
v -0.7 2.4 1.9
v -0.7 2.4 1.8
v -0.7 2.4 -1.8
v -0.7 2.4 -1.9
v -0.7 2.6 1.8
v -0.7 2.6 1.7
v -0.7 2.6 -1.7
v -0.7 2.6 -1.8
v -0.7 2.7 1.8
v -0.7 2.7 1.7
v -0.7 2.7 -1.7
v -0.7 2.7 -1.8
v -0.7 2.8 1.7
v -0.7 2.8 1.6
v -0.7 2.8 -1.6
v -0.7 2.8 -1.7
v -0.7 2.9 1.7
v -0.7 2.9 1.6
v -0.7 2.9 -1.6
v -0.7 2.9 -1.7
v -0.7 3 1.6
v -0.7 3 1.5
v -0.7 3 -1.5
v -0.7 3 -1.6
v -0.7 3.1 1.6
v -0.7 3.1 1.5
v -0.7 3.1 -1.5
v -0.7 3.1 -1.6
v -0.7 3.5 1.1
v -0.7 3.5 1
v -0.7 3.5 -1
v -0.7 3.5 -1.1
v -0.7 3.6 1.1
v -0.7 3.6 1
v -0.7 3.6 0.9
v -0.7 3.6 0.8
v -0.7 3.6 -0.8
v -0.7 3.6 -0.9
v -0.7 3.6 -1
v -0.7 3.6 -1.1
v -0.7 3.7 0.9
v -0.7 3.7 0.8
v -0.7 3.7 0.7
v -0.7 3.7 0.6
v -0.7 3.7 -0.6
v -0.7 3.7 -0.7
v -0.7 3.7 -0.8
v -0.7 3.7 -0.9
v -0.7 3.8 0.7
v -0.7 3.8 0.6
v -0.7 3.8 0.4
v -0.7 3.8 0.0999999
v -0.7 3.8 -0.1
v -0.7 3.8 -0.2
v -0.7 3.8 -0.3
v -0.7 3.8 -0.4
v -0.7 3.8 -0.6
v -0.7 3.8 -0.7
v -0.7 3.9 0.4
v -0.7 3.9 0.0999999
v -0.7 3.9 -0.1
v -0.7 3.9 -0.3
v -0.7 3.9 -0.4
v -0.6 0.1 0.5
v -0.6 0.1 0.4
v -0.6 0.1 -0.4
v -0.6 0.1 -0.5
v -0.6 0.2 0.8
v -0.6 0.2 0.7
v -0.6 0.2 0.5
v -0.6 0.2 0.4
v -0.6 0.2 -0.4
v -0.6 0.2 -0.5
v -0.6 0.2 -0.7
v -0.6 0.2 -0.8
v -0.6 0.3 1
v -0.6 0.3 0.9
v -0.6 0.3 0.8
v -0.6 0.3 0.7
v -0.6 0.3 -0.7
v -0.6 0.3 -0.8
v -0.6 0.3 -0.9
v -0.6 0.3 -1
v -0.6 0.4 1
v -0.6 0.4 0.9
v -0.6 0.4 -0.9
v -0.6 0.4 -1
v -0.6 0.5 1.3
v -0.6 0.5 1.2
v -0.6 0.5 -1.2
v -0.6 0.5 -1.3
v -0.6 0.6 1.4
v -0.6 0.6 1.3
v -0.6 0.6 1.2
v -0.6 0.6 -1.2
v -0.6 0.6 -1.3
v -0.6 0.6 -1.4
v -0.6 0.7 1.5
v -0.6 0.7 1.4
v -0.6 0.7 1.3
v -0.6 0.7 -1.3
v -0.6 0.7 -1.4
v -0.6 0.7 -1.5
v -0.6 0.8 1.5
v -0.6 0.8 1.4
v -0.6 0.8 -1.4
v -0.6 0.8 -1.5
v -0.6 1 1.7
v -0.6 1 1.6
v -0.6 1 -1.6
v -0.6 1 -1.7
v -0.6 1.1 1.7
v -0.6 1.1 1.6
v -0.6 1.1 -1.6
v -0.6 1.1 -1.7
v -0.6 1.2 1.8
v -0.6 1.2 1.7
v -0.6 1.2 -1.7
v -0.6 1.2 -1.8
v -0.6 1.3 1.8
v -0.6 1.3 1.7
v -0.6 1.3 -1.7
v -0.6 1.3 -1.8
v -0.6 1.5 1.9
v -0.6 1.5 1.8
v -0.6 1.5 -1.8
v -0.6 1.5 -1.9
v -0.6 1.6 1.9
v -0.6 1.6 1.8
v -0.6 1.6 -1.8
v -0.6 1.6 -1.9
v -0.6 2.4 1.9
v -0.6 2.4 1.8
v -0.6 2.4 -1.8
v -0.6 2.4 -1.9
v -0.6 2.5 1.9
v -0.6 2.5 1.8
v -0.6 2.5 -1.8
v -0.6 2.5 -1.9
v -0.6 2.7 1.8
v -0.6 2.7 1.7
v -0.6 2.7 -1.7
v -0.6 2.7 -1.8
v -0.6 2.8 1.8
v -0.6 2.8 1.7
v -0.6 2.8 -1.7
v -0.6 2.8 -1.8
v -0.6 2.9 1.7
v -0.6 2.9 1.6
v -0.6 2.9 -1.6
v -0.6 2.9 -1.7
v -0.6 3 1.7
v -0.6 3 1.6
v -0.6 3 -1.6
v -0.6 3 -1.7
v -0.6 3.2 1.5
v -0.6 3.2 1.4
v -0.6 3.2 -1.4
v -0.6 3.2 -1.5
v -0.6 3.3 1.5
v -0.6 3.3 1.4
v -0.6 3.3 1.3
v -0.6 3.3 -1.3
v -0.6 3.3 -1.4
v -0.6 3.3 -1.5
v -0.6 3.4 1.4
v -0.6 3.4 1.3
v -0.6 3.4 1.2
v -0.6 3.4 -1.2
v -0.6 3.4 -1.3
v -0.6 3.4 -1.4
v -0.6 3.5 1.3
v -0.6 3.5 1.2
v -0.6 3.5 -1.2
v -0.6 3.5 -1.3
v -0.6 3.6 1
v -0.6 3.6 0.9
v -0.6 3.6 -0.9
v -0.6 3.6 -1
v -0.6 3.7 1
v -0.6 3.7 0.9
v -0.6 3.7 0.8
v -0.6 3.7 0.7
v -0.6 3.7 -0.7
v -0.6 3.7 -0.8
v -0.6 3.7 -0.9
v -0.6 3.7 -1
v -0.6 3.8 0.8
v -0.6 3.8 0.7
v -0.6 3.8 0.5
v -0.6 3.8 0.4
v -0.6 3.8 -0.4
v -0.6 3.8 -0.5
v -0.6 3.8 -0.7
v -0.6 3.8 -0.8
v -0.6 3.9 0.5
v -0.6 3.9 0.4
v -0.6 3.9 -0.4
v -0.6 3.9 -0.5
v -0.5 0.1 0.6
v -0.5 0.1 0.5
v -0.5 0.1 -0.5
v -0.5 0.1 -0.6
v -0.5 0.2 0.9
v -0.5 0.2 0.8
v -0.5 0.2 0.6
v -0.5 0.2 0.5
v -0.5 0.2 -0.5
v -0.5 0.2 -0.6
v -0.5 0.2 -0.8
v -0.5 0.2 -0.9
v -0.5 0.3 0.9
v -0.5 0.3 0.8
v -0.5 0.3 -0.8
v -0.5 0.3 -0.9
v -0.5 0.4 1.2
v -0.5 0.4 1.1
v -0.5 0.4 -1.1
v -0.5 0.4 -1.2
v -0.5 0.5 1.2
v -0.5 0.5 1.1
v -0.5 0.5 -1.1
v -0.5 0.5 -1.2
v -0.5 0.8 1.6
v -0.5 0.8 1.5
v -0.5 0.8 -1.5
v -0.5 0.8 -1.6
v -0.5 0.9 1.6
v -0.5 0.9 1.5
v -0.5 0.9 -1.5
v -0.5 0.9 -1.6
v -0.5 1.1 1.8
v -0.5 1.1 1.7
v -0.5 1.1 -1.7
v -0.5 1.1 -1.8
v -0.5 1.2 1.8
v -0.5 1.2 1.7
v -0.5 1.2 -1.7
v -0.5 1.2 -1.8
v -0.5 1.4 1.9
v -0.5 1.4 1.8
v -0.5 1.4 -1.8
v -0.5 1.4 -1.9
v -0.5 1.5 1.9
v -0.5 1.5 1.8
v -0.5 1.5 -1.8
v -0.5 1.5 -1.9
v -0.5 2.5 1.9
v -0.5 2.5 1.8
v -0.5 2.5 -1.8
v -0.5 2.5 -1.9
v -0.5 2.6 1.9
v -0.5 2.6 1.8
v -0.5 2.6 -1.8
v -0.5 2.6 -1.9
v -0.5 2.8 1.8
v -0.5 2.8 1.7
v -0.5 2.8 -1.7
v -0.5 2.8 -1.8
v -0.5 2.9 1.8
v -0.5 2.9 1.7
v -0.5 2.9 -1.7
v -0.5 2.9 -1.8
v -0.5 3.1 1.6
v -0.5 3.1 1.5
v -0.5 3.1 -1.5
v -0.5 3.1 -1.6
v -0.5 3.2 1.6
v -0.5 3.2 1.5
v -0.5 3.2 -1.5
v -0.5 3.2 -1.6
v -0.5 3.5 1.2
v -0.5 3.5 1.1
v -0.5 3.5 -1.1
v -0.5 3.5 -1.2
v -0.5 3.6 1.2
v -0.5 3.6 1.1
v -0.5 3.6 -1.1
v -0.5 3.6 -1.2
v -0.5 3.7 0.9
v -0.5 3.7 0.8
v -0.5 3.7 -0.8
v -0.5 3.7 -0.9
v -0.5 3.8 0.9
v -0.5 3.8 0.8
v -0.5 3.8 0.6
v -0.5 3.8 0.5
v -0.5 3.8 -0.5
v -0.5 3.8 -0.6
v -0.5 3.8 -0.8
v -0.5 3.8 -0.9
v -0.5 3.9 0.6
v -0.5 3.9 0.5
v -0.5 3.9 -0.5
v -0.5 3.9 -0.6
v -0.4 0 0.3
v -0.4 0 -0.3
v -0.4 0.1 0.7
v -0.4 0.1 0.6
v -0.4 0.1 0.3
v -0.4 0.1 -0.3
v -0.4 0.1 -0.6
v -0.4 0.1 -0.7
v -0.4 0.2 0.7
v -0.4 0.2 0.6
v -0.4 0.2 -0.6
v -0.4 0.2 -0.7
v -0.4 0.3 1.1
v -0.4 0.3 1
v -0.4 0.3 -1
v -0.4 0.3 -1.1
v -0.4 0.4 1.1
v -0.4 0.4 1
v -0.4 0.4 -1
v -0.4 0.4 -1.1
v -0.4 0.9 1.7
v -0.4 0.9 1.6
v -0.4 0.9 -1.6
v -0.4 0.9 -1.7
v -0.4 1 1.7
v -0.4 1 1.6
v -0.4 1 -1.6
v -0.4 1 -1.7
v -0.4 1.3 1.9
v -0.4 1.3 1.8
v -0.4 1.3 -1.8
v -0.4 1.3 -1.9
v -0.4 1.4 1.9
v -0.4 1.4 1.8
v -0.4 1.4 -1.8
v -0.4 1.4 -1.9
v -0.4 1.7 2
v -0.4 1.7 1.9
v -0.4 1.7 -1.9
v -0.4 1.7 -2
v -0.4 1.8 -1.9
v -0.4 1.9 -1.9
v -0.4 1.9 -2
v -0.4 2.1 -1.9
v -0.4 2.1 -2
v -0.4 2.2 -1.9
v -0.4 2.2 -2
v -0.4 2.3 2
v -0.4 2.3 1.9
v -0.4 2.3 -1.9
v -0.4 2.3 -2
v -0.4 2.6 1.9
v -0.4 2.6 1.8
v -0.4 2.6 -1.8
v -0.4 2.6 -1.9
v -0.4 2.7 1.9
v -0.4 2.7 1.8
v -0.4 2.7 -1.8
v -0.4 2.7 -1.9
v -0.4 3 1.7
v -0.4 3 1.6
v -0.4 3 -1.6
v -0.4 3 -1.7
v -0.4 3.1 1.7
v -0.4 3.1 1.6
v -0.4 3.1 -1.6
v -0.4 3.1 -1.7
v -0.4 3.6 1.1
v -0.4 3.6 1
v -0.4 3.6 -1
v -0.4 3.6 -1.1
v -0.4 3.7 1.1
v -0.4 3.7 1
v -0.4 3.7 -1
v -0.4 3.7 -1.1
v -0.4 3.8 0.7
v -0.4 3.8 0.6
v -0.4 3.8 -0.6
v -0.4 3.8 -0.7
v -0.4 3.9 0.7
v -0.4 3.9 0.6
v -0.4 3.9 0.3
v -0.4 3.9 -0.1
v -0.4 3.9 -0.2
v -0.4 3.9 -0.3
v -0.4 3.9 -0.6
v -0.4 3.9 -0.7
v -0.4 4 0.3
v -0.4 4 -0.1
v -0.4 4 -0.3
v -0.3 0 0.4
v -0.3 0 0.3
v -0.3 0 -0.3
v -0.3 0 -0.4
v -0.3 0.1 0.4
v -0.3 0.1 0.3
v -0.3 0.1 -0.3
v -0.3 0.1 -0.4
v -0.3 0.5 1.4
v -0.3 0.5 1.3
v -0.3 0.5 -1.3
v -0.3 0.5 -1.4
v -0.3 0.6 1.5
v -0.3 0.6 1.4
v -0.3 0.6 1.3
v -0.3 0.6 -1.3
v -0.3 0.6 -1.4
v -0.3 0.6 -1.5
v -0.3 0.7 1.5
v -0.3 0.7 1.4
v -0.3 0.7 -1.4
v -0.3 0.7 -1.5
v -0.3 1.6 2
v -0.3 1.6 1.9
v -0.3 1.6 -1.9
v -0.3 1.6 -2
v -0.3 1.7 2
v -0.3 1.7 1.9
v -0.3 1.7 -1.9
v -0.3 1.7 -2
v -0.3 2.3 2
v -0.3 2.3 1.9
v -0.3 2.3 -1.9
v -0.3 2.3 -2
v -0.3 2.4 2
v -0.3 2.4 1.9
v -0.3 2.4 -1.9
v -0.3 2.4 -2
v -0.3 3.3 1.5
v -0.3 3.3 1.4
v -0.3 3.3 -1.4
v -0.3 3.3 -1.5
v -0.3 3.4 1.5
v -0.3 3.4 1.4
v -0.3 3.4 1.3
v -0.3 3.4 -1.3
v -0.3 3.4 -1.4
v -0.3 3.4 -1.5
v -0.3 3.5 1.4
v -0.3 3.5 1.3
v -0.3 3.5 -1.3
v -0.3 3.5 -1.4
v -0.3 3.9 0.4
v -0.3 3.9 0.3
v -0.3 3.9 -0.3
v -0.3 3.9 -0.4
v -0.3 4 0.4
v -0.3 4 0.3
v -0.3 4 -0.3
v -0.3 4 -0.4
v -0.2 0.2 1
v -0.2 0.2 0.9
v -0.2 0.2 -0.9
v -0.2 0.2 -1
v -0.2 0.3 1
v -0.2 0.3 0.9
v -0.2 0.3 -0.9
v -0.2 0.3 -1
v -0.2 0.4 1.3
v -0.2 0.4 1.2
v -0.2 0.4 -1.2
v -0.2 0.4 -1.3
v -0.2 0.5 1.3
v -0.2 0.5 1.2
v -0.2 0.5 -1.2
v -0.2 0.5 -1.3
v -0.2 0.7 1.6
v -0.2 0.7 1.5
v -0.2 0.7 -1.5
v -0.2 0.7 -1.6
v -0.2 0.8 1.6
v -0.2 0.8 1.5
v -0.2 0.8 -1.5
v -0.2 0.8 -1.6
v -0.2 1 1.8
v -0.2 1 1.7
v -0.2 1 -1.7
v -0.2 1 -1.8
v -0.2 1.1 1.8
v -0.2 1.1 1.7
v -0.2 1.1 -1.7
v -0.2 1.1 -1.8
v -0.2 2.9 1.8
v -0.2 2.9 1.7
v -0.2 2.9 -1.7
v -0.2 2.9 -1.8
v -0.2 3 1.8
v -0.2 3 1.7
v -0.2 3 -1.7
v -0.2 3 -1.8
v -0.2 3.2 1.6
v -0.2 3.2 1.5
v -0.2 3.2 -1.5
v -0.2 3.2 -1.6
v -0.2 3.3 1.6
v -0.2 3.3 1.5
v -0.2 3.3 -1.5
v -0.2 3.3 -1.6
v -0.2 3.5 1.3
v -0.2 3.5 1.2
v -0.2 3.5 -1.2
v -0.2 3.5 -1.3
v -0.2 3.6 1.3
v -0.2 3.6 1.2
v -0.2 3.6 -1.2
v -0.2 3.6 -1.3
v -0.2 3.7 1
v -0.2 3.7 0.9
v -0.2 3.7 -0.9
v -0.2 3.7 -1
v -0.2 3.8 1
v -0.2 3.8 0.9
v -0.2 3.8 -0.9
v -0.2 3.8 -1
v -0.0999999 0.1 0.8
v -0.0999999 0.1 0.7
v -0.0999999 0.1 -0.7
v -0.0999999 0.1 -0.8
v -0.0999999 0.2 0.8
v -0.0999999 0.2 0.7
v -0.0999999 0.2 -0.7
v -0.0999999 0.2 -0.8
v -0.0999999 1.2 1.9
v -0.0999999 1.2 1.8
v -0.0999999 1.2 -1.8
v -0.0999999 1.2 -1.9
v -0.0999999 1.3 1.9
v -0.0999999 1.3 1.8
v -0.0999999 1.3 -1.8
v -0.0999999 1.3 -1.9
v -0.0999999 2.7 1.9
v -0.0999999 2.7 1.8
v -0.0999999 2.7 -1.8
v -0.0999999 2.7 -1.9
v -0.0999999 2.8 1.9
v -0.0999999 2.8 1.8
v -0.0999999 2.8 -1.8
v -0.0999999 2.8 -1.9
v -0.0999999 3.8 0.8
v -0.0999999 3.8 0.7
v -0.0999999 3.8 -0.7
v -0.0999999 3.8 -0.8
v -0.0999999 3.9 0.8
v -0.0999999 3.9 0.7
v -0.0999999 3.9 -0.7
v -0.0999999 3.9 -0.8
v 0.1 0.1 0.8
v 0.1 0.1 0.7
v 0.1 0.1 -0.7
v 0.1 0.1 -0.8
v 0.1 0.2 0.8
v 0.1 0.2 0.7
v 0.1 0.2 -0.7
v 0.1 0.2 -0.8
v 0.1 1.2 1.9
v 0.1 1.2 1.8
v 0.1 1.2 -1.8
v 0.1 1.2 -1.9
v 0.1 1.3 1.9
v 0.1 1.3 1.8
v 0.1 1.3 -1.8
v 0.1 1.3 -1.9
v 0.1 2.7 1.9
v 0.1 2.7 1.8
v 0.1 2.7 -1.8
v 0.1 2.7 -1.9
v 0.1 2.8 1.9
v 0.1 2.8 1.8
v 0.1 2.8 -1.8
v 0.1 2.8 -1.9
v 0.1 3.8 0.8
v 0.1 3.8 0.7
v 0.1 3.8 -0.7
v 0.1 3.8 -0.8
v 0.1 3.9 0.8
v 0.1 3.9 0.7
v 0.1 3.9 -0.7
v 0.1 3.9 -0.8
v 0.2 0.2 1
v 0.2 0.2 0.9
v 0.2 0.2 -0.9
v 0.2 0.2 -1
v 0.2 0.3 1
v 0.2 0.3 0.9
v 0.2 0.3 -0.9
v 0.2 0.3 -1
v 0.2 0.4 1.3
v 0.2 0.4 1.2
v 0.2 0.4 -1.2
v 0.2 0.4 -1.3
v 0.2 0.5 1.3
v 0.2 0.5 1.2
v 0.2 0.5 -1.2
v 0.2 0.5 -1.3
v 0.2 0.7 1.6
v 0.2 0.7 1.5
v 0.2 0.7 -1.5
v 0.2 0.7 -1.6
v 0.2 0.8 1.6
v 0.2 0.8 1.5
v 0.2 0.8 -1.5
v 0.2 0.8 -1.6
v 0.2 1 1.8
v 0.2 1 1.7
v 0.2 1 -1.7
v 0.2 1 -1.8
v 0.2 1.1 1.8
v 0.2 1.1 1.7
v 0.2 1.1 -1.7
v 0.2 1.1 -1.8
v 0.2 2.9 1.8
v 0.2 2.9 1.7
v 0.2 2.9 -1.7
v 0.2 2.9 -1.8
v 0.2 3 1.8
v 0.2 3 1.7
v 0.2 3 -1.7
v 0.2 3 -1.8
v 0.2 3.2 1.6
v 0.2 3.2 1.5
v 0.2 3.2 -1.5
v 0.2 3.2 -1.6
v 0.2 3.3 1.6
v 0.2 3.3 1.5
v 0.2 3.3 -1.5
v 0.2 3.3 -1.6
v 0.2 3.5 1.3
v 0.2 3.5 1.2
v 0.2 3.5 -1.2
v 0.2 3.5 -1.3
v 0.2 3.6 1.3
v 0.2 3.6 1.2
v 0.2 3.6 -1.2
v 0.2 3.6 -1.3
v 0.2 3.7 1
v 0.2 3.7 0.9
v 0.2 3.7 -0.9
v 0.2 3.7 -1
v 0.2 3.8 1
v 0.2 3.8 0.9
v 0.2 3.8 -0.9
v 0.2 3.8 -1
v 0.3 0 0.4
v 0.3 0 0.3
v 0.3 0 -0.3
v 0.3 0 -0.4
v 0.3 0.1 0.4
v 0.3 0.1 0.3
v 0.3 0.1 -0.3
v 0.3 0.1 -0.4
v 0.3 0.5 1.4
v 0.3 0.5 1.3
v 0.3 0.5 -1.3
v 0.3 0.5 -1.4
v 0.3 0.6 1.5
v 0.3 0.6 1.4
v 0.3 0.6 1.3
v 0.3 0.6 -1.3
v 0.3 0.6 -1.4
v 0.3 0.6 -1.5
v 0.3 0.7 1.5
v 0.3 0.7 1.4
v 0.3 0.7 -1.4
v 0.3 0.7 -1.5
v 0.3 1.6 2
v 0.3 1.6 1.9
v 0.3 1.6 -1.9
v 0.3 1.6 -2
v 0.3 1.7 2
v 0.3 1.7 1.9
v 0.3 1.7 -1.9
v 0.3 1.7 -2
v 0.3 2.3 2
v 0.3 2.3 1.9
v 0.3 2.3 -1.9
v 0.3 2.3 -2
v 0.3 2.4 2
v 0.3 2.4 1.9
v 0.3 2.4 -1.9
v 0.3 2.4 -2
v 0.3 3.3 1.5
v 0.3 3.3 1.4
v 0.3 3.3 -1.4
v 0.3 3.3 -1.5
v 0.3 3.4 1.5
v 0.3 3.4 1.4
v 0.3 3.4 1.3
v 0.3 3.4 -1.3
v 0.3 3.4 -1.4
v 0.3 3.4 -1.5
v 0.3 3.5 1.4
v 0.3 3.5 1.3
v 0.3 3.5 -1.3
v 0.3 3.5 -1.4
v 0.3 3.9 0.4
v 0.3 3.9 0.3
v 0.3 3.9 -0.3
v 0.3 3.9 -0.4
v 0.3 4 0.4
v 0.3 4 0.3
v 0.3 4 -0.3
v 0.3 4 -0.4
v 0.4 0 0.3
v 0.4 0 -0.3
v 0.4 0.1 0.7
v 0.4 0.1 0.6
v 0.4 0.1 0.3
v 0.4 0.1 -0.3
v 0.4 0.1 -0.6
v 0.4 0.1 -0.7
v 0.4 0.2 0.7
v 0.4 0.2 0.6
v 0.4 0.2 -0.6
v 0.4 0.2 -0.7
v 0.4 0.3 1.1
v 0.4 0.3 1
v 0.4 0.3 -1
v 0.4 0.3 -1.1
v 0.4 0.4 1.1
v 0.4 0.4 1
v 0.4 0.4 -1
v 0.4 0.4 -1.1
v 0.4 0.9 1.7
v 0.4 0.9 1.6
v 0.4 0.9 -1.6
v 0.4 0.9 -1.7
v 0.4 1 1.7
v 0.4 1 1.6
v 0.4 1 -1.6
v 0.4 1 -1.7
v 0.4 1.3 1.9
v 0.4 1.3 1.8
v 0.4 1.3 -1.8
v 0.4 1.3 -1.9
v 0.4 1.4 1.9
v 0.4 1.4 1.8
v 0.4 1.4 -1.8
v 0.4 1.4 -1.9
v 0.4 1.7 2
v 0.4 1.7 1.9
v 0.4 1.7 -1.9
v 0.4 1.7 -2
v 0.4 1.8 -1.9
v 0.4 1.9 -1.9
v 0.4 1.9 -2
v 0.4 2 -1.9
v 0.4 2 -2
v 0.4 2.2 -1.9
v 0.4 2.2 -2
v 0.4 2.3 2
v 0.4 2.3 1.9
v 0.4 2.3 -1.9
v 0.4 2.3 -2
v 0.4 2.6 1.9
v 0.4 2.6 1.8
v 0.4 2.6 -1.8
v 0.4 2.6 -1.9
v 0.4 2.7 1.9
v 0.4 2.7 1.8
v 0.4 2.7 -1.8
v 0.4 2.7 -1.9
v 0.4 3 1.7
v 0.4 3 1.6
v 0.4 3 -1.6
v 0.4 3 -1.7
v 0.4 3.1 1.7
v 0.4 3.1 1.6
v 0.4 3.1 -1.6
v 0.4 3.1 -1.7
v 0.4 3.6 1.1
v 0.4 3.6 1
v 0.4 3.6 -1
v 0.4 3.6 -1.1
v 0.4 3.7 1.1
v 0.4 3.7 1
v 0.4 3.7 -1
v 0.4 3.7 -1.1
v 0.4 3.8 0.7
v 0.4 3.8 0.6
v 0.4 3.8 -0.6
v 0.4 3.8 -0.7
v 0.4 3.9 0.7
v 0.4 3.9 0.6
v 0.4 3.9 0.3
v 0.4 3.9 0.0999999
v 0.4 3.9 -0.1
v 0.4 3.9 -0.2
v 0.4 3.9 -0.3
v 0.4 3.9 -0.6
v 0.4 3.9 -0.7
v 0.4 4 0.3
v 0.4 4 0.0999999
v 0.4 4 -0.1
v 0.4 4 -0.2
v 0.4 4 -0.3
v 0.5 0.1 0.6
v 0.5 0.1 0.5
v 0.5 0.1 -0.5
v 0.5 0.1 -0.6
v 0.5 0.2 0.9
v 0.5 0.2 0.8
v 0.5 0.2 0.6
v 0.5 0.2 0.5
v 0.5 0.2 -0.5
v 0.5 0.2 -0.6
v 0.5 0.2 -0.8
v 0.5 0.2 -0.9
v 0.5 0.3 0.9
v 0.5 0.3 0.8
v 0.5 0.3 -0.8
v 0.5 0.3 -0.9
v 0.5 0.4 1.2
v 0.5 0.4 1.1
v 0.5 0.4 -1.1
v 0.5 0.4 -1.2
v 0.5 0.5 1.2
v 0.5 0.5 1.1
v 0.5 0.5 -1.1
v 0.5 0.5 -1.2
v 0.5 0.8 1.6
v 0.5 0.8 1.5
v 0.5 0.8 -1.5
v 0.5 0.8 -1.6
v 0.5 0.9 1.6
v 0.5 0.9 1.5
v 0.5 0.9 -1.5
v 0.5 0.9 -1.6
v 0.5 1.1 1.8
v 0.5 1.1 1.7
v 0.5 1.1 -1.7
v 0.5 1.1 -1.8
v 0.5 1.2 1.8
v 0.5 1.2 1.7
v 0.5 1.2 -1.7
v 0.5 1.2 -1.8
v 0.5 1.4 1.9
v 0.5 1.4 1.8
v 0.5 1.4 -1.8
v 0.5 1.4 -1.9
v 0.5 1.5 1.9
v 0.5 1.5 1.8
v 0.5 1.5 -1.8
v 0.5 1.5 -1.9
v 0.5 2.5 1.9
v 0.5 2.5 1.8
v 0.5 2.5 -1.8
v 0.5 2.5 -1.9
v 0.5 2.6 1.9
v 0.5 2.6 1.8
v 0.5 2.6 -1.8
v 0.5 2.6 -1.9
v 0.5 2.8 1.8
v 0.5 2.8 1.7
v 0.5 2.8 -1.7
v 0.5 2.8 -1.8
v 0.5 2.9 1.8
v 0.5 2.9 1.7
v 0.5 2.9 -1.7
v 0.5 2.9 -1.8
v 0.5 3.1 1.6
v 0.5 3.1 1.5
v 0.5 3.1 -1.5
v 0.5 3.1 -1.6
v 0.5 3.2 1.6
v 0.5 3.2 1.5
v 0.5 3.2 -1.5
v 0.5 3.2 -1.6
v 0.5 3.5 1.2
v 0.5 3.5 1.1
v 0.5 3.5 -1.1
v 0.5 3.5 -1.2
v 0.5 3.6 1.2
v 0.5 3.6 1.1
v 0.5 3.6 -1.1
v 0.5 3.6 -1.2
v 0.5 3.7 0.9
v 0.5 3.7 0.8
v 0.5 3.7 -0.8
v 0.5 3.7 -0.9
v 0.5 3.8 0.9
v 0.5 3.8 0.8
v 0.5 3.8 0.6
v 0.5 3.8 0.5
v 0.5 3.8 -0.5
v 0.5 3.8 -0.6
v 0.5 3.8 -0.8
v 0.5 3.8 -0.9
v 0.5 3.9 0.6
v 0.5 3.9 0.5
v 0.5 3.9 -0.5
v 0.5 3.9 -0.6
v 0.6 0.1 0.5
v 0.6 0.1 0.4
v 0.6 0.1 -0.4
v 0.6 0.1 -0.5
v 0.6 0.2 0.8
v 0.6 0.2 0.7
v 0.6 0.2 0.5
v 0.6 0.2 0.4
v 0.6 0.2 -0.4
v 0.6 0.2 -0.5
v 0.6 0.2 -0.7
v 0.6 0.2 -0.8
v 0.6 0.3 1
v 0.6 0.3 0.9
v 0.6 0.3 0.8
v 0.6 0.3 0.7
v 0.6 0.3 -0.7
v 0.6 0.3 -0.8
v 0.6 0.3 -0.9
v 0.6 0.3 -1
v 0.6 0.4 1
v 0.6 0.4 0.9
v 0.6 0.4 -0.9
v 0.6 0.4 -1
v 0.6 0.5 1.3
v 0.6 0.5 1.2
v 0.6 0.5 -1.2
v 0.6 0.5 -1.3
v 0.6 0.6 1.4
v 0.6 0.6 1.3
v 0.6 0.6 1.2
v 0.6 0.6 -1.2
v 0.6 0.6 -1.3
v 0.6 0.6 -1.4
v 0.6 0.7 1.5
v 0.6 0.7 1.4
v 0.6 0.7 1.3
v 0.6 0.7 -1.3
v 0.6 0.7 -1.4
v 0.6 0.7 -1.5
v 0.6 0.8 1.5
v 0.6 0.8 1.4
v 0.6 0.8 -1.4
v 0.6 0.8 -1.5
v 0.6 1 1.7
v 0.6 1 1.6
v 0.6 1 -1.6
v 0.6 1 -1.7
v 0.6 1.1 1.7
v 0.6 1.1 1.6
v 0.6 1.1 -1.6
v 0.6 1.1 -1.7
v 0.6 1.2 1.8
v 0.6 1.2 1.7
v 0.6 1.2 -1.7
v 0.6 1.2 -1.8
v 0.6 1.3 1.8
v 0.6 1.3 1.7
v 0.6 1.3 -1.7
v 0.6 1.3 -1.8
v 0.6 1.5 1.9
v 0.6 1.5 1.8
v 0.6 1.5 -1.8
v 0.6 1.5 -1.9
v 0.6 1.6 1.9
v 0.6 1.6 1.8
v 0.6 1.6 -1.8
v 0.6 1.6 -1.9
v 0.6 2.4 1.9
v 0.6 2.4 1.8
v 0.6 2.4 -1.8
v 0.6 2.4 -1.9
v 0.6 2.5 1.9
v 0.6 2.5 1.8
v 0.6 2.5 -1.8
v 0.6 2.5 -1.9
v 0.6 2.7 1.8
v 0.6 2.7 1.7
v 0.6 2.7 -1.7
v 0.6 2.7 -1.8
v 0.6 2.8 1.8
v 0.6 2.8 1.7
v 0.6 2.8 -1.7
v 0.6 2.8 -1.8
v 0.6 2.9 1.7
v 0.6 2.9 1.6
v 0.6 2.9 -1.6
v 0.6 2.9 -1.7
v 0.6 3 1.7
v 0.6 3 1.6
v 0.6 3 -1.6
v 0.6 3 -1.7
v 0.6 3.2 1.5
v 0.6 3.2 1.4
v 0.6 3.2 -1.4
v 0.6 3.2 -1.5
v 0.6 3.3 1.5
v 0.6 3.3 1.4
v 0.6 3.3 1.3
v 0.6 3.3 -1.3
v 0.6 3.3 -1.4
v 0.6 3.3 -1.5
v 0.6 3.4 1.4
v 0.6 3.4 1.3
v 0.6 3.4 1.2
v 0.6 3.4 -1.2
v 0.6 3.4 -1.3
v 0.6 3.4 -1.4
v 0.6 3.5 1.3
v 0.6 3.5 1.2
v 0.6 3.5 -1.2
v 0.6 3.5 -1.3
v 0.6 3.6 1
v 0.6 3.6 0.9
v 0.6 3.6 -0.9
v 0.6 3.6 -1
v 0.6 3.7 1
v 0.6 3.7 0.9
v 0.6 3.7 0.8
v 0.6 3.7 0.7
v 0.6 3.7 -0.7
v 0.6 3.7 -0.8
v 0.6 3.7 -0.9
v 0.6 3.7 -1
v 0.6 3.8 0.8
v 0.6 3.8 0.7
v 0.6 3.8 0.5
v 0.6 3.8 0.4
v 0.6 3.8 -0.4
v 0.6 3.8 -0.5
v 0.6 3.8 -0.7
v 0.6 3.8 -0.8
v 0.6 3.9 0.5
v 0.6 3.9 0.4
v 0.6 3.9 -0.4
v 0.6 3.9 -0.5
v 0.7 0.1 0.4
v 0.7 0.1 0.0999999
v 0.7 0.1 -0.1
v 0.7 0.1 -0.4
v 0.7 0.2 0.7
v 0.7 0.2 0.6
v 0.7 0.2 0.4
v 0.7 0.2 0.0999999
v 0.7 0.2 -0.1
v 0.7 0.2 -0.4
v 0.7 0.2 -0.6
v 0.7 0.2 -0.7
v 0.7 0.3 0.9
v 0.7 0.3 0.8
v 0.7 0.3 0.7
v 0.7 0.3 0.6
v 0.7 0.3 -0.6
v 0.7 0.3 -0.7
v 0.7 0.3 -0.8
v 0.7 0.3 -0.9
v 0.7 0.4 1.1
v 0.7 0.4 1
v 0.7 0.4 0.9
v 0.7 0.4 0.8
v 0.7 0.4 -0.8
v 0.7 0.4 -0.9
v 0.7 0.4 -1
v 0.7 0.4 -1.1
v 0.7 0.5 1.1
v 0.7 0.5 1
v 0.7 0.5 -1
v 0.7 0.5 -1.1
v 0.7 0.9 1.6
v 0.7 0.9 1.5
v 0.7 0.9 -1.5
v 0.7 0.9 -1.6
v 0.7 1 1.6
v 0.7 1 1.5
v 0.7 1 -1.5
v 0.7 1 -1.6
v 0.7 1.1 1.7
v 0.7 1.1 1.6
v 0.7 1.1 -1.6
v 0.7 1.1 -1.7
v 0.7 1.2 1.7
v 0.7 1.2 1.6
v 0.7 1.2 -1.6
v 0.7 1.2 -1.7
v 0.7 1.3 1.8
v 0.7 1.3 1.7
v 0.7 1.3 -1.7
v 0.7 1.3 -1.8
v 0.7 1.4 1.8
v 0.7 1.4 1.7
v 0.7 1.4 -1.7
v 0.7 1.4 -1.8
v 0.7 1.6 1.9
v 0.7 1.6 1.8
v 0.7 1.6 -1.8
v 0.7 1.6 -1.9
v 0.7 1.7 -1.8
v 0.7 1.7 -1.9
v 0.7 1.9 1.9
v 0.7 1.9 1.8
v 0.7 1.9 -1.8
v 0.7 1.9 -1.9
v 0.7 2.1 1.9
v 0.7 2.1 1.8
v 0.7 2.1 -1.8
v 0.7 2.1 -1.9
v 0.7 2.2 -1.8
v 0.7 2.3 -1.8
v 0.7 2.3 -1.9
v 0.7 2.4 1.9
v 0.7 2.4 1.8
v 0.7 2.4 -1.8
v 0.7 2.4 -1.9
v 0.7 2.6 1.8
v 0.7 2.6 1.7
v 0.7 2.6 -1.7
v 0.7 2.6 -1.8
v 0.7 2.7 1.8
v 0.7 2.7 1.7
v 0.7 2.7 -1.7
v 0.7 2.7 -1.8
v 0.7 2.8 1.7
v 0.7 2.8 1.6
v 0.7 2.8 -1.6
v 0.7 2.8 -1.7
v 0.7 2.9 1.7
v 0.7 2.9 1.6
v 0.7 2.9 -1.6
v 0.7 2.9 -1.7
v 0.7 3 1.6
v 0.7 3 1.5
v 0.7 3 -1.5
v 0.7 3 -1.6
v 0.7 3.1 1.6
v 0.7 3.1 1.5
v 0.7 3.1 -1.5
v 0.7 3.1 -1.6
v 0.7 3.5 1.1
v 0.7 3.5 1
v 0.7 3.5 -1
v 0.7 3.5 -1.1
v 0.7 3.6 1.1
v 0.7 3.6 1
v 0.7 3.6 0.9
v 0.7 3.6 0.8
v 0.7 3.6 -0.8
v 0.7 3.6 -0.9
v 0.7 3.6 -1
v 0.7 3.6 -1.1
v 0.7 3.7 0.9
v 0.7 3.7 0.8
v 0.7 3.7 0.7
v 0.7 3.7 0.6
v 0.7 3.7 -0.6
v 0.7 3.7 -0.7
v 0.7 3.7 -0.8
v 0.7 3.7 -0.9
v 0.7 3.8 0.7
v 0.7 3.8 0.6
v 0.7 3.8 0.4
v 0.7 3.8 0.0999999
v 0.7 3.8 -0.1
v 0.7 3.8 -0.4
v 0.7 3.8 -0.6
v 0.7 3.8 -0.7
v 0.7 3.9 0.4
v 0.7 3.9 0.0999999
v 0.7 3.9 -0.1
v 0.7 3.9 -0.4
v 0.8 0.1 0.0999999
v 0.8 0.1 -0.1
v 0.8 0.2 0.6
v 0.8 0.2 0.5
v 0.8 0.2 0.0999999
v 0.8 0.2 -0.1
v 0.8 0.2 -0.5
v 0.8 0.2 -0.6
v 0.8 0.3 0.8
v 0.8 0.3 0.7
v 0.8 0.3 0.6
v 0.8 0.3 0.5
v 0.8 0.3 -0.5
v 0.8 0.3 -0.6
v 0.8 0.3 -0.7
v 0.8 0.3 -0.8
v 0.8 0.4 1
v 0.8 0.4 0.9
v 0.8 0.4 0.8
v 0.8 0.4 0.7
v 0.8 0.4 -0.7
v 0.8 0.4 -0.8
v 0.8 0.4 -0.9
v 0.8 0.4 -1
v 0.8 0.5 1.2
v 0.8 0.5 1.1
v 0.8 0.5 1
v 0.8 0.5 0.9
v 0.8 0.5 -0.9
v 0.8 0.5 -1
v 0.8 0.5 -1.1
v 0.8 0.5 -1.2
v 0.8 0.6 1.3
v 0.8 0.6 1.2
v 0.8 0.6 1.1
v 0.8 0.6 -1.1
v 0.8 0.6 -1.2
v 0.8 0.6 -1.3
v 0.8 0.7 1.4
v 0.8 0.7 1.3
v 0.8 0.7 1.2
v 0.8 0.7 -1.2
v 0.8 0.7 -1.3
v 0.8 0.7 -1.4
v 0.8 0.8 1.5
v 0.8 0.8 1.4
v 0.8 0.8 1.3
v 0.8 0.8 -1.3
v 0.8 0.8 -1.4
v 0.8 0.8 -1.5
v 0.8 0.9 1.5
v 0.8 0.9 1.4
v 0.8 0.9 -1.4
v 0.8 0.9 -1.5
v 0.8 1 1.6
v 0.8 1 1.5
v 0.8 1 -1.5
v 0.8 1 -1.6
v 0.8 1.1 1.6
v 0.8 1.1 1.5
v 0.8 1.1 -1.5
v 0.8 1.1 -1.6
v 0.8 1.2 1.7
v 0.8 1.2 1.6
v 0.8 1.2 -1.6
v 0.8 1.2 -1.7
v 0.8 1.3 1.7
v 0.8 1.3 1.6
v 0.8 1.3 -1.6
v 0.8 1.3 -1.7
v 0.8 1.4 1.8
v 0.8 1.4 1.7
v 0.8 1.4 -1.7
v 0.8 1.4 -1.8
v 0.8 1.5 1.8
v 0.8 1.5 1.7
v 0.8 1.5 -1.7
v 0.8 1.5 -1.8
v 0.8 1.9 1.9
v 0.8 1.9 1.8
v 0.8 1.9 -1.8
v 0.8 1.9 -1.9
v 0.8 2.1 1.9
v 0.8 2.1 1.8
v 0.8 2.1 -1.8
v 0.8 2.1 -1.9
v 0.8 2.5 1.8
v 0.8 2.5 1.7
v 0.8 2.5 -1.7
v 0.8 2.5 -1.8
v 0.8 2.6 1.8
v 0.8 2.6 1.7
v 0.8 2.6 -1.7
v 0.8 2.6 -1.8
v 0.8 2.7 1.7
v 0.8 2.7 1.6
v 0.8 2.7 -1.6
v 0.8 2.7 -1.7
v 0.8 2.8 1.7
v 0.8 2.8 1.6
v 0.8 2.8 -1.6
v 0.8 2.8 -1.7
v 0.8 2.9 1.6
v 0.8 2.9 1.5
v 0.8 2.9 -1.5
v 0.8 2.9 -1.6
v 0.8 3 1.6
v 0.8 3 1.5
v 0.8 3 -1.5
v 0.8 3 -1.6
v 0.8 3.1 1.5
v 0.8 3.1 1.4
v 0.8 3.1 -1.4
v 0.8 3.1 -1.5
v 0.8 3.2 1.5
v 0.8 3.2 1.4
v 0.8 3.2 1.3
v 0.8 3.2 -1.3
v 0.8 3.2 -1.4
v 0.8 3.2 -1.5
v 0.8 3.3 1.4
v 0.8 3.3 1.3
v 0.8 3.3 1.2
v 0.8 3.3 -1.2
v 0.8 3.3 -1.3
v 0.8 3.3 -1.4
v 0.8 3.4 1.3
v 0.8 3.4 1.2
v 0.8 3.4 1.1
v 0.8 3.4 -1.1
v 0.8 3.4 -1.2
v 0.8 3.4 -1.3
v 0.8 3.5 1.2
v 0.8 3.5 1.1
v 0.8 3.5 1
v 0.8 3.5 0.9
v 0.8 3.5 -0.9
v 0.8 3.5 -1
v 0.8 3.5 -1.1
v 0.8 3.5 -1.2
v 0.8 3.6 1
v 0.8 3.6 0.9
v 0.8 3.6 0.8
v 0.8 3.6 0.7
v 0.8 3.6 -0.7
v 0.8 3.6 -0.8
v 0.8 3.6 -0.9
v 0.8 3.6 -1
v 0.8 3.7 0.8
v 0.8 3.7 0.7
v 0.8 3.7 0.6
v 0.8 3.7 0.5
v 0.8 3.7 -0.5
v 0.8 3.7 -0.6
v 0.8 3.7 -0.7
v 0.8 3.7 -0.8
v 0.8 3.8 0.6
v 0.8 3.8 0.5
v 0.8 3.8 0.0999999
v 0.8 3.8 -0.1
v 0.8 3.8 -0.5
v 0.8 3.8 -0.6
v 0.8 3.9 0.0999999
v 0.8 3.9 -0.1
v 0.9 0.2 0.5
v 0.9 0.2 0.2
v 0.9 0.2 -0.2
v 0.9 0.2 -0.5
v 0.9 0.3 0.7
v 0.9 0.3 0.6
v 0.9 0.3 0.5
v 0.9 0.3 0.2
v 0.9 0.3 -0.2
v 0.9 0.3 -0.4
v 0.9 0.3 -0.5
v 0.9 0.3 -0.6
v 0.9 0.3 -0.7
v 0.9 0.4 0.9
v 0.9 0.4 0.8
v 0.9 0.4 0.7
v 0.9 0.4 0.6
v 0.9 0.4 -0.6
v 0.9 0.4 -0.7
v 0.9 0.4 -0.8
v 0.9 0.4 -0.9
v 0.9 0.5 1.1
v 0.9 0.5 1
v 0.9 0.5 0.9
v 0.9 0.5 0.8
v 0.9 0.5 -0.8
v 0.9 0.5 -0.9
v 0.9 0.5 -1
v 0.9 0.5 -1.1
v 0.9 0.6 1.2
v 0.9 0.6 1.1
v 0.9 0.6 1
v 0.9 0.6 -1
v 0.9 0.6 -1.1
v 0.9 0.6 -1.2
v 0.9 0.7 1.3
v 0.9 0.7 1.2
v 0.9 0.7 1.1
v 0.9 0.7 -1.1
v 0.9 0.7 -1.2
v 0.9 0.7 -1.3
v 0.9 0.8 1.4
v 0.9 0.8 1.3
v 0.9 0.8 1.2
v 0.9 0.8 -1.2
v 0.9 0.8 -1.3
v 0.9 0.8 -1.4
v 0.9 0.9 1.5
v 0.9 0.9 1.4
v 0.9 0.9 1.3
v 0.9 0.9 -1.3
v 0.9 0.9 -1.4
v 0.9 0.9 -1.5
v 0.9 1 1.5
v 0.9 1 1.4
v 0.9 1 -1.4
v 0.9 1 -1.5
v 0.9 1.1 1.6
v 0.9 1.1 1.5
v 0.9 1.1 -1.5
v 0.9 1.1 -1.6
v 0.9 1.2 1.6
v 0.9 1.2 1.5
v 0.9 1.2 -1.5
v 0.9 1.2 -1.6
v 0.9 1.3 1.7
v 0.9 1.3 1.6
v 0.9 1.3 -1.6
v 0.9 1.3 -1.7
v 0.9 1.4 1.7
v 0.9 1.4 1.6
v 0.9 1.4 -1.6
v 0.9 1.4 -1.7
v 0.9 1.5 1.8
v 0.9 1.5 1.7
v 0.9 1.5 -1.7
v 0.9 1.5 -1.8
v 0.9 1.6 -1.7
v 0.9 1.6 -1.8
v 0.9 1.7 -1.7
v 0.9 1.7 -1.8
v 0.9 1.8 1.8
v 0.9 1.8 1.7
v 0.9 1.8 -1.7
v 0.9 1.8 -1.8
v 0.9 2.2 1.8
v 0.9 2.2 1.7
v 0.9 2.2 -1.7
v 0.9 2.2 -1.8
v 0.9 2.3 -1.7
v 0.9 2.3 -1.8
v 0.9 2.5 1.8
v 0.9 2.5 1.7
v 0.9 2.5 -1.7
v 0.9 2.5 -1.8
v 0.9 2.6 1.7
v 0.9 2.6 1.6
v 0.9 2.6 -1.6
v 0.9 2.6 -1.7
v 0.9 2.7 1.7
v 0.9 2.7 1.6
v 0.9 2.7 -1.6
v 0.9 2.7 -1.7
v 0.9 2.8 1.6
v 0.9 2.8 1.5
v 0.9 2.8 -1.5
v 0.9 2.8 -1.6
v 0.9 2.9 1.6
v 0.9 2.9 1.5
v 0.9 2.9 -1.5
v 0.9 2.9 -1.6
v 0.9 3 1.5
v 0.9 3 1.4
v 0.9 3 -1.4
v 0.9 3 -1.5
v 0.9 3.1 1.5
v 0.9 3.1 1.4
v 0.9 3.1 1.3
v 0.9 3.1 -1.3
v 0.9 3.1 -1.4
v 0.9 3.1 -1.5
v 0.9 3.2 1.4
v 0.9 3.2 1.3
v 0.9 3.2 1.2
v 0.9 3.2 -1.2
v 0.9 3.2 -1.3
v 0.9 3.2 -1.4
v 0.9 3.3 1.3
v 0.9 3.3 1.2
v 0.9 3.3 1.1
v 0.9 3.3 -1.1
v 0.9 3.3 -1.2
v 0.9 3.3 -1.3
v 0.9 3.4 1.2
v 0.9 3.4 1.1
v 0.9 3.4 1
v 0.9 3.4 -1
v 0.9 3.4 -1.1
v 0.9 3.4 -1.2
v 0.9 3.5 1.1
v 0.9 3.5 1
v 0.9 3.5 0.9
v 0.9 3.5 0.8
v 0.9 3.5 -0.8
v 0.9 3.5 -0.9
v 0.9 3.5 -1
v 0.9 3.5 -1.1
v 0.9 3.6 0.9
v 0.9 3.6 0.8
v 0.9 3.6 0.7
v 0.9 3.6 0.6
v 0.9 3.6 -0.6
v 0.9 3.6 -0.7
v 0.9 3.6 -0.8
v 0.9 3.6 -0.9
v 0.9 3.7 0.7
v 0.9 3.7 0.6
v 0.9 3.7 0.5
v 0.9 3.7 0.4
v 0.9 3.7 0.2
v 0.9 3.7 -0.2
v 0.9 3.7 -0.4
v 0.9 3.7 -0.5
v 0.9 3.7 -0.6
v 0.9 3.7 -0.7
v 0.9 3.8 0.5
v 0.9 3.8 0.2
v 0.9 3.8 -0.2
v 0.9 3.8 -0.4
v 0.9 3.8 -0.5
v 1 0.2 0.2
v 1 0.2 -0.2
v 1 0.3 0.6
v 1 0.3 0.5
v 1 0.3 0.4
v 1 0.3 0.2
v 1 0.3 -0.2
v 1 0.3 -0.4
v 1 0.3 -0.6
v 1 0.4 0.8
v 1 0.4 0.7
v 1 0.4 0.6
v 1 0.4 0.5
v 1 0.4 0.4
v 1 0.4 -0.4
v 1 0.4 -0.6
v 1 0.4 -0.7
v 1 0.4 -0.8
v 1 0.5 1
v 1 0.5 0.9
v 1 0.5 0.8
v 1 0.5 0.7
v 1 0.5 -0.7
v 1 0.5 -0.8
v 1 0.5 -0.9
v 1 0.5 -1
v 1 0.6 1.1
v 1 0.6 1
v 1 0.6 0.9
v 1 0.6 -0.9
v 1 0.6 -1
v 1 0.6 -1.1
v 1 0.7 1.1
v 1 0.7 1
v 1 0.7 -1
v 1 0.7 -1.1
v 1 0.9 1.4
v 1 0.9 1.3
v 1 0.9 -1.3
v 1 0.9 -1.4
v 1 1 1.5
v 1 1 1.4
v 1 1 1.3
v 1 1 -1.3
v 1 1 -1.4
v 1 1 -1.5
v 1 1.1 1.5
v 1 1.1 1.4
v 1 1.1 -1.4
v 1 1.1 -1.5
v 1 1.2 1.6
v 1 1.2 1.5
v 1 1.2 -1.5
v 1 1.2 -1.6
v 1 1.3 1.6
v 1 1.3 1.5
v 1 1.3 -1.5
v 1 1.3 -1.6
v 1 1.4 1.7
v 1 1.4 1.6
v 1 1.4 -1.6
v 1 1.4 -1.7
v 1 1.6 1.7
v 1 1.6 1.6
v 1 1.6 -1.6
v 1 1.6 -1.7
v 1 1.8 1.8
v 1 1.8 1.7
v 1 1.8 -1.7
v 1 1.8 -1.8
v 1 2.1 -1.7
v 1 2.1 -1.8
v 1 2.2 1.8
v 1 2.2 1.7
v 1 2.2 -1.7
v 1 2.2 -1.8
v 1 2.4 1.7
v 1 2.4 1.6
v 1 2.4 -1.6
v 1 2.4 -1.7
v 1 2.5 -1.6
v 1 2.6 1.7
v 1 2.6 1.6
v 1 2.6 -1.6
v 1 2.6 -1.7
v 1 2.7 1.6
v 1 2.7 1.5
v 1 2.7 -1.5
v 1 2.7 -1.6
v 1 2.8 1.6
v 1 2.8 1.5
v 1 2.8 -1.5
v 1 2.8 -1.6
v 1 2.9 1.5
v 1 2.9 1.4
v 1 2.9 -1.4
v 1 2.9 -1.5
v 1 3 1.5
v 1 3 1.4
v 1 3 1.3
v 1 3 -1.3
v 1 3 -1.4
v 1 3 -1.5
v 1 3.1 1.4
v 1 3.1 1.3
v 1 3.1 -1.3
v 1 3.1 -1.4
v 1 3.3 1.1
v 1 3.3 1
v 1 3.3 -1
v 1 3.3 -1.1
v 1 3.4 1.1
v 1 3.4 1
v 1 3.4 0.9
v 1 3.4 -0.9
v 1 3.4 -1
v 1 3.4 -1.1
v 1 3.5 1
v 1 3.5 0.9
v 1 3.5 0.8
v 1 3.5 0.7
v 1 3.5 -0.7
v 1 3.5 -0.8
v 1 3.5 -0.9
v 1 3.5 -1
v 1 3.6 0.8
v 1 3.6 0.7
v 1 3.6 0.6
v 1 3.6 0.4
v 1 3.6 -0.4
v 1 3.6 -0.6
v 1 3.6 -0.7
v 1 3.6 -0.8
v 1 3.7 0.6
v 1 3.7 0.4
v 1 3.7 0.2
v 1 3.7 0.0999999
v 1 3.7 -2.38419e-07
v 1 3.7 -0.2
v 1 3.7 -0.4
v 1 3.7 -0.6
v 1 3.8 0.2
v 1 3.8 0.0999999
v 1 3.8 -0.2
v 1.1 0.3 0.4
v 1.1 0.3 -0.4
v 1.1 0.4 0.7
v 1.1 0.4 0.5
v 1.1 0.4 0.4
v 1.1 0.4 -0.4
v 1.1 0.4 -0.5
v 1.1 0.4 -0.7
v 1.1 0.5 0.9
v 1.1 0.5 0.8
v 1.1 0.5 0.7
v 1.1 0.5 0.5
v 1.1 0.5 -0.5
v 1.1 0.5 -0.7
v 1.1 0.5 -0.8
v 1.1 0.5 -0.9
v 1.1 0.6 1
v 1.1 0.6 0.9
v 1.1 0.6 0.8
v 1.1 0.6 -0.8
v 1.1 0.6 -0.9
v 1.1 0.6 -1
v 1.1 0.7 1.2
v 1.1 0.7 1.1
v 1.1 0.7 1
v 1.1 0.7 0.9
v 1.1 0.7 -0.9
v 1.1 0.7 -1
v 1.1 0.7 -1.1
v 1.1 0.7 -1.2
v 1.1 0.8 1.3
v 1.1 0.8 1.2
v 1.1 0.8 1.1
v 1.1 0.8 -1.1
v 1.1 0.8 -1.2
v 1.1 0.8 -1.3
v 1.1 0.9 1.3
v 1.1 0.9 1.2
v 1.1 0.9 -1.2
v 1.1 0.9 -1.3
v 1.1 1 1.4
v 1.1 1 1.3
v 1.1 1 -1.3
v 1.1 1 -1.4
v 1.1 1.1 1.5
v 1.1 1.1 1.4
v 1.1 1.1 1.3
v 1.1 1.1 -1.3
v 1.1 1.1 -1.4
v 1.1 1.1 -1.5
v 1.1 1.2 1.5
v 1.1 1.2 1.4
v 1.1 1.2 -1.4
v 1.1 1.2 -1.5
v 1.1 1.3 1.6
v 1.1 1.3 1.5
v 1.1 1.3 -1.5
v 1.1 1.3 -1.6
v 1.1 1.5 1.6
v 1.1 1.5 1.5
v 1.1 1.5 -1.5
v 1.1 1.5 -1.6
v 1.1 1.6 1.7
v 1.1 1.6 1.6
v 1.1 1.6 -1.6
v 1.1 1.6 -1.7
v 1.1 1.7 -1.6
v 1.1 1.7 -1.7
v 1.1 2 1.6
v 1.1 2.1 1.6
v 1.1 2.2 -1.6
v 1.1 2.2 -1.7
v 1.1 2.4 1.7
v 1.1 2.4 1.6
v 1.1 2.4 -1.6
v 1.1 2.4 -1.7
v 1.1 2.5 1.6
v 1.1 2.5 1.5
v 1.1 2.5 -1.5
v 1.1 2.5 -1.6
v 1.1 2.6 -1.5
v 1.1 2.6 -1.6
v 1.1 2.7 1.6
v 1.1 2.7 1.5
v 1.1 2.7 -1.5
v 1.1 2.7 -1.6
v 1.1 2.8 1.5
v 1.1 2.8 1.4
v 1.1 2.8 -1.4
v 1.1 2.8 -1.5
v 1.1 2.9 1.5
v 1.1 2.9 1.4
v 1.1 2.9 1.3
v 1.1 2.9 -1.3
v 1.1 2.9 -1.4
v 1.1 2.9 -1.5
v 1.1 3 1.4
v 1.1 3 1.3
v 1.1 3 -1.3
v 1.1 3 -1.4
v 1.1 3.1 1.3
v 1.1 3.1 1.2
v 1.1 3.1 -1.2
v 1.1 3.1 -1.3
v 1.1 3.2 1.3
v 1.1 3.2 1.2
v 1.1 3.2 1.1
v 1.1 3.2 -1.1
v 1.1 3.2 -1.2
v 1.1 3.2 -1.3
v 1.1 3.3 1.2
v 1.1 3.3 1.1
v 1.1 3.3 1
v 1.1 3.3 0.9
v 1.1 3.3 -0.9
v 1.1 3.3 -1
v 1.1 3.3 -1.1
v 1.1 3.3 -1.2
v 1.1 3.4 1
v 1.1 3.4 0.9
v 1.1 3.4 0.8
v 1.1 3.4 -0.8
v 1.1 3.4 -0.9
v 1.1 3.4 -1
v 1.1 3.5 0.9
v 1.1 3.5 0.8
v 1.1 3.5 0.7
v 1.1 3.5 0.5
v 1.1 3.5 -0.5
v 1.1 3.5 -0.7
v 1.1 3.5 -0.8
v 1.1 3.5 -0.9
v 1.1 3.6 0.7
v 1.1 3.6 0.5
v 1.1 3.6 0.4
v 1.1 3.6 -2.38419e-07
v 1.1 3.6 -0.4
v 1.1 3.6 -0.5
v 1.1 3.6 -0.7
v 1.1 3.7 0.4
v 1.1 3.7 -2.38419e-07
v 1.1 3.7 -0.4
v 1.2 0.4 0.5
v 1.2 0.4 0.2
v 1.2 0.4 -0.2
v 1.2 0.4 -0.5
v 1.2 0.5 0.8
v 1.2 0.5 0.6
v 1.2 0.5 0.5
v 1.2 0.5 0.2
v 1.2 0.5 -0.2
v 1.2 0.5 -0.5
v 1.2 0.5 -0.6
v 1.2 0.5 -0.8
v 1.2 0.6 0.9
v 1.2 0.6 0.8
v 1.2 0.6 0.6
v 1.2 0.6 -0.6
v 1.2 0.6 -0.8
v 1.2 0.6 -0.9
v 1.2 0.7 1.1
v 1.2 0.7 0.9
v 1.2 0.7 0.8
v 1.2 0.7 -0.8
v 1.2 0.7 -0.9
v 1.2 0.7 -1.1
v 1.2 0.8 1.2
v 1.2 0.8 1.1
v 1.2 0.8 1
v 1.2 0.8 0.9
v 1.2 0.8 -0.9
v 1.2 0.8 -1.1
v 1.2 0.8 -1.2
v 1.2 0.9 1.3
v 1.2 0.9 1.2
v 1.2 0.9 1.1
v 1.2 0.9 -1.1
v 1.2 0.9 -1.2
v 1.2 0.9 -1.3
v 1.2 1 1.3
v 1.2 1 1.2
v 1.2 1 -1.2
v 1.2 1 -1.3
v 1.2 1.1 1.4
v 1.2 1.1 1.3
v 1.2 1.1 1.2
v 1.2 1.1 -1.2
v 1.2 1.1 -1.3
v 1.2 1.1 -1.4
v 1.2 1.2 1.5
v 1.2 1.2 1.4
v 1.2 1.2 1.3
v 1.2 1.2 -1.3
v 1.2 1.2 -1.4
v 1.2 1.2 -1.5
v 1.2 1.4 1.5
v 1.2 1.4 1.4
v 1.2 1.4 -1.4
v 1.2 1.4 -1.5
v 1.2 1.5 1.6
v 1.2 1.5 1.5
v 1.2 1.5 -1.5
v 1.2 1.5 -1.6
v 1.2 1.6 1.6
v 1.2 1.6 1.5
v 1.2 1.6 -1.5
v 1.2 1.6 -1.6
v 1.2 1.7 -1.5
v 1.2 1.7 -1.6
v 1.2 1.8 1.6
v 1.2 1.8 1.5
v 1.2 1.8 -1.5
v 1.2 1.8 -1.6
v 1.2 2.2 1.6
v 1.2 2.2 1.5
v 1.2 2.2 -1.5
v 1.2 2.2 -1.6
v 1.2 2.4 1.6
v 1.2 2.4 1.5
v 1.2 2.4 -1.5
v 1.2 2.4 -1.6
v 1.2 2.5 1.6
v 1.2 2.5 1.5
v 1.2 2.5 -1.5
v 1.2 2.5 -1.6
v 1.2 2.6 1.5
v 1.2 2.6 1.4
v 1.2 2.6 -1.4
v 1.2 2.6 -1.5
v 1.2 2.8 1.5
v 1.2 2.8 1.4
v 1.2 2.8 1.3
v 1.2 2.8 -1.3
v 1.2 2.8 -1.4
v 1.2 2.8 -1.5
v 1.2 2.9 1.4
v 1.2 2.9 1.3
v 1.2 2.9 1.2
v 1.2 2.9 -1.2
v 1.2 2.9 -1.3
v 1.2 2.9 -1.4
v 1.2 3 1.2
v 1.2 3 -1.2
v 1.2 3.1 1.3
v 1.2 3.1 1.2
v 1.2 3.1 1.1
v 1.2 3.1 -1.1
v 1.2 3.1 -1.2
v 1.2 3.1 -1.3
v 1.2 3.2 1.2
v 1.2 3.2 1.1
v 1.2 3.2 0.9
v 1.2 3.2 -0.9
v 1.2 3.2 -1
v 1.2 3.2 -1.1
v 1.2 3.2 -1.2
v 1.2 3.3 1.1
v 1.2 3.3 0.9
v 1.2 3.3 0.8
v 1.2 3.3 -0.8
v 1.2 3.3 -0.9
v 1.2 3.3 -1.1
v 1.2 3.4 0.9
v 1.2 3.4 0.8
v 1.2 3.4 0.6
v 1.2 3.4 -0.6
v 1.2 3.4 -0.8
v 1.2 3.4 -0.9
v 1.2 3.5 0.8
v 1.2 3.5 0.6
v 1.2 3.5 0.5
v 1.2 3.5 0.2
v 1.2 3.5 -0.2
v 1.2 3.5 -0.5
v 1.2 3.5 -0.6
v 1.2 3.5 -0.8
v 1.2 3.6 0.5
v 1.2 3.6 0.2
v 1.2 3.6 -0.2
v 1.2 3.6 -0.5
v 1.3 0.4 0.2
v 1.3 0.4 -0.2
v 1.3 0.5 0.6
v 1.3 0.5 0.3
v 1.3 0.5 0.2
v 1.3 0.5 -0.2
v 1.3 0.5 -0.3
v 1.3 0.5 -0.6
v 1.3 0.6 0.8
v 1.3 0.6 0.6
v 1.3 0.6 0.3
v 1.3 0.6 -0.3
v 1.3 0.6 -0.6
v 1.3 0.6 -0.8
v 1.3 0.7 0.9
v 1.3 0.7 0.8
v 1.3 0.7 0.6
v 1.3 0.7 -0.6
v 1.3 0.7 -0.8
v 1.3 0.7 -0.9
v 1.3 0.8 1.1
v 1.3 0.8 1
v 1.3 0.8 0.9
v 1.3 0.8 0.8
v 1.3 0.8 -0.8
v 1.3 0.8 -0.9
v 1.3 0.8 -1.1
v 1.3 0.9 1.2
v 1.3 0.9 1.1
v 1.3 0.9 1
v 1.3 0.9 0.9
v 1.3 0.9 -0.9
v 1.3 0.9 -1
v 1.3 0.9 -1.1
v 1.3 0.9 -1.2
v 1.3 1 1.2
v 1.3 1 1.1
v 1.3 1 1
v 1.3 1 -1
v 1.3 1 -1.1
v 1.3 1 -1.2
v 1.3 1.1 1.3
v 1.3 1.1 1.2
v 1.3 1.1 1.1
v 1.3 1.1 -1.1
v 1.3 1.1 -1.2
v 1.3 1.1 -1.3
v 1.3 1.2 1.4
v 1.3 1.2 1.3
v 1.3 1.2 1.2
v 1.3 1.2 -1.2
v 1.3 1.2 -1.3
v 1.3 1.2 -1.4
v 1.3 1.4 1.5
v 1.3 1.4 1.4
v 1.3 1.4 1.3
v 1.3 1.4 -1.3
v 1.3 1.4 -1.4
v 1.3 1.4 -1.5
v 1.3 1.5 1.5
v 1.3 1.5 1.4
v 1.3 1.6 1.5
v 1.3 1.6 1.4
v 1.3 1.6 -1.4
v 1.3 1.6 -1.5
v 1.3 1.7 1.5
v 1.3 1.7 1.4
v 1.3 1.7 -1.4
v 1.3 1.7 -1.5
v 1.3 1.8 1.6
v 1.3 1.8 1.5
v 1.3 1.8 -1.5
v 1.3 1.8 -1.6
v 1.3 2 1.6
v 1.3 2 1.5
v 1.3 2.1 1.6
v 1.3 2.1 1.5
v 1.3 2.2 1.6
v 1.3 2.2 1.5
v 1.3 2.2 -1.5
v 1.3 2.2 -1.6
v 1.3 2.3 1.5
v 1.3 2.3 1.4
v 1.3 2.3 -1.4
v 1.3 2.3 -1.5
v 1.3 2.4 1.5
v 1.3 2.4 1.4
v 1.3 2.4 -1.4
v 1.3 2.4 -1.5
v 1.3 2.5 1.4
v 1.3 2.5 -1.4
v 1.3 2.6 1.5
v 1.3 2.6 1.4
v 1.3 2.6 1.3
v 1.3 2.6 -1.3
v 1.3 2.6 -1.4
v 1.3 2.6 -1.5
v 1.3 2.7 1.3
v 1.3 2.8 1.4
v 1.3 2.8 1.3
v 1.3 2.8 1.2
v 1.3 2.8 -1.2
v 1.3 2.8 -1.3
v 1.3 2.8 -1.4
v 1.3 2.9 1.3
v 1.3 2.9 1.2
v 1.3 2.9 1.1
v 1.3 2.9 -1.1
v 1.3 2.9 -1.2
v 1.3 2.9 -1.3
v 1.3 3 1.2
v 1.3 3 1.1
v 1.3 3 1
v 1.3 3 -1
v 1.3 3 -1.1
v 1.3 3 -1.2
v 1.3 3.1 1.2
v 1.3 3.1 1.1
v 1.3 3.1 1
v 1.3 3.1 0.9
v 1.3 3.1 -0.9
v 1.3 3.1 -1
v 1.3 3.1 -1.1
v 1.3 3.1 -1.2
v 1.3 3.2 1.1
v 1.3 3.2 0.9
v 1.3 3.2 0.8
v 1.3 3.2 -0.8
v 1.3 3.2 -0.9
v 1.3 3.2 -1
v 1.3 3.2 -1.1
v 1.3 3.3 0.9
v 1.3 3.3 0.8
v 1.3 3.3 0.6
v 1.3 3.3 -0.6
v 1.3 3.3 -0.8
v 1.3 3.3 -0.9
v 1.3 3.4 0.8
v 1.3 3.4 0.6
v 1.3 3.4 0.3
v 1.3 3.4 -0.3
v 1.3 3.4 -0.5
v 1.3 3.4 -0.6
v 1.3 3.4 -0.8
v 1.3 3.5 0.6
v 1.3 3.5 0.3
v 1.3 3.5 0.2
v 1.3 3.5 -0.2
v 1.3 3.5 -0.3
v 1.3 3.5 -0.6
v 1.3 3.6 0.2
v 1.3 3.6 -0.2
v 1.4 0.5 0.3
v 1.4 0.5 -0.3
v 1.4 0.6 0.6
v 1.4 0.6 0.3
v 1.4 0.6 -0.3
v 1.4 0.6 -0.6
v 1.4 0.7 0.8
v 1.4 0.7 0.6
v 1.4 0.7 0.5
v 1.4 0.7 0.3
v 1.4 0.7 -0.3
v 1.4 0.7 -0.6
v 1.4 0.7 -0.8
v 1.4 0.8 0.9
v 1.4 0.8 0.8
v 1.4 0.8 0.6
v 1.4 0.8 -0.6
v 1.4 0.8 -0.8
v 1.4 0.8 -0.9
v 1.4 0.9 1
v 1.4 0.9 0.9
v 1.4 0.9 0.8
v 1.4 0.9 -0.8
v 1.4 0.9 -0.9
v 1.4 0.9 -1
v 1.4 1 1.1
v 1.4 1 1
v 1.4 1 0.9
v 1.4 1 -0.9
v 1.4 1 -1
v 1.4 1 -1.1
v 1.4 1.1 1.2
v 1.4 1.1 1.1
v 1.4 1.1 1
v 1.4 1.1 -1
v 1.4 1.1 -1.1
v 1.4 1.1 -1.2
v 1.4 1.2 1.3
v 1.4 1.2 1.2
v 1.4 1.2 1.1
v 1.4 1.2 -1.1
v 1.4 1.2 -1.2
v 1.4 1.2 -1.3
v 1.4 1.4 1.4
v 1.4 1.4 1.3
v 1.4 1.4 1.2
v 1.4 1.4 -1.2
v 1.4 1.4 -1.3
v 1.4 1.4 -1.4
v 1.4 1.5 1.4
v 1.4 1.5 1.3
v 1.4 1.6 1.4
v 1.4 1.6 1.3
v 1.4 1.6 -1.3
v 1.4 1.6 -1.4
v 1.4 1.7 1.5
v 1.4 1.7 1.4
v 1.4 1.7 1.3
v 1.4 1.7 -1.3
v 1.4 1.7 -1.4
v 1.4 1.7 -1.5
v 1.4 2 1.5
v 1.4 2 1.4
v 1.4 2.1 1.5
v 1.4 2.1 1.4
v 1.4 2.2 -1.4
v 1.4 2.2 -1.5
v 1.4 2.3 1.5
v 1.4 2.3 1.4
v 1.4 2.3 1.3
v 1.4 2.3 -1.3
v 1.4 2.3 -1.4
v 1.4 2.3 -1.5
v 1.4 2.5 1.4
v 1.4 2.5 1.3
v 1.4 2.5 -1.3
v 1.4 2.5 -1.4
v 1.4 2.6 1.4
v 1.4 2.6 1.3
v 1.4 2.6 1.2
v 1.4 2.6 -1.2
v 1.4 2.6 -1.3
v 1.4 2.6 -1.4
v 1.4 2.7 1.3
v 1.4 2.7 1.2
v 1.4 2.8 1.3
v 1.4 2.8 1.2
v 1.4 2.8 1.1
v 1.4 2.8 -1.1
v 1.4 2.8 -1.2
v 1.4 2.8 -1.3
v 1.4 2.9 1.2
v 1.4 2.9 1.1
v 1.4 2.9 1
v 1.4 2.9 -1
v 1.4 2.9 -1.1
v 1.4 2.9 -1.2
v 1.4 3 1.1
v 1.4 3 1
v 1.4 3 0.9
v 1.4 3 -0.9
v 1.4 3 -1
v 1.4 3 -1.1
v 1.4 3.1 1
v 1.4 3.1 0.9
v 1.4 3.1 0.8
v 1.4 3.1 -0.8
v 1.4 3.1 -0.9
v 1.4 3.1 -1
v 1.4 3.2 0.9
v 1.4 3.2 0.8
v 1.4 3.2 0.6
v 1.4 3.2 -0.6
v 1.4 3.2 -0.7
v 1.4 3.2 -0.8
v 1.4 3.2 -0.9
v 1.4 3.3 0.8
v 1.4 3.3 0.6
v 1.4 3.3 0.3
v 1.4 3.3 -0.3
v 1.4 3.3 -0.5
v 1.4 3.3 -0.6
v 1.4 3.3 -0.8
v 1.4 3.4 0.6
v 1.4 3.4 0.3
v 1.4 3.4 -0.3
v 1.4 3.4 -0.5
v 1.4 3.4 -0.6
v 1.4 3.5 0.3
v 1.4 3.5 -0.3
v 1.5 0.6 0.3
v 1.5 0.6 -0.3
v 1.5 0.7 0.6
v 1.5 0.7 0.5
v 1.5 0.7 0.3
v 1.5 0.7 0.2
v 1.5 0.7 -0.2
v 1.5 0.7 -0.3
v 1.5 0.7 -0.6
v 1.5 0.8 0.8
v 1.5 0.8 0.6
v 1.5 0.8 0.5
v 1.5 0.8 0.2
v 1.5 0.8 -0.2
v 1.5 0.8 -0.5
v 1.5 0.8 -0.6
v 1.5 0.8 -0.8
v 1.5 0.9 0.9
v 1.5 0.9 0.8
v 1.5 0.9 0.7
v 1.5 0.9 0.6
v 1.5 0.9 0.5
v 1.5 0.9 -0.5
v 1.5 0.9 -0.6
v 1.5 0.9 -0.7
v 1.5 0.9 -0.8
v 1.5 0.9 -0.9
v 1.5 1 1
v 1.5 1 0.9
v 1.5 1 0.8
v 1.5 1 0.7
v 1.5 1 -0.7
v 1.5 1 -0.8
v 1.5 1 -0.9
v 1.5 1 -1
v 1.5 1.1 1.1
v 1.5 1.1 1
v 1.5 1.1 0.9
v 1.5 1.1 0.8
v 1.5 1.1 -0.8
v 1.5 1.1 -0.9
v 1.5 1.1 -1
v 1.5 1.1 -1.1
v 1.5 1.2 1.2
v 1.5 1.2 1.1
v 1.5 1.2 1
v 1.5 1.2 0.9
v 1.5 1.2 -0.9
v 1.5 1.2 -1
v 1.5 1.2 -1.1
v 1.5 1.2 -1.2
v 1.5 1.3 1.1
v 1.5 1.3 1
v 1.5 1.3 -1
v 1.5 1.3 -1.1
v 1.5 1.4 1.3
v 1.5 1.4 1.2
v 1.5 1.4 -1.2
v 1.5 1.4 -1.3
v 1.5 1.5 1.3
v 1.5 1.5 1.2
v 1.5 1.5 1.1
v 1.5 1.5 -1.1
v 1.5 1.5 -1.2
v 1.5 1.6 1.3
v 1.5 1.6 1.2
v 1.5 1.6 -1.2
v 1.5 1.6 -1.3
v 1.5 1.7 1.4
v 1.5 1.7 1.3
v 1.5 1.7 -1.2
v 1.5 1.7 -1.3
v 1.5 1.7 -1.4
v 1.5 1.8 1.3
v 1.5 1.8 1.2
v 1.5 1.8 -1.2
v 1.5 1.8 -1.3
v 1.5 2 1.4
v 1.5 2 1.3
v 1.5 2 -1.3
v 1.5 2.1 1.4
v 1.5 2.1 1.3
v 1.5 2.2 1.3
v 1.5 2.2 1.2
v 1.5 2.2 -1.2
v 1.5 2.2 -1.3
v 1.5 2.3 1.4
v 1.5 2.3 1.3
v 1.5 2.3 -1.2
v 1.5 2.3 -1.3
v 1.5 2.3 -1.4
v 1.5 2.4 -1.2
v 1.5 2.5 1.3
v 1.5 2.5 1.2
v 1.5 2.5 1.1
v 1.5 2.5 -1.1
v 1.5 2.5 -1.2
v 1.5 2.5 -1.3
v 1.5 2.6 1.3
v 1.5 2.6 1.2
v 1.5 2.6 1.1
v 1.5 2.6 -1.2
v 1.5 2.6 -1.3
v 1.5 2.7 1.2
v 1.5 2.7 1.1
v 1.5 2.7 1
v 1.5 2.7 -1
v 1.5 2.7 -1.1
v 1.5 2.8 1.2
v 1.5 2.8 1.1
v 1.5 2.8 1
v 1.5 2.8 0.9
v 1.5 2.8 -0.9
v 1.5 2.8 -1
v 1.5 2.8 -1.1
v 1.5 2.8 -1.2
v 1.5 2.9 1.1
v 1.5 2.9 1
v 1.5 2.9 0.9
v 1.5 2.9 0.8
v 1.5 2.9 -0.8
v 1.5 2.9 -0.9
v 1.5 2.9 -1
v 1.5 2.9 -1.1
v 1.5 3 1
v 1.5 3 0.9
v 1.5 3 0.8
v 1.5 3 0.7
v 1.5 3 -0.7
v 1.5 3 -0.8
v 1.5 3 -0.9
v 1.5 3 -1
v 1.5 3.1 0.9
v 1.5 3.1 0.8
v 1.5 3.1 0.7
v 1.5 3.1 0.6
v 1.5 3.1 0.5
v 1.5 3.1 -0.5
v 1.5 3.1 -0.7
v 1.5 3.1 -0.8
v 1.5 3.1 -0.9
v 1.5 3.2 0.8
v 1.5 3.2 0.6
v 1.5 3.2 0.5
v 1.5 3.2 0.2
v 1.5 3.2 -0.2
v 1.5 3.2 -0.5
v 1.5 3.2 -0.6
v 1.5 3.2 -0.7
v 1.5 3.2 -0.8
v 1.5 3.3 0.6
v 1.5 3.3 0.3
v 1.5 3.3 0.2
v 1.5 3.3 -0.2
v 1.5 3.3 -0.3
v 1.5 3.3 -0.5
v 1.5 3.3 -0.6
v 1.5 3.4 0.3
v 1.5 3.4 -0.3
v 1.6 0.7 0.2
v 1.6 0.7 -0.2
v 1.6 0.8 0.5
v 1.6 0.8 0.2
v 1.6 0.8 -0.2
v 1.6 0.8 -0.5
v 1.6 0.9 0.7
v 1.6 0.9 0.5
v 1.6 0.9 0.4
v 1.6 0.9 0.2
v 1.6 0.9 -0.2
v 1.6 0.9 -0.4
v 1.6 0.9 -0.5
v 1.6 0.9 -0.6
v 1.6 0.9 -0.7
v 1.6 1 0.8
v 1.6 1 0.7
v 1.6 1 0.6
v 1.6 1 0.5
v 1.6 1 0.4
v 1.6 1 -0.4
v 1.6 1 -0.6
v 1.6 1 -0.7
v 1.6 1 -0.8
v 1.6 1.1 0.9
v 1.6 1.1 0.8
v 1.6 1.1 0.7
v 1.6 1.1 0.6
v 1.6 1.1 -0.6
v 1.6 1.1 -0.7
v 1.6 1.1 -0.8
v 1.6 1.1 -0.9
v 1.6 1.2 1
v 1.6 1.2 0.9
v 1.6 1.2 0.8
v 1.6 1.2 0.7
v 1.6 1.2 -0.7
v 1.6 1.2 -0.8
v 1.6 1.2 -0.9
v 1.6 1.2 -1
v 1.6 1.3 1.1
v 1.6 1.3 1
v 1.6 1.3 0.9
v 1.6 1.3 0.8
v 1.6 1.3 -0.8
v 1.6 1.3 -0.9
v 1.6 1.3 -1
v 1.6 1.3 -1.1
v 1.6 1.4 1
v 1.6 1.4 0.9
v 1.6 1.4 -0.9
v 1.6 1.4 -1
v 1.6 1.5 1.2
v 1.6 1.5 1.1
v 1.6 1.5 -1.1
v 1.6 1.5 -1.2
v 1.6 1.6 1.2
v 1.6 1.6 1.1
v 1.6 1.6 1
v 1.6 1.6 -1
v 1.6 1.6 -1.1
v 1.6 1.6 -1.2
v 1.6 1.7 1.1
v 1.6 1.7 -1.1
v 1.6 1.7 -1.2
v 1.6 1.8 1.3
v 1.6 1.8 1.2
v 1.6 1.8 -1.1
v 1.6 1.8 -1.2
v 1.6 1.8 -1.3
v 1.6 2 1.3
v 1.6 2 1.2
v 1.6 2 1.1
v 1.6 2 -1.2
v 1.6 2 -1.3
v 1.6 2.1 1.3
v 1.6 2.1 1.2
v 1.6 2.1 1.1
v 1.6 2.2 1.3
v 1.6 2.2 1.2
v 1.6 2.2 1.1
v 1.6 2.2 -1.2
v 1.6 2.2 -1.3
v 1.6 2.4 1.1
v 1.6 2.4 1
v 1.6 2.4 -1
v 1.6 2.4 -1.1
v 1.6 2.4 -1.2
v 1.6 2.5 1.2
v 1.6 2.5 1.1
v 1.6 2.5 -1.1
v 1.6 2.5 -1.2
v 1.6 2.6 1.1
v 1.6 2.6 1
v 1.6 2.6 0.9
v 1.6 2.6 -0.9
v 1.6 2.6 -1
v 1.6 2.7 1.1
v 1.6 2.7 1
v 1.6 2.7 0.9
v 1.6 2.7 0.8
v 1.6 2.7 -0.8
v 1.6 2.7 -0.9
v 1.6 2.7 -1
v 1.6 2.7 -1.1
v 1.6 2.8 1
v 1.6 2.8 0.9
v 1.6 2.8 0.8
v 1.6 2.8 0.7
v 1.6 2.8 -0.7
v 1.6 2.8 -0.8
v 1.6 2.8 -0.9
v 1.6 2.8 -1
v 1.6 2.9 0.9
v 1.6 2.9 0.8
v 1.6 2.9 0.7
v 1.6 2.9 0.6
v 1.6 2.9 -0.6
v 1.6 2.9 -0.7
v 1.6 2.9 -0.8
v 1.6 2.9 -0.9
v 1.6 3 0.8
v 1.6 3 0.7
v 1.6 3 0.6
v 1.6 3 0.4
v 1.6 3 -0.4
v 1.6 3 -0.6
v 1.6 3 -0.7
v 1.6 3 -0.8
v 1.6 3.1 0.7
v 1.6 3.1 0.5
v 1.6 3.1 0.4
v 1.6 3.1 -0.4
v 1.6 3.1 -0.5
v 1.6 3.1 -0.7
v 1.6 3.2 0.5
v 1.6 3.2 0.2
v 1.6 3.2 -0.2
v 1.6 3.2 -0.5
v 1.6 3.3 0.2
v 1.6 3.3 -0.2
v 1.7 0.9 0.4
v 1.7 0.9 -0.2
v 1.7 0.9 -0.4
v 1.7 1 0.6
v 1.7 1 0.5
v 1.7 1 0.4
v 1.7 1 0.2
v 1.7 1 -0.2
v 1.7 1 -0.4
v 1.7 1 -0.6
v 1.7 1.1 0.7
v 1.7 1.1 0.6
v 1.7 1.1 0.5
v 1.7 1.1 0.4
v 1.7 1.1 0.2
v 1.7 1.1 -0.2
v 1.7 1.1 -0.5
v 1.7 1.1 -0.6
v 1.7 1.1 -0.7
v 1.7 1.2 0.8
v 1.7 1.2 0.7
v 1.7 1.2 0.6
v 1.7 1.2 0.5
v 1.7 1.2 -0.5
v 1.7 1.2 -0.6
v 1.7 1.2 -0.7
v 1.7 1.2 -0.8
v 1.7 1.3 0.9
v 1.7 1.3 0.8
v 1.7 1.3 0.7
v 1.7 1.3 0.6
v 1.7 1.3 -0.6
v 1.7 1.3 -0.7
v 1.7 1.3 -0.8
v 1.7 1.3 -0.9
v 1.7 1.4 1
v 1.7 1.4 0.9
v 1.7 1.4 0.8
v 1.7 1.4 0.7
v 1.7 1.4 -0.7
v 1.7 1.4 -0.8
v 1.7 1.4 -0.9
v 1.7 1.4 -1
v 1.7 1.5 0.9
v 1.7 1.5 0.8
v 1.7 1.5 -0.8
v 1.7 1.5 -0.9
v 1.7 1.6 1.1
v 1.7 1.6 1
v 1.7 1.6 0.9
v 1.7 1.6 -0.9
v 1.7 1.6 -1
v 1.7 1.6 -1.1
v 1.7 1.7 1.1
v 1.7 1.7 1
v 1.7 1.7 0.9
v 1.7 1.7 -0.9
v 1.7 1.7 -1
v 1.7 1.7 -1.1
v 1.7 1.8 1
v 1.7 1.8 0.9
v 1.7 1.8 -0.9
v 1.7 1.8 -1
v 1.7 2 1.1
v 1.7 2 1
v 1.7 2.1 1.1
v 1.7 2.1 1
v 1.7 2.2 1
v 1.7 2.2 0.9
v 1.7 2.2 -0.9
v 1.7 2.2 -1
v 1.7 2.4 1.1
v 1.7 2.4 1
v 1.7 2.4 -0.9
v 1.7 2.4 -1
v 1.7 2.4 -1.1
v 1.7 2.5 0.9
v 1.7 2.5 0.8
v 1.7 2.5 -0.8
v 1.7 2.5 -0.9
v 1.7 2.6 1
v 1.7 2.6 0.9
v 1.7 2.6 0.8
v 1.7 2.6 0.7
v 1.7 2.6 -0.7
v 1.7 2.6 -0.8
v 1.7 2.6 -0.9
v 1.7 2.6 -1
v 1.7 2.7 0.9
v 1.7 2.7 0.8
v 1.7 2.7 0.7
v 1.7 2.7 0.6
v 1.7 2.7 -0.6
v 1.7 2.7 -0.7
v 1.7 2.7 -0.8
v 1.7 2.7 -0.9
v 1.7 2.8 0.8
v 1.7 2.8 0.7
v 1.7 2.8 0.6
v 1.7 2.8 0.5
v 1.7 2.8 -0.5
v 1.7 2.8 -0.6
v 1.7 2.8 -0.7
v 1.7 2.8 -0.8
v 1.7 2.9 0.7
v 1.7 2.9 0.6
v 1.7 2.9 0.5
v 1.7 2.9 0.2
v 1.7 2.9 -0.2
v 1.7 2.9 -0.5
v 1.7 2.9 -0.6
v 1.7 2.9 -0.7
v 1.7 3 0.6
v 1.7 3 0.4
v 1.7 3 0.2
v 1.7 3 -0.2
v 1.7 3 -0.4
v 1.7 3 -0.6
v 1.7 3.1 0.4
v 1.7 3.1 -0.4
v 1.8 1 0.2
v 1.8 1 -0.2
v 1.8 1.1 0.5
v 1.8 1.1 0.4
v 1.8 1.1 0.2
v 1.8 1.1 -0.2
v 1.8 1.1 -0.5
v 1.8 1.2 0.6
v 1.8 1.2 0.5
v 1.8 1.2 0.0999999
v 1.8 1.2 -0.1
v 1.8 1.2 -0.5
v 1.8 1.2 -0.6
v 1.8 1.3 0.7
v 1.8 1.3 0.6
v 1.8 1.3 0.5
v 1.8 1.3 0.4
v 1.8 1.3 0.3
v 1.8 1.3 0.0999999
v 1.8 1.3 -0.1
v 1.8 1.3 -0.4
v 1.8 1.3 -0.6
v 1.8 1.3 -0.7
v 1.8 1.4 0.8
v 1.8 1.4 0.7
v 1.8 1.4 0.5
v 1.8 1.4 0.4
v 1.8 1.4 -0.4
v 1.8 1.4 -0.5
v 1.8 1.4 -0.7
v 1.8 1.4 -0.8
v 1.8 1.5 0.9
v 1.8 1.5 0.8
v 1.8 1.5 0.6
v 1.8 1.5 0.5
v 1.8 1.5 -0.5
v 1.8 1.5 -0.6
v 1.8 1.5 -0.8
v 1.8 1.5 -0.9
v 1.8 1.6 0.9
v 1.8 1.6 0.8
v 1.8 1.6 0.7
v 1.8 1.6 0.6
v 1.8 1.6 -0.6
v 1.8 1.6 -0.7
v 1.8 1.7 0.9
v 1.8 1.7 0.8
v 1.8 1.7 0.7
v 1.8 1.7 -0.7
v 1.8 1.7 -0.9
v 1.8 1.8 1
v 1.8 1.8 0.9
v 1.8 1.8 -0.7
v 1.8 1.8 -0.9
v 1.8 1.8 -1
v 1.8 1.9 0.8
v 1.8 1.9 0.7
v 1.8 1.9 -0.7
v 1.8 1.9 -0.8
v 1.8 2 1
v 1.8 2 0.8
v 1.8 2.1 1
v 1.8 2.1 0.8
v 1.8 2.1 0.7
v 1.8 2.1 -0.7
v 1.8 2.1 -0.8
v 1.8 2.2 1
v 1.8 2.2 0.9
v 1.8 2.2 -0.9
v 1.8 2.2 -1
v 1.8 2.4 0.7
v 1.8 2.4 0.6
v 1.8 2.4 -0.6
v 1.8 2.4 -0.7
v 1.8 2.4 -0.8
v 1.8 2.4 -0.9
v 1.8 2.5 0.9
v 1.8 2.5 0.8
v 1.8 2.5 0.6
v 1.8 2.5 0.5
v 1.8 2.5 -0.5
v 1.8 2.5 -0.6
v 1.8 2.5 -0.7
v 1.8 2.5 -0.8
v 1.8 2.5 -0.9
v 1.8 2.6 0.8
v 1.8 2.6 0.7
v 1.8 2.6 0.5
v 1.8 2.6 0.4
v 1.8 2.6 -0.4
v 1.8 2.6 -0.5
v 1.8 2.6 -0.6
v 1.8 2.6 -0.7
v 1.8 2.6 -0.8
v 1.8 2.7 0.7
v 1.8 2.7 0.6
v 1.8 2.7 0.4
v 1.8 2.7 0.0999999
v 1.8 2.7 -0.1
v 1.8 2.7 -0.4
v 1.8 2.7 -0.5
v 1.8 2.7 -0.6
v 1.8 2.7 -0.7
v 1.8 2.8 0.6
v 1.8 2.8 0.5
v 1.8 2.8 0.0999999
v 1.8 2.8 -0.1
v 1.8 2.8 -0.5
v 1.8 2.8 -0.6
v 1.8 2.9 0.5
v 1.8 2.9 0.2
v 1.8 2.9 -0.2
v 1.8 2.9 -0.5
v 1.8 3 0.2
v 1.8 3 -0.2
v 1.9 1.2 0.0999999
v 1.9 1.2 -0.1
v 1.9 1.3 0.4
v 1.9 1.3 0.3
v 1.9 1.3 0.0999999
v 1.9 1.3 -0.1
v 1.9 1.3 -0.4
v 1.9 1.4 0.5
v 1.9 1.4 0.4
v 1.9 1.4 -0.4
v 1.9 1.4 -0.5
v 1.9 1.5 0.6
v 1.9 1.5 0.5
v 1.9 1.5 -0.5
v 1.9 1.5 -0.6
v 1.9 1.6 0.7
v 1.9 1.6 0.6
v 1.9 1.6 0.4
v 1.9 1.6 0.3
v 1.9 1.6 0.2
v 1.9 1.6 -0.3
v 1.9 1.6 -0.6
v 1.9 1.6 -0.7
v 1.9 1.7 0.7
v 1.9 1.7 0.6
v 1.9 1.7 0.4
v 1.9 1.7 0.3
v 1.9 1.7 -0.3
v 1.9 1.7 -0.4
v 1.9 1.7 -0.7
v 1.9 1.8 0.4
v 1.9 1.8 -0.4
v 1.9 1.8 -0.7
v 1.9 1.9 0.8
v 1.9 1.9 0.7
v 1.9 1.9 0.6
v 1.9 1.9 0.4
v 1.9 1.9 -0.7
v 1.9 1.9 -0.8
v 1.9 2 0.8
v 1.9 2 0.6
v 1.9 2 0.4
v 1.9 2.1 0.8
v 1.9 2.1 0.7
v 1.9 2.1 0.6
v 1.9 2.1 -0.7
v 1.9 2.1 -0.8
v 1.9 2.3 0.4
v 1.9 2.3 0.3
v 1.9 2.3 -0.3
v 1.9 2.3 -0.4
v 1.9 2.4 0.7
v 1.9 2.4 0.6
v 1.9 2.4 0.3
v 1.9 2.4 -2.38419e-07
v 1.9 2.4 -0.2
v 1.9 2.4 -0.3
v 1.9 2.4 -0.6
v 1.9 2.4 -0.7
v 1.9 2.5 0.6
v 1.9 2.5 0.5
v 1.9 2.5 -2.38419e-07
v 1.9 2.5 -0.1
v 1.9 2.5 -0.2
v 1.9 2.5 -0.5
v 1.9 2.5 -0.6
v 1.9 2.6 0.5
v 1.9 2.6 0.4
v 1.9 2.6 -0.1
v 1.9 2.6 -0.4
v 1.9 2.6 -0.5
v 1.9 2.7 0.4
v 1.9 2.7 0.0999999
v 1.9 2.7 -0.1
v 1.9 2.7 -0.4
v 1.9 2.8 0.0999999
v 1.9 2.8 -0.1
v 2 1.6 0.3
v 2 1.6 0.2
v 2 1.6 -0.3
v 2 1.7 0.4
v 2 1.7 0.3
v 2 1.7 0.2
v 2 1.7 0.0999999
v 2 1.7 -0.2
v 2 1.7 -0.3
v 2 1.7 -0.4
v 2 1.8 0.4
v 2 1.8 0.3
v 2 1.8 0.0999999
v 2 1.8 -0.2
v 2 1.8 -0.4
v 2 1.9 0.4
v 2 1.9 0.2
v 2 1.9 0.0999999
v 2 1.9 -0.2
v 2 2 0.4
v 2 2 0.0999999
v 2 2 -2.38419e-07
v 2 2.3 0.4
v 2 2.3 0.3
v 2 2.3 0.0999999
v 2 2.3 -2.38419e-07
v 2 2.3 -0.2
v 2 2.3 -0.3
v 2 2.3 -0.4
v 2 2.4 0.3
v 2 2.4 -2.38419e-07
v 2 2.4 -0.2
v 2 2.4 -0.3
v -0.4 1.7 2
v -0.4 2.3 2
v -0.3 1.6 2
v -0.3 1.7 2
v -0.3 2.3 2
v -0.3 2.4 2
v -0.2 1.8 2
v -0.2 2.2 2
v 0.2 1.8 2
v 0.2 2.2 2
v 0.3 1.6 2
v 0.3 1.7 2
v 0.3 2.3 2
v 0.3 2.4 2
v 0.4 1.7 2
v 0.4 2.3 2
v -0.8 1.9 1.9
v -0.8 2.1 1.9
v -0.7 1.6 1.9
v -0.7 1.9 1.9
v -0.7 2.1 1.9
v -0.7 2.4 1.9
v -0.6 1.5 1.9
v -0.6 1.6 1.9
v -0.6 2.4 1.9
v -0.6 2.5 1.9
v -0.5 1.4 1.9
v -0.5 1.5 1.9
v -0.5 2.5 1.9
v -0.5 2.6 1.9
v -0.4 1.3 1.9
v -0.4 1.4 1.9
v -0.4 1.7 1.9
v -0.4 2.3 1.9
v -0.4 2.6 1.9
v -0.4 2.7 1.9
v -0.3 1.6 1.9
v -0.3 1.7 1.9
v -0.3 2.3 1.9
v -0.3 2.4 1.9
v -0.0999999 1.2 1.9
v -0.0999999 1.3 1.9
v -0.0999999 2.7 1.9
v -0.0999999 2.8 1.9
v 0.1 1.2 1.9
v 0.1 1.3 1.9
v 0.1 2.7 1.9
v 0.1 2.8 1.9
v 0.3 1.6 1.9
v 0.3 1.7 1.9
v 0.3 2.3 1.9
v 0.3 2.4 1.9
v 0.4 1.3 1.9
v 0.4 1.4 1.9
v 0.4 1.7 1.9
v 0.4 2.3 1.9
v 0.4 2.6 1.9
v 0.4 2.7 1.9
v 0.5 1.4 1.9
v 0.5 1.5 1.9
v 0.5 2.5 1.9
v 0.5 2.6 1.9
v 0.6 1.5 1.9
v 0.6 1.6 1.9
v 0.6 2.4 1.9
v 0.6 2.5 1.9
v 0.7 1.6 1.9
v 0.7 1.9 1.9
v 0.7 2.1 1.9
v 0.7 2.4 1.9
v 0.8 1.9 1.9
v 0.8 2.1 1.9
v -1 1.8 1.8
v -1 2.2 1.8
v -0.9 1.5 1.8
v -0.9 1.8 1.8
v -0.9 2.2 1.8
v -0.9 2.5 1.8
v -0.8 1.4 1.8
v -0.8 1.5 1.8
v -0.8 1.9 1.8
v -0.8 2.1 1.8
v -0.8 2.5 1.8
v -0.8 2.6 1.8
v -0.7 1.3 1.8
v -0.7 1.4 1.8
v -0.7 1.6 1.8
v -0.7 1.9 1.8
v -0.7 2.1 1.8
v -0.7 2.4 1.8
v -0.7 2.6 1.8
v -0.7 2.7 1.8
v -0.6 1.2 1.8
v -0.6 1.3 1.8
v -0.6 1.5 1.8
v -0.6 1.6 1.8
v -0.6 2.4 1.8
v -0.6 2.5 1.8
v -0.6 2.7 1.8
v -0.6 2.8 1.8
v -0.5 1.1 1.8
v -0.5 1.2 1.8
v -0.5 1.4 1.8
v -0.5 1.5 1.8
v -0.5 2.5 1.8
v -0.5 2.6 1.8
v -0.5 2.8 1.8
v -0.5 2.9 1.8
v -0.4 1.3 1.8
v -0.4 1.4 1.8
v -0.4 2.6 1.8
v -0.4 2.7 1.8
v -0.2 1 1.8
v -0.2 1.1 1.8
v -0.2 2.9 1.8
v -0.2 3 1.8
v -0.0999999 1.2 1.8
v -0.0999999 1.3 1.8
v -0.0999999 2.7 1.8
v -0.0999999 2.8 1.8
v 0.1 1.2 1.8
v 0.1 1.3 1.8
v 0.1 2.7 1.8
v 0.1 2.8 1.8
v 0.2 1 1.8
v 0.2 1.1 1.8
v 0.2 2.9 1.8
v 0.2 3 1.8
v 0.4 1.3 1.8
v 0.4 1.4 1.8
v 0.4 2.6 1.8
v 0.4 2.7 1.8
v 0.5 1.1 1.8
v 0.5 1.2 1.8
v 0.5 1.4 1.8
v 0.5 1.5 1.8
v 0.5 2.5 1.8
v 0.5 2.6 1.8
v 0.5 2.8 1.8
v 0.5 2.9 1.8
v 0.6 1.2 1.8
v 0.6 1.3 1.8
v 0.6 1.5 1.8
v 0.6 1.6 1.8
v 0.6 2.4 1.8
v 0.6 2.5 1.8
v 0.6 2.7 1.8
v 0.6 2.8 1.8
v 0.7 1.3 1.8
v 0.7 1.4 1.8
v 0.7 1.6 1.8
v 0.7 1.9 1.8
v 0.7 2.1 1.8
v 0.7 2.4 1.8
v 0.7 2.6 1.8
v 0.7 2.7 1.8
v 0.8 1.4 1.8
v 0.8 1.5 1.8
v 0.8 1.9 1.8
v 0.8 2.1 1.8
v 0.8 2.5 1.8
v 0.8 2.6 1.8
v 0.9 1.5 1.8
v 0.9 1.8 1.8
v 0.9 2.2 1.8
v 0.9 2.5 1.8
v 1 1.8 1.8
v 1 2.2 1.8
v -1.1 1.6 1.7
v -1.1 2.4 1.7
v -1 1.4 1.7
v -1 1.6 1.7
v -1 1.8 1.7
v -1 2.2 1.7
v -1 2.4 1.7
v -1 2.6 1.7
v -0.9 1.3 1.7
v -0.9 1.4 1.7
v -0.9 1.5 1.7
v -0.9 1.8 1.7
v -0.9 2.2 1.7
v -0.9 2.5 1.7
v -0.9 2.6 1.7
v -0.9 2.7 1.7
v -0.8 1.2 1.7
v -0.8 1.3 1.7
v -0.8 1.4 1.7
v -0.8 1.5 1.7
v -0.8 2.5 1.7
v -0.8 2.6 1.7
v -0.8 2.7 1.7
v -0.8 2.8 1.7
v -0.7 1.1 1.7
v -0.7 1.2 1.7
v -0.7 1.3 1.7
v -0.7 1.4 1.7
v -0.7 2.6 1.7
v -0.7 2.7 1.7
v -0.7 2.8 1.7
v -0.7 2.9 1.7
v -0.6 1 1.7
v -0.6 1.1 1.7
v -0.6 1.2 1.7
v -0.6 1.3 1.7
v -0.6 2.7 1.7
v -0.6 2.8 1.7
v -0.6 2.9 1.7
v -0.6 3 1.7
v -0.5 1.1 1.7
v -0.5 1.2 1.7
v -0.5 2.8 1.7
v -0.5 2.9 1.7
v -0.4 0.9 1.7
v -0.4 1 1.7
v -0.4 3 1.7
v -0.4 3.1 1.7
v -0.2 1 1.7
v -0.2 1.1 1.7
v -0.2 2.9 1.7
v -0.2 3 1.7
v 0.2 1 1.7
v 0.2 1.1 1.7
v 0.2 2.9 1.7
v 0.2 3 1.7
v 0.4 0.9 1.7
v 0.4 1 1.7
v 0.4 3 1.7
v 0.4 3.1 1.7
v 0.5 1.1 1.7
v 0.5 1.2 1.7
v 0.5 2.8 1.7
v 0.5 2.9 1.7
v 0.6 1 1.7
v 0.6 1.1 1.7
v 0.6 1.2 1.7
v 0.6 1.3 1.7
v 0.6 2.7 1.7
v 0.6 2.8 1.7
v 0.6 2.9 1.7
v 0.6 3 1.7
v 0.7 1.1 1.7
v 0.7 1.2 1.7
v 0.7 1.3 1.7
v 0.7 1.4 1.7
v 0.7 2.6 1.7
v 0.7 2.7 1.7
v 0.7 2.8 1.7
v 0.7 2.9 1.7
v 0.8 1.2 1.7
v 0.8 1.3 1.7
v 0.8 1.4 1.7
v 0.8 1.5 1.7
v 0.8 2.5 1.7
v 0.8 2.6 1.7
v 0.8 2.7 1.7
v 0.8 2.8 1.7
v 0.9 1.3 1.7
v 0.9 1.4 1.7
v 0.9 1.5 1.7
v 0.9 1.8 1.7
v 0.9 2.2 1.7
v 0.9 2.5 1.7
v 0.9 2.6 1.7
v 0.9 2.7 1.7
v 1 1.4 1.7
v 1 1.6 1.7
v 1 1.8 1.7
v 1 2.2 1.7
v 1 2.4 1.7
v 1 2.6 1.7
v 1.1 1.6 1.7
v 1.1 2.4 1.7
v -1.3 1.8 1.6
v -1.3 2.2 1.6
v -1.2 1.5 1.6
v -1.2 1.8 1.6
v -1.2 2.2 1.6
v -1.2 2.5 1.6
v -1.1 1.3 1.6
v -1.1 1.5 1.6
v -1.1 1.6 1.6
v -1.1 2.4 1.6
v -1.1 2.5 1.6
v -1.1 2.7 1.6
v -1 1.2 1.6
v -1 1.3 1.6
v -1 1.4 1.6
v -1 1.6 1.6
v -1 2.4 1.6
v -1 2.6 1.6
v -1 2.7 1.6
v -1 2.8 1.6
v -0.9 1.1 1.6
v -0.9 1.2 1.6
v -0.9 1.3 1.6
v -0.9 1.4 1.6
v -0.9 2.6 1.6
v -0.9 2.7 1.6
v -0.9 2.8 1.6
v -0.9 2.9 1.6
v -0.8 1 1.6
v -0.8 1.1 1.6
v -0.8 1.2 1.6
v -0.8 1.3 1.6
v -0.8 2.7 1.6
v -0.8 2.8 1.6
v -0.8 2.9 1.6
v -0.8 3 1.6
v -0.7 0.9 1.6
v -0.7 1 1.6
v -0.7 1.1 1.6
v -0.7 1.2 1.6
v -0.7 2.8 1.6
v -0.7 2.9 1.6
v -0.7 3 1.6
v -0.7 3.1 1.6
v -0.6 1 1.6
v -0.6 1.1 1.6
v -0.6 2.9 1.6
v -0.6 3 1.6
v -0.5 0.8 1.6
v -0.5 0.9 1.6
v -0.5 3.1 1.6
v -0.5 3.2 1.6
v -0.4 0.9 1.6
v -0.4 1 1.6
v -0.4 3 1.6
v -0.4 3.1 1.6
v -0.4 3.2 1.6
v -0.3 3.1 1.6
v -0.3 3.2 1.6
v -0.2 0.7 1.6
v -0.2 0.8 1.6
v -0.2 3.2 1.6
v -0.2 3.3 1.6
v 2.38419e-07 3.1 1.6
v 2.38419e-07 3.3 1.6
v 0.1 0.7 1.6
v 0.1 0.8 1.6
v 0.1 3.1 1.6
v 0.1 3.3 1.6
v 0.2 0.7 1.6
v 0.2 0.8 1.6
v 0.2 3.2 1.6
v 0.2 3.3 1.6
v 0.4 0.9 1.6
v 0.4 1 1.6
v 0.4 3 1.6
v 0.4 3.1 1.6
v 0.5 0.8 1.6
v 0.5 0.9 1.6
v 0.5 3.1 1.6
v 0.5 3.2 1.6
v 0.6 1 1.6
v 0.6 1.1 1.6
v 0.6 2.9 1.6
v 0.6 3 1.6
v 0.7 0.9 1.6
v 0.7 1 1.6
v 0.7 1.1 1.6
v 0.7 1.2 1.6
v 0.7 2.8 1.6
v 0.7 2.9 1.6
v 0.7 3 1.6
v 0.7 3.1 1.6
v 0.8 1 1.6
v 0.8 1.1 1.6
v 0.8 1.2 1.6
v 0.8 1.3 1.6
v 0.8 2.7 1.6
v 0.8 2.8 1.6
v 0.8 2.9 1.6
v 0.8 3 1.6
v 0.9 1.1 1.6
v 0.9 1.2 1.6
v 0.9 1.3 1.6
v 0.9 1.4 1.6
v 0.9 2.6 1.6
v 0.9 2.7 1.6
v 0.9 2.8 1.6
v 0.9 2.9 1.6
v 1 1.2 1.6
v 1 1.3 1.6
v 1 1.4 1.6
v 1 1.6 1.6
v 1 2.4 1.6
v 1 2.6 1.6
v 1 2.7 1.6
v 1 2.8 1.6
v 1.1 1.3 1.6
v 1.1 1.5 1.6
v 1.1 1.6 1.6
v 1.1 2 1.6
v 1.1 2.1 1.6
v 1.1 2.4 1.6
v 1.1 2.5 1.6
v 1.1 2.7 1.6
v 1.2 1.5 1.6
v 1.2 1.6 1.6
v 1.2 1.8 1.6
v 1.2 2.2 1.6
v 1.2 2.4 1.6
v 1.2 2.5 1.6
v 1.3 1.8 1.6
v 1.3 2 1.6
v 1.3 2.1 1.6
v 1.3 2.2 1.6
v -1.4 1.7 1.5
v -1.4 1.9 1.5
v -1.4 2 1.5
v -1.4 2.3 1.5
v -1.3 1.4 1.5
v -1.3 1.6 1.5
v -1.3 1.7 1.5
v -1.3 1.8 1.5
v -1.3 1.9 1.5
v -1.3 2 1.5
v -1.3 2.2 1.5
v -1.3 2.3 1.5
v -1.3 2.5 1.5
v -1.3 2.6 1.5
v -1.2 1.2 1.5
v -1.2 1.4 1.5
v -1.2 1.5 1.5
v -1.2 1.6 1.5
v -1.2 1.7 1.5
v -1.2 1.8 1.5
v -1.2 2.2 1.5
v -1.2 2.5 1.5
v -1.2 2.6 1.5
v -1.2 2.8 1.5
v -1.1 1.1 1.5
v -1.1 1.2 1.5
v -1.1 1.3 1.5
v -1.1 1.5 1.5
v -1.1 2.5 1.5
v -1.1 2.7 1.5
v -1.1 2.8 1.5
v -1.1 2.9 1.5
v -1 1 1.5
v -1 1.1 1.5
v -1 1.2 1.5
v -1 1.3 1.5
v -1 2.7 1.5
v -1 2.8 1.5
v -1 2.9 1.5
v -1 3 1.5
v -0.9 0.9 1.5
v -0.9 1 1.5
v -0.9 1.1 1.5
v -0.9 1.2 1.5
v -0.9 2.8 1.5
v -0.9 2.9 1.5
v -0.9 3 1.5
v -0.9 3.1 1.5
v -0.8 0.8 1.5
v -0.8 0.9 1.5
v -0.8 1 1.5
v -0.8 1.1 1.5
v -0.8 2.9 1.5
v -0.8 3 1.5
v -0.8 3.1 1.5
v -0.8 3.2 1.5
v -0.7 0.9 1.5
v -0.7 1 1.5
v -0.7 3 1.5
v -0.7 3.1 1.5
v -0.6 0.7 1.5
v -0.6 0.8 1.5
v -0.6 3.1 1.5
v -0.6 3.2 1.5
v -0.6 3.3 1.5
v -0.5 0.8 1.5
v -0.5 0.9 1.5
v -0.5 3.1 1.5
v -0.5 3.2 1.5
v -0.5 3.3 1.5
v -0.4 0.7 1.5
v -0.4 0.8 1.5
v -0.4 3.2 1.5
v -0.3 0.6 1.5
v -0.3 0.7 1.5
v -0.3 0.8 1.5
v -0.3 3.2 1.5
v -0.3 3.3 1.5
v -0.3 3.4 1.5
v -0.2 0.6 1.5
v -0.2 0.7 1.5
v -0.2 0.8 1.5
v -0.2 3.2 1.5
v -0.2 3.3 1.5
v -0.2 3.4 1.5
v 2.38419e-07 3.3 1.5
v 2.38419e-07 3.4 1.5
v 0.1 0.6 1.5
v 0.1 0.7 1.5
v 0.1 3.3 1.5
v 0.1 3.4 1.5
v 0.2 0.6 1.5
v 0.2 0.7 1.5
v 0.2 0.8 1.5
v 0.2 3.2 1.5
v 0.2 3.3 1.5
v 0.3 0.6 1.5
v 0.3 0.7 1.5
v 0.3 3.3 1.5
v 0.3 3.4 1.5
v 0.5 0.7 1.5
v 0.5 0.8 1.5
v 0.5 0.9 1.5
v 0.5 3.1 1.5
v 0.5 3.2 1.5
v 0.5 3.3 1.5
v 0.6 0.7 1.5
v 0.6 0.8 1.5
v 0.6 3.2 1.5
v 0.6 3.3 1.5
v 0.7 0.8 1.5
v 0.7 0.9 1.5
v 0.7 1 1.5
v 0.7 3 1.5
v 0.7 3.1 1.5
v 0.7 3.2 1.5
v 0.8 0.8 1.5
v 0.8 0.9 1.5
v 0.8 1 1.5
v 0.8 1.1 1.5
v 0.8 2.9 1.5
v 0.8 3 1.5
v 0.8 3.1 1.5
v 0.8 3.2 1.5
v 0.9 0.9 1.5
v 0.9 1 1.5
v 0.9 1.1 1.5
v 0.9 1.2 1.5
v 0.9 2.8 1.5
v 0.9 2.9 1.5
v 0.9 3 1.5
v 0.9 3.1 1.5
v 1 1 1.5
v 1 1.1 1.5
v 1 1.2 1.5
v 1 1.3 1.5
v 1 2.7 1.5
v 1 2.8 1.5
v 1 2.9 1.5
v 1 3 1.5
v 1.1 1.1 1.5
v 1.1 1.2 1.5
v 1.1 1.3 1.5
v 1.1 1.5 1.5
v 1.1 2.5 1.5
v 1.1 2.7 1.5
v 1.1 2.8 1.5
v 1.1 2.9 1.5
v 1.2 1.2 1.5
v 1.2 1.4 1.5
v 1.2 1.5 1.5
v 1.2 1.6 1.5
v 1.2 1.8 1.5
v 1.2 2.2 1.5
v 1.2 2.4 1.5
v 1.2 2.5 1.5
v 1.2 2.6 1.5
v 1.2 2.8 1.5
v 1.3 1.4 1.5
v 1.3 1.5 1.5
v 1.3 1.6 1.5
v 1.3 1.7 1.5
v 1.3 1.8 1.5
v 1.3 2 1.5
v 1.3 2.1 1.5
v 1.3 2.2 1.5
v 1.3 2.3 1.5
v 1.3 2.4 1.5
v 1.3 2.6 1.5
v 1.4 1.7 1.5
v 1.4 2 1.5
v 1.4 2.1 1.5
v 1.4 2.3 1.5
v -1.5 1.7 1.4
v -1.5 1.9 1.4
v -1.5 2 1.4
v -1.5 2.3 1.4
v -1.4 1.4 1.4
v -1.4 1.5 1.4
v -1.4 1.7 1.4
v -1.4 1.9 1.4
v -1.4 2 1.4
v -1.4 2.3 1.4
v -1.4 2.5 1.4
v -1.4 2.6 1.4
v -1.3 1.2 1.4
v -1.3 1.4 1.4
v -1.3 1.5 1.4
v -1.3 1.6 1.4
v -1.3 1.7 1.4
v -1.3 2.3 1.4
v -1.3 2.5 1.4
v -1.3 2.6 1.4
v -1.3 2.8 1.4
v -1.2 1.1 1.4
v -1.2 1.2 1.4
v -1.2 1.4 1.4
v -1.2 2.6 1.4
v -1.2 2.8 1.4
v -1.2 2.9 1.4
v -1.1 1 1.4
v -1.1 1.1 1.4
v -1.1 1.2 1.4
v -1.1 2.8 1.4
v -1.1 2.9 1.4
v -1.1 3 1.4
v -1 0.9 1.4
v -1 1 1.4
v -1 1.1 1.4
v -1 2.9 1.4
v -1 3 1.4
v -1 3.1 1.4
v -0.9 0.8 1.4
v -0.9 0.9 1.4
v -0.9 1 1.4
v -0.9 3 1.4
v -0.9 3.1 1.4
v -0.9 3.2 1.4
v -0.8 0.7 1.4
v -0.8 0.8 1.4
v -0.8 0.9 1.4
v -0.8 3.1 1.4
v -0.8 3.2 1.4
v -0.8 3.3 1.4
v -0.6 0.6 1.4
v -0.6 0.7 1.4
v -0.6 0.8 1.4
v -0.6 3.2 1.4
v -0.6 3.3 1.4
v -0.6 3.4 1.4
v -0.5 3.3 1.4
v -0.5 3.4 1.4
v -0.4 0.6 1.4
v -0.4 0.7 1.4
v -0.4 3.3 1.4
v -0.4 3.4 1.4
v -0.3 0.5 1.4
v -0.3 0.6 1.4
v -0.3 0.7 1.4
v -0.3 3.3 1.4
v -0.3 3.4 1.4
v -0.3 3.5 1.4
v -0.2 0.6 1.4
v -0.2 3.4 1.4
v 2.38419e-07 3.4 1.4
v 2.38419e-07 3.5 1.4
v 0.1 0.5 1.4
v 0.1 0.6 1.4
v 0.1 3.4 1.4
v 0.2 0.5 1.4
v 0.2 0.6 1.4
v 0.2 3.4 1.4
v 0.2 3.5 1.4
v 0.3 0.5 1.4
v 0.3 0.6 1.4
v 0.3 0.7 1.4
v 0.3 3.3 1.4
v 0.3 3.4 1.4
v 0.3 3.5 1.4
v 0.5 0.7 1.4
v 0.5 3.3 1.4
v 0.6 0.6 1.4
v 0.6 0.7 1.4
v 0.6 0.8 1.4
v 0.6 3.2 1.4
v 0.6 3.3 1.4
v 0.6 3.4 1.4
v 0.7 0.7 1.4
v 0.7 0.8 1.4
v 0.7 3.2 1.4
v 0.7 3.3 1.4
v 0.8 0.7 1.4
v 0.8 0.8 1.4
v 0.8 0.9 1.4
v 0.8 3.1 1.4
v 0.8 3.2 1.4
v 0.8 3.3 1.4
v 0.9 0.8 1.4
v 0.9 0.9 1.4
v 0.9 1 1.4
v 0.9 3 1.4
v 0.9 3.1 1.4
v 0.9 3.2 1.4
v 1 0.9 1.4
v 1 1 1.4
v 1 1.1 1.4
v 1 2.9 1.4
v 1 3 1.4
v 1 3.1 1.4
v 1.1 1 1.4
v 1.1 1.1 1.4
v 1.1 1.2 1.4
v 1.1 2.8 1.4
v 1.1 2.9 1.4
v 1.1 3 1.4
v 1.2 1.1 1.4
v 1.2 1.2 1.4
v 1.2 1.4 1.4
v 1.2 2.6 1.4
v 1.2 2.8 1.4
v 1.2 2.9 1.4
v 1.3 1.2 1.4
v 1.3 1.4 1.4
v 1.3 1.5 1.4
v 1.3 1.6 1.4
v 1.3 1.7 1.4
v 1.3 2.3 1.4
v 1.3 2.4 1.4
v 1.3 2.5 1.4
v 1.3 2.6 1.4
v 1.3 2.8 1.4
v 1.4 1.4 1.4
v 1.4 1.5 1.4
v 1.4 1.6 1.4
v 1.4 1.7 1.4
v 1.4 2 1.4
v 1.4 2.1 1.4
v 1.4 2.3 1.4
v 1.4 2.5 1.4
v 1.4 2.6 1.4
v 1.5 1.7 1.4
v 1.5 2 1.4
v 1.5 2.1 1.4
v 1.5 2.3 1.4
v -1.6 1.8 1.3
v -1.6 1.9 1.3
v -1.6 2 1.3
v -1.6 2.2 1.3
v -1.5 1.4 1.3
v -1.5 1.6 1.3
v -1.5 1.7 1.3
v -1.5 1.8 1.3
v -1.5 1.9 1.3
v -1.5 2 1.3
v -1.5 2.2 1.3
v -1.5 2.3 1.3
v -1.5 2.5 1.3
v -1.5 2.6 1.3
v -1.4 1.2 1.3
v -1.4 1.4 1.3
v -1.4 1.5 1.3
v -1.4 1.6 1.3
v -1.4 1.7 1.3
v -1.4 2.3 1.3
v -1.4 2.5 1.3
v -1.4 2.6 1.3
v -1.4 2.7 1.3
v -1.4 2.8 1.3
v -1.3 1.1 1.3
v -1.3 1.2 1.3
v -1.3 1.4 1.3
v -1.3 2.6 1.3
v -1.3 2.7 1.3
v -1.3 2.8 1.3
v -1.3 2.9 1.3
v -1.2 0.9 1.3
v -1.2 1 1.3
v -1.2 1.1 1.3
v -1.2 1.2 1.3
v -1.2 2.8 1.3
v -1.2 2.9 1.3
v -1.2 3.1 1.3
v -1.1 0.8 1.3
v -1.1 0.9 1.3
v -1.1 1 1.3
v -1.1 1.1 1.3
v -1.1 2.9 1.3
v -1.1 3 1.3
v -1.1 3.1 1.3
v -1.1 3.2 1.3
v -1 0.9 1.3
v -1 1 1.3
v -1 3 1.3
v -1 3.1 1.3
v -0.9 0.7 1.3
v -0.9 0.8 1.3
v -0.9 0.9 1.3
v -0.9 3.1 1.3
v -0.9 3.2 1.3
v -0.9 3.3 1.3
v -0.8 0.6 1.3
v -0.8 0.7 1.3
v -0.8 0.8 1.3
v -0.8 3.2 1.3
v -0.8 3.3 1.3
v -0.8 3.4 1.3
v -0.6 0.5 1.3
v -0.6 0.6 1.3
v -0.6 0.7 1.3
v -0.6 3.3 1.3
v -0.6 3.4 1.3
v -0.6 3.5 1.3
v -0.5 3.4 1.3
v -0.4 0.5 1.3
v -0.4 0.6 1.3
v -0.4 3.4 1.3
v -0.4 3.5 1.3
v -0.3 0.5 1.3
v -0.3 0.6 1.3
v -0.3 3.4 1.3
v -0.3 3.5 1.3
v -0.2 0.4 1.3
v -0.2 0.5 1.3
v -0.2 3.5 1.3
v -0.2 3.6 1.3
v 2.38419e-07 3.5 1.3
v 2.38419e-07 3.6 1.3
v 0.1 0.4 1.3
v 0.1 0.5 1.3
v 0.2 0.4 1.3
v 0.2 0.5 1.3
v 0.2 3.5 1.3
v 0.2 3.6 1.3
v 0.3 0.5 1.3
v 0.3 0.6 1.3
v 0.3 3.4 1.3
v 0.3 3.5 1.3
v 0.6 0.5 1.3
v 0.6 0.6 1.3
v 0.6 0.7 1.3
v 0.6 3.3 1.3
v 0.6 3.4 1.3
v 0.6 3.5 1.3
v 0.7 0.7 1.3
v 0.7 3.3 1.3
v 0.8 0.6 1.3
v 0.8 0.7 1.3
v 0.8 0.8 1.3
v 0.8 3.2 1.3
v 0.8 3.3 1.3
v 0.8 3.4 1.3
v 0.9 0.7 1.3
v 0.9 0.8 1.3
v 0.9 0.9 1.3
v 0.9 3.1 1.3
v 0.9 3.2 1.3
v 0.9 3.3 1.3
v 1 0.9 1.3
v 1 1 1.3
v 1 3 1.3
v 1 3.1 1.3
v 1.1 0.8 1.3
v 1.1 0.9 1.3
v 1.1 1 1.3
v 1.1 1.1 1.3
v 1.1 2.9 1.3
v 1.1 3 1.3
v 1.1 3.1 1.3
v 1.1 3.2 1.3
v 1.2 0.9 1.3
v 1.2 1 1.3
v 1.2 1.1 1.3
v 1.2 1.2 1.3
v 1.2 2.8 1.3
v 1.2 2.9 1.3
v 1.2 3.1 1.3
v 1.3 1.1 1.3
v 1.3 1.2 1.3
v 1.3 1.4 1.3
v 1.3 2.6 1.3
v 1.3 2.7 1.3
v 1.3 2.8 1.3
v 1.3 2.9 1.3
v 1.4 1.2 1.3
v 1.4 1.4 1.3
v 1.4 1.5 1.3
v 1.4 1.6 1.3
v 1.4 1.7 1.3
v 1.4 2.3 1.3
v 1.4 2.5 1.3
v 1.4 2.6 1.3
v 1.4 2.7 1.3
v 1.4 2.8 1.3
v 1.5 1.4 1.3
v 1.5 1.5 1.3
v 1.5 1.6 1.3
v 1.5 1.7 1.3
v 1.5 1.8 1.3
v 1.5 2 1.3
v 1.5 2.1 1.3
v 1.5 2.2 1.3
v 1.5 2.3 1.3
v 1.5 2.5 1.3
v 1.5 2.6 1.3
v 1.6 1.8 1.3
v 1.6 2 1.3
v 1.6 2.1 1.3
v 1.6 2.2 1.3
v -1.6 1.5 1.2
v -1.6 1.8 1.2
v -1.6 2.2 1.2
v -1.6 2.5 1.2
v -1.5 1.2 1.2
v -1.5 1.4 1.2
v -1.5 1.5 1.2
v -1.5 1.6 1.2
v -1.5 1.8 1.2
v -1.5 2.2 1.2
v -1.5 2.5 1.2
v -1.5 2.6 1.2
v -1.5 2.8 1.2
v -1.4 1.1 1.2
v -1.4 1.2 1.2
v -1.4 1.4 1.2
v -1.4 2.6 1.2
v -1.4 2.7 1.2
v -1.4 2.8 1.2
v -1.4 2.9 1.2
v -1.3 0.9 1.2
v -1.3 1.1 1.2
v -1.3 1.2 1.2
v -1.3 2.8 1.2
v -1.3 2.9 1.2
v -1.3 3.1 1.2
v -1.2 0.8 1.2
v -1.2 0.9 1.2
v -1.2 1 1.2
v -1.2 1.1 1.2
v -1.2 2.9 1.2
v -1.2 3.1 1.2
v -1.2 3.2 1.2
v -1.1 0.7 1.2
v -1.1 0.8 1.2
v -1.1 0.9 1.2
v -1.1 3.1 1.2
v -1.1 3.2 1.2
v -1.1 3.3 1.2
v -1 3.2 1.2
v -1 3.3 1.2
v -0.9 0.6 1.2
v -0.9 0.7 1.2
v -0.9 0.8 1.2
v -0.9 3.2 1.2
v -0.9 3.3 1.2
v -0.9 3.4 1.2
v -0.8 0.5 1.2
v -0.8 0.6 1.2
v -0.8 0.7 1.2
v -0.8 3.3 1.2
v -0.8 3.4 1.2
v -0.8 3.5 1.2
v -0.6 0.5 1.2
v -0.6 0.6 1.2
v -0.6 3.4 1.2
v -0.6 3.5 1.2
v -0.5 0.4 1.2
v -0.5 0.5 1.2
v -0.5 3.5 1.2
v -0.5 3.6 1.2
v -0.4 0.4 1.2
v -0.4 0.5 1.2
v -0.4 3.5 1.2
v -0.3 0.4 1.2
v -0.3 0.5 1.2
v -0.2 0.4 1.2
v -0.2 0.5 1.2
v -0.2 3.5 1.2
v -0.2 3.6 1.2
v 0.2 0.4 1.2
v 0.2 0.5 1.2
v 0.2 3.5 1.2
v 0.2 3.6 1.2
v 0.3 0.4 1.2
v 0.3 0.5 1.2
v 0.5 0.4 1.2
v 0.5 0.5 1.2
v 0.5 3.5 1.2
v 0.5 3.6 1.2
v 0.6 0.5 1.2
v 0.6 0.6 1.2
v 0.6 3.4 1.2
v 0.6 3.5 1.2
v 0.7 0.5 1.2
v 0.7 0.6 1.2
v 0.7 3.4 1.2
v 0.7 3.5 1.2
v 0.8 0.5 1.2
v 0.8 0.6 1.2
v 0.8 0.7 1.2
v 0.8 3.3 1.2
v 0.8 3.4 1.2
v 0.8 3.5 1.2
v 0.9 0.6 1.2
v 0.9 0.7 1.2
v 0.9 0.8 1.2
v 0.9 3.2 1.2
v 0.9 3.3 1.2
v 0.9 3.4 1.2
v 1.1 0.7 1.2
v 1.1 0.8 1.2
v 1.1 0.9 1.2
v 1.1 3.1 1.2
v 1.1 3.2 1.2
v 1.1 3.3 1.2
v 1.2 0.8 1.2
v 1.2 0.9 1.2
v 1.2 1 1.2
v 1.2 1.1 1.2
v 1.2 2.9 1.2
v 1.2 3 1.2
v 1.2 3.1 1.2
v 1.2 3.2 1.2
v 1.3 0.9 1.2
v 1.3 1 1.2
v 1.3 1.1 1.2
v 1.3 1.2 1.2
v 1.3 2.8 1.2
v 1.3 2.9 1.2
v 1.3 3 1.2
v 1.3 3.1 1.2
v 1.4 1.1 1.2
v 1.4 1.2 1.2
v 1.4 1.4 1.2
v 1.4 2.6 1.2
v 1.4 2.7 1.2
v 1.4 2.8 1.2
v 1.4 2.9 1.2
v 1.5 1.2 1.2
v 1.5 1.4 1.2
v 1.5 1.5 1.2
v 1.5 1.6 1.2
v 1.5 1.8 1.2
v 1.5 2.2 1.2
v 1.5 2.5 1.2
v 1.5 2.6 1.2
v 1.5 2.7 1.2
v 1.5 2.8 1.2
v 1.6 1.5 1.2
v 1.6 1.6 1.2
v 1.6 1.8 1.2
v 1.6 2.2 1.2
v 1.6 2.5 1.2
v -1.7 1.6 1.1
v -1.7 1.9 1.1
v -1.7 2 1.1
v -1.7 2.4 1.1
v -1.6 1.3 1.1
v -1.6 1.5 1.1
v -1.6 1.6 1.1
v -1.6 1.9 1.1
v -1.6 2 1.1
v -1.6 2.4 1.1
v -1.6 2.5 1.1
v -1.6 2.6 1.1
v -1.6 2.7 1.1
v -1.5 1.1 1.1
v -1.5 1.2 1.1
v -1.5 1.3 1.1
v -1.5 1.4 1.1
v -1.5 1.5 1.1
v -1.5 2.5 1.1
v -1.5 2.6 1.1
v -1.5 2.7 1.1
v -1.5 2.8 1.1
v -1.5 2.9 1.1
v -1.4 1 1.1
v -1.4 1.1 1.1
v -1.4 1.2 1.1
v -1.4 2.8 1.1
v -1.4 2.9 1.1
v -1.4 3 1.1
v -1.3 0.8 1.1
v -1.3 0.9 1.1
v -1.3 1 1.1
v -1.3 1.1 1.1
v -1.3 2.9 1.1
v -1.3 3 1.1
v -1.3 3.1 1.1
v -1.3 3.2 1.1
v -1.2 0.7 1.1
v -1.2 0.8 1.1
v -1.2 0.9 1.1
v -1.2 3.1 1.1
v -1.2 3.2 1.1
v -1.2 3.3 1.1
v -1.1 0.7 1.1
v -1.1 0.8 1.1
v -1.1 3.2 1.1
v -1.1 3.3 1.1
v -1 0.6 1.1
v -1 0.7 1.1
v -1 3.3 1.1
v -1 3.4 1.1
v -0.9 0.5 1.1
v -0.9 0.6 1.1
v -0.9 0.7 1.1
v -0.9 3.3 1.1
v -0.9 3.4 1.1
v -0.9 3.5 1.1
v -0.8 0.5 1.1
v -0.8 0.6 1.1
v -0.8 3.4 1.1
v -0.8 3.5 1.1
v -0.7 0.4 1.1
v -0.7 0.5 1.1
v -0.7 3.5 1.1
v -0.7 3.6 1.1
v -0.6 3.5 1.1
v -0.6 3.6 1.1
v -0.5 0.4 1.1
v -0.5 0.5 1.1
v -0.5 3.5 1.1
v -0.5 3.6 1.1
v -0.4 0.3 1.1
v -0.4 0.4 1.1
v -0.4 3.6 1.1
v -0.4 3.7 1.1
v -0.3 0.4 1.1
v 0.1 0.3 1.1
v 0.1 0.4 1.1
v 0.1 3.6 1.1
v 0.1 3.7 1.1
v 0.2 3.6 1.1
v 0.2 3.7 1.1
v 0.3 0.3 1.1
v 0.3 0.4 1.1
v 0.4 0.3 1.1
v 0.4 0.4 1.1
v 0.4 3.6 1.1
v 0.4 3.7 1.1
v 0.5 0.4 1.1
v 0.5 0.5 1.1
v 0.5 3.5 1.1
v 0.5 3.6 1.1
v 0.6 3.5 1.1
v 0.6 3.6 1.1
v 0.7 0.4 1.1
v 0.7 0.5 1.1
v 0.7 3.5 1.1
v 0.7 3.6 1.1
v 0.8 0.5 1.1
v 0.8 0.6 1.1
v 0.8 3.4 1.1
v 0.8 3.5 1.1
v 0.9 0.5 1.1
v 0.9 0.6 1.1
v 0.9 0.7 1.1
v 0.9 3.3 1.1
v 0.9 3.4 1.1
v 0.9 3.5 1.1
v 1 0.6 1.1
v 1 0.7 1.1
v 1 3.3 1.1
v 1 3.4 1.1
v 1.1 0.7 1.1
v 1.1 0.8 1.1
v 1.1 3.2 1.1
v 1.1 3.3 1.1
v 1.2 0.7 1.1
v 1.2 0.8 1.1
v 1.2 0.9 1.1
v 1.2 3.1 1.1
v 1.2 3.2 1.1
v 1.2 3.3 1.1
v 1.3 0.8 1.1
v 1.3 0.9 1.1
v 1.3 1 1.1
v 1.3 1.1 1.1
v 1.3 2.9 1.1
v 1.3 3 1.1
v 1.3 3.1 1.1
v 1.3 3.2 1.1
v 1.4 1 1.1
v 1.4 1.1 1.1
v 1.4 1.2 1.1
v 1.4 2.8 1.1
v 1.4 2.9 1.1
v 1.4 3 1.1
v 1.5 1.1 1.1
v 1.5 1.2 1.1
v 1.5 1.3 1.1
v 1.5 1.5 1.1
v 1.5 2.5 1.1
v 1.5 2.6 1.1
v 1.5 2.7 1.1
v 1.5 2.8 1.1
v 1.5 2.9 1.1
v 1.6 1.3 1.1
v 1.6 1.5 1.1
v 1.6 1.6 1.1
v 1.6 1.7 1.1
v 1.6 2 1.1
v 1.6 2.1 1.1
v 1.6 2.2 1.1
v 1.6 2.4 1.1
v 1.6 2.5 1.1
v 1.6 2.6 1.1
v 1.6 2.7 1.1
v 1.7 1.6 1.1
v 1.7 1.7 1.1
v 1.7 2 1.1
v 1.7 2.1 1.1
v 1.7 2.4 1.1
v -1.8 1.8 1
v -1.8 1.9 1
v -1.8 2 1
v -1.8 2.2 1
v -1.7 1.4 1
v -1.7 1.6 1
v -1.7 1.8 1
v -1.7 1.9 1
v -1.7 2 1
v -1.7 2.2 1
v -1.7 2.4 1
v -1.7 2.5 1
v -1.7 2.6 1
v -1.6 1.2 1
v -1.6 1.3 1
v -1.6 1.4 1
v -1.6 1.5 1
v -1.6 1.6 1
v -1.6 2.4 1
v -1.6 2.5 1
v -1.6 2.6 1
v -1.6 2.7 1
v -1.6 2.8 1
v -1.5 1 1
v -1.5 1.1 1
v -1.5 1.2 1
v -1.5 1.3 1
v -1.5 2.7 1
v -1.5 2.8 1
v -1.5 2.9 1
v -1.5 3 1
v -1.4 0.9 1
v -1.4 1 1
v -1.4 1.1 1
v -1.4 2.9 1
v -1.4 3 1
v -1.4 3.1 1
v -1.3 0.9 1
v -1.3 1 1
v -1.3 3 1
v -1.3 3.1 1
v -1.1 0.6 1
v -1.1 0.7 1
v -1.1 3.3 1
v -1.1 3.4 1
v -1 0.5 1
v -1 0.6 1
v -1 0.7 1
v -1 3.3 1
v -1 3.4 1
v -1 3.5 1
v -0.9 0.5 1
v -0.9 0.6 1
v -0.9 3.4 1
v -0.9 3.5 1
v -0.8 0.4 1
v -0.8 0.5 1
v -0.8 3.5 1
v -0.8 3.6 1
v -0.7 0.4 1
v -0.7 0.5 1
v -0.7 3.5 1
v -0.7 3.6 1
v -0.6 0.3 1
v -0.6 0.4 1
v -0.6 3.6 1
v -0.6 3.7 1
v -0.5 0.3 1
v -0.5 0.4 1
v -0.5 3.6 1
v -0.5 3.7 1
v -0.4 0.3 1
v -0.4 0.4 1
v -0.4 3.6 1
v -0.4 3.7 1
v -0.2 0.2 1
v -0.2 0.3 1
v -0.2 3.7 1
v -0.2 3.8 1
v 0.1 0.3 1
v 0.1 3.7 1
v 0.1 3.8 1
v 0.2 0.2 1
v 0.2 0.3 1
v 0.2 3.7 1
v 0.2 3.8 1
v 0.4 0.3 1
v 0.4 0.4 1
v 0.4 3.6 1
v 0.4 3.7 1
v 0.5 3.6 1
v 0.5 3.7 1
v 0.6 0.3 1
v 0.6 0.4 1
v 0.6 3.6 1
v 0.6 3.7 1
v 0.7 0.4 1
v 0.7 0.5 1
v 0.7 3.5 1
v 0.7 3.6 1
v 0.8 0.4 1
v 0.8 0.5 1
v 0.8 3.5 1
v 0.8 3.6 1
v 0.9 0.5 1
v 0.9 0.6 1
v 0.9 3.4 1
v 0.9 3.5 1
v 1 0.5 1
v 1 0.6 1
v 1 0.7 1
v 1 3.3 1
v 1 3.4 1
v 1 3.5 1
v 1.1 0.6 1
v 1.1 0.7 1
v 1.1 3.3 1
v 1.1 3.4 1
v 1.3 0.9 1
v 1.3 1 1
v 1.3 3 1
v 1.3 3.1 1
v 1.4 0.9 1
v 1.4 1 1
v 1.4 1.1 1
v 1.4 2.9 1
v 1.4 3 1
v 1.4 3.1 1
v 1.5 1 1
v 1.5 1.1 1
v 1.5 1.2 1
v 1.5 1.3 1
v 1.5 2.7 1
v 1.5 2.8 1
v 1.5 2.9 1
v 1.5 3 1
v 1.6 1.2 1
v 1.6 1.3 1
v 1.6 1.4 1
v 1.6 1.6 1
v 1.6 2.4 1
v 1.6 2.6 1
v 1.6 2.7 1
v 1.6 2.8 1
v 1.7 1.4 1
v 1.7 1.6 1
v 1.7 1.8 1
v 1.7 2 1
v 1.7 2.1 1
v 1.7 2.2 1
v 1.7 2.4 1
v 1.7 2.6 1
v 1.8 1.8 1
v 1.8 2 1
v 1.8 2.1 1
v 1.8 2.2 1
v -1.8 1.5 0.9
v -1.8 1.8 0.9
v -1.8 2.2 0.9
v -1.8 2.5 0.9
v -1.7 1.3 0.9
v -1.7 1.4 0.9
v -1.7 1.5 0.9
v -1.7 1.8 0.9
v -1.7 2.2 0.9
v -1.7 2.5 0.9
v -1.7 2.6 0.9
v -1.7 2.7 0.9
v -1.6 1.1 0.9
v -1.6 1.2 0.9
v -1.6 1.3 0.9
v -1.6 1.4 0.9
v -1.6 2.6 0.9
v -1.6 2.7 0.9
v -1.6 2.8 0.9
v -1.6 2.9 0.9
v -1.5 0.9 0.9
v -1.5 1 0.9
v -1.5 1.1 0.9
v -1.5 1.2 0.9
v -1.5 2.8 0.9
v -1.5 2.9 0.9
v -1.5 3 0.9
v -1.5 3.1 0.9
v -1.4 0.8 0.9
v -1.4 0.9 0.9
v -1.4 1 0.9
v -1.4 3 0.9
v -1.4 3.1 0.9
v -1.4 3.2 0.9
v -1.3 0.7 0.9
v -1.3 0.8 0.9
v -1.3 0.9 0.9
v -1.3 3.1 0.9
v -1.3 3.2 0.9
v -1.3 3.3 0.9
v -1.2 0.6 0.9
v -1.2 0.7 0.9
v -1.2 0.8 0.9
v -1.2 3.2 0.9
v -1.2 3.3 0.9
v -1.2 3.4 0.9
v -1.1 0.5 0.9
v -1.1 0.6 0.9
v -1.1 0.7 0.9
v -1.1 3.3 0.9
v -1.1 3.4 0.9
v -1.1 3.5 0.9
v -1 0.5 0.9
v -1 0.6 0.9
v -1 3.4 0.9
v -1 3.5 0.9
v -0.9 0.4 0.9
v -0.9 0.5 0.9
v -0.9 3.5 0.9
v -0.9 3.6 0.9
v -0.8 0.4 0.9
v -0.8 0.5 0.9
v -0.8 3.5 0.9
v -0.8 3.6 0.9
v -0.7 0.3 0.9
v -0.7 0.4 0.9
v -0.7 3.6 0.9
v -0.7 3.7 0.9
v -0.6 0.3 0.9
v -0.6 0.4 0.9
v -0.6 3.6 0.9
v -0.6 3.7 0.9
v -0.5 0.2 0.9
v -0.5 0.3 0.9
v -0.5 3.7 0.9
v -0.5 3.8 0.9
v -0.4 0.2 0.9
v -0.4 0.3 0.9
v -0.2 0.2 0.9
v -0.2 0.3 0.9
v -0.2 3.7 0.9
v -0.2 3.8 0.9
v 0.2 0.2 0.9
v 0.2 0.3 0.9
v 0.2 3.7 0.9
v 0.2 3.8 0.9
v 0.3 0.2 0.9
v 0.3 0.3 0.9
v 0.4 0.2 0.9
v 0.4 0.3 0.9
v 0.4 3.7 0.9
v 0.4 3.8 0.9
v 0.5 0.2 0.9
v 0.5 0.3 0.9
v 0.5 3.7 0.9
v 0.5 3.8 0.9
v 0.6 0.3 0.9
v 0.6 0.4 0.9
v 0.6 3.6 0.9
v 0.6 3.7 0.9
v 0.7 0.3 0.9
v 0.7 0.4 0.9
v 0.7 3.6 0.9
v 0.7 3.7 0.9
v 0.8 0.4 0.9
v 0.8 0.5 0.9
v 0.8 3.5 0.9
v 0.8 3.6 0.9
v 0.9 0.4 0.9
v 0.9 0.5 0.9
v 0.9 3.5 0.9
v 0.9 3.6 0.9
v 1 0.5 0.9
v 1 0.6 0.9
v 1 3.4 0.9
v 1 3.5 0.9
v 1.1 0.5 0.9
v 1.1 0.6 0.9
v 1.1 0.7 0.9
v 1.1 3.3 0.9
v 1.1 3.4 0.9
v 1.1 3.5 0.9
v 1.2 0.6 0.9
v 1.2 0.7 0.9
v 1.2 0.8 0.9
v 1.2 3.2 0.9
v 1.2 3.3 0.9
v 1.2 3.4 0.9
v 1.3 0.7 0.9
v 1.3 0.8 0.9
v 1.3 0.9 0.9
v 1.3 3.1 0.9
v 1.3 3.2 0.9
v 1.3 3.3 0.9
v 1.4 0.8 0.9
v 1.4 0.9 0.9
v 1.4 1 0.9
v 1.4 3 0.9
v 1.4 3.1 0.9
v 1.4 3.2 0.9
v 1.5 0.9 0.9
v 1.5 1 0.9
v 1.5 1.1 0.9
v 1.5 1.2 0.9
v 1.5 2.8 0.9
v 1.5 2.9 0.9
v 1.5 3 0.9
v 1.5 3.1 0.9
v 1.6 1.1 0.9
v 1.6 1.2 0.9
v 1.6 1.3 0.9
v 1.6 1.4 0.9
v 1.6 2.6 0.9
v 1.6 2.7 0.9
v 1.6 2.8 0.9
v 1.6 2.9 0.9
v 1.7 1.3 0.9
v 1.7 1.4 0.9
v 1.7 1.5 0.9
v 1.7 1.6 0.9
v 1.7 1.7 0.9
v 1.7 1.8 0.9
v 1.7 2.2 0.9
v 1.7 2.5 0.9
v 1.7 2.6 0.9
v 1.7 2.7 0.9
v 1.8 1.5 0.9
v 1.8 1.6 0.9
v 1.8 1.7 0.9
v 1.8 1.8 0.9
v 1.8 2.2 0.9
v 1.8 2.5 0.9
v -1.9 1.9 0.8
v -1.9 2 0.8
v -1.9 2.1 0.8
v -1.8 1.4 0.8
v -1.8 1.5 0.8
v -1.8 1.9 0.8
v -1.8 2 0.8
v -1.8 2.1 0.8
v -1.8 2.5 0.8
v -1.8 2.6 0.8
v -1.7 1.2 0.8
v -1.7 1.3 0.8
v -1.7 1.4 0.8
v -1.7 1.5 0.8
v -1.7 2.5 0.8
v -1.7 2.6 0.8
v -1.7 2.7 0.8
v -1.7 2.8 0.8
v -1.6 1 0.8
v -1.6 1.1 0.8
v -1.6 1.2 0.8
v -1.6 1.3 0.8
v -1.6 2.7 0.8
v -1.6 2.8 0.8
v -1.6 2.9 0.8
v -1.6 3 0.8
v -1.5 0.8 0.8
v -1.5 0.9 0.8
v -1.5 1 0.8
v -1.5 1.1 0.8
v -1.5 2.9 0.8
v -1.5 3 0.8
v -1.5 3.1 0.8
v -1.5 3.2 0.8
v -1.4 0.7 0.8
v -1.4 0.8 0.8
v -1.4 0.9 0.8
v -1.4 3.1 0.8
v -1.4 3.2 0.8
v -1.4 3.3 0.8
v -1.3 0.6 0.8
v -1.3 0.7 0.8
v -1.3 0.8 0.8
v -1.3 3.2 0.8
v -1.3 3.3 0.8
v -1.3 3.4 0.8
v -1.2 0.5 0.8
v -1.2 0.6 0.8
v -1.2 0.7 0.8
v -1.2 3.3 0.8
v -1.2 3.4 0.8
v -1.2 3.5 0.8
v -1.1 0.5 0.8
v -1.1 0.6 0.8
v -1.1 3.4 0.8
v -1.1 3.5 0.8
v -1 0.4 0.8
v -1 0.5 0.8
v -1 3.5 0.8
v -1 3.6 0.8
v -0.9 0.4 0.8
v -0.9 0.5 0.8
v -0.9 3.5 0.8
v -0.9 3.6 0.8
v -0.8 0.3 0.8
v -0.8 0.4 0.8
v -0.8 3.6 0.8
v -0.8 3.7 0.8
v -0.7 0.3 0.8
v -0.7 0.4 0.8
v -0.7 3.6 0.8
v -0.7 3.7 0.8
v -0.6 0.2 0.8
v -0.6 0.3 0.8
v -0.6 3.7 0.8
v -0.6 3.8 0.8
v -0.5 0.2 0.8
v -0.5 0.3 0.8
v -0.5 3.7 0.8
v -0.5 3.8 0.8
v -0.0999999 0.1 0.8
v -0.0999999 0.2 0.8
v -0.0999999 3.8 0.8
v -0.0999999 3.9 0.8
v 0.1 0.1 0.8
v 0.1 0.2 0.8
v 0.1 3.8 0.8
v 0.1 3.9 0.8
v 0.5 0.2 0.8
v 0.5 0.3 0.8
v 0.5 3.7 0.8
v 0.5 3.8 0.8
v 0.6 0.2 0.8
v 0.6 0.3 0.8
v 0.6 3.7 0.8
v 0.6 3.8 0.8
v 0.7 0.3 0.8
v 0.7 0.4 0.8
v 0.7 3.6 0.8
v 0.7 3.7 0.8
v 0.8 0.3 0.8
v 0.8 0.4 0.8
v 0.8 3.6 0.8
v 0.8 3.7 0.8
v 0.9 0.4 0.8
v 0.9 0.5 0.8
v 0.9 3.5 0.8
v 0.9 3.6 0.8
v 1 0.4 0.8
v 1 0.5 0.8
v 1 3.5 0.8
v 1 3.6 0.8
v 1.1 0.5 0.8
v 1.1 0.6 0.8
v 1.1 3.4 0.8
v 1.1 3.5 0.8
v 1.2 0.5 0.8
v 1.2 0.6 0.8
v 1.2 0.7 0.8
v 1.2 3.3 0.8
v 1.2 3.4 0.8
v 1.2 3.5 0.8
v 1.3 0.6 0.8
v 1.3 0.7 0.8
v 1.3 0.8 0.8
v 1.3 3.2 0.8
v 1.3 3.3 0.8
v 1.3 3.4 0.8
v 1.4 0.7 0.8
v 1.4 0.8 0.8
v 1.4 0.9 0.8
v 1.4 3.1 0.8
v 1.4 3.2 0.8
v 1.4 3.3 0.8
v 1.5 0.8 0.8
v 1.5 0.9 0.8
v 1.5 1 0.8
v 1.5 1.1 0.8
v 1.5 2.9 0.8
v 1.5 3 0.8
v 1.5 3.1 0.8
v 1.5 3.2 0.8
v 1.6 1 0.8
v 1.6 1.1 0.8
v 1.6 1.2 0.8
v 1.6 1.3 0.8
v 1.6 2.7 0.8
v 1.6 2.8 0.8
v 1.6 2.9 0.8
v 1.6 3 0.8
v 1.7 1.2 0.8
v 1.7 1.3 0.8
v 1.7 1.4 0.8
v 1.7 1.5 0.8
v 1.7 2.5 0.8
v 1.7 2.6 0.8
v 1.7 2.7 0.8
v 1.7 2.8 0.8
v 1.8 1.4 0.8
v 1.8 1.5 0.8
v 1.8 1.9 0.8
v 1.8 2 0.8
v 1.8 2.1 0.8
v 1.8 2.5 0.8
v 1.8 2.6 0.8
v 1.9 1.9 0.8
v 1.9 2 0.8
v 1.9 2.1 0.8
v -1.9 1.6 0.7
v -1.9 1.8 0.7
v -1.9 1.9 0.7
v -1.9 2.1 0.7
v -1.9 2.4 0.7
v -1.8 1.3 0.7
v -1.8 1.4 0.7
v -1.8 1.6 0.7
v -1.8 1.7 0.7
v -1.8 1.8 0.7
v -1.8 1.9 0.7
v -1.8 2.1 0.7
v -1.8 2.4 0.7
v -1.8 2.6 0.7
v -1.8 2.7 0.7
v -1.7 1.1 0.7
v -1.7 1.2 0.7
v -1.7 1.3 0.7
v -1.7 1.4 0.7
v -1.7 2.6 0.7
v -1.7 2.7 0.7
v -1.7 2.8 0.7
v -1.7 2.9 0.7
v -1.6 0.9 0.7
v -1.6 1 0.7
v -1.6 1.1 0.7
v -1.6 1.2 0.7
v -1.6 2.8 0.7
v -1.6 2.9 0.7
v -1.6 3 0.7
v -1.6 3.1 0.7
v -1.5 0.9 0.7
v -1.5 1 0.7
v -1.5 3 0.7
v -1.5 3.1 0.7
v -1.1 0.4 0.7
v -1.1 0.5 0.7
v -1.1 3.5 0.7
v -1.1 3.6 0.7
v -1 0.4 0.7
v -1 0.5 0.7
v -1 3.5 0.7
v -1 3.6 0.7
v -0.9 0.3 0.7
v -0.9 0.4 0.7
v -0.9 3.6 0.7
v -0.9 3.7 0.7
v -0.8 0.3 0.7
v -0.8 0.4 0.7
v -0.8 3.6 0.7
v -0.8 3.7 0.7
v -0.7 0.2 0.7
v -0.7 0.3 0.7
v -0.7 3.7 0.7
v -0.7 3.8 0.7
v -0.6 0.2 0.7
v -0.6 0.3 0.7
v -0.6 3.7 0.7
v -0.6 3.8 0.7
v -0.4 0.1 0.7
v -0.4 0.2 0.7
v -0.4 3.8 0.7
v -0.4 3.9 0.7
v -0.2 3.8 0.7
v -0.0999999 0.1 0.7
v -0.0999999 0.2 0.7
v -0.0999999 3.8 0.7
v -0.0999999 3.9 0.7
v 0.1 0.1 0.7
v 0.1 0.2 0.7
v 0.1 3.8 0.7
v 0.1 3.9 0.7
v 0.2 0.1 0.7
v 0.2 0.2 0.7
v 0.2 3.8 0.7
v 0.2 3.9 0.7
v 0.3 0.1 0.7
v 0.3 0.2 0.7
v 0.4 0.1 0.7
v 0.4 0.2 0.7
v 0.4 3.8 0.7
v 0.4 3.9 0.7
v 0.6 0.2 0.7
v 0.6 0.3 0.7
v 0.6 3.7 0.7
v 0.6 3.8 0.7
v 0.7 0.2 0.7
v 0.7 0.3 0.7
v 0.7 3.7 0.7
v 0.7 3.8 0.7
v 0.8 0.3 0.7
v 0.8 0.4 0.7
v 0.8 3.6 0.7
v 0.8 3.7 0.7
v 0.9 0.3 0.7
v 0.9 0.4 0.7
v 0.9 3.6 0.7
v 0.9 3.7 0.7
v 1 0.4 0.7
v 1 0.5 0.7
v 1 3.5 0.7
v 1 3.6 0.7
v 1.1 0.4 0.7
v 1.1 0.5 0.7
v 1.1 3.5 0.7
v 1.1 3.6 0.7
v 1.5 0.9 0.7
v 1.5 1 0.7
v 1.5 3 0.7
v 1.5 3.1 0.7
v 1.6 0.9 0.7
v 1.6 1 0.7
v 1.6 1.1 0.7
v 1.6 1.2 0.7
v 1.6 2.8 0.7
v 1.6 2.9 0.7
v 1.6 3 0.7
v 1.6 3.1 0.7
v 1.7 1.1 0.7
v 1.7 1.2 0.7
v 1.7 1.3 0.7
v 1.7 1.4 0.7
v 1.7 2.6 0.7
v 1.7 2.7 0.7
v 1.7 2.8 0.7
v 1.7 2.9 0.7
v 1.8 1.3 0.7
v 1.8 1.4 0.7
v 1.8 1.6 0.7
v 1.8 1.7 0.7
v 1.8 1.9 0.7
v 1.8 2.1 0.7
v 1.8 2.4 0.7
v 1.8 2.6 0.7
v 1.8 2.7 0.7
v 1.9 1.6 0.7
v 1.9 1.7 0.7
v 1.9 1.9 0.7
v 1.9 2.1 0.7
v 1.9 2.4 0.7
v -1.9 1.5 0.6
v -1.9 1.6 0.6
v -1.9 2.4 0.6
v -1.9 2.5 0.6
v -1.8 1.2 0.6
v -1.8 1.3 0.6
v -1.8 1.5 0.6
v -1.8 1.6 0.6
v -1.8 2.4 0.6
v -1.8 2.5 0.6
v -1.8 2.7 0.6
v -1.8 2.8 0.6
v -1.7 1 0.6
v -1.7 1.1 0.6
v -1.7 1.2 0.6
v -1.7 1.3 0.6
v -1.7 2.7 0.6
v -1.7 2.8 0.6
v -1.7 2.9 0.6
v -1.7 3 0.6
v -1.6 1 0.6
v -1.6 1.1 0.6
v -1.6 2.9 0.6
v -1.6 3 0.6
v -1.5 0.7 0.6
v -1.5 0.8 0.6
v -1.5 3.2 0.6
v -1.5 3.3 0.6
v -1.4 0.6 0.6
v -1.4 0.7 0.6
v -1.4 0.8 0.6
v -1.4 3.2 0.6
v -1.4 3.3 0.6
v -1.4 3.4 0.6
v -1.3 0.5 0.6
v -1.3 0.6 0.6
v -1.3 0.7 0.6
v -1.3 3.3 0.6
v -1.3 3.4 0.6
v -1.3 3.5 0.6
v -1.2 0.5 0.6
v -1.2 0.6 0.6
v -1.2 3.4 0.6
v -1.2 3.5 0.6
v -1 0.3 0.6
v -1 0.4 0.6
v -1 3.6 0.6
v -1 3.7 0.6
v -0.9 0.3 0.6
v -0.9 0.4 0.6
v -0.9 3.6 0.6
v -0.9 3.7 0.6
v -0.8 0.2 0.6
v -0.8 0.3 0.6
v -0.8 3.7 0.6
v -0.8 3.8 0.6
v -0.7 0.2 0.6
v -0.7 0.3 0.6
v -0.7 3.7 0.6
v -0.7 3.8 0.6
v -0.5 0.1 0.6
v -0.5 0.2 0.6
v -0.5 3.8 0.6
v -0.5 3.9 0.6
v -0.4 0.1 0.6
v -0.4 0.2 0.6
v -0.4 3.8 0.6
v -0.4 3.9 0.6
v 0.4 0.1 0.6
v 0.4 0.2 0.6
v 0.4 3.8 0.6
v 0.4 3.9 0.6
v 0.5 0.1 0.6
v 0.5 0.2 0.6
v 0.5 3.8 0.6
v 0.5 3.9 0.6
v 0.7 0.2 0.6
v 0.7 0.3 0.6
v 0.7 3.7 0.6
v 0.7 3.8 0.6
v 0.8 0.2 0.6
v 0.8 0.3 0.6
v 0.8 3.7 0.6
v 0.8 3.8 0.6
v 0.9 0.3 0.6
v 0.9 0.4 0.6
v 0.9 3.6 0.6
v 0.9 3.7 0.6
v 1 0.3 0.6
v 1 0.4 0.6
v 1 3.6 0.6
v 1 3.7 0.6
v 1.2 0.5 0.6
v 1.2 0.6 0.6
v 1.2 3.4 0.6
v 1.2 3.5 0.6
v 1.3 0.5 0.6
v 1.3 0.6 0.6
v 1.3 0.7 0.6
v 1.3 3.3 0.6
v 1.3 3.4 0.6
v 1.3 3.5 0.6
v 1.4 0.6 0.6
v 1.4 0.7 0.6
v 1.4 0.8 0.6
v 1.4 3.2 0.6
v 1.4 3.3 0.6
v 1.4 3.4 0.6
v 1.5 0.7 0.6
v 1.5 0.8 0.6
v 1.5 3.2 0.6
v 1.5 3.3 0.6
v 1.6 1 0.6
v 1.6 1.1 0.6
v 1.6 2.9 0.6
v 1.6 3 0.6
v 1.7 1 0.6
v 1.7 1.1 0.6
v 1.7 1.2 0.6
v 1.7 1.3 0.6
v 1.7 2.7 0.6
v 1.7 2.8 0.6
v 1.7 2.9 0.6
v 1.7 3 0.6
v 1.8 1.2 0.6
v 1.8 1.3 0.6
v 1.8 1.5 0.6
v 1.8 1.6 0.6
v 1.8 2.4 0.6
v 1.8 2.5 0.6
v 1.8 2.7 0.6
v 1.8 2.8 0.6
v 1.9 1.5 0.6
v 1.9 1.6 0.6
v 1.9 2.4 0.6
v 1.9 2.5 0.6
v -1.9 1.4 0.5
v -1.9 1.5 0.5
v -1.9 2.5 0.5
v -1.9 2.6 0.5
v -1.8 1.1 0.5
v -1.8 1.2 0.5
v -1.8 1.4 0.5
v -1.8 1.5 0.5
v -1.8 2.5 0.5
v -1.8 2.6 0.5
v -1.8 2.8 0.5
v -1.8 2.9 0.5
v -1.7 1.1 0.5
v -1.7 1.2 0.5
v -1.7 2.8 0.5
v -1.7 2.9 0.5
v -1.6 0.8 0.5
v -1.6 0.9 0.5
v -1.6 3.1 0.5
v -1.6 3.2 0.5
v -1.5 0.8 0.5
v -1.5 0.9 0.5
v -1.5 3.1 0.5
v -1.5 3.2 0.5
v -1.2 0.4 0.5
v -1.2 0.5 0.5
v -1.2 3.5 0.5
v -1.2 3.6 0.5
v -1.1 0.4 0.5
v -1.1 0.5 0.5
v -1.1 3.5 0.5
v -1.1 3.6 0.5
v -0.9 0.2 0.5
v -0.9 0.3 0.5
v -0.9 3.7 0.5
v -0.9 3.8 0.5
v -0.8 0.2 0.5
v -0.8 0.3 0.5
v -0.8 3.7 0.5
v -0.8 3.8 0.5
v -0.6 0.1 0.5
v -0.6 0.2 0.5
v -0.6 3.8 0.5
v -0.6 3.9 0.5
v -0.5 0.1 0.5
v -0.5 0.2 0.5
v -0.5 3.8 0.5
v -0.5 3.9 0.5
v 0.5 0.1 0.5
v 0.5 0.2 0.5
v 0.5 3.8 0.5
v 0.5 3.9 0.5
v 0.6 0.1 0.5
v 0.6 0.2 0.5
v 0.6 3.8 0.5
v 0.6 3.9 0.5
v 0.8 0.2 0.5
v 0.8 0.3 0.5
v 0.8 3.7 0.5
v 0.8 3.8 0.5
v 0.9 0.2 0.5
v 0.9 0.3 0.5
v 0.9 3.7 0.5
v 0.9 3.8 0.5
v 1.1 0.4 0.5
v 1.1 0.5 0.5
v 1.1 3.5 0.5
v 1.1 3.6 0.5
v 1.2 0.4 0.5
v 1.2 0.5 0.5
v 1.2 3.5 0.5
v 1.2 3.6 0.5
v 1.5 0.8 0.5
v 1.5 0.9 0.5
v 1.5 3.1 0.5
v 1.5 3.2 0.5
v 1.6 0.8 0.5
v 1.6 0.9 0.5
v 1.6 3.1 0.5
v 1.6 3.2 0.5
v 1.7 1.1 0.5
v 1.7 1.2 0.5
v 1.7 2.8 0.5
v 1.7 2.9 0.5
v 1.8 1.1 0.5
v 1.8 1.2 0.5
v 1.8 1.4 0.5
v 1.8 1.5 0.5
v 1.8 2.5 0.5
v 1.8 2.6 0.5
v 1.8 2.8 0.5
v 1.8 2.9 0.5
v 1.9 1.4 0.5
v 1.9 1.5 0.5
v 1.9 2.5 0.5
v 1.9 2.6 0.5
v -2 1.7 0.4
v -2 1.9 0.4
v -2 2 0.4
v -2 2.3 0.4
v -1.9 1.3 0.4
v -1.9 1.4 0.4
v -1.9 1.7 0.4
v -1.9 1.9 0.4
v -1.9 2 0.4
v -1.9 2.3 0.4
v -1.9 2.6 0.4
v -1.9 2.7 0.4
v -1.8 1.3 0.4
v -1.8 1.4 0.4
v -1.8 2.6 0.4
v -1.8 2.7 0.4
v -1.7 0.9 0.4
v -1.7 1 0.4
v -1.7 3 0.4
v -1.7 3.1 0.4
v -1.6 0.9 0.4
v -1.6 1 0.4
v -1.6 3 0.4
v -1.6 3.1 0.4
v -1.1 0.3 0.4
v -1.1 0.4 0.4
v -1.1 3.6 0.4
v -1.1 3.7 0.4
v -1 0.3 0.4
v -1 0.4 0.4
v -1 3.6 0.4
v -1 3.7 0.4
v -0.7 0.1 0.4
v -0.7 0.2 0.4
v -0.7 3.8 0.4
v -0.7 3.9 0.4
v -0.6 0.1 0.4
v -0.6 0.2 0.4
v -0.6 3.8 0.4
v -0.6 3.9 0.4
v -0.3 0 0.4
v -0.3 0.1 0.4
v -0.3 3.9 0.4
v -0.3 4 0.4
v 0.2 0 0.4
v 0.2 0.1 0.4
v 0.2 3.9 0.4
v 0.2 4 0.4
v 0.3 0 0.4
v 0.3 0.1 0.4
v 0.3 3.9 0.4
v 0.3 4 0.4
v 0.6 0.1 0.4
v 0.6 0.2 0.4
v 0.6 3.8 0.4
v 0.6 3.9 0.4
v 0.7 0.1 0.4
v 0.7 0.2 0.4
v 0.7 3.8 0.4
v 0.7 3.9 0.4
v 1 0.3 0.4
v 1 0.4 0.4
v 1 3.6 0.4
v 1 3.7 0.4
v 1.1 0.3 0.4
v 1.1 0.4 0.4
v 1.1 3.6 0.4
v 1.1 3.7 0.4
v 1.6 0.9 0.4
v 1.6 1 0.4
v 1.6 3 0.4
v 1.6 3.1 0.4
v 1.7 0.9 0.4
v 1.7 1 0.4
v 1.7 3 0.4
v 1.7 3.1 0.4
v 1.8 1.3 0.4
v 1.8 1.4 0.4
v 1.8 2.6 0.4
v 1.8 2.7 0.4
v 1.9 1.3 0.4
v 1.9 1.4 0.4
v 1.9 1.7 0.4
v 1.9 1.8 0.4
v 1.9 1.9 0.4
v 1.9 2 0.4
v 1.9 2.3 0.4
v 1.9 2.6 0.4
v 1.9 2.7 0.4
v 2 1.7 0.4
v 2 1.8 0.4
v 2 1.9 0.4
v 2 2 0.4
v 2 2.3 0.4
v -2 1.6 0.3
v -2 1.7 0.3
v -2 2.3 0.3
v -2 2.4 0.3
v -1.9 1.6 0.3
v -1.9 1.7 0.3
v -1.9 2.3 0.3
v -1.9 2.4 0.3
v -1.5 0.6 0.3
v -1.5 0.7 0.3
v -1.5 3.3 0.3
v -1.5 3.4 0.3
v -1.4 0.5 0.3
v -1.4 0.6 0.3
v -1.4 0.7 0.3
v -1.4 3.3 0.3
v -1.4 3.4 0.3
v -1.4 3.5 0.3
v -1.3 0.5 0.3
v -1.3 0.6 0.3
v -1.3 3.4 0.3
v -1.3 3.5 0.3
v -0.4 0 0.3
v -0.4 0.1 0.3
v -0.4 3.9 0.3
v -0.4 4 0.3
v -0.3 0 0.3
v -0.3 0.1 0.3
v -0.3 3.9 0.3
v -0.3 4 0.3
v 0.3 0 0.3
v 0.3 0.1 0.3
v 0.3 3.9 0.3
v 0.3 4 0.3
v 0.4 0 0.3
v 0.4 0.1 0.3
v 0.4 3.9 0.3
v 0.4 4 0.3
v 1.3 0.5 0.3
v 1.3 0.6 0.3
v 1.3 3.4 0.3
v 1.3 3.5 0.3
v 1.4 0.5 0.3
v 1.4 0.6 0.3
v 1.4 0.7 0.3
v 1.4 3.3 0.3
v 1.4 3.4 0.3
v 1.4 3.5 0.3
v 1.5 0.6 0.3
v 1.5 0.7 0.3
v 1.5 3.3 0.3
v 1.5 3.4 0.3
v 1.9 1.6 0.3
v 1.9 1.7 0.3
v 1.9 2.3 0.3
v 1.9 2.4 0.3
v 2 1.6 0.3
v 2 1.7 0.3
v 2 2.3 0.3
v 2 2.4 0.3
v -1.8 1 0.2
v -1.8 1.1 0.2
v -1.8 2.9 0.2
v -1.8 3 0.2
v -1.7 1 0.2
v -1.7 1.1 0.2
v -1.7 2.9 0.2
v -1.7 3 0.2
v -1.6 0.7 0.2
v -1.6 0.8 0.2
v -1.6 3.2 0.2
v -1.6 3.3 0.2
v -1.5 0.7 0.2
v -1.5 0.8 0.2
v -1.5 3.2 0.2
v -1.5 3.3 0.2
v -1.3 0.4 0.2
v -1.3 0.5 0.2
v -1.3 3.5 0.2
v -1.3 3.6 0.2
v -1.2 0.4 0.2
v -1.2 0.5 0.2
v -1.2 3.5 0.2
v -1.2 3.6 0.2
v -1 0.2 0.2
v -1 0.3 0.2
v -1 3.7 0.2
v -1 3.8 0.2
v -0.9 0.2 0.2
v -0.9 0.3 0.2
v -0.9 3.7 0.2
v -0.9 3.8 0.2
v 0.9 0.2 0.2
v 0.9 0.3 0.2
v 0.9 3.7 0.2
v 0.9 3.8 0.2
v 1 0.2 0.2
v 1 0.3 0.2
v 1 3.7 0.2
v 1 3.8 0.2
v 1.2 0.4 0.2
v 1.2 0.5 0.2
v 1.2 3.5 0.2
v 1.2 3.6 0.2
v 1.3 0.4 0.2
v 1.3 0.5 0.2
v 1.3 3.5 0.2
v 1.3 3.6 0.2
v 1.5 0.7 0.2
v 1.5 0.8 0.2
v 1.5 3.2 0.2
v 1.5 3.3 0.2
v 1.6 0.7 0.2
v 1.6 0.8 0.2
v 1.6 3.2 0.2
v 1.6 3.3 0.2
v 1.7 1 0.2
v 1.7 1.1 0.2
v 1.7 2.9 0.2
v 1.7 3 0.2
v 1.8 1 0.2
v 1.8 1.1 0.2
v 1.8 2.9 0.2
v 1.8 3 0.2
v -1.9 1.2 0.0999999
v -1.9 1.3 0.0999999
v -1.9 2.7 0.0999999
v -1.9 2.8 0.0999999
v -1.8 1.2 0.0999999
v -1.8 1.3 0.0999999
v -1.8 2.7 0.0999999
v -1.8 2.8 0.0999999
v -0.8 0.1 0.0999999
v -0.8 0.2 0.0999999
v -0.8 3.8 0.0999999
v -0.8 3.9 0.0999999
v -0.7 0.1 0.0999999
v -0.7 0.2 0.0999999
v -0.7 3.8 0.0999999
v -0.7 3.9 0.0999999
v 0.7 0.1 0.0999999
v 0.7 0.2 0.0999999
v 0.7 3.8 0.0999999
v 0.7 3.9 0.0999999
v 0.8 0.1 0.0999999
v 0.8 0.2 0.0999999
v 0.8 3.8 0.0999999
v 0.8 3.9 0.0999999
v 1.8 1.2 0.0999999
v 1.8 1.3 0.0999999
v 1.8 2.7 0.0999999
v 1.8 2.8 0.0999999
v 1.9 1.2 0.0999999
v 1.9 1.3 0.0999999
v 1.9 2.7 0.0999999
v 1.9 2.8 0.0999999
v -1.9 1.2 -0.1
v -1.9 1.3 -0.1
v -1.9 2.7 -0.1
v -1.9 2.8 -0.1
v -1.8 1.2 -0.1
v -1.8 1.3 -0.1
v -1.8 2.7 -0.1
v -1.8 2.8 -0.1
v -0.8 0.1 -0.1
v -0.8 0.2 -0.1
v -0.8 3.8 -0.1
v -0.8 3.9 -0.1
v -0.7 0.1 -0.1
v -0.7 0.2 -0.1
v -0.7 3.8 -0.1
v -0.7 3.9 -0.1
v 0.7 0.1 -0.1
v 0.7 0.2 -0.1
v 0.7 3.8 -0.1
v 0.7 3.9 -0.1
v 0.8 0.1 -0.1
v 0.8 0.2 -0.1
v 0.8 3.8 -0.1
v 0.8 3.9 -0.1
v 1.8 1.2 -0.1
v 1.8 1.3 -0.1
v 1.8 2.7 -0.1
v 1.8 2.8 -0.1
v 1.9 1.2 -0.1
v 1.9 1.3 -0.1
v 1.9 2.7 -0.1
v 1.9 2.8 -0.1
v -1.8 1 -0.2
v -1.8 1.1 -0.2
v -1.8 2.9 -0.2
v -1.8 3 -0.2
v -1.7 1 -0.2
v -1.7 1.1 -0.2
v -1.7 2.9 -0.2
v -1.7 3 -0.2
v -1.6 0.7 -0.2
v -1.6 0.8 -0.2
v -1.6 3.2 -0.2
v -1.6 3.3 -0.2
v -1.5 0.7 -0.2
v -1.5 0.8 -0.2
v -1.5 3.2 -0.2
v -1.5 3.3 -0.2
v -1.3 0.4 -0.2
v -1.3 0.5 -0.2
v -1.3 3.5 -0.2
v -1.3 3.6 -0.2
v -1.2 0.4 -0.2
v -1.2 0.5 -0.2
v -1.2 3.5 -0.2
v -1.2 3.6 -0.2
v -1 0.2 -0.2
v -1 0.3 -0.2
v -1 3.7 -0.2
v -1 3.8 -0.2
v -0.9 0.2 -0.2
v -0.9 0.3 -0.2
v -0.9 3.7 -0.2
v -0.9 3.8 -0.2
v 0.9 0.2 -0.2
v 0.9 0.3 -0.2
v 0.9 3.7 -0.2
v 0.9 3.8 -0.2
v 1 0.2 -0.2
v 1 0.3 -0.2
v 1 3.7 -0.2
v 1 3.8 -0.2
v 1.2 0.4 -0.2
v 1.2 0.5 -0.2
v 1.2 3.5 -0.2
v 1.2 3.6 -0.2
v 1.3 0.4 -0.2
v 1.3 0.5 -0.2
v 1.3 3.5 -0.2
v 1.3 3.6 -0.2
v 1.5 0.7 -0.2
v 1.5 0.8 -0.2
v 1.5 3.2 -0.2
v 1.5 3.3 -0.2
v 1.6 0.7 -0.2
v 1.6 0.8 -0.2
v 1.6 3.2 -0.2
v 1.6 3.3 -0.2
v 1.7 1 -0.2
v 1.7 1.1 -0.2
v 1.7 2.9 -0.2
v 1.7 3 -0.2
v 1.8 1 -0.2
v 1.8 1.1 -0.2
v 1.8 2.9 -0.2
v 1.8 3 -0.2
v -2 1.6 -0.3
v -2 1.7 -0.3
v -2 2.3 -0.3
v -2 2.4 -0.3
v -1.9 1.6 -0.3
v -1.9 1.7 -0.3
v -1.9 2.3 -0.3
v -1.9 2.4 -0.3
v -1.5 0.6 -0.3
v -1.5 0.7 -0.3
v -1.5 3.3 -0.3
v -1.5 3.4 -0.3
v -1.4 0.5 -0.3
v -1.4 0.6 -0.3
v -1.4 0.7 -0.3
v -1.4 3.3 -0.3
v -1.4 3.4 -0.3
v -1.4 3.5 -0.3
v -1.3 0.5 -0.3
v -1.3 0.6 -0.3
v -1.3 3.4 -0.3
v -1.3 3.5 -0.3
v -0.4 0 -0.3
v -0.4 0.1 -0.3
v -0.4 3.9 -0.3
v -0.4 4 -0.3
v -0.3 0 -0.3
v -0.3 0.1 -0.3
v -0.3 3.9 -0.3
v -0.3 4 -0.3
v 0.3 0 -0.3
v 0.3 0.1 -0.3
v 0.3 3.9 -0.3
v 0.3 4 -0.3
v 0.4 0 -0.3
v 0.4 0.1 -0.3
v 0.4 3.9 -0.3
v 0.4 4 -0.3
v 1.3 0.5 -0.3
v 1.3 0.6 -0.3
v 1.3 3.4 -0.3
v 1.3 3.5 -0.3
v 1.4 0.5 -0.3
v 1.4 0.6 -0.3
v 1.4 0.7 -0.3
v 1.4 3.3 -0.3
v 1.4 3.4 -0.3
v 1.4 3.5 -0.3
v 1.5 0.6 -0.3
v 1.5 0.7 -0.3
v 1.5 3.3 -0.3
v 1.5 3.4 -0.3
v 1.9 1.6 -0.3
v 1.9 1.7 -0.3
v 1.9 2.3 -0.3
v 1.9 2.4 -0.3
v 2 1.6 -0.3
v 2 1.7 -0.3
v 2 2.3 -0.3
v 2 2.4 -0.3
v -2 1.7 -0.4
v -2 1.9 -0.4
v -2 2 -0.4
v -2 2.2 -0.4
v -2 2.3 -0.4
v -1.9 1.3 -0.4
v -1.9 1.4 -0.4
v -1.9 1.7 -0.4
v -1.9 1.9 -0.4
v -1.9 2 -0.4
v -1.9 2.2 -0.4
v -1.9 2.3 -0.4
v -1.9 2.6 -0.4
v -1.9 2.7 -0.4
v -1.8 1.3 -0.4
v -1.8 1.4 -0.4
v -1.8 2.6 -0.4
v -1.8 2.7 -0.4
v -1.7 0.9 -0.4
v -1.7 1 -0.4
v -1.7 3 -0.4
v -1.7 3.1 -0.4
v -1.6 0.9 -0.4
v -1.6 1 -0.4
v -1.6 3 -0.4
v -1.6 3.1 -0.4
v -1.1 0.3 -0.4
v -1.1 0.4 -0.4
v -1.1 3.6 -0.4
v -1.1 3.7 -0.4
v -1 0.3 -0.4
v -1 0.4 -0.4
v -1 3.6 -0.4
v -1 3.7 -0.4
v -0.7 0.1 -0.4
v -0.7 0.2 -0.4
v -0.7 3.8 -0.4
v -0.7 3.9 -0.4
v -0.6 0.1 -0.4
v -0.6 0.2 -0.4
v -0.6 3.8 -0.4
v -0.6 3.9 -0.4
v -0.3 0 -0.4
v -0.3 0.1 -0.4
v -0.3 3.9 -0.4
v -0.3 4 -0.4
v 0.2 0 -0.4
v 0.2 0.1 -0.4
v 0.3 0 -0.4
v 0.3 0.1 -0.4
v 0.3 3.9 -0.4
v 0.3 4 -0.4
v 0.6 0.1 -0.4
v 0.6 0.2 -0.4
v 0.6 3.8 -0.4
v 0.6 3.9 -0.4
v 0.7 0.1 -0.4
v 0.7 0.2 -0.4
v 0.7 3.8 -0.4
v 0.7 3.9 -0.4
v 1 0.3 -0.4
v 1 0.4 -0.4
v 1 3.6 -0.4
v 1 3.7 -0.4
v 1.1 0.3 -0.4
v 1.1 0.4 -0.4
v 1.1 3.6 -0.4
v 1.1 3.7 -0.4
v 1.6 0.9 -0.4
v 1.6 1 -0.4
v 1.6 3 -0.4
v 1.6 3.1 -0.4
v 1.7 0.9 -0.4
v 1.7 1 -0.4
v 1.7 3 -0.4
v 1.7 3.1 -0.4
v 1.8 1.3 -0.4
v 1.8 1.4 -0.4
v 1.8 2.6 -0.4
v 1.8 2.7 -0.4
v 1.9 1.3 -0.4
v 1.9 1.4 -0.4
v 1.9 1.7 -0.4
v 1.9 1.8 -0.4
v 1.9 2.3 -0.4
v 1.9 2.6 -0.4
v 1.9 2.7 -0.4
v 2 1.7 -0.4
v 2 1.8 -0.4
v 2 2.3 -0.4
v -1.9 1.4 -0.5
v -1.9 1.5 -0.5
v -1.9 2.5 -0.5
v -1.9 2.6 -0.5
v -1.8 1.1 -0.5
v -1.8 1.2 -0.5
v -1.8 1.4 -0.5
v -1.8 1.5 -0.5
v -1.8 2.5 -0.5
v -1.8 2.6 -0.5
v -1.8 2.8 -0.5
v -1.8 2.9 -0.5
v -1.7 1.1 -0.5
v -1.7 1.2 -0.5
v -1.7 2.8 -0.5
v -1.7 2.9 -0.5
v -1.6 0.8 -0.5
v -1.6 0.9 -0.5
v -1.6 3.1 -0.5
v -1.6 3.2 -0.5
v -1.5 0.8 -0.5
v -1.5 0.9 -0.5
v -1.5 3.1 -0.5
v -1.5 3.2 -0.5
v -1.2 0.4 -0.5
v -1.2 0.5 -0.5
v -1.2 3.5 -0.5
v -1.2 3.6 -0.5
v -1.1 0.4 -0.5
v -1.1 0.5 -0.5
v -1.1 3.5 -0.5
v -1.1 3.6 -0.5
v -0.9 0.2 -0.5
v -0.9 0.3 -0.5
v -0.9 3.7 -0.5
v -0.9 3.8 -0.5
v -0.8 0.2 -0.5
v -0.8 0.3 -0.5
v -0.8 3.7 -0.5
v -0.8 3.8 -0.5
v -0.6 0.1 -0.5
v -0.6 0.2 -0.5
v -0.6 3.8 -0.5
v -0.6 3.9 -0.5
v -0.5 0.1 -0.5
v -0.5 0.2 -0.5
v -0.5 3.8 -0.5
v -0.5 3.9 -0.5
v 0.5 0.1 -0.5
v 0.5 0.2 -0.5
v 0.5 3.8 -0.5
v 0.5 3.9 -0.5
v 0.6 0.1 -0.5
v 0.6 0.2 -0.5
v 0.6 3.8 -0.5
v 0.6 3.9 -0.5
v 0.8 0.2 -0.5
v 0.8 0.3 -0.5
v 0.8 3.7 -0.5
v 0.8 3.8 -0.5
v 0.9 0.2 -0.5
v 0.9 0.3 -0.5
v 0.9 3.7 -0.5
v 0.9 3.8 -0.5
v 1.1 0.4 -0.5
v 1.1 0.5 -0.5
v 1.1 3.5 -0.5
v 1.1 3.6 -0.5
v 1.2 0.4 -0.5
v 1.2 0.5 -0.5
v 1.2 3.5 -0.5
v 1.2 3.6 -0.5
v 1.5 0.8 -0.5
v 1.5 0.9 -0.5
v 1.5 3.1 -0.5
v 1.5 3.2 -0.5
v 1.6 0.8 -0.5
v 1.6 0.9 -0.5
v 1.6 3.1 -0.5
v 1.6 3.2 -0.5
v 1.7 1.1 -0.5
v 1.7 1.2 -0.5
v 1.7 2.8 -0.5
v 1.7 2.9 -0.5
v 1.8 1.1 -0.5
v 1.8 1.2 -0.5
v 1.8 1.4 -0.5
v 1.8 1.5 -0.5
v 1.8 2.5 -0.5
v 1.8 2.6 -0.5
v 1.8 2.8 -0.5
v 1.8 2.9 -0.5
v 1.9 1.4 -0.5
v 1.9 1.5 -0.5
v 1.9 2.5 -0.5
v 1.9 2.6 -0.5
v -1.9 1.5 -0.6
v -1.9 1.6 -0.6
v -1.9 2.4 -0.6
v -1.9 2.5 -0.6
v -1.8 1.2 -0.6
v -1.8 1.3 -0.6
v -1.8 1.5 -0.6
v -1.8 1.6 -0.6
v -1.8 2.4 -0.6
v -1.8 2.5 -0.6
v -1.8 2.7 -0.6
v -1.8 2.8 -0.6
v -1.7 1 -0.6
v -1.7 1.1 -0.6
v -1.7 1.2 -0.6
v -1.7 1.3 -0.6
v -1.7 2.7 -0.6
v -1.7 2.8 -0.6
v -1.7 2.9 -0.6
v -1.7 3 -0.6
v -1.6 1 -0.6
v -1.6 1.1 -0.6
v -1.6 2.9 -0.6
v -1.6 3 -0.6
v -1.5 0.7 -0.6
v -1.5 0.8 -0.6
v -1.5 3.2 -0.6
v -1.5 3.3 -0.6
v -1.4 0.6 -0.6
v -1.4 0.7 -0.6
v -1.4 0.8 -0.6
v -1.4 3.2 -0.6
v -1.4 3.3 -0.6
v -1.4 3.4 -0.6
v -1.3 0.5 -0.6
v -1.3 0.6 -0.6
v -1.3 0.7 -0.6
v -1.3 3.3 -0.6
v -1.3 3.4 -0.6
v -1.3 3.5 -0.6
v -1.2 0.5 -0.6
v -1.2 0.6 -0.6
v -1.2 3.4 -0.6
v -1.2 3.5 -0.6
v -1 0.3 -0.6
v -1 0.4 -0.6
v -1 3.6 -0.6
v -1 3.7 -0.6
v -0.9 0.3 -0.6
v -0.9 0.4 -0.6
v -0.9 3.6 -0.6
v -0.9 3.7 -0.6
v -0.8 0.2 -0.6
v -0.8 0.3 -0.6
v -0.8 3.7 -0.6
v -0.8 3.8 -0.6
v -0.7 0.2 -0.6
v -0.7 0.3 -0.6
v -0.7 3.7 -0.6
v -0.7 3.8 -0.6
v -0.5 0.1 -0.6
v -0.5 0.2 -0.6
v -0.5 3.8 -0.6
v -0.5 3.9 -0.6
v -0.4 0.1 -0.6
v -0.4 0.2 -0.6
v -0.4 3.8 -0.6
v -0.4 3.9 -0.6
v 0.4 0.1 -0.6
v 0.4 0.2 -0.6
v 0.4 3.8 -0.6
v 0.4 3.9 -0.6
v 0.5 0.1 -0.6
v 0.5 0.2 -0.6
v 0.5 3.8 -0.6
v 0.5 3.9 -0.6
v 0.7 0.2 -0.6
v 0.7 0.3 -0.6
v 0.7 3.7 -0.6
v 0.7 3.8 -0.6
v 0.8 0.2 -0.6
v 0.8 0.3 -0.6
v 0.8 3.7 -0.6
v 0.8 3.8 -0.6
v 0.9 0.3 -0.6
v 0.9 0.4 -0.6
v 0.9 3.6 -0.6
v 0.9 3.7 -0.6
v 1 0.3 -0.6
v 1 0.4 -0.6
v 1 3.6 -0.6
v 1 3.7 -0.6
v 1.2 0.5 -0.6
v 1.2 0.6 -0.6
v 1.2 3.4 -0.6
v 1.2 3.5 -0.6
v 1.3 0.5 -0.6
v 1.3 0.6 -0.6
v 1.3 0.7 -0.6
v 1.3 3.3 -0.6
v 1.3 3.4 -0.6
v 1.3 3.5 -0.6
v 1.4 0.6 -0.6
v 1.4 0.7 -0.6
v 1.4 0.8 -0.6
v 1.4 3.2 -0.6
v 1.4 3.3 -0.6
v 1.4 3.4 -0.6
v 1.5 0.7 -0.6
v 1.5 0.8 -0.6
v 1.5 3.2 -0.6
v 1.5 3.3 -0.6
v 1.6 1 -0.6
v 1.6 1.1 -0.6
v 1.6 2.9 -0.6
v 1.6 3 -0.6
v 1.7 1 -0.6
v 1.7 1.1 -0.6
v 1.7 1.2 -0.6
v 1.7 1.3 -0.6
v 1.7 2.7 -0.6
v 1.7 2.8 -0.6
v 1.7 2.9 -0.6
v 1.7 3 -0.6
v 1.8 1.2 -0.6
v 1.8 1.3 -0.6
v 1.8 1.5 -0.6
v 1.8 1.6 -0.6
v 1.8 2.4 -0.6
v 1.8 2.5 -0.6
v 1.8 2.7 -0.6
v 1.8 2.8 -0.6
v 1.9 1.5 -0.6
v 1.9 1.6 -0.6
v 1.9 2.4 -0.6
v 1.9 2.5 -0.6
v -1.9 1.6 -0.7
v -1.9 1.9 -0.7
v -1.9 2.1 -0.7
v -1.9 2.4 -0.7
v -1.8 1.3 -0.7
v -1.8 1.4 -0.7
v -1.8 1.6 -0.7
v -1.8 1.9 -0.7
v -1.8 2.1 -0.7
v -1.8 2.4 -0.7
v -1.8 2.6 -0.7
v -1.8 2.7 -0.7
v -1.7 1.1 -0.7
v -1.7 1.2 -0.7
v -1.7 1.3 -0.7
v -1.7 1.4 -0.7
v -1.7 2.6 -0.7
v -1.7 2.7 -0.7
v -1.7 2.8 -0.7
v -1.7 2.9 -0.7
v -1.6 0.9 -0.7
v -1.6 1 -0.7
v -1.6 1.1 -0.7
v -1.6 1.2 -0.7
v -1.6 2.8 -0.7
v -1.6 2.9 -0.7
v -1.6 3 -0.7
v -1.6 3.1 -0.7
v -1.5 0.9 -0.7
v -1.5 1 -0.7
v -1.5 3 -0.7
v -1.5 3.1 -0.7
v -1.1 0.4 -0.7
v -1.1 0.5 -0.7
v -1.1 3.5 -0.7
v -1.1 3.6 -0.7
v -1 0.4 -0.7
v -1 0.5 -0.7
v -1 3.5 -0.7
v -1 3.6 -0.7
v -0.9 0.3 -0.7
v -0.9 0.4 -0.7
v -0.9 3.6 -0.7
v -0.9 3.7 -0.7
v -0.8 0.3 -0.7
v -0.8 0.4 -0.7
v -0.8 3.6 -0.7
v -0.8 3.7 -0.7
v -0.7 0.2 -0.7
v -0.7 0.3 -0.7
v -0.7 3.7 -0.7
v -0.7 3.8 -0.7
v -0.6 0.2 -0.7
v -0.6 0.3 -0.7
v -0.6 3.7 -0.7
v -0.6 3.8 -0.7
v -0.4 0.1 -0.7
v -0.4 0.2 -0.7
v -0.4 3.8 -0.7
v -0.4 3.9 -0.7
v -0.3 3.8 -0.7
v -0.2 3.8 -0.7
v -0.2 3.9 -0.7
v -0.0999999 0.1 -0.7
v -0.0999999 0.2 -0.7
v -0.0999999 3.8 -0.7
v -0.0999999 3.9 -0.7
v 0.1 0.1 -0.7
v 0.1 0.2 -0.7
v 0.1 3.8 -0.7
v 0.1 3.9 -0.7
v 0.3 0.1 -0.7
v 0.3 0.2 -0.7
v 0.3 3.8 -0.7
v 0.3 3.9 -0.7
v 0.4 0.1 -0.7
v 0.4 0.2 -0.7
v 0.4 3.8 -0.7
v 0.4 3.9 -0.7
v 0.6 0.2 -0.7
v 0.6 0.3 -0.7
v 0.6 3.7 -0.7
v 0.6 3.8 -0.7
v 0.7 0.2 -0.7
v 0.7 0.3 -0.7
v 0.7 3.7 -0.7
v 0.7 3.8 -0.7
v 0.8 0.3 -0.7
v 0.8 0.4 -0.7
v 0.8 3.6 -0.7
v 0.8 3.7 -0.7
v 0.9 0.3 -0.7
v 0.9 0.4 -0.7
v 0.9 3.6 -0.7
v 0.9 3.7 -0.7
v 1 0.4 -0.7
v 1 0.5 -0.7
v 1 3.5 -0.7
v 1 3.6 -0.7
v 1.1 0.4 -0.7
v 1.1 0.5 -0.7
v 1.1 3.5 -0.7
v 1.1 3.6 -0.7
v 1.5 0.9 -0.7
v 1.5 1 -0.7
v 1.5 3 -0.7
v 1.5 3.1 -0.7
v 1.6 0.9 -0.7
v 1.6 1 -0.7
v 1.6 1.1 -0.7
v 1.6 1.2 -0.7
v 1.6 2.8 -0.7
v 1.6 2.9 -0.7
v 1.6 3 -0.7
v 1.6 3.1 -0.7
v 1.7 1.1 -0.7
v 1.7 1.2 -0.7
v 1.7 1.3 -0.7
v 1.7 1.4 -0.7
v 1.7 2.6 -0.7
v 1.7 2.7 -0.7
v 1.7 2.8 -0.7
v 1.7 2.9 -0.7
v 1.8 1.3 -0.7
v 1.8 1.4 -0.7
v 1.8 1.6 -0.7
v 1.8 1.7 -0.7
v 1.8 1.8 -0.7
v 1.8 1.9 -0.7
v 1.8 2.1 -0.7
v 1.8 2.4 -0.7
v 1.8 2.6 -0.7
v 1.8 2.7 -0.7
v 1.9 1.6 -0.7
v 1.9 1.7 -0.7
v 1.9 1.8 -0.7
v 1.9 1.9 -0.7
v 1.9 2.1 -0.7
v 1.9 2.4 -0.7
v -1.9 1.9 -0.8
v -1.9 2 -0.8
v -1.9 2.1 -0.8
v -1.8 1.4 -0.8
v -1.8 1.5 -0.8
v -1.8 1.9 -0.8
v -1.8 2 -0.8
v -1.8 2.1 -0.8
v -1.8 2.5 -0.8
v -1.8 2.6 -0.8
v -1.7 1.2 -0.8
v -1.7 1.3 -0.8
v -1.7 1.4 -0.8
v -1.7 1.5 -0.8
v -1.7 2.5 -0.8
v -1.7 2.6 -0.8
v -1.7 2.7 -0.8
v -1.7 2.8 -0.8
v -1.6 1 -0.8
v -1.6 1.1 -0.8
v -1.6 1.2 -0.8
v -1.6 1.3 -0.8
v -1.6 2.7 -0.8
v -1.6 2.8 -0.8
v -1.6 2.9 -0.8
v -1.6 3 -0.8
v -1.5 0.8 -0.8
v -1.5 0.9 -0.8
v -1.5 1 -0.8
v -1.5 1.1 -0.8
v -1.5 2.9 -0.8
v -1.5 3 -0.8
v -1.5 3.1 -0.8
v -1.5 3.2 -0.8
v -1.4 0.7 -0.8
v -1.4 0.8 -0.8
v -1.4 0.9 -0.8
v -1.4 3.1 -0.8
v -1.4 3.2 -0.8
v -1.4 3.3 -0.8
v -1.3 0.6 -0.8
v -1.3 0.7 -0.8
v -1.3 0.8 -0.8
v -1.3 3.2 -0.8
v -1.3 3.3 -0.8
v -1.3 3.4 -0.8
v -1.2 0.5 -0.8
v -1.2 0.6 -0.8
v -1.2 0.7 -0.8
v -1.2 3.3 -0.8
v -1.2 3.4 -0.8
v -1.2 3.5 -0.8
v -1.1 0.5 -0.8
v -1.1 0.6 -0.8
v -1.1 3.4 -0.8
v -1.1 3.5 -0.8
v -1 0.4 -0.8
v -1 0.5 -0.8
v -1 3.5 -0.8
v -1 3.6 -0.8
v -0.9 0.4 -0.8
v -0.9 0.5 -0.8
v -0.9 3.5 -0.8
v -0.9 3.6 -0.8
v -0.8 0.3 -0.8
v -0.8 0.4 -0.8
v -0.8 3.6 -0.8
v -0.8 3.7 -0.8
v -0.7 0.3 -0.8
v -0.7 0.4 -0.8
v -0.7 3.6 -0.8
v -0.7 3.7 -0.8
v -0.6 0.2 -0.8
v -0.6 0.3 -0.8
v -0.6 3.7 -0.8
v -0.6 3.8 -0.8
v -0.5 0.2 -0.8
v -0.5 0.3 -0.8
v -0.5 3.7 -0.8
v -0.5 3.8 -0.8
v -0.0999999 0.1 -0.8
v -0.0999999 0.2 -0.8
v -0.0999999 3.8 -0.8
v -0.0999999 3.9 -0.8
v 0.1 0.1 -0.8
v 0.1 0.2 -0.8
v 0.1 3.8 -0.8
v 0.1 3.9 -0.8
v 0.5 0.2 -0.8
v 0.5 0.3 -0.8
v 0.5 3.7 -0.8
v 0.5 3.8 -0.8
v 0.6 0.2 -0.8
v 0.6 0.3 -0.8
v 0.6 3.7 -0.8
v 0.6 3.8 -0.8
v 0.7 0.3 -0.8
v 0.7 0.4 -0.8
v 0.7 3.6 -0.8
v 0.7 3.7 -0.8
v 0.8 0.3 -0.8
v 0.8 0.4 -0.8
v 0.8 3.6 -0.8
v 0.8 3.7 -0.8
v 0.9 0.4 -0.8
v 0.9 0.5 -0.8
v 0.9 3.5 -0.8
v 0.9 3.6 -0.8
v 1 0.4 -0.8
v 1 0.5 -0.8
v 1 3.5 -0.8
v 1 3.6 -0.8
v 1.1 0.5 -0.8
v 1.1 0.6 -0.8
v 1.1 3.4 -0.8
v 1.1 3.5 -0.8
v 1.2 0.5 -0.8
v 1.2 0.6 -0.8
v 1.2 0.7 -0.8
v 1.2 3.3 -0.8
v 1.2 3.4 -0.8
v 1.2 3.5 -0.8
v 1.3 0.6 -0.8
v 1.3 0.7 -0.8
v 1.3 0.8 -0.8
v 1.3 3.2 -0.8
v 1.3 3.3 -0.8
v 1.3 3.4 -0.8
v 1.4 0.7 -0.8
v 1.4 0.8 -0.8
v 1.4 0.9 -0.8
v 1.4 3.1 -0.8
v 1.4 3.2 -0.8
v 1.4 3.3 -0.8
v 1.5 0.8 -0.8
v 1.5 0.9 -0.8
v 1.5 1 -0.8
v 1.5 1.1 -0.8
v 1.5 2.9 -0.8
v 1.5 3 -0.8
v 1.5 3.1 -0.8
v 1.5 3.2 -0.8
v 1.6 1 -0.8
v 1.6 1.1 -0.8
v 1.6 1.2 -0.8
v 1.6 1.3 -0.8
v 1.6 2.7 -0.8
v 1.6 2.8 -0.8
v 1.6 2.9 -0.8
v 1.6 3 -0.8
v 1.7 1.2 -0.8
v 1.7 1.3 -0.8
v 1.7 1.4 -0.8
v 1.7 1.5 -0.8
v 1.7 2.5 -0.8
v 1.7 2.6 -0.8
v 1.7 2.7 -0.8
v 1.7 2.8 -0.8
v 1.8 1.4 -0.8
v 1.8 1.5 -0.8
v 1.8 1.9 -0.8
v 1.8 2.1 -0.8
v 1.8 2.5 -0.8
v 1.8 2.6 -0.8
v 1.9 1.9 -0.8
v 1.9 2.1 -0.8
v -1.8 1.5 -0.9
v -1.8 1.8 -0.9
v -1.8 2.2 -0.9
v -1.8 2.5 -0.9
v -1.7 1.3 -0.9
v -1.7 1.4 -0.9
v -1.7 1.5 -0.9
v -1.7 1.8 -0.9
v -1.7 2.2 -0.9
v -1.7 2.5 -0.9
v -1.7 2.6 -0.9
v -1.7 2.7 -0.9
v -1.6 1.1 -0.9
v -1.6 1.2 -0.9
v -1.6 1.3 -0.9
v -1.6 1.4 -0.9
v -1.6 2.6 -0.9
v -1.6 2.7 -0.9
v -1.6 2.8 -0.9
v -1.6 2.9 -0.9
v -1.5 0.9 -0.9
v -1.5 1 -0.9
v -1.5 1.1 -0.9
v -1.5 1.2 -0.9
v -1.5 2.8 -0.9
v -1.5 2.9 -0.9
v -1.5 3 -0.9
v -1.5 3.1 -0.9
v -1.4 0.8 -0.9
v -1.4 0.9 -0.9
v -1.4 1 -0.9
v -1.4 3 -0.9
v -1.4 3.1 -0.9
v -1.4 3.2 -0.9
v -1.3 0.7 -0.9
v -1.3 0.8 -0.9
v -1.3 0.9 -0.9
v -1.3 3.1 -0.9
v -1.3 3.2 -0.9
v -1.3 3.3 -0.9
v -1.2 0.6 -0.9
v -1.2 0.7 -0.9
v -1.2 0.8 -0.9
v -1.2 3.2 -0.9
v -1.2 3.3 -0.9
v -1.2 3.4 -0.9
v -1.1 0.5 -0.9
v -1.1 0.6 -0.9
v -1.1 0.7 -0.9
v -1.1 3.3 -0.9
v -1.1 3.4 -0.9
v -1.1 3.5 -0.9
v -1 0.5 -0.9
v -1 0.6 -0.9
v -1 3.4 -0.9
v -1 3.5 -0.9
v -0.9 0.4 -0.9
v -0.9 0.5 -0.9
v -0.9 3.5 -0.9
v -0.9 3.6 -0.9
v -0.8 0.4 -0.9
v -0.8 0.5 -0.9
v -0.8 3.5 -0.9
v -0.8 3.6 -0.9
v -0.7 0.3 -0.9
v -0.7 0.4 -0.9
v -0.7 3.6 -0.9
v -0.7 3.7 -0.9
v -0.6 0.3 -0.9
v -0.6 0.4 -0.9
v -0.6 3.6 -0.9
v -0.6 3.7 -0.9
v -0.5 0.2 -0.9
v -0.5 0.3 -0.9
v -0.5 3.7 -0.9
v -0.5 3.8 -0.9
v -0.4 0.2 -0.9
v -0.4 0.3 -0.9
v -0.4 3.7 -0.9
v -0.4 3.8 -0.9
v -0.3 3.7 -0.9
v -0.3 3.8 -0.9
v -0.2 0.2 -0.9
v -0.2 0.3 -0.9
v -0.2 3.7 -0.9
v -0.2 3.8 -0.9
v 0.2 0.2 -0.9
v 0.2 0.3 -0.9
v 0.2 3.7 -0.9
v 0.2 3.8 -0.9
v 0.3 0.2 -0.9
v 0.3 0.3 -0.9
v 0.3 3.7 -0.9
v 0.3 3.8 -0.9
v 0.4 0.2 -0.9
v 0.4 0.3 -0.9
v 0.4 3.7 -0.9
v 0.4 3.8 -0.9
v 0.5 0.2 -0.9
v 0.5 0.3 -0.9
v 0.5 3.7 -0.9
v 0.5 3.8 -0.9
v 0.6 0.3 -0.9
v 0.6 0.4 -0.9
v 0.6 3.6 -0.9
v 0.6 3.7 -0.9
v 0.7 0.3 -0.9
v 0.7 0.4 -0.9
v 0.7 3.6 -0.9
v 0.7 3.7 -0.9
v 0.8 0.4 -0.9
v 0.8 0.5 -0.9
v 0.8 3.5 -0.9
v 0.8 3.6 -0.9
v 0.9 0.4 -0.9
v 0.9 0.5 -0.9
v 0.9 3.5 -0.9
v 0.9 3.6 -0.9
v 1 0.5 -0.9
v 1 0.6 -0.9
v 1 3.4 -0.9
v 1 3.5 -0.9
v 1.1 0.5 -0.9
v 1.1 0.6 -0.9
v 1.1 0.7 -0.9
v 1.1 3.3 -0.9
v 1.1 3.4 -0.9
v 1.1 3.5 -0.9
v 1.2 0.6 -0.9
v 1.2 0.7 -0.9
v 1.2 0.8 -0.9
v 1.2 3.2 -0.9
v 1.2 3.3 -0.9
v 1.2 3.4 -0.9
v 1.3 0.7 -0.9
v 1.3 0.8 -0.9
v 1.3 0.9 -0.9
v 1.3 3.1 -0.9
v 1.3 3.2 -0.9
v 1.3 3.3 -0.9
v 1.4 0.8 -0.9
v 1.4 0.9 -0.9
v 1.4 1 -0.9
v 1.4 3 -0.9
v 1.4 3.1 -0.9
v 1.4 3.2 -0.9
v 1.5 0.9 -0.9
v 1.5 1 -0.9
v 1.5 1.1 -0.9
v 1.5 1.2 -0.9
v 1.5 2.8 -0.9
v 1.5 2.9 -0.9
v 1.5 3 -0.9
v 1.5 3.1 -0.9
v 1.6 1.1 -0.9
v 1.6 1.2 -0.9
v 1.6 1.3 -0.9
v 1.6 1.4 -0.9
v 1.6 2.6 -0.9
v 1.6 2.7 -0.9
v 1.6 2.8 -0.9
v 1.6 2.9 -0.9
v 1.7 1.3 -0.9
v 1.7 1.4 -0.9
v 1.7 1.5 -0.9
v 1.7 1.6 -0.9
v 1.7 1.7 -0.9
v 1.7 1.8 -0.9
v 1.7 2.2 -0.9
v 1.7 2.4 -0.9
v 1.7 2.5 -0.9
v 1.7 2.6 -0.9
v 1.7 2.7 -0.9
v 1.8 1.5 -0.9
v 1.8 1.7 -0.9
v 1.8 1.8 -0.9
v 1.8 2.2 -0.9
v 1.8 2.4 -0.9
v 1.8 2.5 -0.9
v -1.8 1.8 -1
v -1.8 2 -1
v -1.8 2.1 -1
v -1.8 2.2 -1
v -1.7 1.4 -1
v -1.7 1.6 -1
v -1.7 1.8 -1
v -1.7 2 -1
v -1.7 2.1 -1
v -1.7 2.2 -1
v -1.7 2.4 -1
v -1.7 2.6 -1
v -1.6 1.2 -1
v -1.6 1.3 -1
v -1.6 1.4 -1
v -1.6 1.6 -1
v -1.6 2.4 -1
v -1.6 2.6 -1
v -1.6 2.7 -1
v -1.6 2.8 -1
v -1.5 1 -1
v -1.5 1.1 -1
v -1.5 1.2 -1
v -1.5 1.3 -1
v -1.5 2.7 -1
v -1.5 2.8 -1
v -1.5 2.9 -1
v -1.5 3 -1
v -1.4 0.9 -1
v -1.4 1 -1
v -1.4 1.1 -1
v -1.4 2.9 -1
v -1.4 3 -1
v -1.4 3.1 -1
v -1.3 0.9 -1
v -1.3 1 -1
v -1.3 3 -1
v -1.3 3.1 -1
v -1.1 0.6 -1
v -1.1 0.7 -1
v -1.1 3.3 -1
v -1.1 3.4 -1
v -1 0.5 -1
v -1 0.6 -1
v -1 0.7 -1
v -1 3.3 -1
v -1 3.4 -1
v -1 3.5 -1
v -0.9 0.5 -1
v -0.9 0.6 -1
v -0.9 3.4 -1
v -0.9 3.5 -1
v -0.8 0.4 -1
v -0.8 0.5 -1
v -0.8 3.5 -1
v -0.8 3.6 -1
v -0.7 0.4 -1
v -0.7 0.5 -1
v -0.7 3.5 -1
v -0.7 3.6 -1
v -0.6 0.3 -1
v -0.6 0.4 -1
v -0.6 3.6 -1
v -0.6 3.7 -1
v -0.5 0.3 -1
v -0.5 0.4 -1
v -0.5 3.6 -1
v -0.5 3.7 -1
v -0.4 0.3 -1
v -0.4 0.4 -1
v -0.4 3.6 -1
v -0.4 3.7 -1
v -0.2 0.2 -1
v -0.2 0.3 -1
v -0.2 3.7 -1
v -0.2 3.8 -1
v -0.0999999 3.7 -1
v -0.0999999 3.8 -1
v 0.2 0.2 -1
v 0.2 0.3 -1
v 0.2 3.7 -1
v 0.2 3.8 -1
v 0.4 0.3 -1
v 0.4 0.4 -1
v 0.4 3.6 -1
v 0.4 3.7 -1
v 0.6 0.3 -1
v 0.6 0.4 -1
v 0.6 3.6 -1
v 0.6 3.7 -1
v 0.7 0.4 -1
v 0.7 0.5 -1
v 0.7 3.5 -1
v 0.7 3.6 -1
v 0.8 0.4 -1
v 0.8 0.5 -1
v 0.8 3.5 -1
v 0.8 3.6 -1
v 0.9 0.5 -1
v 0.9 0.6 -1
v 0.9 3.4 -1
v 0.9 3.5 -1
v 1 0.5 -1
v 1 0.6 -1
v 1 0.7 -1
v 1 3.3 -1
v 1 3.4 -1
v 1 3.5 -1
v 1.1 0.6 -1
v 1.1 0.7 -1
v 1.1 3.3 -1
v 1.1 3.4 -1
v 1.3 0.9 -1
v 1.3 1 -1
v 1.3 3 -1
v 1.3 3.1 -1
v 1.4 0.9 -1
v 1.4 1 -1
v 1.4 1.1 -1
v 1.4 2.9 -1
v 1.4 3 -1
v 1.4 3.1 -1
v 1.5 1 -1
v 1.5 1.1 -1
v 1.5 1.2 -1
v 1.5 1.3 -1
v 1.5 2.7 -1
v 1.5 2.8 -1
v 1.5 2.9 -1
v 1.5 3 -1
v 1.6 1.2 -1
v 1.6 1.3 -1
v 1.6 1.4 -1
v 1.6 1.6 -1
v 1.6 2.4 -1
v 1.6 2.6 -1
v 1.6 2.7 -1
v 1.6 2.8 -1
v 1.7 1.4 -1
v 1.7 1.6 -1
v 1.7 1.8 -1
v 1.7 2.2 -1
v 1.7 2.4 -1
v 1.7 2.6 -1
v 1.8 1.8 -1
v 1.8 2.2 -1
v -1.7 1.6 -1.1
v -1.7 2 -1.1
v -1.7 2.1 -1.1
v -1.7 2.4 -1.1
v -1.6 1.3 -1.1
v -1.6 1.5 -1.1
v -1.6 1.6 -1.1
v -1.6 2 -1.1
v -1.6 2.1 -1.1
v -1.6 2.4 -1.1
v -1.6 2.5 -1.1
v -1.6 2.6 -1.1
v -1.6 2.7 -1.1
v -1.5 1.1 -1.1
v -1.5 1.2 -1.1
v -1.5 1.3 -1.1
v -1.5 1.4 -1.1
v -1.5 1.5 -1.1
v -1.5 2.5 -1.1
v -1.5 2.6 -1.1
v -1.5 2.7 -1.1
v -1.5 2.8 -1.1
v -1.5 2.9 -1.1
v -1.4 1 -1.1
v -1.4 1.1 -1.1
v -1.4 1.2 -1.1
v -1.4 2.8 -1.1
v -1.4 2.9 -1.1
v -1.4 3 -1.1
v -1.3 0.8 -1.1
v -1.3 0.9 -1.1
v -1.3 1 -1.1
v -1.3 1.1 -1.1
v -1.3 2.9 -1.1
v -1.3 3 -1.1
v -1.3 3.1 -1.1
v -1.3 3.2 -1.1
v -1.2 0.7 -1.1
v -1.2 0.8 -1.1
v -1.2 0.9 -1.1
v -1.2 3.1 -1.1
v -1.2 3.2 -1.1
v -1.2 3.3 -1.1
v -1.1 0.7 -1.1
v -1.1 0.8 -1.1
v -1.1 3.2 -1.1
v -1.1 3.3 -1.1
v -1 0.6 -1.1
v -1 0.7 -1.1
v -1 3.3 -1.1
v -1 3.4 -1.1
v -0.9 0.5 -1.1
v -0.9 0.6 -1.1
v -0.9 0.7 -1.1
v -0.9 3.3 -1.1
v -0.9 3.4 -1.1
v -0.9 3.5 -1.1
v -0.8 0.5 -1.1
v -0.8 0.6 -1.1
v -0.8 3.4 -1.1
v -0.8 3.5 -1.1
v -0.7 0.4 -1.1
v -0.7 0.5 -1.1
v -0.7 3.5 -1.1
v -0.7 3.6 -1.1
v -0.5 0.4 -1.1
v -0.5 0.5 -1.1
v -0.5 3.5 -1.1
v -0.5 3.6 -1.1
v -0.4 0.3 -1.1
v -0.4 0.4 -1.1
v -0.4 3.6 -1.1
v -0.4 3.7 -1.1
v -0.3 0.4 -1.1
v -0.3 3.6 -1.1
v -0.3 3.7 -1.1
v -0.2 3.6 -1.1
v -0.2 3.7 -1.1
v -0.0999999 3.6 -1.1
v -0.0999999 3.7 -1.1
v 0.2 0.4 -1.1
v 0.3 0.3 -1.1
v 0.3 0.4 -1.1
v 0.3 3.6 -1.1
v 0.3 3.7 -1.1
v 0.4 0.3 -1.1
v 0.4 0.4 -1.1
v 0.4 3.6 -1.1
v 0.4 3.7 -1.1
v 0.5 0.4 -1.1
v 0.5 0.5 -1.1
v 0.5 3.5 -1.1
v 0.5 3.6 -1.1
v 0.6 0.5 -1.1
v 0.6 3.5 -1.1
v 0.6 3.6 -1.1
v 0.7 0.4 -1.1
v 0.7 0.5 -1.1
v 0.7 3.5 -1.1
v 0.7 3.6 -1.1
v 0.8 0.5 -1.1
v 0.8 0.6 -1.1
v 0.8 3.4 -1.1
v 0.8 3.5 -1.1
v 0.9 0.5 -1.1
v 0.9 0.6 -1.1
v 0.9 0.7 -1.1
v 0.9 3.3 -1.1
v 0.9 3.4 -1.1
v 0.9 3.5 -1.1
v 1 0.6 -1.1
v 1 0.7 -1.1
v 1 3.3 -1.1
v 1 3.4 -1.1
v 1.1 0.7 -1.1
v 1.1 0.8 -1.1
v 1.1 3.2 -1.1
v 1.1 3.3 -1.1
v 1.2 0.7 -1.1
v 1.2 0.8 -1.1
v 1.2 0.9 -1.1
v 1.2 3.1 -1.1
v 1.2 3.2 -1.1
v 1.2 3.3 -1.1
v 1.3 0.8 -1.1
v 1.3 0.9 -1.1
v 1.3 1 -1.1
v 1.3 1.1 -1.1
v 1.3 2.9 -1.1
v 1.3 3 -1.1
v 1.3 3.1 -1.1
v 1.3 3.2 -1.1
v 1.4 1 -1.1
v 1.4 1.1 -1.1
v 1.4 1.2 -1.1
v 1.4 2.8 -1.1
v 1.4 2.9 -1.1
v 1.4 3 -1.1
v 1.5 1.1 -1.1
v 1.5 1.2 -1.1
v 1.5 1.3 -1.1
v 1.5 1.5 -1.1
v 1.5 2.5 -1.1
v 1.5 2.7 -1.1
v 1.5 2.8 -1.1
v 1.5 2.9 -1.1
v 1.6 1.3 -1.1
v 1.6 1.5 -1.1
v 1.6 1.6 -1.1
v 1.6 1.7 -1.1
v 1.6 1.8 -1.1
v 1.6 2.4 -1.1
v 1.6 2.5 -1.1
v 1.6 2.7 -1.1
v 1.7 1.6 -1.1
v 1.7 1.7 -1.1
v 1.7 2.4 -1.1
v -1.6 1.5 -1.2
v -1.6 1.8 -1.2
v -1.6 2.2 -1.2
v -1.6 2.5 -1.2
v -1.5 1.2 -1.2
v -1.5 1.4 -1.2
v -1.5 1.5 -1.2
v -1.5 1.7 -1.2
v -1.5 1.8 -1.2
v -1.5 2.2 -1.2
v -1.5 2.5 -1.2
v -1.5 2.6 -1.2
v -1.5 2.7 -1.2
v -1.5 2.8 -1.2
v -1.4 1.1 -1.2
v -1.4 1.2 -1.2
v -1.4 1.3 -1.2
v -1.4 1.4 -1.2
v -1.4 2.6 -1.2
v -1.4 2.7 -1.2
v -1.4 2.8 -1.2
v -1.4 2.9 -1.2
v -1.3 0.9 -1.2
v -1.3 1.1 -1.2
v -1.3 1.2 -1.2
v -1.3 2.8 -1.2
v -1.3 2.9 -1.2
v -1.3 3 -1.2
v -1.3 3.1 -1.2
v -1.2 0.8 -1.2
v -1.2 0.9 -1.2
v -1.2 1.1 -1.2
v -1.2 2.9 -1.2
v -1.2 3 -1.2
v -1.2 3.1 -1.2
v -1.2 3.2 -1.2
v -1.1 0.7 -1.2
v -1.1 0.8 -1.2
v -1.1 0.9 -1.2
v -1.1 3.1 -1.2
v -1.1 3.2 -1.2
v -1.1 3.3 -1.2
v -1 3.2 -1.2
v -1 3.3 -1.2
v -0.9 0.6 -1.2
v -0.9 0.7 -1.2
v -0.9 0.8 -1.2
v -0.9 3.2 -1.2
v -0.9 3.3 -1.2
v -0.9 3.4 -1.2
v -0.8 0.5 -1.2
v -0.8 0.6 -1.2
v -0.8 0.7 -1.2
v -0.8 3.3 -1.2
v -0.8 3.4 -1.2
v -0.8 3.5 -1.2
v -0.7 0.5 -1.2
v -0.7 0.6 -1.2
v -0.6 0.5 -1.2
v -0.6 0.6 -1.2
v -0.6 3.4 -1.2
v -0.6 3.5 -1.2
v -0.5 0.4 -1.2
v -0.5 0.5 -1.2
v -0.5 3.5 -1.2
v -0.5 3.6 -1.2
v -0.4 0.5 -1.2
v -0.4 3.5 -1.2
v -0.3 0.4 -1.2
v -0.3 0.5 -1.2
v -0.3 3.5 -1.2
v -0.3 3.6 -1.2
v -0.2 0.4 -1.2
v -0.2 0.5 -1.2
v -0.2 3.5 -1.2
v -0.2 3.6 -1.2
v 0.2 0.4 -1.2
v 0.2 0.5 -1.2
v 0.2 3.5 -1.2
v 0.2 3.6 -1.2
v 0.3 0.5 -1.2
v 0.3 3.5 -1.2
v 0.3 3.6 -1.2
v 0.4 0.4 -1.2
v 0.4 0.5 -1.2
v 0.4 3.5 -1.2
v 0.4 3.6 -1.2
v 0.5 0.4 -1.2
v 0.5 0.5 -1.2
v 0.5 3.5 -1.2
v 0.5 3.6 -1.2
v 0.6 0.5 -1.2
v 0.6 0.6 -1.2
v 0.6 3.4 -1.2
v 0.6 3.5 -1.2
v 0.7 0.6 -1.2
v 0.7 3.4 -1.2
v 0.7 3.5 -1.2
v 0.8 0.5 -1.2
v 0.8 0.6 -1.2
v 0.8 0.7 -1.2
v 0.8 3.3 -1.2
v 0.8 3.4 -1.2
v 0.8 3.5 -1.2
v 0.9 0.6 -1.2
v 0.9 0.7 -1.2
v 0.9 0.8 -1.2
v 0.9 3.2 -1.2
v 0.9 3.3 -1.2
v 0.9 3.4 -1.2
v 1.1 0.7 -1.2
v 1.1 0.8 -1.2
v 1.1 0.9 -1.2
v 1.1 3.1 -1.2
v 1.1 3.2 -1.2
v 1.1 3.3 -1.2
v 1.2 0.8 -1.2
v 1.2 0.9 -1.2
v 1.2 1 -1.2
v 1.2 1.1 -1.2
v 1.2 2.9 -1.2
v 1.2 3 -1.2
v 1.2 3.1 -1.2
v 1.2 3.2 -1.2
v 1.3 0.9 -1.2
v 1.3 1 -1.2
v 1.3 1.1 -1.2
v 1.3 1.2 -1.2
v 1.3 2.8 -1.2
v 1.3 2.9 -1.2
v 1.3 3 -1.2
v 1.3 3.1 -1.2
v 1.4 1.1 -1.2
v 1.4 1.2 -1.2
v 1.4 1.4 -1.2
v 1.4 2.6 -1.2
v 1.4 2.8 -1.2
v 1.4 2.9 -1.2
v 1.5 1.2 -1.2
v 1.5 1.4 -1.2
v 1.5 1.5 -1.2
v 1.5 1.6 -1.2
v 1.5 1.7 -1.2
v 1.5 1.8 -1.2
v 1.5 2.2 -1.2
v 1.5 2.3 -1.2
v 1.5 2.4 -1.2
v 1.5 2.5 -1.2
v 1.5 2.6 -1.2
v 1.5 2.8 -1.2
v 1.6 1.5 -1.2
v 1.6 1.6 -1.2
v 1.6 1.7 -1.2
v 1.6 1.8 -1.2
v 1.6 2.2 -1.2
v 1.6 2.4 -1.2
v 1.6 2.5 -1.2
v -1.6 1.8 -1.3
v -1.6 1.9 -1.3
v -1.6 2 -1.3
v -1.6 2.1 -1.3
v -1.6 2.2 -1.3
v -1.5 1.4 -1.3
v -1.5 1.7 -1.3
v -1.5 1.8 -1.3
v -1.5 1.9 -1.3
v -1.5 2 -1.3
v -1.5 2.1 -1.3
v -1.5 2.2 -1.3
v -1.5 2.3 -1.3
v -1.5 2.6 -1.3
v -1.4 1.2 -1.3
v -1.4 1.3 -1.3
v -1.4 1.4 -1.3
v -1.4 1.5 -1.3
v -1.4 1.7 -1.3
v -1.4 2.3 -1.3
v -1.4 2.6 -1.3
v -1.4 2.8 -1.3
v -1.3 1.1 -1.3
v -1.3 1.2 -1.3
v -1.3 1.3 -1.3
v -1.3 1.4 -1.3
v -1.3 2.6 -1.3
v -1.3 2.7 -1.3
v -1.3 2.8 -1.3
v -1.3 2.9 -1.3
v -1.2 0.9 -1.3
v -1.2 1.1 -1.3
v -1.2 1.2 -1.3
v -1.2 2.8 -1.3
v -1.2 2.9 -1.3
v -1.2 3 -1.3
v -1.2 3.1 -1.3
v -1.1 0.8 -1.3
v -1.1 0.9 -1.3
v -1.1 1 -1.3
v -1.1 1.1 -1.3
v -1.1 2.9 -1.3
v -1.1 3 -1.3
v -1.1 3.1 -1.3
v -1.1 3.2 -1.3
v -1 0.9 -1.3
v -1 1 -1.3
v -1 3 -1.3
v -1 3.1 -1.3
v -1 3.2 -1.3
v -0.9 0.7 -1.3
v -0.9 0.8 -1.3
v -0.9 0.9 -1.3
v -0.9 3.1 -1.3
v -0.9 3.2 -1.3
v -0.9 3.3 -1.3
v -0.8 0.6 -1.3
v -0.8 0.7 -1.3
v -0.8 0.8 -1.3
v -0.8 3.2 -1.3
v -0.8 3.3 -1.3
v -0.8 3.4 -1.3
v -0.7 0.6 -1.3
v -0.7 0.7 -1.3
v -0.6 0.5 -1.3
v -0.6 0.6 -1.3
v -0.6 0.7 -1.3
v -0.6 3.3 -1.3
v -0.6 3.4 -1.3
v -0.6 3.5 -1.3
v -0.4 0.5 -1.3
v -0.4 0.6 -1.3
v -0.4 3.4 -1.3
v -0.4 3.5 -1.3
v -0.3 0.5 -1.3
v -0.3 0.6 -1.3
v -0.3 3.4 -1.3
v -0.3 3.5 -1.3
v -0.2 0.4 -1.3
v -0.2 0.5 -1.3
v -0.2 3.5 -1.3
v -0.2 3.6 -1.3
v -0.0999999 3.5 -1.3
v -0.0999999 3.6 -1.3
v 0.2 0.4 -1.3
v 0.2 0.5 -1.3
v 0.2 3.5 -1.3
v 0.2 3.6 -1.3
v 0.3 0.5 -1.3
v 0.3 0.6 -1.3
v 0.3 3.4 -1.3
v 0.3 3.5 -1.3
v 0.4 0.6 -1.3
v 0.4 3.4 -1.3
v 0.4 3.5 -1.3
v 0.5 0.5 -1.3
v 0.5 0.6 -1.3
v 0.5 3.4 -1.3
v 0.5 3.5 -1.3
v 0.6 0.5 -1.3
v 0.6 0.6 -1.3
v 0.6 0.7 -1.3
v 0.6 3.3 -1.3
v 0.6 3.4 -1.3
v 0.6 3.5 -1.3
v 0.7 0.6 -1.3
v 0.7 0.7 -1.3
v 0.8 0.6 -1.3
v 0.8 0.7 -1.3
v 0.8 0.8 -1.3
v 0.8 3.2 -1.3
v 0.8 3.3 -1.3
v 0.8 3.4 -1.3
v 0.9 0.7 -1.3
v 0.9 0.8 -1.3
v 0.9 0.9 -1.3
v 0.9 3.1 -1.3
v 0.9 3.2 -1.3
v 0.9 3.3 -1.3
v 1 0.9 -1.3
v 1 1 -1.3
v 1 3 -1.3
v 1 3.1 -1.3
v 1.1 0.8 -1.3
v 1.1 0.9 -1.3
v 1.1 1 -1.3
v 1.1 1.1 -1.3
v 1.1 2.9 -1.3
v 1.1 3 -1.3
v 1.1 3.1 -1.3
v 1.1 3.2 -1.3
v 1.2 0.9 -1.3
v 1.2 1 -1.3
v 1.2 1.1 -1.3
v 1.2 1.2 -1.3
v 1.2 2.8 -1.3
v 1.2 2.9 -1.3
v 1.2 3.1 -1.3
v 1.3 1.1 -1.3
v 1.3 1.2 -1.3
v 1.3 1.4 -1.3
v 1.3 2.6 -1.3
v 1.3 2.8 -1.3
v 1.3 2.9 -1.3
v 1.4 1.2 -1.3
v 1.4 1.4 -1.3
v 1.4 1.6 -1.3
v 1.4 1.7 -1.3
v 1.4 2.3 -1.3
v 1.4 2.5 -1.3
v 1.4 2.6 -1.3
v 1.4 2.8 -1.3
v 1.5 1.4 -1.3
v 1.5 1.6 -1.3
v 1.5 1.7 -1.3
v 1.5 1.8 -1.3
v 1.5 2 -1.3
v 1.5 2.2 -1.3
v 1.5 2.3 -1.3
v 1.5 2.5 -1.3
v 1.5 2.6 -1.3
v 1.6 1.8 -1.3
v 1.6 2 -1.3
v 1.6 2.2 -1.3
v -1.5 1.7 -1.4
v -1.5 1.8 -1.4
v -1.5 2 -1.4
v -1.5 2.1 -1.4
v -1.5 2.3 -1.4
v -1.4 1.4 -1.4
v -1.4 1.5 -1.4
v -1.4 1.7 -1.4
v -1.4 1.8 -1.4
v -1.4 2 -1.4
v -1.4 2.1 -1.4
v -1.4 2.3 -1.4
v -1.4 2.6 -1.4
v -1.3 1.2 -1.4
v -1.3 1.4 -1.4
v -1.3 1.5 -1.4
v -1.3 1.6 -1.4
v -1.3 1.7 -1.4
v -1.3 2.3 -1.4
v -1.3 2.6 -1.4
v -1.3 2.7 -1.4
v -1.3 2.8 -1.4
v -1.2 1.1 -1.4
v -1.2 1.2 -1.4
v -1.2 1.3 -1.4
v -1.2 1.4 -1.4
v -1.2 2.6 -1.4
v -1.2 2.7 -1.4
v -1.2 2.8 -1.4
v -1.2 2.9 -1.4
v -1.1 1 -1.4
v -1.1 1.1 -1.4
v -1.1 1.2 -1.4
v -1.1 2.8 -1.4
v -1.1 2.9 -1.4
v -1.1 3 -1.4
v -1 0.9 -1.4
v -1 1 -1.4
v -1 1.1 -1.4
v -1 2.9 -1.4
v -1 3 -1.4
v -1 3.1 -1.4
v -0.9 0.8 -1.4
v -0.9 0.9 -1.4
v -0.9 1 -1.4
v -0.9 3 -1.4
v -0.9 3.1 -1.4
v -0.9 3.2 -1.4
v -0.8 0.7 -1.4
v -0.8 0.8 -1.4
v -0.8 0.9 -1.4
v -0.8 3.1 -1.4
v -0.8 3.2 -1.4
v -0.8 3.3 -1.4
v -0.7 0.7 -1.4
v -0.7 0.8 -1.4
v -0.6 0.6 -1.4
v -0.6 0.7 -1.4
v -0.6 0.8 -1.4
v -0.6 3.2 -1.4
v -0.6 3.3 -1.4
v -0.6 3.4 -1.4
v -0.4 0.6 -1.4
v -0.4 0.7 -1.4
v -0.3 0.5 -1.4
v -0.3 0.6 -1.4
v -0.3 0.7 -1.4
v -0.3 3.3 -1.4
v -0.3 3.4 -1.4
v -0.3 3.5 -1.4
v -0.2 0.6 -1.4
v -0.2 3.4 -1.4
v -0.0999999 3.4 -1.4
v -0.0999999 3.5 -1.4
v 0.1 0.6 -1.4
v 0.2 0.5 -1.4
v 0.2 0.6 -1.4
v 0.3 0.5 -1.4
v 0.3 0.6 -1.4
v 0.3 0.7 -1.4
v 0.3 3.3 -1.4
v 0.3 3.4 -1.4
v 0.3 3.5 -1.4
v 0.4 0.6 -1.4
v 0.4 0.7 -1.4
v 0.4 3.3 -1.4
v 0.4 3.4 -1.4
v 0.5 0.6 -1.4
v 0.5 0.7 -1.4
v 0.5 3.3 -1.4
v 0.5 3.4 -1.4
v 0.6 0.6 -1.4
v 0.6 0.7 -1.4
v 0.6 0.8 -1.4
v 0.6 3.2 -1.4
v 0.6 3.3 -1.4
v 0.6 3.4 -1.4
v 0.8 0.7 -1.4
v 0.8 0.8 -1.4
v 0.8 0.9 -1.4
v 0.8 3.1 -1.4
v 0.8 3.2 -1.4
v 0.8 3.3 -1.4
v 0.9 0.8 -1.4
v 0.9 0.9 -1.4
v 0.9 1 -1.4
v 0.9 3 -1.4
v 0.9 3.1 -1.4
v 0.9 3.2 -1.4
v 1 0.9 -1.4
v 1 1 -1.4
v 1 1.1 -1.4
v 1 2.9 -1.4
v 1 3 -1.4
v 1 3.1 -1.4
v 1.1 1 -1.4
v 1.1 1.1 -1.4
v 1.1 1.2 -1.4
v 1.1 2.8 -1.4
v 1.1 2.9 -1.4
v 1.1 3 -1.4
v 1.2 1.1 -1.4
v 1.2 1.2 -1.4
v 1.2 1.4 -1.4
v 1.2 2.6 -1.4
v 1.2 2.8 -1.4
v 1.2 2.9 -1.4
v 1.3 1.2 -1.4
v 1.3 1.4 -1.4
v 1.3 1.6 -1.4
v 1.3 1.7 -1.4
v 1.3 2.3 -1.4
v 1.3 2.4 -1.4
v 1.3 2.5 -1.4
v 1.3 2.6 -1.4
v 1.3 2.8 -1.4
v 1.4 1.4 -1.4
v 1.4 1.6 -1.4
v 1.4 1.7 -1.4
v 1.4 2.2 -1.4
v 1.4 2.3 -1.4
v 1.4 2.5 -1.4
v 1.4 2.6 -1.4
v 1.5 1.7 -1.4
v 1.5 2.3 -1.4
v -1.4 1.7 -1.5
v -1.4 2 -1.5
v -1.4 2.1 -1.5
v -1.4 2.3 -1.5
v -1.3 1.4 -1.5
v -1.3 1.6 -1.5
v -1.3 1.7 -1.5
v -1.3 1.8 -1.5
v -1.3 2 -1.5
v -1.3 2.1 -1.5
v -1.3 2.2 -1.5
v -1.3 2.3 -1.5
v -1.3 2.6 -1.5
v -1.2 1.2 -1.5
v -1.2 1.3 -1.5
v -1.2 1.4 -1.5
v -1.2 1.5 -1.5
v -1.2 1.6 -1.5
v -1.2 1.8 -1.5
v -1.2 2.2 -1.5
v -1.2 2.5 -1.5
v -1.2 2.6 -1.5
v -1.2 2.7 -1.5
v -1.2 2.8 -1.5
v -1.1 1.1 -1.5
v -1.1 1.2 -1.5
v -1.1 1.3 -1.5
v -1.1 1.4 -1.5
v -1.1 1.5 -1.5
v -1.1 2.5 -1.5
v -1.1 2.6 -1.5
v -1.1 2.7 -1.5
v -1.1 2.8 -1.5
v -1.1 2.9 -1.5
v -1 1 -1.5
v -1 1.1 -1.5
v -1 1.2 -1.5
v -1 1.3 -1.5
v -1 2.7 -1.5
v -1 2.8 -1.5
v -1 2.9 -1.5
v -1 3 -1.5
v -0.9 0.9 -1.5
v -0.9 1 -1.5
v -0.9 1.1 -1.5
v -0.9 1.2 -1.5
v -0.9 2.8 -1.5
v -0.9 2.9 -1.5
v -0.9 3 -1.5
v -0.9 3.1 -1.5
v -0.8 0.8 -1.5
v -0.8 0.9 -1.5
v -0.8 1 -1.5
v -0.8 1.1 -1.5
v -0.8 2.9 -1.5
v -0.8 3 -1.5
v -0.8 3.1 -1.5
v -0.8 3.2 -1.5
v -0.7 0.8 -1.5
v -0.7 0.9 -1.5
v -0.7 1 -1.5
v -0.7 3 -1.5
v -0.7 3.1 -1.5
v -0.6 0.7 -1.5
v -0.6 0.8 -1.5
v -0.6 3.2 -1.5
v -0.6 3.3 -1.5
v -0.5 0.8 -1.5
v -0.5 0.9 -1.5
v -0.5 3.1 -1.5
v -0.5 3.2 -1.5
v -0.4 0.7 -1.5
v -0.4 0.8 -1.5
v -0.3 0.6 -1.5
v -0.3 0.7 -1.5
v -0.3 0.8 -1.5
v -0.3 3.2 -1.5
v -0.3 3.3 -1.5
v -0.3 3.4 -1.5
v -0.2 0.6 -1.5
v -0.2 0.7 -1.5
v -0.2 0.8 -1.5
v -0.2 3.2 -1.5
v -0.2 3.3 -1.5
v -0.2 3.4 -1.5
v -0.0999999 3.3 -1.5
v -0.0999999 3.4 -1.5
v 0.1 0.6 -1.5
v 0.1 0.7 -1.5
v 0.2 0.6 -1.5
v 0.2 0.7 -1.5
v 0.2 0.8 -1.5
v 0.2 3.2 -1.5
v 0.2 3.3 -1.5
v 0.3 0.6 -1.5
v 0.3 0.7 -1.5
v 0.3 0.8 -1.5
v 0.3 3.2 -1.5
v 0.3 3.3 -1.5
v 0.3 3.4 -1.5
v 0.4 0.8 -1.5
v 0.4 3.2 -1.5
v 0.4 3.3 -1.5
v 0.5 0.7 -1.5
v 0.5 0.8 -1.5
v 0.5 0.9 -1.5
v 0.5 3.1 -1.5
v 0.5 3.2 -1.5
v 0.5 3.3 -1.5
v 0.6 0.7 -1.5
v 0.6 0.8 -1.5
v 0.6 0.9 -1.5
v 0.6 3.1 -1.5
v 0.6 3.2 -1.5
v 0.6 3.3 -1.5
v 0.7 0.9 -1.5
v 0.7 1 -1.5
v 0.7 3 -1.5
v 0.7 3.1 -1.5
v 0.8 0.8 -1.5
v 0.8 0.9 -1.5
v 0.8 1 -1.5
v 0.8 1.1 -1.5
v 0.8 2.9 -1.5
v 0.8 3 -1.5
v 0.8 3.1 -1.5
v 0.8 3.2 -1.5
v 0.9 0.9 -1.5
v 0.9 1 -1.5
v 0.9 1.1 -1.5
v 0.9 1.2 -1.5
v 0.9 2.8 -1.5
v 0.9 2.9 -1.5
v 0.9 3 -1.5
v 0.9 3.1 -1.5
v 1 1 -1.5
v 1 1.1 -1.5
v 1 1.2 -1.5
v 1 1.3 -1.5
v 1 2.7 -1.5
v 1 2.8 -1.5
v 1 2.9 -1.5
v 1 3 -1.5
v 1.1 1.1 -1.5
v 1.1 1.2 -1.5
v 1.1 1.3 -1.5
v 1.1 1.5 -1.5
v 1.1 2.5 -1.5
v 1.1 2.6 -1.5
v 1.1 2.7 -1.5
v 1.1 2.8 -1.5
v 1.1 2.9 -1.5
v 1.2 1.2 -1.5
v 1.2 1.4 -1.5
v 1.2 1.5 -1.5
v 1.2 1.6 -1.5
v 1.2 1.7 -1.5
v 1.2 1.8 -1.5
v 1.2 2.2 -1.5
v 1.2 2.4 -1.5
v 1.2 2.5 -1.5
v 1.2 2.6 -1.5
v 1.2 2.8 -1.5
v 1.3 1.4 -1.5
v 1.3 1.6 -1.5
v 1.3 1.7 -1.5
v 1.3 1.8 -1.5
v 1.3 2.2 -1.5
v 1.3 2.3 -1.5
v 1.3 2.4 -1.5
v 1.3 2.6 -1.5
v 1.4 1.7 -1.5
v 1.4 2.2 -1.5
v 1.4 2.3 -1.5
v -1.3 1.8 -1.6
v -1.3 2 -1.6
v -1.3 2.1 -1.6
v -1.3 2.2 -1.6
v -1.2 1.5 -1.6
v -1.2 1.6 -1.6
v -1.2 1.8 -1.6
v -1.2 2.2 -1.6
v -1.2 2.5 -1.6
v -1.1 1.3 -1.6
v -1.1 1.4 -1.6
v -1.1 1.5 -1.6
v -1.1 1.6 -1.6
v -1.1 1.7 -1.6
v -1.1 2 -1.6
v -1.1 2.1 -1.6
v -1.1 2.4 -1.6
v -1.1 2.5 -1.6
v -1.1 2.7 -1.6
v -1 1.2 -1.6
v -1 1.3 -1.6
v -1 1.4 -1.6
v -1 1.6 -1.6
v -1 2.4 -1.6
v -1 2.5 -1.6
v -1 2.6 -1.6
v -1 2.7 -1.6
v -1 2.8 -1.6
v -0.9 1.1 -1.6
v -0.9 1.2 -1.6
v -0.9 1.3 -1.6
v -0.9 1.4 -1.6
v -0.9 2.6 -1.6
v -0.9 2.7 -1.6
v -0.9 2.8 -1.6
v -0.9 2.9 -1.6
v -0.8 1 -1.6
v -0.8 1.1 -1.6
v -0.8 1.2 -1.6
v -0.8 1.3 -1.6
v -0.8 2.7 -1.6
v -0.8 2.8 -1.6
v -0.8 2.9 -1.6
v -0.8 3 -1.6
v -0.7 0.9 -1.6
v -0.7 1 -1.6
v -0.7 1.1 -1.6
v -0.7 1.2 -1.6
v -0.7 2.8 -1.6
v -0.7 2.9 -1.6
v -0.7 3 -1.6
v -0.7 3.1 -1.6
v -0.6 1 -1.6
v -0.6 1.1 -1.6
v -0.6 2.9 -1.6
v -0.6 3 -1.6
v -0.5 0.8 -1.6
v -0.5 0.9 -1.6
v -0.5 1 -1.6
v -0.5 3.1 -1.6
v -0.5 3.2 -1.6
v -0.4 0.9 -1.6
v -0.4 1 -1.6
v -0.4 3 -1.6
v -0.4 3.1 -1.6
v -0.3 0.8 -1.6
v -0.3 0.9 -1.6
v -0.2 0.7 -1.6
v -0.2 0.8 -1.6
v -0.2 0.9 -1.6
v -0.2 3.2 -1.6
v -0.2 3.3 -1.6
v -0.0999999 3.1 -1.6
v -0.0999999 3.2 -1.6
v -0.0999999 3.3 -1.6
v 2.38419e-07 3.1 -1.6
v 2.38419e-07 3.2 -1.6
v 0.2 0.7 -1.6
v 0.2 0.8 -1.6
v 0.2 0.9 -1.6
v 0.2 3.1 -1.6
v 0.2 3.2 -1.6
v 0.2 3.3 -1.6
v 0.3 0.8 -1.6
v 0.3 0.9 -1.6
v 0.3 3.1 -1.6
v 0.4 0.8 -1.6
v 0.4 0.9 -1.6
v 0.4 1 -1.6
v 0.4 3 -1.6
v 0.4 3.1 -1.6
v 0.5 0.8 -1.6
v 0.5 0.9 -1.6
v 0.5 1 -1.6
v 0.5 3.1 -1.6
v 0.5 3.2 -1.6
v 0.6 1 -1.6
v 0.6 1.1 -1.6
v 0.6 2.9 -1.6
v 0.6 3 -1.6
v 0.6 3.1 -1.6
v 0.7 0.9 -1.6
v 0.7 1 -1.6
v 0.7 1.1 -1.6
v 0.7 1.2 -1.6
v 0.7 2.8 -1.6
v 0.7 2.9 -1.6
v 0.7 3 -1.6
v 0.7 3.1 -1.6
v 0.8 1 -1.6
v 0.8 1.1 -1.6
v 0.8 1.2 -1.6
v 0.8 1.3 -1.6
v 0.8 2.7 -1.6
v 0.8 2.8 -1.6
v 0.8 2.9 -1.6
v 0.8 3 -1.6
v 0.9 1.1 -1.6
v 0.9 1.2 -1.6
v 0.9 1.3 -1.6
v 0.9 1.4 -1.6
v 0.9 2.6 -1.6
v 0.9 2.7 -1.6
v 0.9 2.8 -1.6
v 0.9 2.9 -1.6
v 1 1.2 -1.6
v 1 1.3 -1.6
v 1 1.4 -1.6
v 1 1.6 -1.6
v 1 2.4 -1.6
v 1 2.5 -1.6
v 1 2.6 -1.6
v 1 2.7 -1.6
v 1 2.8 -1.6
v 1.1 1.3 -1.6
v 1.1 1.5 -1.6
v 1.1 1.6 -1.6
v 1.1 1.7 -1.6
v 1.1 2.2 -1.6
v 1.1 2.4 -1.6
v 1.1 2.5 -1.6
v 1.1 2.6 -1.6
v 1.1 2.7 -1.6
v 1.2 1.5 -1.6
v 1.2 1.6 -1.6
v 1.2 1.7 -1.6
v 1.2 1.8 -1.6
v 1.2 2.2 -1.6
v 1.2 2.4 -1.6
v 1.2 2.5 -1.6
v 1.3 1.8 -1.6
v 1.3 2.2 -1.6
v -1.1 1.6 -1.7
v -1.1 1.7 -1.7
v -1.1 2 -1.7
v -1.1 2.1 -1.7
v -1.1 2.4 -1.7
v -1 1.4 -1.7
v -1 1.6 -1.7
v -1 1.8 -1.7
v -1 2 -1.7
v -1 2.1 -1.7
v -1 2.2 -1.7
v -1 2.4 -1.7
v -1 2.5 -1.7
v -1 2.6 -1.7
v -0.9 1.3 -1.7
v -0.9 1.4 -1.7
v -0.9 1.5 -1.7
v -0.9 1.6 -1.7
v -0.9 1.7 -1.7
v -0.9 1.8 -1.7
v -0.9 2.2 -1.7
v -0.9 2.4 -1.7
v -0.9 2.5 -1.7
v -0.9 2.6 -1.7
v -0.9 2.7 -1.7
v -0.8 1.2 -1.7
v -0.8 1.3 -1.7
v -0.8 1.4 -1.7
v -0.8 1.5 -1.7
v -0.8 2.5 -1.7
v -0.8 2.6 -1.7
v -0.8 2.7 -1.7
v -0.8 2.8 -1.7
v -0.7 1.1 -1.7
v -0.7 1.2 -1.7
v -0.7 1.3 -1.7
v -0.7 1.4 -1.7
v -0.7 2.6 -1.7
v -0.7 2.7 -1.7
v -0.7 2.8 -1.7
v -0.7 2.9 -1.7
v -0.6 1 -1.7
v -0.6 1.1 -1.7
v -0.6 1.2 -1.7
v -0.6 1.3 -1.7
v -0.6 2.7 -1.7
v -0.6 2.8 -1.7
v -0.6 2.9 -1.7
v -0.6 3 -1.7
v -0.5 1.1 -1.7
v -0.5 1.2 -1.7
v -0.5 2.8 -1.7
v -0.5 2.9 -1.7
v -0.4 0.9 -1.7
v -0.4 1 -1.7
v -0.4 3 -1.7
v -0.4 3.1 -1.7
v -0.3 0.9 -1.7
v -0.3 1.1 -1.7
v -0.2 0.9 -1.7
v -0.2 1 -1.7
v -0.2 1.1 -1.7
v -0.2 2.9 -1.7
v -0.2 3 -1.7
v -0.0999999 1 -1.7
v -0.0999999 3 -1.7
v -0.0999999 3.1 -1.7
v 2.38419e-07 3 -1.7
v 2.38419e-07 3.1 -1.7
v 0.1 1 -1.7
v 0.1 3 -1.7
v 0.2 0.9 -1.7
v 0.2 1 -1.7
v 0.2 1.1 -1.7
v 0.2 2.9 -1.7
v 0.2 3 -1.7
v 0.2 3.1 -1.7
v 0.3 0.9 -1.7
v 0.3 1.1 -1.7
v 0.3 2.9 -1.7
v 0.3 3.1 -1.7
v 0.4 0.9 -1.7
v 0.4 1 -1.7
v 0.4 1.1 -1.7
v 0.4 2.9 -1.7
v 0.4 3 -1.7
v 0.4 3.1 -1.7
v 0.5 1 -1.7
v 0.5 1.1 -1.7
v 0.5 1.2 -1.7
v 0.5 2.8 -1.7
v 0.5 2.9 -1.7
v 0.6 1 -1.7
v 0.6 1.1 -1.7
v 0.6 1.2 -1.7
v 0.6 1.3 -1.7
v 0.6 2.7 -1.7
v 0.6 2.8 -1.7
v 0.6 2.9 -1.7
v 0.6 3 -1.7
v 0.7 1.1 -1.7
v 0.7 1.2 -1.7
v 0.7 1.3 -1.7
v 0.7 1.4 -1.7
v 0.7 2.6 -1.7
v 0.7 2.7 -1.7
v 0.7 2.8 -1.7
v 0.7 2.9 -1.7
v 0.8 1.2 -1.7
v 0.8 1.3 -1.7
v 0.8 1.4 -1.7
v 0.8 1.5 -1.7
v 0.8 2.5 -1.7
v 0.8 2.6 -1.7
v 0.8 2.7 -1.7
v 0.8 2.8 -1.7
v 0.9 1.3 -1.7
v 0.9 1.4 -1.7
v 0.9 1.5 -1.7
v 0.9 1.6 -1.7
v 0.9 1.7 -1.7
v 0.9 1.8 -1.7
v 0.9 2.2 -1.7
v 0.9 2.3 -1.7
v 0.9 2.5 -1.7
v 0.9 2.6 -1.7
v 0.9 2.7 -1.7
v 1 1.4 -1.7
v 1 1.6 -1.7
v 1 1.8 -1.7
v 1 2.1 -1.7
v 1 2.2 -1.7
v 1 2.3 -1.7
v 1 2.4 -1.7
v 1 2.6 -1.7
v 1.1 1.6 -1.7
v 1.1 1.7 -1.7
v 1.1 2.2 -1.7
v 1.1 2.4 -1.7
v -1 1.8 -1.8
v -1 2 -1.8
v -1 2.1 -1.8
v -1 2.2 -1.8
v -0.9 1.5 -1.8
v -0.9 1.6 -1.8
v -0.9 1.8 -1.8
v -0.9 2.2 -1.8
v -0.9 2.4 -1.8
v -0.9 2.5 -1.8
v -0.8 1.4 -1.8
v -0.8 1.5 -1.8
v -0.8 1.6 -1.8
v -0.8 1.7 -1.8
v -0.8 1.9 -1.8
v -0.8 2 -1.8
v -0.8 2.1 -1.8
v -0.8 2.3 -1.8
v -0.8 2.4 -1.8
v -0.8 2.5 -1.8
v -0.8 2.6 -1.8
v -0.7 1.3 -1.8
v -0.7 1.4 -1.8
v -0.7 1.6 -1.8
v -0.7 1.7 -1.8
v -0.7 1.8 -1.8
v -0.7 1.9 -1.8
v -0.7 2.1 -1.8
v -0.7 2.3 -1.8
v -0.7 2.4 -1.8
v -0.7 2.5 -1.8
v -0.7 2.6 -1.8
v -0.7 2.7 -1.8
v -0.6 1.2 -1.8
v -0.6 1.3 -1.8
v -0.6 1.5 -1.8
v -0.6 1.6 -1.8
v -0.6 2.4 -1.8
v -0.6 2.5 -1.8
v -0.6 2.6 -1.8
v -0.6 2.7 -1.8
v -0.6 2.8 -1.8
v -0.5 1.1 -1.8
v -0.5 1.2 -1.8
v -0.5 1.4 -1.8
v -0.5 1.5 -1.8
v -0.5 2.5 -1.8
v -0.5 2.6 -1.8
v -0.5 2.8 -1.8
v -0.5 2.9 -1.8
v -0.4 1.3 -1.8
v -0.4 1.4 -1.8
v -0.4 2.6 -1.8
v -0.4 2.7 -1.8
v -0.2 1 -1.8
v -0.2 1.1 -1.8
v -0.2 1.3 -1.8
v -0.2 2.7 -1.8
v -0.2 2.9 -1.8
v -0.2 3 -1.8
v -0.0999999 1 -1.8
v -0.0999999 1.2 -1.8
v -0.0999999 1.3 -1.8
v -0.0999999 2.7 -1.8
v -0.0999999 2.8 -1.8
v -0.0999999 2.9 -1.8
v 2.38419e-07 2.8 -1.8
v 2.38419e-07 3 -1.8
v 0.1 1 -1.8
v 0.1 1.1 -1.8
v 0.1 1.2 -1.8
v 0.1 1.3 -1.8
v 0.1 2.7 -1.8
v 0.1 2.8 -1.8
v 0.1 3 -1.8
v 0.2 1 -1.8
v 0.2 1.1 -1.8
v 0.2 1.2 -1.8
v 0.2 2.7 -1.8
v 0.2 2.9 -1.8
v 0.2 3 -1.8
v 0.3 2.7 -1.8
v 0.4 1.1 -1.8
v 0.4 1.2 -1.8
v 0.4 1.3 -1.8
v 0.4 1.4 -1.8
v 0.4 2.6 -1.8
v 0.4 2.7 -1.8
v 0.4 2.9 -1.8
v 0.5 1.1 -1.8
v 0.5 1.2 -1.8
v 0.5 1.4 -1.8
v 0.5 1.5 -1.8
v 0.5 2.5 -1.8
v 0.5 2.6 -1.8
v 0.5 2.8 -1.8
v 0.5 2.9 -1.8
v 0.6 1.2 -1.8
v 0.6 1.3 -1.8
v 0.6 1.5 -1.8
v 0.6 1.6 -1.8
v 0.6 2.4 -1.8
v 0.6 2.5 -1.8
v 0.6 2.6 -1.8
v 0.6 2.7 -1.8
v 0.6 2.8 -1.8
v 0.7 1.3 -1.8
v 0.7 1.4 -1.8
v 0.7 1.6 -1.8
v 0.7 1.7 -1.8
v 0.7 1.9 -1.8
v 0.7 2.1 -1.8
v 0.7 2.2 -1.8
v 0.7 2.3 -1.8
v 0.7 2.4 -1.8
v 0.7 2.6 -1.8
v 0.7 2.7 -1.8
v 0.8 1.4 -1.8
v 0.8 1.5 -1.8
v 0.8 1.9 -1.8
v 0.8 2.1 -1.8
v 0.8 2.2 -1.8
v 0.8 2.3 -1.8
v 0.8 2.5 -1.8
v 0.8 2.6 -1.8
v 0.9 1.5 -1.8
v 0.9 1.6 -1.8
v 0.9 1.7 -1.8
v 0.9 1.8 -1.8
v 0.9 2.1 -1.8
v 0.9 2.2 -1.8
v 0.9 2.3 -1.8
v 0.9 2.5 -1.8
v 1 1.8 -1.8
v 1 2.1 -1.8
v 1 2.2 -1.8
v -0.8 1.9 -1.9
v -0.8 2 -1.9
v -0.8 2.1 -1.9
v -0.7 1.6 -1.9
v -0.7 1.9 -1.9
v -0.7 2.1 -1.9
v -0.7 2.3 -1.9
v -0.7 2.4 -1.9
v -0.6 1.5 -1.9
v -0.6 1.6 -1.9
v -0.6 1.8 -1.9
v -0.6 1.9 -1.9
v -0.6 2 -1.9
v -0.6 2.2 -1.9
v -0.6 2.3 -1.9
v -0.6 2.4 -1.9
v -0.6 2.5 -1.9
v -0.5 1.4 -1.9
v -0.5 1.5 -1.9
v -0.5 2.3 -1.9
v -0.5 2.4 -1.9
v -0.5 2.5 -1.9
v -0.5 2.6 -1.9
v -0.4 1.3 -1.9
v -0.4 1.4 -1.9
v -0.4 1.7 -1.9
v -0.4 1.8 -1.9
v -0.4 1.9 -1.9
v -0.4 2.1 -1.9
v -0.4 2.2 -1.9
v -0.4 2.3 -1.9
v -0.4 2.4 -1.9
v -0.4 2.5 -1.9
v -0.4 2.6 -1.9
v -0.4 2.7 -1.9
v -0.3 1.6 -1.9
v -0.3 1.7 -1.9
v -0.3 2.3 -1.9
v -0.3 2.4 -1.9
v -0.3 2.5 -1.9
v -0.3 2.6 -1.9
v -0.2 1.3 -1.9
v -0.2 1.4 -1.9
v -0.2 2.6 -1.9
v -0.2 2.7 -1.9
v -0.0999999 1.2 -1.9
v -0.0999999 1.3 -1.9
v -0.0999999 1.4 -1.9
v -0.0999999 1.6 -1.9
v -0.0999999 2.4 -1.9
v -0.0999999 2.5 -1.9
v -0.0999999 2.6 -1.9
v -0.0999999 2.7 -1.9
v -0.0999999 2.8 -1.9
v 2.38419e-07 1.3 -1.9
v 2.38419e-07 1.4 -1.9
v 2.38419e-07 1.6 -1.9
v 2.38419e-07 2.4 -1.9
v 2.38419e-07 2.6 -1.9
v 2.38419e-07 2.7 -1.9
v 0.1 1.2 -1.9
v 0.1 1.3 -1.9
v 0.1 1.4 -1.9
v 0.1 1.6 -1.9
v 0.1 2.4 -1.9
v 0.1 2.5 -1.9
v 0.1 2.6 -1.9
v 0.1 2.7 -1.9
v 0.1 2.8 -1.9
v 0.2 1.5 -1.9
v 0.2 1.6 -1.9
v 0.2 2.4 -1.9
v 0.2 2.5 -1.9
v 0.2 2.6 -1.9
v 0.2 2.7 -1.9
v 0.3 1.4 -1.9
v 0.3 1.5 -1.9
v 0.3 1.6 -1.9
v 0.3 1.7 -1.9
v 0.3 2.3 -1.9
v 0.3 2.4 -1.9
v 0.3 2.5 -1.9
v 0.3 2.6 -1.9
v 0.3 2.7 -1.9
v 0.4 1.3 -1.9
v 0.4 1.4 -1.9
v 0.4 1.7 -1.9
v 0.4 1.8 -1.9
v 0.4 1.9 -1.9
v 0.4 2 -1.9
v 0.4 2.2 -1.9
v 0.4 2.3 -1.9
v 0.4 2.4 -1.9
v 0.4 2.5 -1.9
v 0.4 2.6 -1.9
v 0.4 2.7 -1.9
v 0.5 1.4 -1.9
v 0.5 1.5 -1.9
v 0.5 1.8 -1.9
v 0.5 1.9 -1.9
v 0.5 2 -1.9
v 0.5 2.1 -1.9
v 0.5 2.5 -1.9
v 0.5 2.6 -1.9
v 0.6 1.5 -1.9
v 0.6 1.6 -1.9
v 0.6 2.2 -1.9
v 0.6 2.3 -1.9
v 0.6 2.4 -1.9
v 0.6 2.5 -1.9
v 0.7 1.6 -1.9
v 0.7 1.7 -1.9
v 0.7 1.9 -1.9
v 0.7 2.1 -1.9
v 0.7 2.3 -1.9
v 0.7 2.4 -1.9
v 0.8 1.9 -1.9
v 0.8 2.1 -1.9
v -0.4 1.7 -2
v -0.4 1.9 -2
v -0.4 2.1 -2
v -0.4 2.2 -2
v -0.4 2.3 -2
v -0.3 1.6 -2
v -0.3 1.7 -2
v -0.3 1.9 -2
v -0.3 2 -2
v -0.3 2.1 -2
v -0.3 2.2 -2
v -0.3 2.3 -2
v -0.3 2.4 -2
v -0.2 2.2 -2
v -0.2 2.3 -2
v -0.0999999 1.6 -2
v -0.0999999 2 -2
v -0.0999999 2.2 -2
v -0.0999999 2.3 -2
v -0.0999999 2.4 -2
v 2.38419e-07 1.7 -2
v 2.38419e-07 1.8 -2
v 2.38419e-07 2.3 -2
v 2.38419e-07 2.4 -2
v 0.1 1.8 -2
v 0.1 1.9 -2
v 0.1 2.3 -2
v 0.1 2.4 -2
v 0.2 1.9 -2
v 0.2 2 -2
v 0.2 2.1 -2
v 0.2 2.3 -2
v 0.3 1.6 -2
v 0.3 1.7 -2
v 0.3 1.9 -2
v 0.3 2 -2
v 0.3 2.1 -2
v 0.3 2.2 -2
v 0.3 2.3 -2
v 0.3 2.4 -2
v 0.4 1.7 -2
v 0.4 1.9 -2
v 0.4 2 -2
v 0.4 2.2 -2
v 0.4 2.3 -2
v -0.3 0 0.4
v 0.2 0 0.4
v 0.3 0 0.4
v -0.4 0 0.3
v -0.3 0 0.3
v 0.3 0 0.3
v 0.4 0 0.3
v -0.4 0 -0.3
v -0.3 0 -0.3
v 0.3 0 -0.3
v 0.4 0 -0.3
v -0.3 0 -0.4
v 0.2 0 -0.4
v 0.3 0 -0.4
v -0.0999999 0.1 0.8
v 0.1 0.1 0.8
v -0.4 0.1 0.7
v -0.0999999 0.1 0.7
v 0.1 0.1 0.7
v 0.2 0.1 0.7
v 0.3 0.1 0.7
v 0.4 0.1 0.7
v -0.5 0.1 0.6
v -0.4 0.1 0.6
v 0.4 0.1 0.6
v 0.5 0.1 0.6
v -0.6 0.1 0.5
v -0.5 0.1 0.5
v 0.5 0.1 0.5
v 0.6 0.1 0.5
v -0.7 0.1 0.4
v -0.6 0.1 0.4
v -0.3 0.1 0.4
v 0.2 0.1 0.4
v 0.3 0.1 0.4
v 0.6 0.1 0.4
v 0.7 0.1 0.4
v -0.4 0.1 0.3
v -0.3 0.1 0.3
v 0.3 0.1 0.3
v 0.4 0.1 0.3
v -0.7 0.1 0.2
v -0.6 0.1 0.2
v -0.5 0.1 0.2
v -0.8 0.1 0.0999999
v -0.7 0.1 0.0999999
v 0.7 0.1 0.0999999
v 0.8 0.1 0.0999999
v -0.8 0.1 -2.38419e-07
v -0.7 0.1 -2.38419e-07
v -0.8 0.1 -0.1
v -0.7 0.1 -0.1
v 0.7 0.1 -0.1
v 0.8 0.1 -0.1
v -0.4 0.1 -0.3
v -0.3 0.1 -0.3
v 0.3 0.1 -0.3
v 0.4 0.1 -0.3
v -0.7 0.1 -0.4
v -0.6 0.1 -0.4
v -0.5 0.1 -0.4
v -0.3 0.1 -0.4
v 0.2 0.1 -0.4
v 0.3 0.1 -0.4
v 0.6 0.1 -0.4
v 0.7 0.1 -0.4
v -0.6 0.1 -0.5
v -0.5 0.1 -0.5
v 0.5 0.1 -0.5
v 0.6 0.1 -0.5
v -0.5 0.1 -0.6
v -0.4 0.1 -0.6
v 0.2 0.1 -0.6
v 0.3 0.1 -0.6
v 0.4 0.1 -0.6
v 0.5 0.1 -0.6
v -0.4 0.1 -0.7
v -0.0999999 0.1 -0.7
v 0.1 0.1 -0.7
v 0.3 0.1 -0.7
v 0.4 0.1 -0.7
v -0.0999999 0.1 -0.8
v 0.1 0.1 -0.8
v -0.2 0.2 1
v 0.2 0.2 1
v -0.5 0.2 0.9
v -0.4 0.2 0.9
v -0.2 0.2 0.9
v 0.2 0.2 0.9
v 0.3 0.2 0.9
v 0.4 0.2 0.9
v 0.5 0.2 0.9
v -0.6 0.2 0.8
v -0.5 0.2 0.8
v -0.0999999 0.2 0.8
v 0.1 0.2 0.8
v 0.3 0.2 0.8
v 0.4 0.2 0.8
v 0.5 0.2 0.8
v 0.6 0.2 0.8
v -0.7 0.2 0.7
v -0.6 0.2 0.7
v -0.5 0.2 0.7
v -0.4 0.2 0.7
v -0.0999999 0.2 0.7
v 0.1 0.2 0.7
v 0.2 0.2 0.7
v 0.3 0.2 0.7
v 0.4 0.2 0.7
v 0.5 0.2 0.7
v 0.6 0.2 0.7
v 0.7 0.2 0.7
v -0.8 0.2 0.6
v -0.7 0.2 0.6
v -0.5 0.2 0.6
v -0.4 0.2 0.6
v 0.4 0.2 0.6
v 0.5 0.2 0.6
v 0.7 0.2 0.6
v 0.8 0.2 0.6
v -0.9 0.2 0.5
v -0.8 0.2 0.5
v -0.6 0.2 0.5
v -0.5 0.2 0.5
v 0.5 0.2 0.5
v 0.6 0.2 0.5
v 0.8 0.2 0.5
v 0.9 0.2 0.5
v -0.7 0.2 0.4
v -0.6 0.2 0.4
v 0.6 0.2 0.4
v 0.7 0.2 0.4
v -1 0.2 0.2
v -0.9 0.2 0.2
v -0.7 0.2 0.2
v 0.9 0.2 0.2
v 1 0.2 0.2
v -0.9 0.2 0.0999999
v -0.8 0.2 0.0999999
v -0.7 0.2 0.0999999
v 0.7 0.2 0.0999999
v 0.8 0.2 0.0999999
v -0.8 0.2 -2.38419e-07
v -0.8 0.2 -0.1
v -0.7 0.2 -0.1
v 0.7 0.2 -0.1
v 0.8 0.2 -0.1
v -1 0.2 -0.2
v -0.9 0.2 -0.2
v 0.9 0.2 -0.2
v 1 0.2 -0.2
v -0.9 0.2 -0.4
v -0.8 0.2 -0.4
v -0.7 0.2 -0.4
v -0.6 0.2 -0.4
v 0.6 0.2 -0.4
v 0.7 0.2 -0.4
v -0.9 0.2 -0.5
v -0.8 0.2 -0.5
v -0.6 0.2 -0.5
v -0.5 0.2 -0.5
v 0.5 0.2 -0.5
v 0.6 0.2 -0.5
v 0.8 0.2 -0.5
v 0.9 0.2 -0.5
v -0.8 0.2 -0.6
v -0.7 0.2 -0.6
v -0.5 0.2 -0.6
v -0.4 0.2 -0.6
v 0.4 0.2 -0.6
v 0.5 0.2 -0.6
v 0.7 0.2 -0.6
v 0.8 0.2 -0.6
v -0.7 0.2 -0.7
v -0.6 0.2 -0.7
v -0.4 0.2 -0.7
v -0.0999999 0.2 -0.7
v 0.1 0.2 -0.7
v 0.3 0.2 -0.7
v 0.4 0.2 -0.7
v 0.6 0.2 -0.7
v 0.7 0.2 -0.7
v -0.6 0.2 -0.8
v -0.5 0.2 -0.8
v -0.4 0.2 -0.8
v -0.0999999 0.2 -0.8
v 0.1 0.2 -0.8
v 0.5 0.2 -0.8
v 0.6 0.2 -0.8
v -0.5 0.2 -0.9
v -0.4 0.2 -0.9
v -0.2 0.2 -0.9
v 0.2 0.2 -0.9
v 0.3 0.2 -0.9
v 0.4 0.2 -0.9
v 0.5 0.2 -0.9
v -0.2 0.2 -1
v 0.2 0.2 -1
v -0.4 0.3 1.1
v 0.1 0.3 1.1
v 0.3 0.3 1.1
v 0.4 0.3 1.1
v -0.6 0.3 1
v -0.5 0.3 1
v -0.4 0.3 1
v -0.2 0.3 1
v 0.1 0.3 1
v 0.2 0.3 1
v 0.4 0.3 1
v 0.6 0.3 1
v -0.7 0.3 0.9
v -0.6 0.3 0.9
v -0.5 0.3 0.9
v -0.4 0.3 0.9
v -0.2 0.3 0.9
v 0.2 0.3 0.9
v 0.3 0.3 0.9
v 0.4 0.3 0.9
v 0.5 0.3 0.9
v 0.6 0.3 0.9
v 0.7 0.3 0.9
v -0.8 0.3 0.8
v -0.7 0.3 0.8
v -0.6 0.3 0.8
v -0.5 0.3 0.8
v 0.5 0.3 0.8
v 0.6 0.3 0.8
v 0.7 0.3 0.8
v 0.8 0.3 0.8
v -0.9 0.3 0.7
v -0.8 0.3 0.7
v -0.7 0.3 0.7
v -0.6 0.3 0.7
v 0.6 0.3 0.7
v 0.7 0.3 0.7
v 0.8 0.3 0.7
v 0.9 0.3 0.7
v -1 0.3 0.6
v -0.9 0.3 0.6
v -0.8 0.3 0.6
v -0.7 0.3 0.6
v 0.7 0.3 0.6
v 0.8 0.3 0.6
v 0.9 0.3 0.6
v 1 0.3 0.6
v -0.9 0.3 0.5
v -0.8 0.3 0.5
v 0.8 0.3 0.5
v 0.9 0.3 0.5
v 1 0.3 0.5
v -1.1 0.3 0.4
v -1 0.3 0.4
v 1 0.3 0.4
v 1.1 0.3 0.4
v -1 0.3 0.2
v -0.9 0.3 0.2
v 0.9 0.3 0.2
v 1 0.3 0.2
v -1.1 0.3 -2.38419e-07
v -1 0.3 -2.38419e-07
v -1 0.3 -0.2
v -0.9 0.3 -0.2
v 0.9 0.3 -0.2
v 1 0.3 -0.2
v -1 0.3 -0.3
v -0.9 0.3 -0.3
v -1.1 0.3 -0.4
v -1 0.3 -0.4
v -0.9 0.3 -0.4
v 0.9 0.3 -0.4
v 1 0.3 -0.4
v 1.1 0.3 -0.4
v -0.9 0.3 -0.5
v -0.8 0.3 -0.5
v 0.8 0.3 -0.5
v 0.9 0.3 -0.5
v -1 0.3 -0.6
v -0.9 0.3 -0.6
v -0.8 0.3 -0.6
v -0.7 0.3 -0.6
v 0.7 0.3 -0.6
v 0.8 0.3 -0.6
v 0.9 0.3 -0.6
v 1 0.3 -0.6
v -0.9 0.3 -0.7
v -0.8 0.3 -0.7
v -0.7 0.3 -0.7
v -0.6 0.3 -0.7
v 0.6 0.3 -0.7
v 0.7 0.3 -0.7
v 0.8 0.3 -0.7
v 0.9 0.3 -0.7
v -0.8 0.3 -0.8
v -0.7 0.3 -0.8
v -0.6 0.3 -0.8
v -0.5 0.3 -0.8
v 0.5 0.3 -0.8
v 0.6 0.3 -0.8
v 0.7 0.3 -0.8
v 0.8 0.3 -0.8
v -0.7 0.3 -0.9
v -0.6 0.3 -0.9
v -0.5 0.3 -0.9
v -0.4 0.3 -0.9
v -0.2 0.3 -0.9
v 0.2 0.3 -0.9
v 0.3 0.3 -0.9
v 0.4 0.3 -0.9
v 0.5 0.3 -0.9
v 0.6 0.3 -0.9
v 0.7 0.3 -0.9
v -0.6 0.3 -1
v -0.5 0.3 -1
v -0.4 0.3 -1
v -0.2 0.3 -1
v 0.2 0.3 -1
v 0.4 0.3 -1
v 0.6 0.3 -1
v -0.4 0.3 -1.1
v 0.3 0.3 -1.1
v 0.4 0.3 -1.1
v -0.2 0.4 1.3
v 0.1 0.4 1.3
v 0.2 0.4 1.3
v -0.5 0.4 1.2
v -0.4 0.4 1.2
v -0.3 0.4 1.2
v -0.2 0.4 1.2
v 0.2 0.4 1.2
v 0.3 0.4 1.2
v 0.5 0.4 1.2
v -0.7 0.4 1.1
v -0.5 0.4 1.1
v -0.4 0.4 1.1
v -0.3 0.4 1.1
v 0.1 0.4 1.1
v 0.3 0.4 1.1
v 0.4 0.4 1.1
v 0.5 0.4 1.1
v 0.7 0.4 1.1
v -0.8 0.4 1
v -0.7 0.4 1
v -0.6 0.4 1
v -0.5 0.4 1
v -0.4 0.4 1
v 0.4 0.4 1
v 0.6 0.4 1
v 0.7 0.4 1
v 0.8 0.4 1
v -0.9 0.4 0.9
v -0.8 0.4 0.9
v -0.7 0.4 0.9
v -0.6 0.4 0.9
v 0.6 0.4 0.9
v 0.7 0.4 0.9
v 0.8 0.4 0.9
v 0.9 0.4 0.9
v -1 0.4 0.8
v -0.9 0.4 0.8
v -0.8 0.4 0.8
v -0.7 0.4 0.8
v 0.7 0.4 0.8
v 0.8 0.4 0.8
v 0.9 0.4 0.8
v 1 0.4 0.8
v -1.1 0.4 0.7
v -1 0.4 0.7
v -0.9 0.4 0.7
v -0.8 0.4 0.7
v 0.8 0.4 0.7
v 0.9 0.4 0.7
v 1 0.4 0.7
v 1.1 0.4 0.7
v -1 0.4 0.6
v -0.9 0.4 0.6
v 0.9 0.4 0.6
v 1 0.4 0.6
v -1.2 0.4 0.5
v -1.1 0.4 0.5
v 1 0.4 0.5
v 1.1 0.4 0.5
v 1.2 0.4 0.5
v -1.1 0.4 0.4
v -1 0.4 0.4
v 1 0.4 0.4
v 1.1 0.4 0.4
v -1.2 0.4 0.3
v -1.1 0.4 0.3
v -1.3 0.4 0.2
v -1.2 0.4 0.2
v -1.1 0.4 0.2
v 1.2 0.4 0.2
v 1.3 0.4 0.2
v -1.3 0.4 0.0999999
v -1.2 0.4 0.0999999
v -1.1 0.4 -2.38419e-07
v -1.3 0.4 -0.2
v -1.2 0.4 -0.2
v 1.2 0.4 -0.2
v 1.3 0.4 -0.2
v -1.1 0.4 -0.4
v -1 0.4 -0.4
v 1 0.4 -0.4
v 1.1 0.4 -0.4
v -1.2 0.4 -0.5
v -1.1 0.4 -0.5
v 1.1 0.4 -0.5
v 1.2 0.4 -0.5
v -1.1 0.4 -0.6
v -1 0.4 -0.6
v -0.9 0.4 -0.6
v 0.9 0.4 -0.6
v 1 0.4 -0.6
v -1.1 0.4 -0.7
v -1 0.4 -0.7
v -0.9 0.4 -0.7
v -0.8 0.4 -0.7
v 0.8 0.4 -0.7
v 0.9 0.4 -0.7
v 1 0.4 -0.7
v 1.1 0.4 -0.7
v -1 0.4 -0.8
v -0.9 0.4 -0.8
v -0.8 0.4 -0.8
v -0.7 0.4 -0.8
v 0.7 0.4 -0.8
v 0.8 0.4 -0.8
v 0.9 0.4 -0.8
v 1 0.4 -0.8
v -0.9 0.4 -0.9
v -0.8 0.4 -0.9
v -0.7 0.4 -0.9
v -0.6 0.4 -0.9
v 0.6 0.4 -0.9
v 0.7 0.4 -0.9
v 0.8 0.4 -0.9
v 0.9 0.4 -0.9
v -0.8 0.4 -1
v -0.7 0.4 -1
v -0.6 0.4 -1
v -0.5 0.4 -1
v -0.4 0.4 -1
v 0.4 0.4 -1
v 0.6 0.4 -1
v 0.7 0.4 -1
v 0.8 0.4 -1
v -0.7 0.4 -1.1
v -0.5 0.4 -1.1
v -0.4 0.4 -1.1
v -0.3 0.4 -1.1
v 0.2 0.4 -1.1
v 0.3 0.4 -1.1
v 0.4 0.4 -1.1
v 0.5 0.4 -1.1
v 0.7 0.4 -1.1
v -0.5 0.4 -1.2
v -0.3 0.4 -1.2
v -0.2 0.4 -1.2
v 0.2 0.4 -1.2
v 0.4 0.4 -1.2
v 0.5 0.4 -1.2
v -0.2 0.4 -1.3
v 0.2 0.4 -1.3
v -0.3 0.5 1.4
v 0.1 0.5 1.4
v 0.2 0.5 1.4
v 0.3 0.5 1.4
v -0.6 0.5 1.3
v -0.4 0.5 1.3
v -0.3 0.5 1.3
v -0.2 0.5 1.3
v 0.1 0.5 1.3
v 0.2 0.5 1.3
v 0.3 0.5 1.3
v 0.6 0.5 1.3
v -0.8 0.5 1.2
v -0.6 0.5 1.2
v -0.5 0.5 1.2
v -0.4 0.5 1.2
v -0.3 0.5 1.2
v -0.2 0.5 1.2
v 0.2 0.5 1.2
v 0.3 0.5 1.2
v 0.5 0.5 1.2
v 0.6 0.5 1.2
v 0.7 0.5 1.2
v 0.8 0.5 1.2
v -0.9 0.5 1.1
v -0.8 0.5 1.1
v -0.7 0.5 1.1
v -0.5 0.5 1.1
v 0.5 0.5 1.1
v 0.7 0.5 1.1
v 0.8 0.5 1.1
v 0.9 0.5 1.1
v -1 0.5 1
v -0.9 0.5 1
v -0.8 0.5 1
v -0.7 0.5 1
v 0.7 0.5 1
v 0.8 0.5 1
v 0.9 0.5 1
v 1 0.5 1
v -1.1 0.5 0.9
v -1 0.5 0.9
v -0.9 0.5 0.9
v -0.8 0.5 0.9
v 0.8 0.5 0.9
v 0.9 0.5 0.9
v 1 0.5 0.9
v 1.1 0.5 0.9
v -1.2 0.5 0.8
v -1.1 0.5 0.8
v -1 0.5 0.8
v -0.9 0.5 0.8
v 0.9 0.5 0.8
v 1 0.5 0.8
v 1.1 0.5 0.8
v 1.2 0.5 0.8
v -1.1 0.5 0.7
v -1 0.5 0.7
v 1 0.5 0.7
v 1.1 0.5 0.7
v -1.3 0.5 0.6
v -1.2 0.5 0.6
v 1.2 0.5 0.6
v 1.3 0.5 0.6
v -1.2 0.5 0.5
v -1.1 0.5 0.5
v 1.1 0.5 0.5
v 1.2 0.5 0.5
v -1.3 0.5 0.4
v -1.2 0.5 0.4
v -1.4 0.5 0.3
v -1.3 0.5 0.3
v -1.2 0.5 0.3
v 1.3 0.5 0.3
v 1.4 0.5 0.3
v -1.3 0.5 0.2
v -1.2 0.5 0.2
v 1.2 0.5 0.2
v 1.3 0.5 0.2
v -1.3 0.5 0.0999999
v -1.3 0.5 -0.2
v -1.2 0.5 -0.2
v 1.2 0.5 -0.2
v 1.3 0.5 -0.2
v -1.4 0.5 -0.3
v -1.3 0.5 -0.3
v 1.3 0.5 -0.3
v 1.4 0.5 -0.3
v -1.2 0.5 -0.5
v -1.1 0.5 -0.5
v 1.1 0.5 -0.5
v 1.2 0.5 -0.5
v -1.3 0.5 -0.6
v -1.2 0.5 -0.6
v -1.1 0.5 -0.6
v 1.2 0.5 -0.6
v 1.3 0.5 -0.6
v -1.2 0.5 -0.7
v -1.1 0.5 -0.7
v -1 0.5 -0.7
v 1 0.5 -0.7
v 1.1 0.5 -0.7
v -1.2 0.5 -0.8
v -1.1 0.5 -0.8
v -1 0.5 -0.8
v -0.9 0.5 -0.8
v 0.9 0.5 -0.8
v 1 0.5 -0.8
v 1.1 0.5 -0.8
v 1.2 0.5 -0.8
v -1.1 0.5 -0.9
v -1 0.5 -0.9
v -0.9 0.5 -0.9
v -0.8 0.5 -0.9
v 0.8 0.5 -0.9
v 0.9 0.5 -0.9
v 1 0.5 -0.9
v 1.1 0.5 -0.9
v -1 0.5 -1
v -0.9 0.5 -1
v -0.8 0.5 -1
v -0.7 0.5 -1
v 0.7 0.5 -1
v 0.8 0.5 -1
v 0.9 0.5 -1
v 1 0.5 -1
v -0.9 0.5 -1.1
v -0.8 0.5 -1.1
v -0.7 0.5 -1.1
v -0.5 0.5 -1.1
v 0.5 0.5 -1.1
v 0.6 0.5 -1.1
v 0.7 0.5 -1.1
v 0.8 0.5 -1.1
v 0.9 0.5 -1.1
v -0.8 0.5 -1.2
v -0.7 0.5 -1.2
v -0.6 0.5 -1.2
v -0.5 0.5 -1.2
v -0.4 0.5 -1.2
v -0.3 0.5 -1.2
v -0.2 0.5 -1.2
v 0.2 0.5 -1.2
v 0.3 0.5 -1.2
v 0.4 0.5 -1.2
v 0.5 0.5 -1.2
v 0.6 0.5 -1.2
v 0.8 0.5 -1.2
v -0.6 0.5 -1.3
v -0.4 0.5 -1.3
v -0.3 0.5 -1.3
v -0.2 0.5 -1.3
v 0.2 0.5 -1.3
v 0.3 0.5 -1.3
v 0.5 0.5 -1.3
v 0.6 0.5 -1.3
v -0.3 0.5 -1.4
v 0.2 0.5 -1.4
v 0.3 0.5 -1.4
v -0.3 0.6 1.5
v -0.2 0.6 1.5
v 0.1 0.6 1.5
v 0.2 0.6 1.5
v 0.3 0.6 1.5
v -0.6 0.6 1.4
v -0.4 0.6 1.4
v -0.3 0.6 1.4
v -0.2 0.6 1.4
v 0.1 0.6 1.4
v 0.2 0.6 1.4
v 0.3 0.6 1.4
v 0.6 0.6 1.4
v -0.8 0.6 1.3
v -0.6 0.6 1.3
v -0.4 0.6 1.3
v -0.3 0.6 1.3
v 0.3 0.6 1.3
v 0.6 0.6 1.3
v 0.8 0.6 1.3
v -0.9 0.6 1.2
v -0.8 0.6 1.2
v -0.6 0.6 1.2
v 0.6 0.6 1.2
v 0.7 0.6 1.2
v 0.8 0.6 1.2
v 0.9 0.6 1.2
v -1 0.6 1.1
v -0.9 0.6 1.1
v -0.8 0.6 1.1
v 0.8 0.6 1.1
v 0.9 0.6 1.1
v 1 0.6 1.1
v -1.1 0.6 1
v -1 0.6 1
v -0.9 0.6 1
v 0.9 0.6 1
v 1 0.6 1
v 1.1 0.6 1
v -1.2 0.6 0.9
v -1.1 0.6 0.9
v -1 0.6 0.9
v 1 0.6 0.9
v 1.1 0.6 0.9
v 1.2 0.6 0.9
v -1.3 0.6 0.8
v -1.2 0.6 0.8
v -1.1 0.6 0.8
v 1.1 0.6 0.8
v 1.2 0.6 0.8
v 1.3 0.6 0.8
v -1.4 0.6 0.6
v -1.3 0.6 0.6
v -1.2 0.6 0.6
v 1.2 0.6 0.6
v 1.3 0.6 0.6
v 1.4 0.6 0.6
v -1.3 0.6 0.4
v -1.5 0.6 0.3
v -1.4 0.6 0.3
v -1.3 0.6 0.3
v 1.3 0.6 0.3
v 1.4 0.6 0.3
v 1.5 0.6 0.3
v -1.5 0.6 -0.3
v -1.4 0.6 -0.3
v -1.3 0.6 -0.3
v 1.3 0.6 -0.3
v 1.4 0.6 -0.3
v 1.5 0.6 -0.3
v -1.4 0.6 -0.6
v -1.3 0.6 -0.6
v -1.2 0.6 -0.6
v 1.2 0.6 -0.6
v 1.3 0.6 -0.6
v 1.4 0.6 -0.6
v -1.2 0.6 -0.7
v -1.3 0.6 -0.8
v -1.2 0.6 -0.8
v -1.1 0.6 -0.8
v 1.1 0.6 -0.8
v 1.2 0.6 -0.8
v 1.3 0.6 -0.8
v -1.2 0.6 -0.9
v -1.1 0.6 -0.9
v -1 0.6 -0.9
v 1 0.6 -0.9
v 1.1 0.6 -0.9
v 1.2 0.6 -0.9
v -1.1 0.6 -1
v -1 0.6 -1
v -0.9 0.6 -1
v 0.9 0.6 -1
v 1 0.6 -1
v 1.1 0.6 -1
v -1 0.6 -1.1
v -0.9 0.6 -1.1
v -0.8 0.6 -1.1
v 0.8 0.6 -1.1
v 0.9 0.6 -1.1
v 1 0.6 -1.1
v -0.9 0.6 -1.2
v -0.8 0.6 -1.2
v -0.7 0.6 -1.2
v -0.6 0.6 -1.2
v 0.6 0.6 -1.2
v 0.7 0.6 -1.2
v 0.8 0.6 -1.2
v 0.9 0.6 -1.2
v -0.8 0.6 -1.3
v -0.7 0.6 -1.3
v -0.6 0.6 -1.3
v -0.4 0.6 -1.3
v -0.3 0.6 -1.3
v 0.3 0.6 -1.3
v 0.4 0.6 -1.3
v 0.5 0.6 -1.3
v 0.6 0.6 -1.3
v 0.7 0.6 -1.3
v 0.8 0.6 -1.3
v -0.6 0.6 -1.4
v -0.4 0.6 -1.4
v -0.3 0.6 -1.4
v -0.2 0.6 -1.4
v 0.1 0.6 -1.4
v 0.2 0.6 -1.4
v 0.3 0.6 -1.4
v 0.4 0.6 -1.4
v 0.5 0.6 -1.4
v 0.6 0.6 -1.4
v -0.3 0.6 -1.5
v -0.2 0.6 -1.5
v 0.1 0.6 -1.5
v 0.2 0.6 -1.5
v 0.3 0.6 -1.5
v -0.2 0.7 1.6
v 0.1 0.7 1.6
v 0.2 0.7 1.6
v -0.6 0.7 1.5
v -0.4 0.7 1.5
v -0.3 0.7 1.5
v -0.2 0.7 1.5
v 0.1 0.7 1.5
v 0.2 0.7 1.5
v 0.3 0.7 1.5
v 0.5 0.7 1.5
v 0.6 0.7 1.5
v -0.8 0.7 1.4
v -0.6 0.7 1.4
v -0.4 0.7 1.4
v -0.3 0.7 1.4
v 0.3 0.7 1.4
v 0.5 0.7 1.4
v 0.6 0.7 1.4
v 0.7 0.7 1.4
v 0.8 0.7 1.4
v -0.9 0.7 1.3
v -0.8 0.7 1.3
v -0.6 0.7 1.3
v 0.6 0.7 1.3
v 0.7 0.7 1.3
v 0.8 0.7 1.3
v 0.9 0.7 1.3
v -1.1 0.7 1.2
v -0.9 0.7 1.2
v -0.8 0.7 1.2
v 0.8 0.7 1.2
v 0.9 0.7 1.2
v 1.1 0.7 1.2
v -1.2 0.7 1.1
v -1.1 0.7 1.1
v -1 0.7 1.1
v -0.9 0.7 1.1
v 0.9 0.7 1.1
v 1 0.7 1.1
v 1.1 0.7 1.1
v 1.2 0.7 1.1
v -1.2 0.7 1
v -1.1 0.7 1
v -1 0.7 1
v 1 0.7 1
v 1.1 0.7 1
v -1.3 0.7 0.9
v -1.2 0.7 0.9
v -1.1 0.7 0.9
v 1.1 0.7 0.9
v 1.2 0.7 0.9
v 1.3 0.7 0.9
v -1.4 0.7 0.8
v -1.3 0.7 0.8
v -1.2 0.7 0.8
v 1.2 0.7 0.8
v 1.3 0.7 0.8
v 1.4 0.7 0.8
v -1.5 0.7 0.6
v -1.4 0.7 0.6
v -1.3 0.7 0.6
v 1.3 0.7 0.6
v 1.4 0.7 0.6
v 1.5 0.7 0.6
v 1.4 0.7 0.5
v 1.5 0.7 0.5
v -1.5 0.7 0.4
v -1.4 0.7 0.4
v -1.5 0.7 0.3
v -1.4 0.7 0.3
v 1.4 0.7 0.3
v 1.5 0.7 0.3
v -1.6 0.7 0.2
v -1.5 0.7 0.2
v 1.5 0.7 0.2
v 1.6 0.7 0.2
v -1.6 0.7 -0.2
v -1.5 0.7 -0.2
v 1.5 0.7 -0.2
v 1.6 0.7 -0.2
v -1.5 0.7 -0.3
v -1.4 0.7 -0.3
v 1.4 0.7 -0.3
v 1.5 0.7 -0.3
v -1.5 0.7 -0.6
v -1.4 0.7 -0.6
v -1.3 0.7 -0.6
v 1.3 0.7 -0.6
v 1.4 0.7 -0.6
v 1.5 0.7 -0.6
v -1.4 0.7 -0.8
v -1.3 0.7 -0.8
v -1.2 0.7 -0.8
v 1.2 0.7 -0.8
v 1.3 0.7 -0.8
v 1.4 0.7 -0.8
v -1.3 0.7 -0.9
v -1.2 0.7 -0.9
v -1.1 0.7 -0.9
v 1.1 0.7 -0.9
v 1.2 0.7 -0.9
v 1.3 0.7 -0.9
v -1.1 0.7 -1
v -1 0.7 -1
v 1 0.7 -1
v 1.1 0.7 -1
v -1.2 0.7 -1.1
v -1.1 0.7 -1.1
v -1 0.7 -1.1
v -0.9 0.7 -1.1
v 0.9 0.7 -1.1
v 1 0.7 -1.1
v 1.1 0.7 -1.1
v 1.2 0.7 -1.1
v -1.1 0.7 -1.2
v -0.9 0.7 -1.2
v -0.8 0.7 -1.2
v 0.8 0.7 -1.2
v 0.9 0.7 -1.2
v 1.1 0.7 -1.2
v -0.9 0.7 -1.3
v -0.8 0.7 -1.3
v -0.7 0.7 -1.3
v -0.6 0.7 -1.3
v 0.6 0.7 -1.3
v 0.7 0.7 -1.3
v 0.8 0.7 -1.3
v 0.9 0.7 -1.3
v -0.8 0.7 -1.4
v -0.7 0.7 -1.4
v -0.6 0.7 -1.4
v -0.4 0.7 -1.4
v -0.3 0.7 -1.4
v 0.3 0.7 -1.4
v 0.4 0.7 -1.4
v 0.5 0.7 -1.4
v 0.6 0.7 -1.4
v 0.8 0.7 -1.4
v -0.6 0.7 -1.5
v -0.4 0.7 -1.5
v -0.3 0.7 -1.5
v -0.2 0.7 -1.5
v 0.1 0.7 -1.5
v 0.2 0.7 -1.5
v 0.3 0.7 -1.5
v 0.5 0.7 -1.5
v 0.6 0.7 -1.5
v -0.2 0.7 -1.6
v 0.2 0.7 -1.6
v -0.5 0.8 1.6
v -0.2 0.8 1.6
v 0.2 0.8 1.6
v 0.5 0.8 1.6
v -0.8 0.8 1.5
v -0.6 0.8 1.5
v -0.5 0.8 1.5
v -0.4 0.8 1.5
v -0.3 0.8 1.5
v -0.2 0.8 1.5
v 0.2 0.8 1.5
v 0.5 0.8 1.5
v 0.6 0.8 1.5
v 0.7 0.8 1.5
v 0.8 0.8 1.5
v -0.9 0.8 1.4
v -0.8 0.8 1.4
v -0.6 0.8 1.4
v 0.6 0.8 1.4
v 0.7 0.8 1.4
v 0.8 0.8 1.4
v 0.9 0.8 1.4
v -1.1 0.8 1.3
v -0.9 0.8 1.3
v -0.8 0.8 1.3
v 0.8 0.8 1.3
v 0.9 0.8 1.3
v 1.1 0.8 1.3
v -1.2 0.8 1.2
v -1.1 0.8 1.2
v -0.9 0.8 1.2
v 0.9 0.8 1.2
v 1.1 0.8 1.2
v 1.2 0.8 1.2
v -1.3 0.8 1.1
v -1.2 0.8 1.1
v -1.1 0.8 1.1
v 1.1 0.8 1.1
v 1.2 0.8 1.1
v 1.3 0.8 1.1
v -1.3 0.8 1
v -1.2 0.8 1
v 1.2 0.8 1
v 1.3 0.8 1
v -1.4 0.8 0.9
v -1.3 0.8 0.9
v -1.2 0.8 0.9
v 1.2 0.8 0.9
v 1.3 0.8 0.9
v 1.4 0.8 0.9
v -1.5 0.8 0.8
v -1.4 0.8 0.8
v -1.3 0.8 0.8
v 1.3 0.8 0.8
v 1.4 0.8 0.8
v 1.5 0.8 0.8
v -1.5 0.8 0.6
v -1.4 0.8 0.6
v 1.4 0.8 0.6
v 1.5 0.8 0.6
v -1.6 0.8 0.5
v -1.5 0.8 0.5
v 1.5 0.8 0.5
v 1.6 0.8 0.5
v -1.5 0.8 0.4
v -1.6 0.8 0.3
v -1.5 0.8 0.3
v -1.6 0.8 0.2
v -1.5 0.8 0.2
v 1.5 0.8 0.2
v 1.6 0.8 0.2
v -1.6 0.8 -0.2
v -1.5 0.8 -0.2
v 1.5 0.8 -0.2
v 1.6 0.8 -0.2
v -1.6 0.8 -0.5
v -1.5 0.8 -0.5
v 1.5 0.8 -0.5
v 1.6 0.8 -0.5
v -1.5 0.8 -0.6
v -1.4 0.8 -0.6
v 1.4 0.8 -0.6
v 1.5 0.8 -0.6
v -1.5 0.8 -0.8
v -1.4 0.8 -0.8
v -1.3 0.8 -0.8
v 1.3 0.8 -0.8
v 1.4 0.8 -0.8
v 1.5 0.8 -0.8
v -1.4 0.8 -0.9
v -1.3 0.8 -0.9
v -1.2 0.8 -0.9
v 1.2 0.8 -0.9
v 1.3 0.8 -0.9
v 1.4 0.8 -0.9
v -1.3 0.8 -1
v -1.2 0.8 -1
v -1.3 0.8 -1.1
v -1.2 0.8 -1.1
v -1.1 0.8 -1.1
v 1.1 0.8 -1.1
v 1.2 0.8 -1.1
v 1.3 0.8 -1.1
v -1.2 0.8 -1.2
v -1.1 0.8 -1.2
v -0.9 0.8 -1.2
v 0.9 0.8 -1.2
v 1.1 0.8 -1.2
v 1.2 0.8 -1.2
v -1.1 0.8 -1.3
v -0.9 0.8 -1.3
v -0.8 0.8 -1.3
v 0.8 0.8 -1.3
v 0.9 0.8 -1.3
v 1.1 0.8 -1.3
v -0.9 0.8 -1.4
v -0.8 0.8 -1.4
v -0.7 0.8 -1.4
v -0.6 0.8 -1.4
v 0.6 0.8 -1.4
v 0.8 0.8 -1.4
v 0.9 0.8 -1.4
v -0.8 0.8 -1.5
v -0.7 0.8 -1.5
v -0.6 0.8 -1.5
v -0.5 0.8 -1.5
v -0.4 0.8 -1.5
v -0.3 0.8 -1.5
v -0.2 0.8 -1.5
v 0.2 0.8 -1.5
v 0.3 0.8 -1.5
v 0.4 0.8 -1.5
v 0.5 0.8 -1.5
v 0.6 0.8 -1.5
v 0.8 0.8 -1.5
v -0.5 0.8 -1.6
v -0.3 0.8 -1.6
v -0.2 0.8 -1.6
v 0.2 0.8 -1.6
v 0.3 0.8 -1.6
v 0.4 0.8 -1.6
v 0.5 0.8 -1.6
v -0.4 0.9 1.7
v 0.4 0.9 1.7
v -0.7 0.9 1.6
v -0.5 0.9 1.6
v -0.4 0.9 1.6
v 0.4 0.9 1.6
v 0.5 0.9 1.6
v 0.7 0.9 1.6
v -0.9 0.9 1.5
v -0.8 0.9 1.5
v -0.7 0.9 1.5
v -0.5 0.9 1.5
v 0.5 0.9 1.5
v 0.7 0.9 1.5
v 0.8 0.9 1.5
v 0.9 0.9 1.5
v -1 0.9 1.4
v -0.9 0.9 1.4
v -0.8 0.9 1.4
v 0.8 0.9 1.4
v 0.9 0.9 1.4
v 1 0.9 1.4
v -1.2 0.9 1.3
v -1.1 0.9 1.3
v -1 0.9 1.3
v -0.9 0.9 1.3
v 0.9 0.9 1.3
v 1 0.9 1.3
v 1.1 0.9 1.3
v 1.2 0.9 1.3
v -1.3 0.9 1.2
v -1.2 0.9 1.2
v -1.1 0.9 1.2
v 1.1 0.9 1.2
v 1.2 0.9 1.2
v 1.3 0.9 1.2
v -1.3 0.9 1.1
v -1.2 0.9 1.1
v 1.2 0.9 1.1
v 1.3 0.9 1.1
v -1.4 0.9 1
v -1.3 0.9 1
v 1.3 0.9 1
v 1.4 0.9 1
v -1.5 0.9 0.9
v -1.4 0.9 0.9
v -1.3 0.9 0.9
v 1.3 0.9 0.9
v 1.4 0.9 0.9
v 1.5 0.9 0.9
v -1.5 0.9 0.8
v -1.4 0.9 0.8
v 1.4 0.9 0.8
v 1.5 0.9 0.8
v -1.6 0.9 0.7
v -1.5 0.9 0.7
v 1.5 0.9 0.7
v 1.6 0.9 0.7
v 1.5 0.9 0.6
v -1.6 0.9 0.5
v -1.5 0.9 0.5
v 1.5 0.9 0.5
v 1.6 0.9 0.5
v -1.7 0.9 0.4
v -1.6 0.9 0.4
v 1.6 0.9 0.4
v 1.7 0.9 0.4
v -1.7 0.9 0.3
v -1.6 0.9 0.3
v 1.6 0.9 0.2
v -1.7 0.9 0.0999999
v -1.6 0.9 0.0999999
v -1.6 0.9 -2.38419e-07
v -1.7 0.9 -0.2
v -1.6 0.9 -0.2
v 1.6 0.9 -0.2
v 1.7 0.9 -0.2
v -1.7 0.9 -0.4
v -1.6 0.9 -0.4
v 1.6 0.9 -0.4
v 1.7 0.9 -0.4
v -1.6 0.9 -0.5
v -1.5 0.9 -0.5
v 1.5 0.9 -0.5
v 1.6 0.9 -0.5
v 1.5 0.9 -0.6
v 1.6 0.9 -0.6
v -1.6 0.9 -0.7
v -1.5 0.9 -0.7
v 1.5 0.9 -0.7
v 1.6 0.9 -0.7
v -1.5 0.9 -0.8
v -1.4 0.9 -0.8
v 1.4 0.9 -0.8
v 1.5 0.9 -0.8
v -1.5 0.9 -0.9
v -1.4 0.9 -0.9
v -1.3 0.9 -0.9
v 1.3 0.9 -0.9
v 1.4 0.9 -0.9
v 1.5 0.9 -0.9
v -1.4 0.9 -1
v -1.3 0.9 -1
v 1.3 0.9 -1
v 1.4 0.9 -1
v -1.3 0.9 -1.1
v -1.2 0.9 -1.1
v 1.2 0.9 -1.1
v 1.3 0.9 -1.1
v -1.3 0.9 -1.2
v -1.2 0.9 -1.2
v -1.1 0.9 -1.2
v 1.1 0.9 -1.2
v 1.2 0.9 -1.2
v 1.3 0.9 -1.2
v -1.2 0.9 -1.3
v -1.1 0.9 -1.3
v -1 0.9 -1.3
v -0.9 0.9 -1.3
v 0.9 0.9 -1.3
v 1 0.9 -1.3
v 1.1 0.9 -1.3
v 1.2 0.9 -1.3
v -1 0.9 -1.4
v -0.9 0.9 -1.4
v -0.8 0.9 -1.4
v 0.8 0.9 -1.4
v 0.9 0.9 -1.4
v 1 0.9 -1.4
v -0.9 0.9 -1.5
v -0.8 0.9 -1.5
v -0.7 0.9 -1.5
v -0.5 0.9 -1.5
v 0.5 0.9 -1.5
v 0.6 0.9 -1.5
v 0.7 0.9 -1.5
v 0.8 0.9 -1.5
v 0.9 0.9 -1.5
v -0.7 0.9 -1.6
v -0.5 0.9 -1.6
v -0.4 0.9 -1.6
v -0.3 0.9 -1.6
v -0.2 0.9 -1.6
v 0.2 0.9 -1.6
v 0.3 0.9 -1.6
v 0.4 0.9 -1.6
v 0.5 0.9 -1.6
v 0.7 0.9 -1.6
v -0.4 0.9 -1.7
v -0.3 0.9 -1.7
v -0.2 0.9 -1.7
v 0.2 0.9 -1.7
v 0.3 0.9 -1.7
v 0.4 0.9 -1.7
v -0.2 1 1.8
v 0.2 1 1.8
v -0.6 1 1.7
v -0.4 1 1.7
v -0.2 1 1.7
v 0.2 1 1.7
v 0.4 1 1.7
v 0.6 1 1.7
v -0.8 1 1.6
v -0.7 1 1.6
v -0.6 1 1.6
v -0.4 1 1.6
v 0.4 1 1.6
v 0.6 1 1.6
v 0.7 1 1.6
v 0.8 1 1.6
v -1 1 1.5
v -0.9 1 1.5
v -0.8 1 1.5
v -0.7 1 1.5
v 0.7 1 1.5
v 0.8 1 1.5
v 0.9 1 1.5
v 1 1 1.5
v -1.1 1 1.4
v -1 1 1.4
v -0.9 1 1.4
v 0.9 1 1.4
v 1 1 1.4
v 1.1 1 1.4
v -1.1 1 1.3
v -1 1 1.3
v 1 1 1.3
v 1.1 1 1.3
v -1.4 1 1.1
v -1.3 1 1.1
v 1.3 1 1.1
v 1.4 1 1.1
v -1.5 1 1
v -1.4 1 1
v -1.3 1 1
v 1.3 1 1
v 1.4 1 1
v 1.5 1 1
v -1.5 1 0.9
v -1.4 1 0.9
v 1.4 1 0.9
v 1.5 1 0.9
v -1.6 1 0.8
v -1.5 1 0.8
v 1.5 1 0.8
v 1.6 1 0.8
v -1.6 1 0.7
v -1.5 1 0.7
v 1.5 1 0.7
v 1.6 1 0.7
v -1.7 1 0.6
v -1.6 1 0.6
v 1.6 1 0.6
v 1.7 1 0.6
v 1.6 1 0.5
v 1.7 1 0.5
v -1.7 1 0.4
v -1.6 1 0.4
v 1.6 1 0.4
v 1.7 1 0.4
v -1.8 1 0.2
v -1.7 1 0.2
v 1.7 1 0.2
v 1.8 1 0.2
v -1.7 1 0.0999999
v -1.8 1 -0.2
v -1.7 1 -0.2
v 1.7 1 -0.2
v 1.8 1 -0.2
v -1.7 1 -0.4
v -1.6 1 -0.4
v 1.6 1 -0.4
v 1.7 1 -0.4
v -1.7 1 -0.5
v -1.6 1 -0.5
v -1.7 1 -0.6
v -1.6 1 -0.6
v 1.6 1 -0.6
v 1.7 1 -0.6
v -1.6 1 -0.7
v -1.5 1 -0.7
v 1.5 1 -0.7
v 1.6 1 -0.7
v -1.6 1 -0.8
v -1.5 1 -0.8
v 1.5 1 -0.8
v 1.6 1 -0.8
v -1.5 1 -0.9
v -1.4 1 -0.9
v 1.4 1 -0.9
v 1.5 1 -0.9
v -1.5 1 -1
v -1.4 1 -1
v -1.3 1 -1
v 1.3 1 -1
v 1.4 1 -1
v 1.5 1 -1
v -1.4 1 -1.1
v -1.3 1 -1.1
v 1.3 1 -1.1
v 1.4 1 -1.1
v -1.1 1 -1.3
v -1 1 -1.3
v 1 1 -1.3
v 1.1 1 -1.3
v -1.1 1 -1.4
v -1 1 -1.4
v -0.9 1 -1.4
v 0.9 1 -1.4
v 1 1 -1.4
v 1.1 1 -1.4
v -1 1 -1.5
v -0.9 1 -1.5
v -0.8 1 -1.5
v -0.7 1 -1.5
v 0.7 1 -1.5
v 0.8 1 -1.5
v 0.9 1 -1.5
v 1 1 -1.5
v -0.8 1 -1.6
v -0.7 1 -1.6
v -0.6 1 -1.6
v -0.5 1 -1.6
v -0.4 1 -1.6
v 0.4 1 -1.6
v 0.5 1 -1.6
v 0.6 1 -1.6
v 0.7 1 -1.6
v 0.8 1 -1.6
v -0.6 1 -1.7
v -0.4 1 -1.7
v -0.2 1 -1.7
v -0.0999999 1 -1.7
v 0.1 1 -1.7
v 0.2 1 -1.7
v 0.4 1 -1.7
v 0.5 1 -1.7
v 0.6 1 -1.7
v -0.2 1 -1.8
v -0.0999999 1 -1.8
v 0.1 1 -1.8
v 0.2 1 -1.8
v -0.5 1.1 1.8
v -0.2 1.1 1.8
v 0.2 1.1 1.8
v 0.5 1.1 1.8
v -0.7 1.1 1.7
v -0.6 1.1 1.7
v -0.5 1.1 1.7
v -0.2 1.1 1.7
v 0.2 1.1 1.7
v 0.5 1.1 1.7
v 0.6 1.1 1.7
v 0.7 1.1 1.7
v -0.9 1.1 1.6
v -0.8 1.1 1.6
v -0.7 1.1 1.6
v -0.6 1.1 1.6
v 0.6 1.1 1.6
v 0.7 1.1 1.6
v 0.8 1.1 1.6
v 0.9 1.1 1.6
v -1.1 1.1 1.5
v -1 1.1 1.5
v -0.9 1.1 1.5
v -0.8 1.1 1.5
v 0.8 1.1 1.5
v 0.9 1.1 1.5
v 1 1.1 1.5
v 1.1 1.1 1.5
v -1.2 1.1 1.4
v -1.1 1.1 1.4
v -1 1.1 1.4
v 1 1.1 1.4
v 1.1 1.1 1.4
v 1.2 1.1 1.4
v -1.3 1.1 1.3
v -1.2 1.1 1.3
v -1.1 1.1 1.3
v 1.1 1.1 1.3
v 1.2 1.1 1.3
v 1.3 1.1 1.3
v -1.4 1.1 1.2
v -1.3 1.1 1.2
v -1.2 1.1 1.2
v 1.2 1.1 1.2
v 1.3 1.1 1.2
v 1.4 1.1 1.2
v -1.5 1.1 1.1
v -1.4 1.1 1.1
v -1.3 1.1 1.1
v 1.3 1.1 1.1
v 1.4 1.1 1.1
v 1.5 1.1 1.1
v -1.5 1.1 1
v -1.4 1.1 1
v 1.4 1.1 1
v 1.5 1.1 1
v -1.6 1.1 0.9
v -1.5 1.1 0.9
v 1.5 1.1 0.9
v 1.6 1.1 0.9
v -1.6 1.1 0.8
v -1.5 1.1 0.8
v 1.5 1.1 0.8
v 1.6 1.1 0.8
v -1.7 1.1 0.7
v -1.6 1.1 0.7
v 1.6 1.1 0.7
v 1.7 1.1 0.7
v -1.7 1.1 0.6
v -1.6 1.1 0.6
v 1.6 1.1 0.6
v 1.7 1.1 0.6
v -1.8 1.1 0.5
v -1.7 1.1 0.5
v 1.7 1.1 0.5
v 1.8 1.1 0.5
v -1.8 1.1 0.4
v -1.7 1.1 0.4
v 1.7 1.1 0.4
v 1.8 1.1 0.4
v -1.8 1.1 0.3
v -1.7 1.1 0.3
v -1.8 1.1 0.2
v -1.7 1.1 0.2
v 1.7 1.1 0.2
v 1.8 1.1 0.2
v -1.8 1.1 -0.2
v -1.7 1.1 -0.2
v 1.7 1.1 -0.2
v 1.8 1.1 -0.2
v -1.8 1.1 -0.5
v -1.7 1.1 -0.5
v 1.7 1.1 -0.5
v 1.8 1.1 -0.5
v -1.7 1.1 -0.6
v -1.6 1.1 -0.6
v 1.6 1.1 -0.6
v 1.7 1.1 -0.6
v -1.7 1.1 -0.7
v -1.6 1.1 -0.7
v 1.6 1.1 -0.7
v 1.7 1.1 -0.7
v -1.6 1.1 -0.8
v -1.5 1.1 -0.8
v 1.5 1.1 -0.8
v 1.6 1.1 -0.8
v -1.6 1.1 -0.9
v -1.5 1.1 -0.9
v 1.5 1.1 -0.9
v 1.6 1.1 -0.9
v -1.5 1.1 -1
v -1.4 1.1 -1
v 1.4 1.1 -1
v 1.5 1.1 -1
v -1.5 1.1 -1.1
v -1.4 1.1 -1.1
v -1.3 1.1 -1.1
v 1.3 1.1 -1.1
v 1.4 1.1 -1.1
v 1.5 1.1 -1.1
v -1.4 1.1 -1.2
v -1.3 1.1 -1.2
v -1.2 1.1 -1.2
v 1.2 1.1 -1.2
v 1.3 1.1 -1.2
v 1.4 1.1 -1.2
v -1.3 1.1 -1.3
v -1.2 1.1 -1.3
v -1.1 1.1 -1.3
v 1.1 1.1 -1.3
v 1.2 1.1 -1.3
v 1.3 1.1 -1.3
v -1.2 1.1 -1.4
v -1.1 1.1 -1.4
v -1 1.1 -1.4
v 1 1.1 -1.4
v 1.1 1.1 -1.4
v 1.2 1.1 -1.4
v -1.1 1.1 -1.5
v -1 1.1 -1.5
v -0.9 1.1 -1.5
v -0.8 1.1 -1.5
v 0.8 1.1 -1.5
v 0.9 1.1 -1.5
v 1 1.1 -1.5
v 1.1 1.1 -1.5
v -0.9 1.1 -1.6
v -0.8 1.1 -1.6
v -0.7 1.1 -1.6
v -0.6 1.1 -1.6
v 0.6 1.1 -1.6
v 0.7 1.1 -1.6
v 0.8 1.1 -1.6
v 0.9 1.1 -1.6
v -0.7 1.1 -1.7
v -0.6 1.1 -1.7
v -0.5 1.1 -1.7
v -0.3 1.1 -1.7
v -0.2 1.1 -1.7
v 0.2 1.1 -1.7
v 0.3 1.1 -1.7
v 0.4 1.1 -1.7
v 0.5 1.1 -1.7
v 0.6 1.1 -1.7
v 0.7 1.1 -1.7
v -0.5 1.1 -1.8
v -0.2 1.1 -1.8
v 0.2 1.1 -1.8
v 0.4 1.1 -1.8
v 0.5 1.1 -1.8
v -0.0999999 1.2 1.9
v 0.1 1.2 1.9
v -0.6 1.2 1.8
v -0.5 1.2 1.8
v -0.0999999 1.2 1.8
v 0.1 1.2 1.8
v 0.5 1.2 1.8
v 0.6 1.2 1.8
v -0.8 1.2 1.7
v -0.7 1.2 1.7
v -0.6 1.2 1.7
v -0.5 1.2 1.7
v 0.5 1.2 1.7
v 0.6 1.2 1.7
v 0.7 1.2 1.7
v 0.8 1.2 1.7
v -1 1.2 1.6
v -0.9 1.2 1.6
v -0.8 1.2 1.6
v -0.7 1.2 1.6
v 0.7 1.2 1.6
v 0.8 1.2 1.6
v 0.9 1.2 1.6
v 1 1.2 1.6
v -1.2 1.2 1.5
v -1.1 1.2 1.5
v -1 1.2 1.5
v -0.9 1.2 1.5
v 0.9 1.2 1.5
v 1 1.2 1.5
v 1.1 1.2 1.5
v 1.2 1.2 1.5
v -1.3 1.2 1.4
v -1.2 1.2 1.4
v -1.1 1.2 1.4
v 1.1 1.2 1.4
v 1.2 1.2 1.4
v 1.3 1.2 1.4
v -1.4 1.2 1.3
v -1.3 1.2 1.3
v -1.2 1.2 1.3
v 1.2 1.2 1.3
v 1.3 1.2 1.3
v 1.4 1.2 1.3
v -1.5 1.2 1.2
v -1.4 1.2 1.2
v -1.3 1.2 1.2
v 1.3 1.2 1.2
v 1.4 1.2 1.2
v 1.5 1.2 1.2
v -1.5 1.2 1.1
v -1.4 1.2 1.1
v 1.4 1.2 1.1
v 1.5 1.2 1.1
v -1.6 1.2 1
v -1.5 1.2 1
v 1.5 1.2 1
v 1.6 1.2 1
v -1.6 1.2 0.9
v -1.5 1.2 0.9
v 1.5 1.2 0.9
v 1.6 1.2 0.9
v -1.7 1.2 0.8
v -1.6 1.2 0.8
v 1.6 1.2 0.8
v 1.7 1.2 0.8
v -1.7 1.2 0.7
v -1.6 1.2 0.7
v 1.6 1.2 0.7
v 1.7 1.2 0.7
v -1.8 1.2 0.6
v -1.7 1.2 0.6
v 1.7 1.2 0.6
v 1.8 1.2 0.6
v -1.8 1.2 0.5
v -1.7 1.2 0.5
v 1.7 1.2 0.5
v 1.8 1.2 0.5
v -1.9 1.2 0.0999999
v -1.8 1.2 0.0999999
v 1.8 1.2 0.0999999
v 1.9 1.2 0.0999999
v -1.9 1.2 -0.1
v -1.8 1.2 -0.1
v 1.8 1.2 -0.1
v 1.9 1.2 -0.1
v -1.8 1.2 -0.5
v -1.7 1.2 -0.5
v 1.7 1.2 -0.5
v 1.8 1.2 -0.5
v -1.8 1.2 -0.6
v -1.7 1.2 -0.6
v 1.7 1.2 -0.6
v 1.8 1.2 -0.6
v -1.7 1.2 -0.7
v -1.6 1.2 -0.7
v 1.6 1.2 -0.7
v 1.7 1.2 -0.7
v -1.7 1.2 -0.8
v -1.6 1.2 -0.8
v 1.6 1.2 -0.8
v 1.7 1.2 -0.8
v -1.6 1.2 -0.9
v -1.5 1.2 -0.9
v 1.5 1.2 -0.9
v 1.6 1.2 -0.9
v -1.6 1.2 -1
v -1.5 1.2 -1
v 1.5 1.2 -1
v 1.6 1.2 -1
v -1.5 1.2 -1.1
v -1.4 1.2 -1.1
v 1.4 1.2 -1.1
v 1.5 1.2 -1.1
v -1.5 1.2 -1.2
v -1.4 1.2 -1.2
v -1.3 1.2 -1.2
v 1.3 1.2 -1.2
v 1.4 1.2 -1.2
v 1.5 1.2 -1.2
v -1.4 1.2 -1.3
v -1.3 1.2 -1.3
v -1.2 1.2 -1.3
v 1.2 1.2 -1.3
v 1.3 1.2 -1.3
v 1.4 1.2 -1.3
v -1.3 1.2 -1.4
v -1.2 1.2 -1.4
v -1.1 1.2 -1.4
v 1.1 1.2 -1.4
v 1.2 1.2 -1.4
v 1.3 1.2 -1.4
v -1.2 1.2 -1.5
v -1.1 1.2 -1.5
v -1 1.2 -1.5
v -0.9 1.2 -1.5
v 0.9 1.2 -1.5
v 1 1.2 -1.5
v 1.1 1.2 -1.5
v 1.2 1.2 -1.5
v -1 1.2 -1.6
v -0.9 1.2 -1.6
v -0.8 1.2 -1.6
v -0.7 1.2 -1.6
v 0.7 1.2 -1.6
v 0.8 1.2 -1.6
v 0.9 1.2 -1.6
v 1 1.2 -1.6
v -0.8 1.2 -1.7
v -0.7 1.2 -1.7
v -0.6 1.2 -1.7
v -0.5 1.2 -1.7
v 0.5 1.2 -1.7
v 0.6 1.2 -1.7
v 0.7 1.2 -1.7
v 0.8 1.2 -1.7
v -0.6 1.2 -1.8
v -0.5 1.2 -1.8
v -0.0999999 1.2 -1.8
v 0.1 1.2 -1.8
v 0.5 1.2 -1.8
v 0.6 1.2 -1.8
v -0.0999999 1.2 -1.9
v 0.1 1.2 -1.9
v -0.4 1.3 1.9
v -0.0999999 1.3 1.9
v 0.1 1.3 1.9
v 0.4 1.3 1.9
v -0.7 1.3 1.8
v -0.6 1.3 1.8
v -0.4 1.3 1.8
v -0.0999999 1.3 1.8
v 0.1 1.3 1.8
v 0.4 1.3 1.8
v 0.6 1.3 1.8
v 0.7 1.3 1.8
v -0.9 1.3 1.7
v -0.8 1.3 1.7
v -0.7 1.3 1.7
v -0.6 1.3 1.7
v 0.6 1.3 1.7
v 0.7 1.3 1.7
v 0.8 1.3 1.7
v 0.9 1.3 1.7
v -1.1 1.3 1.6
v -1 1.3 1.6
v -0.9 1.3 1.6
v -0.8 1.3 1.6
v 0.8 1.3 1.6
v 0.9 1.3 1.6
v 1 1.3 1.6
v 1.1 1.3 1.6
v -1.1 1.3 1.5
v -1 1.3 1.5
v 1 1.3 1.5
v 1.1 1.3 1.5
v -1.6 1.3 1.1
v -1.5 1.3 1.1
v 1.5 1.3 1.1
v 1.6 1.3 1.1
v -1.6 1.3 1
v -1.5 1.3 1
v 1.5 1.3 1
v 1.6 1.3 1
v -1.7 1.3 0.9
v -1.6 1.3 0.9
v 1.6 1.3 0.9
v 1.7 1.3 0.9
v -1.7 1.3 0.8
v -1.6 1.3 0.8
v 1.6 1.3 0.8
v 1.7 1.3 0.8
v -1.8 1.3 0.7
v -1.7 1.3 0.7
v 1.7 1.3 0.7
v 1.8 1.3 0.7
v -1.8 1.3 0.6
v -1.7 1.3 0.6
v 1.7 1.3 0.6
v 1.8 1.3 0.6
v -1.9 1.3 0.4
v -1.8 1.3 0.4
v 1.8 1.3 0.4
v 1.9 1.3 0.4
v -1.9 1.3 0.3
v -1.8 1.3 0.3
v 1.8 1.3 0.3
v 1.9 1.3 0.3
v -1.9 1.3 0.0999999
v -1.8 1.3 0.0999999
v 1.8 1.3 0.0999999
v 1.9 1.3 0.0999999
v -1.9 1.3 -0.1
v -1.8 1.3 -0.1
v 1.8 1.3 -0.1
v 1.9 1.3 -0.1
v -1.9 1.3 -0.4
v -1.8 1.3 -0.4
v 1.8 1.3 -0.4
v 1.9 1.3 -0.4
v -1.8 1.3 -0.6
v -1.7 1.3 -0.6
v 1.7 1.3 -0.6
v 1.8 1.3 -0.6
v -1.8 1.3 -0.7
v -1.7 1.3 -0.7
v 1.7 1.3 -0.7
v 1.8 1.3 -0.7
v -1.7 1.3 -0.8
v -1.6 1.3 -0.8
v 1.6 1.3 -0.8
v 1.7 1.3 -0.8
v -1.7 1.3 -0.9
v -1.6 1.3 -0.9
v 1.6 1.3 -0.9
v 1.7 1.3 -0.9
v -1.6 1.3 -1
v -1.5 1.3 -1
v 1.5 1.3 -1
v 1.6 1.3 -1
v -1.6 1.3 -1.1
v -1.5 1.3 -1.1
v 1.5 1.3 -1.1
v 1.6 1.3 -1.1
v -1.1 1.3 -1.5
v -1 1.3 -1.5
v 1 1.3 -1.5
v 1.1 1.3 -1.5
v -1.1 1.3 -1.6
v -1 1.3 -1.6
v -0.9 1.3 -1.6
v -0.8 1.3 -1.6
v 0.8 1.3 -1.6
v 0.9 1.3 -1.6
v 1 1.3 -1.6
v 1.1 1.3 -1.6
v -0.9 1.3 -1.7
v -0.8 1.3 -1.7
v -0.7 1.3 -1.7
v -0.6 1.3 -1.7
v 0.6 1.3 -1.7
v 0.7 1.3 -1.7
v 0.8 1.3 -1.7
v 0.9 1.3 -1.7
v -0.7 1.3 -1.8
v -0.6 1.3 -1.8
v -0.4 1.3 -1.8
v -0.2 1.3 -1.8
v -0.0999999 1.3 -1.8
v 0.1 1.3 -1.8
v 0.4 1.3 -1.8
v 0.6 1.3 -1.8
v 0.7 1.3 -1.8
v -0.4 1.3 -1.9
v -0.2 1.3 -1.9
v -0.0999999 1.3 -1.9
v 0.1 1.3 -1.9
v 0.4 1.3 -1.9
v -0.5 1.4 1.9
v -0.4 1.4 1.9
v 0.4 1.4 1.9
v 0.5 1.4 1.9
v -0.8 1.4 1.8
v -0.7 1.4 1.8
v -0.5 1.4 1.8
v -0.4 1.4 1.8
v 0.4 1.4 1.8
v 0.5 1.4 1.8
v 0.7 1.4 1.8
v 0.8 1.4 1.8
v -1 1.4 1.7
v -0.9 1.4 1.7
v -0.8 1.4 1.7
v -0.7 1.4 1.7
v 0.7 1.4 1.7
v 0.8 1.4 1.7
v 0.9 1.4 1.7
v 1 1.4 1.7
v -1 1.4 1.6
v -0.9 1.4 1.6
v 0.9 1.4 1.6
v 1 1.4 1.6
v -1.3 1.4 1.5
v -1.2 1.4 1.5
v 1.2 1.4 1.5
v 1.3 1.4 1.5
v -1.4 1.4 1.4
v -1.3 1.4 1.4
v -1.2 1.4 1.4
v 1.2 1.4 1.4
v 1.3 1.4 1.4
v 1.4 1.4 1.4
v -1.5 1.4 1.3
v -1.4 1.4 1.3
v -1.3 1.4 1.3
v 1.3 1.4 1.3
v 1.4 1.4 1.3
v 1.5 1.4 1.3
v -1.5 1.4 1.2
v -1.4 1.4 1.2
v 1.4 1.4 1.2
v 1.5 1.4 1.2
v -1.7 1.4 1
v -1.6 1.4 1
v 1.6 1.4 1
v 1.7 1.4 1
v -1.7 1.4 0.9
v -1.6 1.4 0.9
v 1.6 1.4 0.9
v 1.7 1.4 0.9
v -1.8 1.4 0.8
v -1.7 1.4 0.8
v 1.7 1.4 0.8
v 1.8 1.4 0.8
v -1.8 1.4 0.7
v -1.7 1.4 0.7
v 1.7 1.4 0.7
v 1.8 1.4 0.7
v -1.9 1.4 0.5
v -1.8 1.4 0.5
v 1.8 1.4 0.5
v 1.9 1.4 0.5
v -1.9 1.4 0.4
v -1.8 1.4 0.4
v 1.8 1.4 0.4
v 1.9 1.4 0.4
v -1.9 1.4 -0.4
v -1.8 1.4 -0.4
v 1.8 1.4 -0.4
v 1.9 1.4 -0.4
v -1.9 1.4 -0.5
v -1.8 1.4 -0.5
v 1.8 1.4 -0.5
v 1.9 1.4 -0.5
v -1.8 1.4 -0.7
v -1.7 1.4 -0.7
v 1.7 1.4 -0.7
v 1.8 1.4 -0.7
v -1.8 1.4 -0.8
v -1.7 1.4 -0.8
v 1.7 1.4 -0.8
v 1.8 1.4 -0.8
v -1.7 1.4 -0.9
v -1.6 1.4 -0.9
v 1.6 1.4 -0.9
v 1.7 1.4 -0.9
v -1.7 1.4 -1
v -1.6 1.4 -1
v 1.6 1.4 -1
v 1.7 1.4 -1
v -1.5 1.4 -1.2
v -1.4 1.4 -1.2
v 1.4 1.4 -1.2
v 1.5 1.4 -1.2
v -1.5 1.4 -1.3
v -1.4 1.4 -1.3
v -1.3 1.4 -1.3
v 1.3 1.4 -1.3
v 1.4 1.4 -1.3
v 1.5 1.4 -1.3
v -1.4 1.4 -1.4
v -1.3 1.4 -1.4
v -1.2 1.4 -1.4
v 1.2 1.4 -1.4
v 1.3 1.4 -1.4
v 1.4 1.4 -1.4
v -1.3 1.4 -1.5
v -1.2 1.4 -1.5
v 1.2 1.4 -1.5
v 1.3 1.4 -1.5
v -1 1.4 -1.6
v -0.9 1.4 -1.6
v 0.9 1.4 -1.6
v 1 1.4 -1.6
v -1 1.4 -1.7
v -0.9 1.4 -1.7
v -0.8 1.4 -1.7
v -0.7 1.4 -1.7
v 0.7 1.4 -1.7
v 0.8 1.4 -1.7
v 0.9 1.4 -1.7
v 1 1.4 -1.7
v -0.8 1.4 -1.8
v -0.7 1.4 -1.8
v -0.5 1.4 -1.8
v -0.4 1.4 -1.8
v 0.4 1.4 -1.8
v 0.5 1.4 -1.8
v 0.7 1.4 -1.8
v 0.8 1.4 -1.8
v -0.5 1.4 -1.9
v -0.4 1.4 -1.9
v 0.4 1.4 -1.9
v 0.5 1.4 -1.9
v -0.6 1.5 1.9
v -0.5 1.5 1.9
v 0.5 1.5 1.9
v 0.6 1.5 1.9
v -0.9 1.5 1.8
v -0.8 1.5 1.8
v -0.6 1.5 1.8
v -0.5 1.5 1.8
v 0.5 1.5 1.8
v 0.6 1.5 1.8
v 0.8 1.5 1.8
v 0.9 1.5 1.8
v -0.9 1.5 1.7
v -0.8 1.5 1.7
v 0.8 1.5 1.7
v 0.9 1.5 1.7
v -1.2 1.5 1.6
v -1.1 1.5 1.6
v 1.1 1.5 1.6
v 1.2 1.5 1.6
v -1.2 1.5 1.5
v -1.1 1.5 1.5
v 1.1 1.5 1.5
v 1.2 1.5 1.5
v -1.6 1.5 1.2
v -1.5 1.5 1.2
v 1.5 1.5 1.2
v 1.6 1.5 1.2
v -1.6 1.5 1.1
v -1.5 1.5 1.1
v 1.5 1.5 1.1
v 1.6 1.5 1.1
v -1.8 1.5 0.9
v -1.7 1.5 0.9
v 1.7 1.5 0.9
v 1.8 1.5 0.9
v -1.8 1.5 0.8
v -1.7 1.5 0.8
v 1.7 1.5 0.8
v 1.8 1.5 0.8
v -1.9 1.5 0.6
v -1.8 1.5 0.6
v 1.8 1.5 0.6
v 1.9 1.5 0.6
v -1.9 1.5 0.5
v -1.8 1.5 0.5
v 1.8 1.5 0.5
v 1.9 1.5 0.5
v -1.9 1.5 -0.5
v -1.8 1.5 -0.5
v 1.8 1.5 -0.5
v 1.9 1.5 -0.5
v -1.9 1.5 -0.6
v -1.8 1.5 -0.6
v 1.8 1.5 -0.6
v 1.9 1.5 -0.6
v -1.8 1.5 -0.8
v -1.7 1.5 -0.8
v 1.7 1.5 -0.8
v 1.8 1.5 -0.8
v -1.8 1.5 -0.9
v -1.7 1.5 -0.9
v 1.7 1.5 -0.9
v 1.8 1.5 -0.9
v -1.6 1.5 -1.1
v -1.5 1.5 -1.1
v 1.5 1.5 -1.1
v 1.6 1.5 -1.1
v -1.6 1.5 -1.2
v -1.5 1.5 -1.2
v 1.5 1.5 -1.2
v 1.6 1.5 -1.2
v -1.2 1.5 -1.5
v -1.1 1.5 -1.5
v 1.1 1.5 -1.5
v 1.2 1.5 -1.5
v -1.2 1.5 -1.6
v -1.1 1.5 -1.6
v 1.1 1.5 -1.6
v 1.2 1.5 -1.6
v -0.9 1.5 -1.7
v -0.8 1.5 -1.7
v 0.8 1.5 -1.7
v 0.9 1.5 -1.7
v -0.9 1.5 -1.8
v -0.8 1.5 -1.8
v -0.6 1.5 -1.8
v -0.5 1.5 -1.8
v 0.5 1.5 -1.8
v 0.6 1.5 -1.8
v 0.8 1.5 -1.8
v 0.9 1.5 -1.8
v -0.6 1.5 -1.9
v -0.5 1.5 -1.9
v 0.5 1.5 -1.9
v 0.6 1.5 -1.9
v -0.3 1.6 2
v 0.3 1.6 2
v -0.7 1.6 1.9
v -0.6 1.6 1.9
v -0.3 1.6 1.9
v 0.3 1.6 1.9
v 0.6 1.6 1.9
v 0.7 1.6 1.9
v -0.7 1.6 1.8
v -0.6 1.6 1.8
v 0.6 1.6 1.8
v 0.7 1.6 1.8
v -1.1 1.6 1.7
v -1 1.6 1.7
v 1 1.6 1.7
v 1.1 1.6 1.7
v -1.1 1.6 1.6
v -1 1.6 1.6
v 1 1.6 1.6
v 1.1 1.6 1.6
v -1.7 1.6 1.1
v -1.6 1.6 1.1
v 1.6 1.6 1.1
v 1.7 1.6 1.1
v -1.7 1.6 1
v -1.6 1.6 1
v 1.6 1.6 1
v 1.7 1.6 1
v -1.9 1.6 0.7
v -1.8 1.6 0.7
v 1.8 1.6 0.7
v 1.9 1.6 0.7
v -1.9 1.6 0.6
v -1.8 1.6 0.6
v 1.8 1.6 0.6
v 1.9 1.6 0.6
v -2 1.6 0.3
v -1.9 1.6 0.3
v 1.9 1.6 0.3
v 2 1.6 0.3
v 1.9 1.6 0.2
v 2 1.6 0.2
v -2 1.6 -0.3
v -1.9 1.6 -0.3
v 1.9 1.6 -0.3
v 2 1.6 -0.3
v -1.9 1.6 -0.6
v -1.8 1.6 -0.6
v 1.8 1.6 -0.6
v 1.9 1.6 -0.6
v -1.9 1.6 -0.7
v -1.8 1.6 -0.7
v 1.8 1.6 -0.7
v 1.9 1.6 -0.7
v -1.7 1.6 -1
v -1.6 1.6 -1
v 1.6 1.6 -1
v 1.7 1.6 -1
v -1.7 1.6 -1.1
v -1.6 1.6 -1.1
v 1.6 1.6 -1.1
v 1.7 1.6 -1.1
v -1.1 1.6 -1.6
v -1 1.6 -1.6
v 1 1.6 -1.6
v 1.1 1.6 -1.6
v -1.1 1.6 -1.7
v -1 1.6 -1.7
v 1 1.6 -1.7
v 1.1 1.6 -1.7
v -0.7 1.6 -1.8
v -0.6 1.6 -1.8
v 0.6 1.6 -1.8
v 0.7 1.6 -1.8
v -0.7 1.6 -1.9
v -0.6 1.6 -1.9
v -0.3 1.6 -1.9
v -0.0999999 1.6 -1.9
v 2.38419e-07 1.6 -1.9
v 0.1 1.6 -1.9
v 0.2 1.6 -1.9
v 0.3 1.6 -1.9
v 0.6 1.6 -1.9
v 0.7 1.6 -1.9
v -0.3 1.6 -2
v -0.0999999 1.6 -2
v 0.3 1.6 -2
v -0.4 1.7 2
v -0.3 1.7 2
v 0.3 1.7 2
v 0.4 1.7 2
v -0.4 1.7 1.9
v -0.3 1.7 1.9
v 0.3 1.7 1.9
v 0.4 1.7 1.9
v -1.4 1.7 1.5
v -1.3 1.7 1.5
v 1.3 1.7 1.5
v 1.4 1.7 1.5
v -1.5 1.7 1.4
v -1.4 1.7 1.4
v -1.3 1.7 1.4
v 1.3 1.7 1.4
v 1.4 1.7 1.4
v 1.5 1.7 1.4
v -1.5 1.7 1.3
v -1.4 1.7 1.3
v 1.4 1.7 1.3
v 1.5 1.7 1.3
v -2 1.7 0.4
v -1.9 1.7 0.4
v 1.9 1.7 0.4
v 2 1.7 0.4
v -2 1.7 0.3
v -1.9 1.7 0.3
v 1.9 1.7 0.3
v 2 1.7 0.3
v -2 1.7 -0.3
v -1.9 1.7 -0.3
v 1.9 1.7 -0.3
v 2 1.7 -0.3
v -2 1.7 -0.4
v -1.9 1.7 -0.4
v 1.9 1.7 -0.4
v 2 1.7 -0.4
v -1.5 1.7 -1.3
v -1.4 1.7 -1.3
v 1.4 1.7 -1.3
v 1.5 1.7 -1.3
v -1.5 1.7 -1.4
v -1.4 1.7 -1.4
v -1.3 1.7 -1.4
v 1.3 1.7 -1.4
v 1.4 1.7 -1.4
v 1.5 1.7 -1.4
v -1.4 1.7 -1.5
v -1.3 1.7 -1.5
v 1.3 1.7 -1.5
v 1.4 1.7 -1.5
v -0.4 1.7 -1.9
v -0.3 1.7 -1.9
v 0.3 1.7 -1.9
v 0.4 1.7 -1.9
v -0.4 1.7 -2
v -0.3 1.7 -2
v 0.3 1.7 -2
v 0.4 1.7 -2
v -1 1.8 1.8
v -0.9 1.8 1.8
v 0.9 1.8 1.8
v 1 1.8 1.8
v -1 1.8 1.7
v -0.9 1.8 1.7
v 0.9 1.8 1.7
v 1 1.8 1.7
v -1.3 1.8 1.6
v -1.2 1.8 1.6
v 1.2 1.8 1.6
v 1.3 1.8 1.6
v -1.3 1.8 1.5
v -1.2 1.8 1.5
v 1.2 1.8 1.5
v 1.3 1.8 1.5
v -1.6 1.8 1.3
v -1.5 1.8 1.3
v 1.5 1.8 1.3
v 1.6 1.8 1.3
v -1.6 1.8 1.2
v -1.5 1.8 1.2
v 1.5 1.8 1.2
v 1.6 1.8 1.2
v -1.8 1.8 1
v -1.7 1.8 1
v 1.7 1.8 1
v 1.8 1.8 1
v -1.8 1.8 0.9
v -1.7 1.8 0.9
v 1.7 1.8 0.9
v 1.8 1.8 0.9
v -1.8 1.8 -0.9
v -1.7 1.8 -0.9
v 1.7 1.8 -0.9
v 1.8 1.8 -0.9
v -1.8 1.8 -1
v -1.7 1.8 -1
v 1.7 1.8 -1
v 1.8 1.8 -1
v -1.6 1.8 -1.2
v -1.5 1.8 -1.2
v 1.5 1.8 -1.2
v 1.6 1.8 -1.2
v -1.6 1.8 -1.3
v -1.5 1.8 -1.3
v 1.5 1.8 -1.3
v 1.6 1.8 -1.3
v -1.3 1.8 -1.5
v -1.2 1.8 -1.5
v 1.2 1.8 -1.5
v 1.3 1.8 -1.5
v -1.3 1.8 -1.6
v -1.2 1.8 -1.6
v 1.2 1.8 -1.6
v 1.3 1.8 -1.6
v -1 1.8 -1.7
v -0.9 1.8 -1.7
v 0.9 1.8 -1.7
v 1 1.8 -1.7
v -1 1.8 -1.8
v -0.9 1.8 -1.8
v 0.9 1.8 -1.8
v 1 1.8 -1.8
v -0.8 1.9 1.9
v -0.7 1.9 1.9
v 0.7 1.9 1.9
v 0.8 1.9 1.9
v -0.8 1.9 1.8
v -0.7 1.9 1.8
v 0.7 1.9 1.8
v 0.8 1.9 1.8
v -1.9 1.9 0.8
v -1.8 1.9 0.8
v 1.8 1.9 0.8
v 1.9 1.9 0.8
v -1.9 1.9 0.7
v -1.8 1.9 0.7
v 1.8 1.9 0.7
v 1.9 1.9 0.7
v -1.9 1.9 -0.7
v -1.8 1.9 -0.7
v 1.8 1.9 -0.7
v 1.9 1.9 -0.7
v -1.9 1.9 -0.8
v -1.8 1.9 -0.8
v 1.8 1.9 -0.8
v 1.9 1.9 -0.8
v -0.8 1.9 -1.8
v -0.7 1.9 -1.8
v 0.7 1.9 -1.8
v 0.8 1.9 -1.8
v -0.8 1.9 -1.9
v -0.7 1.9 -1.9
v 0.7 1.9 -1.9
v 0.8 1.9 -1.9
v -0.8 2.1 1.9
v -0.7 2.1 1.9
v 0.7 2.1 1.9
v 0.8 2.1 1.9
v -0.8 2.1 1.8
v -0.7 2.1 1.8
v 0.7 2.1 1.8
v 0.8 2.1 1.8
v -1.9 2.1 0.8
v -1.8 2.1 0.8
v 1.8 2.1 0.8
v 1.9 2.1 0.8
v -1.9 2.1 0.7
v -1.8 2.1 0.7
v 1.8 2.1 0.7
v 1.9 2.1 0.7
v -1.9 2.1 -0.7
v -1.8 2.1 -0.7
v 1.8 2.1 -0.7
v 1.9 2.1 -0.7
v -1.9 2.1 -0.8
v -1.8 2.1 -0.8
v 1.8 2.1 -0.8
v 1.9 2.1 -0.8
v -0.8 2.1 -1.8
v -0.7 2.1 -1.8
v 0.7 2.1 -1.8
v 0.8 2.1 -1.8
v -0.8 2.1 -1.9
v -0.7 2.1 -1.9
v 0.7 2.1 -1.9
v 0.8 2.1 -1.9
v -1 2.2 1.8
v -0.9 2.2 1.8
v 0.9 2.2 1.8
v 1 2.2 1.8
v -1 2.2 1.7
v -0.9 2.2 1.7
v 0.9 2.2 1.7
v 1 2.2 1.7
v -1.3 2.2 1.6
v -1.2 2.2 1.6
v 1.2 2.2 1.6
v 1.3 2.2 1.6
v -1.3 2.2 1.5
v -1.2 2.2 1.5
v 1.2 2.2 1.5
v 1.3 2.2 1.5
v -1.6 2.2 1.3
v -1.5 2.2 1.3
v 1.5 2.2 1.3
v 1.6 2.2 1.3
v -1.6 2.2 1.2
v -1.5 2.2 1.2
v 1.5 2.2 1.2
v 1.6 2.2 1.2
v -1.8 2.2 1
v -1.7 2.2 1
v 1.7 2.2 1
v 1.8 2.2 1
v -1.8 2.2 0.9
v -1.7 2.2 0.9
v 1.7 2.2 0.9
v 1.8 2.2 0.9
v -1.8 2.2 -0.9
v -1.7 2.2 -0.9
v 1.7 2.2 -0.9
v 1.8 2.2 -0.9
v -1.8 2.2 -1
v -1.7 2.2 -1
v 1.7 2.2 -1
v 1.8 2.2 -1
v -1.6 2.2 -1.2
v -1.5 2.2 -1.2
v 1.5 2.2 -1.2
v 1.6 2.2 -1.2
v -1.6 2.2 -1.3
v -1.5 2.2 -1.3
v 1.5 2.2 -1.3
v 1.6 2.2 -1.3
v -1.3 2.2 -1.5
v -1.2 2.2 -1.5
v 1.2 2.2 -1.5
v 1.3 2.2 -1.5
v -1.3 2.2 -1.6
v -1.2 2.2 -1.6
v 1.2 2.2 -1.6
v 1.3 2.2 -1.6
v -1 2.2 -1.7
v -0.9 2.2 -1.7
v 0.9 2.2 -1.7
v 1 2.2 -1.7
v -1 2.2 -1.8
v -0.9 2.2 -1.8
v 0.9 2.2 -1.8
v 1 2.2 -1.8
v -0.4 2.3 2
v -0.3 2.3 2
v 0.3 2.3 2
v 0.4 2.3 2
v -0.4 2.3 1.9
v -0.3 2.3 1.9
v 0.3 2.3 1.9
v 0.4 2.3 1.9
v -1.4 2.3 1.5
v -1.3 2.3 1.5
v 1.3 2.3 1.5
v 1.4 2.3 1.5
v -1.5 2.3 1.4
v -1.4 2.3 1.4
v -1.3 2.3 1.4
v 1.3 2.3 1.4
v 1.4 2.3 1.4
v 1.5 2.3 1.4
v -1.5 2.3 1.3
v -1.4 2.3 1.3
v 1.4 2.3 1.3
v 1.5 2.3 1.3
v -2 2.3 0.4
v -1.9 2.3 0.4
v 1.9 2.3 0.4
v 2 2.3 0.4
v -2 2.3 0.3
v -1.9 2.3 0.3
v 1.9 2.3 0.3
v 2 2.3 0.3
v -2 2.3 -0.3
v -1.9 2.3 -0.3
v 1.9 2.3 -0.3
v 2 2.3 -0.3
v -2 2.3 -0.4
v -1.9 2.3 -0.4
v 1.9 2.3 -0.4
v 2 2.3 -0.4
v -1.5 2.3 -1.3
v -1.4 2.3 -1.3
v 1.4 2.3 -1.3
v 1.5 2.3 -1.3
v -1.5 2.3 -1.4
v -1.4 2.3 -1.4
v -1.3 2.3 -1.4
v 1.3 2.3 -1.4
v 1.4 2.3 -1.4
v 1.5 2.3 -1.4
v -1.4 2.3 -1.5
v -1.3 2.3 -1.5
v 1.3 2.3 -1.5
v 1.4 2.3 -1.5
v -0.4 2.3 -1.9
v -0.3 2.3 -1.9
v 0.3 2.3 -1.9
v 0.4 2.3 -1.9
v -0.4 2.3 -2
v -0.3 2.3 -2
v 0.3 2.3 -2
v 0.4 2.3 -2
v -0.3 2.4 2
v 0.3 2.4 2
v -0.7 2.4 1.9
v -0.6 2.4 1.9
v -0.3 2.4 1.9
v 0.3 2.4 1.9
v 0.6 2.4 1.9
v 0.7 2.4 1.9
v -0.7 2.4 1.8
v -0.6 2.4 1.8
v 0.6 2.4 1.8
v 0.7 2.4 1.8
v -1.1 2.4 1.7
v -1 2.4 1.7
v 1 2.4 1.7
v 1.1 2.4 1.7
v -1.1 2.4 1.6
v -1 2.4 1.6
v 1 2.4 1.6
v 1.1 2.4 1.6
v -1.7 2.4 1.1
v -1.6 2.4 1.1
v 1.6 2.4 1.1
v 1.7 2.4 1.1
v -1.7 2.4 1
v -1.6 2.4 1
v 1.6 2.4 1
v 1.7 2.4 1
v -1.9 2.4 0.7
v -1.8 2.4 0.7
v 1.8 2.4 0.7
v 1.9 2.4 0.7
v -1.9 2.4 0.6
v -1.8 2.4 0.6
v 1.8 2.4 0.6
v 1.9 2.4 0.6
v -2 2.4 0.3
v -1.9 2.4 0.3
v 1.9 2.4 0.3
v 2 2.4 0.3
v 1.9 2.4 -2.38419e-07
v 2 2.4 -2.38419e-07
v 1.9 2.4 -0.2
v 2 2.4 -0.2
v -2 2.4 -0.3
v -1.9 2.4 -0.3
v 1.9 2.4 -0.3
v 2 2.4 -0.3
v -1.9 2.4 -0.6
v -1.8 2.4 -0.6
v 1.8 2.4 -0.6
v 1.9 2.4 -0.6
v -1.9 2.4 -0.7
v -1.8 2.4 -0.7
v 1.8 2.4 -0.7
v 1.9 2.4 -0.7
v -1.7 2.4 -1
v -1.6 2.4 -1
v 1.6 2.4 -1
v 1.7 2.4 -1
v -1.7 2.4 -1.1
v -1.6 2.4 -1.1
v 1.6 2.4 -1.1
v 1.7 2.4 -1.1
v -1.1 2.4 -1.6
v -1 2.4 -1.6
v 1 2.4 -1.6
v 1.1 2.4 -1.6
v -1.1 2.4 -1.7
v -1 2.4 -1.7
v 1 2.4 -1.7
v 1.1 2.4 -1.7
v -0.7 2.4 -1.8
v -0.6 2.4 -1.8
v 0.6 2.4 -1.8
v 0.7 2.4 -1.8
v -0.7 2.4 -1.9
v -0.6 2.4 -1.9
v -0.3 2.4 -1.9
v -0.0999999 2.4 -1.9
v 2.38419e-07 2.4 -1.9
v 0.1 2.4 -1.9
v 0.2 2.4 -1.9
v 0.3 2.4 -1.9
v 0.6 2.4 -1.9
v 0.7 2.4 -1.9
v -0.3 2.4 -2
v -0.0999999 2.4 -2
v 2.38419e-07 2.4 -2
v 0.1 2.4 -2
v 0.3 2.4 -2
v -0.6 2.5 1.9
v -0.5 2.5 1.9
v 0.5 2.5 1.9
v 0.6 2.5 1.9
v -0.9 2.5 1.8
v -0.8 2.5 1.8
v -0.6 2.5 1.8
v -0.5 2.5 1.8
v 0.5 2.5 1.8
v 0.6 2.5 1.8
v 0.8 2.5 1.8
v 0.9 2.5 1.8
v -0.9 2.5 1.7
v -0.8 2.5 1.7
v 0.8 2.5 1.7
v 0.9 2.5 1.7
v -1.2 2.5 1.6
v -1.1 2.5 1.6
v 1.1 2.5 1.6
v 1.2 2.5 1.6
v -1.2 2.5 1.5
v -1.1 2.5 1.5
v 1.1 2.5 1.5
v 1.2 2.5 1.5
v -1.6 2.5 1.2
v -1.5 2.5 1.2
v 1.5 2.5 1.2
v 1.6 2.5 1.2
v -1.6 2.5 1.1
v -1.5 2.5 1.1
v 1.5 2.5 1.1
v 1.6 2.5 1.1
v -1.8 2.5 0.9
v -1.7 2.5 0.9
v 1.7 2.5 0.9
v 1.8 2.5 0.9
v -1.8 2.5 0.8
v -1.7 2.5 0.8
v 1.7 2.5 0.8
v 1.8 2.5 0.8
v -1.9 2.5 0.6
v -1.8 2.5 0.6
v 1.8 2.5 0.6
v 1.9 2.5 0.6
v -1.9 2.5 0.5
v -1.8 2.5 0.5
v 1.8 2.5 0.5
v 1.9 2.5 0.5
v -1.9 2.5 -0.5
v -1.8 2.5 -0.5
v 1.8 2.5 -0.5
v 1.9 2.5 -0.5
v -1.9 2.5 -0.6
v -1.8 2.5 -0.6
v 1.8 2.5 -0.6
v 1.9 2.5 -0.6
v -1.8 2.5 -0.8
v -1.7 2.5 -0.8
v 1.7 2.5 -0.8
v 1.8 2.5 -0.8
v -1.8 2.5 -0.9
v -1.7 2.5 -0.9
v 1.7 2.5 -0.9
v 1.8 2.5 -0.9
v -1.6 2.5 -1.1
v -1.5 2.5 -1.1
v 1.5 2.5 -1.1
v 1.6 2.5 -1.1
v -1.6 2.5 -1.2
v -1.5 2.5 -1.2
v 1.5 2.5 -1.2
v 1.6 2.5 -1.2
v -1.2 2.5 -1.5
v -1.1 2.5 -1.5
v 1.1 2.5 -1.5
v 1.2 2.5 -1.5
v -1.2 2.5 -1.6
v -1.1 2.5 -1.6
v 1.1 2.5 -1.6
v 1.2 2.5 -1.6
v -0.9 2.5 -1.7
v -0.8 2.5 -1.7
v 0.8 2.5 -1.7
v 0.9 2.5 -1.7
v -0.9 2.5 -1.8
v -0.8 2.5 -1.8
v -0.6 2.5 -1.8
v -0.5 2.5 -1.8
v 0.5 2.5 -1.8
v 0.6 2.5 -1.8
v 0.8 2.5 -1.8
v 0.9 2.5 -1.8
v -0.6 2.5 -1.9
v -0.5 2.5 -1.9
v 0.5 2.5 -1.9
v 0.6 2.5 -1.9
v -0.5 2.6 1.9
v -0.4 2.6 1.9
v 0.4 2.6 1.9
v 0.5 2.6 1.9
v -0.8 2.6 1.8
v -0.7 2.6 1.8
v -0.5 2.6 1.8
v -0.4 2.6 1.8
v 0.4 2.6 1.8
v 0.5 2.6 1.8
v 0.7 2.6 1.8
v 0.8 2.6 1.8
v -1 2.6 1.7
v -0.9 2.6 1.7
v -0.8 2.6 1.7
v -0.7 2.6 1.7
v 0.7 2.6 1.7
v 0.8 2.6 1.7
v 0.9 2.6 1.7
v 1 2.6 1.7
v -1 2.6 1.6
v -0.9 2.6 1.6
v 0.9 2.6 1.6
v 1 2.6 1.6
v -1.3 2.6 1.5
v -1.2 2.6 1.5
v 1.2 2.6 1.5
v 1.3 2.6 1.5
v -1.4 2.6 1.4
v -1.3 2.6 1.4
v -1.2 2.6 1.4
v 1.2 2.6 1.4
v 1.3 2.6 1.4
v 1.4 2.6 1.4
v -1.5 2.6 1.3
v -1.4 2.6 1.3
v -1.3 2.6 1.3
v 1.3 2.6 1.3
v 1.4 2.6 1.3
v 1.5 2.6 1.3
v -1.5 2.6 1.2
v -1.4 2.6 1.2
v 1.4 2.6 1.2
v 1.5 2.6 1.2
v -1.7 2.6 1
v -1.6 2.6 1
v 1.6 2.6 1
v 1.7 2.6 1
v -1.7 2.6 0.9
v -1.6 2.6 0.9
v 1.6 2.6 0.9
v 1.7 2.6 0.9
v -1.8 2.6 0.8
v -1.7 2.6 0.8
v 1.7 2.6 0.8
v 1.8 2.6 0.8
v -1.8 2.6 0.7
v -1.7 2.6 0.7
v 1.7 2.6 0.7
v 1.8 2.6 0.7
v -1.9 2.6 0.5
v -1.8 2.6 0.5
v 1.8 2.6 0.5
v 1.9 2.6 0.5
v -1.9 2.6 0.4
v -1.8 2.6 0.4
v 1.8 2.6 0.4
v 1.9 2.6 0.4
v -1.9 2.6 -0.4
v -1.8 2.6 -0.4
v 1.8 2.6 -0.4
v 1.9 2.6 -0.4
v -1.9 2.6 -0.5
v -1.8 2.6 -0.5
v 1.8 2.6 -0.5
v 1.9 2.6 -0.5
v -1.8 2.6 -0.7
v -1.7 2.6 -0.7
v 1.7 2.6 -0.7
v 1.8 2.6 -0.7
v -1.8 2.6 -0.8
v -1.7 2.6 -0.8
v 1.7 2.6 -0.8
v 1.8 2.6 -0.8
v -1.7 2.6 -0.9
v -1.6 2.6 -0.9
v 1.6 2.6 -0.9
v 1.7 2.6 -0.9
v -1.7 2.6 -1
v -1.6 2.6 -1
v 1.6 2.6 -1
v 1.7 2.6 -1
v -1.5 2.6 -1.2
v -1.4 2.6 -1.2
v 1.4 2.6 -1.2
v 1.5 2.6 -1.2
v -1.5 2.6 -1.3
v -1.4 2.6 -1.3
v -1.3 2.6 -1.3
v 1.3 2.6 -1.3
v 1.4 2.6 -1.3
v 1.5 2.6 -1.3
v -1.4 2.6 -1.4
v -1.3 2.6 -1.4
v -1.2 2.6 -1.4
v 1.2 2.6 -1.4
v 1.3 2.6 -1.4
v 1.4 2.6 -1.4
v -1.3 2.6 -1.5
v -1.2 2.6 -1.5
v 1.2 2.6 -1.5
v 1.3 2.6 -1.5
v -1 2.6 -1.6
v -0.9 2.6 -1.6
v 0.9 2.6 -1.6
v 1 2.6 -1.6
v -1 2.6 -1.7
v -0.9 2.6 -1.7
v -0.8 2.6 -1.7
v -0.7 2.6 -1.7
v 0.7 2.6 -1.7
v 0.8 2.6 -1.7
v 0.9 2.6 -1.7
v 1 2.6 -1.7
v -0.8 2.6 -1.8
v -0.7 2.6 -1.8
v -0.5 2.6 -1.8
v -0.4 2.6 -1.8
v 0.4 2.6 -1.8
v 0.5 2.6 -1.8
v 0.7 2.6 -1.8
v 0.8 2.6 -1.8
v -0.5 2.6 -1.9
v -0.4 2.6 -1.9
v 0.4 2.6 -1.9
v 0.5 2.6 -1.9
v -0.4 2.7 1.9
v -0.0999999 2.7 1.9
v 0.1 2.7 1.9
v 0.4 2.7 1.9
v -0.7 2.7 1.8
v -0.6 2.7 1.8
v -0.4 2.7 1.8
v -0.0999999 2.7 1.8
v 0.1 2.7 1.8
v 0.4 2.7 1.8
v 0.6 2.7 1.8
v 0.7 2.7 1.8
v -0.9 2.7 1.7
v -0.8 2.7 1.7
v -0.7 2.7 1.7
v -0.6 2.7 1.7
v 0.6 2.7 1.7
v 0.7 2.7 1.7
v 0.8 2.7 1.7
v 0.9 2.7 1.7
v -1.1 2.7 1.6
v -1 2.7 1.6
v -0.9 2.7 1.6
v -0.8 2.7 1.6
v 0.8 2.7 1.6
v 0.9 2.7 1.6
v 1 2.7 1.6
v 1.1 2.7 1.6
v -1.1 2.7 1.5
v -1 2.7 1.5
v 1 2.7 1.5
v 1.1 2.7 1.5
v -1.6 2.7 1.1
v -1.5 2.7 1.1
v 1.5 2.7 1.1
v 1.6 2.7 1.1
v -1.6 2.7 1
v -1.5 2.7 1
v 1.5 2.7 1
v 1.6 2.7 1
v -1.7 2.7 0.9
v -1.6 2.7 0.9
v 1.6 2.7 0.9
v 1.7 2.7 0.9
v -1.7 2.7 0.8
v -1.6 2.7 0.8
v 1.6 2.7 0.8
v 1.7 2.7 0.8
v -1.8 2.7 0.7
v -1.7 2.7 0.7
v 1.7 2.7 0.7
v 1.8 2.7 0.7
v -1.8 2.7 0.6
v -1.7 2.7 0.6
v 1.7 2.7 0.6
v 1.8 2.7 0.6
v -1.9 2.7 0.4
v -1.8 2.7 0.4
v 1.8 2.7 0.4
v 1.9 2.7 0.4
v -1.9 2.7 0.0999999
v -1.8 2.7 0.0999999
v 1.8 2.7 0.0999999
v 1.9 2.7 0.0999999
v -1.9 2.7 -0.1
v -1.8 2.7 -0.1
v 1.8 2.7 -0.1
v 1.9 2.7 -0.1
v -1.9 2.7 -0.4
v -1.8 2.7 -0.4
v 1.8 2.7 -0.4
v 1.9 2.7 -0.4
v -1.8 2.7 -0.6
v -1.7 2.7 -0.6
v 1.7 2.7 -0.6
v 1.8 2.7 -0.6
v -1.8 2.7 -0.7
v -1.7 2.7 -0.7
v 1.7 2.7 -0.7
v 1.8 2.7 -0.7
v -1.7 2.7 -0.8
v -1.6 2.7 -0.8
v 1.6 2.7 -0.8
v 1.7 2.7 -0.8
v -1.7 2.7 -0.9
v -1.6 2.7 -0.9
v 1.6 2.7 -0.9
v 1.7 2.7 -0.9
v -1.6 2.7 -1
v -1.5 2.7 -1
v 1.5 2.7 -1
v 1.6 2.7 -1
v -1.6 2.7 -1.1
v -1.5 2.7 -1.1
v 1.5 2.7 -1.1
v 1.6 2.7 -1.1
v -1.1 2.7 -1.5
v -1 2.7 -1.5
v 1 2.7 -1.5
v 1.1 2.7 -1.5
v -1.1 2.7 -1.6
v -1 2.7 -1.6
v -0.9 2.7 -1.6
v -0.8 2.7 -1.6
v 0.8 2.7 -1.6
v 0.9 2.7 -1.6
v 1 2.7 -1.6
v 1.1 2.7 -1.6
v -0.9 2.7 -1.7
v -0.8 2.7 -1.7
v -0.7 2.7 -1.7
v -0.6 2.7 -1.7
v 0.6 2.7 -1.7
v 0.7 2.7 -1.7
v 0.8 2.7 -1.7
v 0.9 2.7 -1.7
v -0.7 2.7 -1.8
v -0.6 2.7 -1.8
v -0.4 2.7 -1.8
v -0.2 2.7 -1.8
v -0.0999999 2.7 -1.8
v 0.1 2.7 -1.8
v 0.2 2.7 -1.8
v 0.3 2.7 -1.8
v 0.4 2.7 -1.8
v 0.6 2.7 -1.8
v 0.7 2.7 -1.8
v -0.4 2.7 -1.9
v -0.2 2.7 -1.9
v -0.0999999 2.7 -1.9
v 0.1 2.7 -1.9
v 0.2 2.7 -1.9
v 0.3 2.7 -1.9
v 0.4 2.7 -1.9
v -0.0999999 2.8 1.9
v 0.1 2.8 1.9
v -0.6 2.8 1.8
v -0.5 2.8 1.8
v -0.0999999 2.8 1.8
v 0.1 2.8 1.8
v 0.5 2.8 1.8
v 0.6 2.8 1.8
v -0.8 2.8 1.7
v -0.7 2.8 1.7
v -0.6 2.8 1.7
v -0.5 2.8 1.7
v 0.5 2.8 1.7
v 0.6 2.8 1.7
v 0.7 2.8 1.7
v 0.8 2.8 1.7
v -1 2.8 1.6
v -0.9 2.8 1.6
v -0.8 2.8 1.6
v -0.7 2.8 1.6
v 0.7 2.8 1.6
v 0.8 2.8 1.6
v 0.9 2.8 1.6
v 1 2.8 1.6
v -1.2 2.8 1.5
v -1.1 2.8 1.5
v -1 2.8 1.5
v -0.9 2.8 1.5
v 0.9 2.8 1.5
v 1 2.8 1.5
v 1.1 2.8 1.5
v 1.2 2.8 1.5
v -1.3 2.8 1.4
v -1.2 2.8 1.4
v -1.1 2.8 1.4
v 1.1 2.8 1.4
v 1.2 2.8 1.4
v 1.3 2.8 1.4
v -1.4 2.8 1.3
v -1.3 2.8 1.3
v -1.2 2.8 1.3
v 1.2 2.8 1.3
v 1.3 2.8 1.3
v 1.4 2.8 1.3
v -1.5 2.8 1.2
v -1.4 2.8 1.2
v -1.3 2.8 1.2
v 1.3 2.8 1.2
v 1.4 2.8 1.2
v 1.5 2.8 1.2
v -1.5 2.8 1.1
v -1.4 2.8 1.1
v 1.4 2.8 1.1
v 1.5 2.8 1.1
v -1.6 2.8 1
v -1.5 2.8 1
v 1.5 2.8 1
v 1.6 2.8 1
v -1.6 2.8 0.9
v -1.5 2.8 0.9
v 1.5 2.8 0.9
v 1.6 2.8 0.9
v -1.7 2.8 0.8
v -1.6 2.8 0.8
v 1.6 2.8 0.8
v 1.7 2.8 0.8
v -1.7 2.8 0.7
v -1.6 2.8 0.7
v 1.6 2.8 0.7
v 1.7 2.8 0.7
v -1.8 2.8 0.6
v -1.7 2.8 0.6
v 1.7 2.8 0.6
v 1.8 2.8 0.6
v -1.8 2.8 0.5
v -1.7 2.8 0.5
v 1.7 2.8 0.5
v 1.8 2.8 0.5
v -1.9 2.8 0.0999999
v -1.8 2.8 0.0999999
v 1.8 2.8 0.0999999
v 1.9 2.8 0.0999999
v -1.8 2.8 -2.38419e-07
v -1.9 2.8 -0.1
v -1.8 2.8 -0.1
v 1.8 2.8 -0.1
v 1.9 2.8 -0.1
v -1.8 2.8 -0.5
v -1.7 2.8 -0.5
v 1.7 2.8 -0.5
v 1.8 2.8 -0.5
v -1.8 2.8 -0.6
v -1.7 2.8 -0.6
v 1.7 2.8 -0.6
v 1.8 2.8 -0.6
v -1.7 2.8 -0.7
v -1.6 2.8 -0.7
v 1.6 2.8 -0.7
v 1.7 2.8 -0.7
v -1.7 2.8 -0.8
v -1.6 2.8 -0.8
v 1.6 2.8 -0.8
v 1.7 2.8 -0.8
v -1.6 2.8 -0.9
v -1.5 2.8 -0.9
v 1.5 2.8 -0.9
v 1.6 2.8 -0.9
v -1.6 2.8 -1
v -1.5 2.8 -1
v 1.5 2.8 -1
v 1.6 2.8 -1
v -1.5 2.8 -1.1
v -1.4 2.8 -1.1
v 1.4 2.8 -1.1
v 1.5 2.8 -1.1
v -1.5 2.8 -1.2
v -1.4 2.8 -1.2
v -1.3 2.8 -1.2
v 1.3 2.8 -1.2
v 1.4 2.8 -1.2
v 1.5 2.8 -1.2
v -1.4 2.8 -1.3
v -1.3 2.8 -1.3
v -1.2 2.8 -1.3
v 1.2 2.8 -1.3
v 1.3 2.8 -1.3
v 1.4 2.8 -1.3
v -1.3 2.8 -1.4
v -1.2 2.8 -1.4
v -1.1 2.8 -1.4
v 1.1 2.8 -1.4
v 1.2 2.8 -1.4
v 1.3 2.8 -1.4
v -1.2 2.8 -1.5
v -1.1 2.8 -1.5
v -1 2.8 -1.5
v -0.9 2.8 -1.5
v 0.9 2.8 -1.5
v 1 2.8 -1.5
v 1.1 2.8 -1.5
v 1.2 2.8 -1.5
v -1 2.8 -1.6
v -0.9 2.8 -1.6
v -0.8 2.8 -1.6
v -0.7 2.8 -1.6
v 0.7 2.8 -1.6
v 0.8 2.8 -1.6
v 0.9 2.8 -1.6
v 1 2.8 -1.6
v -0.8 2.8 -1.7
v -0.7 2.8 -1.7
v -0.6 2.8 -1.7
v -0.5 2.8 -1.7
v 0.5 2.8 -1.7
v 0.6 2.8 -1.7
v 0.7 2.8 -1.7
v 0.8 2.8 -1.7
v -0.6 2.8 -1.8
v -0.5 2.8 -1.8
v -0.0999999 2.8 -1.8
v 2.38419e-07 2.8 -1.8
v 0.1 2.8 -1.8
v 0.5 2.8 -1.8
v 0.6 2.8 -1.8
v -0.0999999 2.8 -1.9
v 0.1 2.8 -1.9
v -0.5 2.9 1.8
v -0.2 2.9 1.8
v 0.2 2.9 1.8
v 0.5 2.9 1.8
v -0.7 2.9 1.7
v -0.6 2.9 1.7
v -0.5 2.9 1.7
v -0.2 2.9 1.7
v 0.2 2.9 1.7
v 0.5 2.9 1.7
v 0.6 2.9 1.7
v 0.7 2.9 1.7
v -0.9 2.9 1.6
v -0.8 2.9 1.6
v -0.7 2.9 1.6
v -0.6 2.9 1.6
v 0.6 2.9 1.6
v 0.7 2.9 1.6
v 0.8 2.9 1.6
v 0.9 2.9 1.6
v -1.1 2.9 1.5
v -1 2.9 1.5
v -0.9 2.9 1.5
v -0.8 2.9 1.5
v 0.8 2.9 1.5
v 0.9 2.9 1.5
v 1 2.9 1.5
v 1.1 2.9 1.5
v -1.2 2.9 1.4
v -1.1 2.9 1.4
v -1 2.9 1.4
v 1 2.9 1.4
v 1.1 2.9 1.4
v 1.2 2.9 1.4
v -1.3 2.9 1.3
v -1.2 2.9 1.3
v -1.1 2.9 1.3
v 1.1 2.9 1.3
v 1.2 2.9 1.3
v 1.3 2.9 1.3
v -1.4 2.9 1.2
v -1.3 2.9 1.2
v -1.2 2.9 1.2
v 1.2 2.9 1.2
v 1.3 2.9 1.2
v 1.4 2.9 1.2
v -1.5 2.9 1.1
v -1.4 2.9 1.1
v -1.3 2.9 1.1
v 1.3 2.9 1.1
v 1.4 2.9 1.1
v 1.5 2.9 1.1
v -1.5 2.9 1
v -1.4 2.9 1
v 1.4 2.9 1
v 1.5 2.9 1
v -1.6 2.9 0.9
v -1.5 2.9 0.9
v 1.5 2.9 0.9
v 1.6 2.9 0.9
v -1.6 2.9 0.8
v -1.5 2.9 0.8
v 1.5 2.9 0.8
v 1.6 2.9 0.8
v -1.7 2.9 0.7
v -1.6 2.9 0.7
v 1.6 2.9 0.7
v 1.7 2.9 0.7
v -1.7 2.9 0.6
v -1.6 2.9 0.6
v 1.6 2.9 0.6
v 1.7 2.9 0.6
v -1.8 2.9 0.5
v -1.7 2.9 0.5
v 1.7 2.9 0.5
v 1.8 2.9 0.5
v -1.8 2.9 0.2
v -1.7 2.9 0.2
v 1.7 2.9 0.2
v 1.8 2.9 0.2
v -1.8 2.9 -0.2
v -1.7 2.9 -0.2
v 1.7 2.9 -0.2
v 1.8 2.9 -0.2
v -1.7 2.9 -0.3
v -1.8 2.9 -0.4
v -1.7 2.9 -0.4
v -1.8 2.9 -0.5
v -1.7 2.9 -0.5
v 1.7 2.9 -0.5
v 1.8 2.9 -0.5
v -1.7 2.9 -0.6
v -1.6 2.9 -0.6
v 1.6 2.9 -0.6
v 1.7 2.9 -0.6
v -1.7 2.9 -0.7
v -1.6 2.9 -0.7
v 1.6 2.9 -0.7
v 1.7 2.9 -0.7
v -1.6 2.9 -0.8
v -1.5 2.9 -0.8
v 1.5 2.9 -0.8
v 1.6 2.9 -0.8
v -1.6 2.9 -0.9
v -1.5 2.9 -0.9
v 1.5 2.9 -0.9
v 1.6 2.9 -0.9
v -1.5 2.9 -1
v -1.4 2.9 -1
v 1.4 2.9 -1
v 1.5 2.9 -1
v -1.5 2.9 -1.1
v -1.4 2.9 -1.1
v -1.3 2.9 -1.1
v 1.3 2.9 -1.1
v 1.4 2.9 -1.1
v 1.5 2.9 -1.1
v -1.4 2.9 -1.2
v -1.3 2.9 -1.2
v -1.2 2.9 -1.2
v 1.2 2.9 -1.2
v 1.3 2.9 -1.2
v 1.4 2.9 -1.2
v -1.3 2.9 -1.3
v -1.2 2.9 -1.3
v -1.1 2.9 -1.3
v 1.1 2.9 -1.3
v 1.2 2.9 -1.3
v 1.3 2.9 -1.3
v -1.2 2.9 -1.4
v -1.1 2.9 -1.4
v -1 2.9 -1.4
v 1 2.9 -1.4
v 1.1 2.9 -1.4
v 1.2 2.9 -1.4
v -1.1 2.9 -1.5
v -1 2.9 -1.5
v -0.9 2.9 -1.5
v -0.8 2.9 -1.5
v 0.8 2.9 -1.5
v 0.9 2.9 -1.5
v 1 2.9 -1.5
v 1.1 2.9 -1.5
v -0.9 2.9 -1.6
v -0.8 2.9 -1.6
v -0.7 2.9 -1.6
v -0.6 2.9 -1.6
v 0.6 2.9 -1.6
v 0.7 2.9 -1.6
v 0.8 2.9 -1.6
v 0.9 2.9 -1.6
v -0.7 2.9 -1.7
v -0.6 2.9 -1.7
v -0.5 2.9 -1.7
v -0.2 2.9 -1.7
v 0.2 2.9 -1.7
v 0.3 2.9 -1.7
v 0.4 2.9 -1.7
v 0.5 2.9 -1.7
v 0.6 2.9 -1.7
v 0.7 2.9 -1.7
v -0.5 2.9 -1.8
v -0.2 2.9 -1.8
v 0.2 2.9 -1.8
v 0.4 2.9 -1.8
v 0.5 2.9 -1.8
v -0.2 3 1.8
v 0.2 3 1.8
v -0.6 3 1.7
v -0.4 3 1.7
v -0.2 3 1.7
v 0.2 3 1.7
v 0.4 3 1.7
v 0.6 3 1.7
v -0.8 3 1.6
v -0.7 3 1.6
v -0.6 3 1.6
v -0.4 3 1.6
v 0.4 3 1.6
v 0.6 3 1.6
v 0.7 3 1.6
v 0.8 3 1.6
v -1 3 1.5
v -0.9 3 1.5
v -0.8 3 1.5
v -0.7 3 1.5
v 0.7 3 1.5
v 0.8 3 1.5
v 0.9 3 1.5
v 1 3 1.5
v -1.1 3 1.4
v -1 3 1.4
v -0.9 3 1.4
v 0.9 3 1.4
v 1 3 1.4
v 1.1 3 1.4
v -1.1 3 1.3
v -1 3 1.3
v 1 3 1.3
v 1.1 3 1.3
v -1.4 3 1.1
v -1.3 3 1.1
v 1.3 3 1.1
v 1.4 3 1.1
v -1.5 3 1
v -1.4 3 1
v -1.3 3 1
v 1.3 3 1
v 1.4 3 1
v 1.5 3 1
v -1.5 3 0.9
v -1.4 3 0.9
v 1.4 3 0.9
v 1.5 3 0.9
v -1.6 3 0.8
v -1.5 3 0.8
v 1.5 3 0.8
v 1.6 3 0.8
v -1.6 3 0.7
v -1.5 3 0.7
v 1.5 3 0.7
v 1.6 3 0.7
v -1.7 3 0.6
v -1.6 3 0.6
v 1.6 3 0.6
v 1.7 3 0.6
v -1.7 3 0.4
v -1.6 3 0.4
v 1.6 3 0.4
v 1.7 3 0.4
v -1.8 3 0.2
v -1.7 3 0.2
v 1.7 3 0.2
v 1.8 3 0.2
v -1.8 3 -0.2
v -1.7 3 -0.2
v 1.7 3 -0.2
v 1.8 3 -0.2
v -1.7 3 -0.4
v -1.6 3 -0.4
v 1.6 3 -0.4
v 1.7 3 -0.4
v -1.6 3 -0.5
v -1.7 3 -0.6
v -1.6 3 -0.6
v 1.6 3 -0.6
v 1.7 3 -0.6
v -1.6 3 -0.7
v -1.5 3 -0.7
v 1.5 3 -0.7
v 1.6 3 -0.7
v -1.6 3 -0.8
v -1.5 3 -0.8
v 1.5 3 -0.8
v 1.6 3 -0.8
v -1.5 3 -0.9
v -1.4 3 -0.9
v 1.4 3 -0.9
v 1.5 3 -0.9
v -1.5 3 -1
v -1.4 3 -1
v -1.3 3 -1
v 1.3 3 -1
v 1.4 3 -1
v 1.5 3 -1
v -1.4 3 -1.1
v -1.3 3 -1.1
v 1.3 3 -1.1
v 1.4 3 -1.1
v -1.1 3 -1.3
v -1 3 -1.3
v 1 3 -1.3
v 1.1 3 -1.3
v -1.1 3 -1.4
v -1 3 -1.4
v -0.9 3 -1.4
v 0.9 3 -1.4
v 1 3 -1.4
v 1.1 3 -1.4
v -1 3 -1.5
v -0.9 3 -1.5
v -0.8 3 -1.5
v -0.7 3 -1.5
v 0.7 3 -1.5
v 0.8 3 -1.5
v 0.9 3 -1.5
v 1 3 -1.5
v -0.8 3 -1.6
v -0.7 3 -1.6
v -0.6 3 -1.6
v -0.4 3 -1.6
v 0.4 3 -1.6
v 0.6 3 -1.6
v 0.7 3 -1.6
v 0.8 3 -1.6
v -0.6 3 -1.7
v -0.4 3 -1.7
v -0.2 3 -1.7
v -0.0999999 3 -1.7
v 2.38419e-07 3 -1.7
v 0.1 3 -1.7
v 0.2 3 -1.7
v 0.4 3 -1.7
v 0.6 3 -1.7
v -0.2 3 -1.8
v 2.38419e-07 3 -1.8
v 0.1 3 -1.8
v 0.2 3 -1.8
v -0.4 3.1 1.7
v 0.4 3.1 1.7
v -0.7 3.1 1.6
v -0.5 3.1 1.6
v -0.4 3.1 1.6
v -0.3 3.1 1.6
v 2.38419e-07 3.1 1.6
v 0.1 3.1 1.6
v 0.4 3.1 1.6
v 0.5 3.1 1.6
v 0.7 3.1 1.6
v -0.9 3.1 1.5
v -0.8 3.1 1.5
v -0.7 3.1 1.5
v -0.6 3.1 1.5
v -0.5 3.1 1.5
v 0.5 3.1 1.5
v 0.7 3.1 1.5
v 0.8 3.1 1.5
v 0.9 3.1 1.5
v -1 3.1 1.4
v -0.9 3.1 1.4
v -0.8 3.1 1.4
v 0.8 3.1 1.4
v 0.9 3.1 1.4
v 1 3.1 1.4
v -1.2 3.1 1.3
v -1.1 3.1 1.3
v -1 3.1 1.3
v -0.9 3.1 1.3
v 0.9 3.1 1.3
v 1 3.1 1.3
v 1.1 3.1 1.3
v 1.2 3.1 1.3
v -1.3 3.1 1.2
v -1.2 3.1 1.2
v -1.1 3.1 1.2
v 1.1 3.1 1.2
v 1.2 3.1 1.2
v 1.3 3.1 1.2
v -1.3 3.1 1.1
v -1.2 3.1 1.1
v 1.2 3.1 1.1
v 1.3 3.1 1.1
v -1.4 3.1 1
v -1.3 3.1 1
v 1.3 3.1 1
v 1.4 3.1 1
v -1.5 3.1 0.9
v -1.4 3.1 0.9
v -1.3 3.1 0.9
v 1.3 3.1 0.9
v 1.4 3.1 0.9
v 1.5 3.1 0.9
v -1.5 3.1 0.8
v -1.4 3.1 0.8
v 1.4 3.1 0.8
v 1.5 3.1 0.8
v -1.6 3.1 0.7
v -1.5 3.1 0.7
v 1.5 3.1 0.7
v 1.6 3.1 0.7
v 1.5 3.1 0.6
v -1.6 3.1 0.5
v -1.5 3.1 0.5
v 1.5 3.1 0.5
v 1.6 3.1 0.5
v -1.7 3.1 0.4
v -1.6 3.1 0.4
v 1.6 3.1 0.4
v 1.7 3.1 0.4
v -1.6 3.1 0.2
v -1.6 3.1 -2.38419e-07
v -1.7 3.1 -0.4
v -1.6 3.1 -0.4
v 1.6 3.1 -0.4
v 1.7 3.1 -0.4
v -1.6 3.1 -0.5
v -1.5 3.1 -0.5
v 1.5 3.1 -0.5
v 1.6 3.1 -0.5
v -1.6 3.1 -0.7
v -1.5 3.1 -0.7
v 1.5 3.1 -0.7
v 1.6 3.1 -0.7
v -1.5 3.1 -0.8
v -1.4 3.1 -0.8
v 1.4 3.1 -0.8
v 1.5 3.1 -0.8
v -1.5 3.1 -0.9
v -1.4 3.1 -0.9
v -1.3 3.1 -0.9
v 1.3 3.1 -0.9
v 1.4 3.1 -0.9
v 1.5 3.1 -0.9
v -1.4 3.1 -1
v -1.3 3.1 -1
v 1.3 3.1 -1
v 1.4 3.1 -1
v -1.3 3.1 -1.1
v -1.2 3.1 -1.1
v 1.2 3.1 -1.1
v 1.3 3.1 -1.1
v -1.3 3.1 -1.2
v -1.2 3.1 -1.2
v -1.1 3.1 -1.2
v 1.1 3.1 -1.2
v 1.2 3.1 -1.2
v 1.3 3.1 -1.2
v -1.2 3.1 -1.3
v -1.1 3.1 -1.3
v -1 3.1 -1.3
v -0.9 3.1 -1.3
v 0.9 3.1 -1.3
v 1 3.1 -1.3
v 1.1 3.1 -1.3
v 1.2 3.1 -1.3
v -1 3.1 -1.4
v -0.9 3.1 -1.4
v -0.8 3.1 -1.4
v 0.8 3.1 -1.4
v 0.9 3.1 -1.4
v 1 3.1 -1.4
v -0.9 3.1 -1.5
v -0.8 3.1 -1.5
v -0.7 3.1 -1.5
v -0.5 3.1 -1.5
v 0.5 3.1 -1.5
v 0.6 3.1 -1.5
v 0.7 3.1 -1.5
v 0.8 3.1 -1.5
v 0.9 3.1 -1.5
v -0.7 3.1 -1.6
v -0.5 3.1 -1.6
v -0.4 3.1 -1.6
v -0.0999999 3.1 -1.6
v 2.38419e-07 3.1 -1.6
v 0.2 3.1 -1.6
v 0.3 3.1 -1.6
v 0.4 3.1 -1.6
v 0.5 3.1 -1.6
v 0.6 3.1 -1.6
v 0.7 3.1 -1.6
v -0.4 3.1 -1.7
v -0.0999999 3.1 -1.7
v 2.38419e-07 3.1 -1.7
v 0.2 3.1 -1.7
v 0.3 3.1 -1.7
v 0.4 3.1 -1.7
v -0.5 3.2 1.6
v -0.4 3.2 1.6
v -0.3 3.2 1.6
v -0.2 3.2 1.6
v 0.2 3.2 1.6
v 0.5 3.2 1.6
v -0.8 3.2 1.5
v -0.6 3.2 1.5
v -0.5 3.2 1.5
v -0.4 3.2 1.5
v -0.3 3.2 1.5
v -0.2 3.2 1.5
v 0.2 3.2 1.5
v 0.5 3.2 1.5
v 0.6 3.2 1.5
v 0.7 3.2 1.5
v 0.8 3.2 1.5
v -0.9 3.2 1.4
v -0.8 3.2 1.4
v -0.6 3.2 1.4
v 0.6 3.2 1.4
v 0.7 3.2 1.4
v 0.8 3.2 1.4
v 0.9 3.2 1.4
v -1.1 3.2 1.3
v -0.9 3.2 1.3
v -0.8 3.2 1.3
v 0.8 3.2 1.3
v 0.9 3.2 1.3
v 1.1 3.2 1.3
v -1.2 3.2 1.2
v -1.1 3.2 1.2
v -1 3.2 1.2
v -0.9 3.2 1.2
v 0.9 3.2 1.2
v 1.1 3.2 1.2
v 1.2 3.2 1.2
v -1.3 3.2 1.1
v -1.2 3.2 1.1
v -1.1 3.2 1.1
v 1.1 3.2 1.1
v 1.2 3.2 1.1
v 1.3 3.2 1.1
v -1.4 3.2 0.9
v -1.3 3.2 0.9
v -1.2 3.2 0.9
v 1.2 3.2 0.9
v 1.3 3.2 0.9
v 1.4 3.2 0.9
v -1.5 3.2 0.8
v -1.4 3.2 0.8
v -1.3 3.2 0.8
v 1.3 3.2 0.8
v 1.4 3.2 0.8
v 1.5 3.2 0.8
v -1.4 3.2 0.7
v -1.5 3.2 0.6
v -1.4 3.2 0.6
v 1.4 3.2 0.6
v 1.5 3.2 0.6
v -1.6 3.2 0.5
v -1.5 3.2 0.5
v 1.5 3.2 0.5
v 1.6 3.2 0.5
v -1.5 3.2 0.4
v -1.5 3.2 0.3
v -1.6 3.2 0.2
v -1.5 3.2 0.2
v 1.5 3.2 0.2
v 1.6 3.2 0.2
v -1.6 3.2 -0.2
v -1.5 3.2 -0.2
v 1.5 3.2 -0.2
v 1.6 3.2 -0.2
v -1.6 3.2 -0.5
v -1.5 3.2 -0.5
v 1.5 3.2 -0.5
v 1.6 3.2 -0.5
v -1.5 3.2 -0.6
v -1.4 3.2 -0.6
v 1.4 3.2 -0.6
v 1.5 3.2 -0.6
v 1.4 3.2 -0.7
v 1.5 3.2 -0.7
v -1.5 3.2 -0.8
v -1.4 3.2 -0.8
v -1.3 3.2 -0.8
v 1.3 3.2 -0.8
v 1.4 3.2 -0.8
v 1.5 3.2 -0.8
v -1.4 3.2 -0.9
v -1.3 3.2 -0.9
v -1.2 3.2 -0.9
v 1.2 3.2 -0.9
v 1.3 3.2 -0.9
v 1.4 3.2 -0.9
v 1.2 3.2 -1
v 1.3 3.2 -1
v -1.3 3.2 -1.1
v -1.2 3.2 -1.1
v -1.1 3.2 -1.1
v 1.1 3.2 -1.1
v 1.2 3.2 -1.1
v 1.3 3.2 -1.1
v -1.2 3.2 -1.2
v -1.1 3.2 -1.2
v -1 3.2 -1.2
v -0.9 3.2 -1.2
v 0.9 3.2 -1.2
v 1.1 3.2 -1.2
v 1.2 3.2 -1.2
v -1.1 3.2 -1.3
v -1 3.2 -1.3
v -0.9 3.2 -1.3
v -0.8 3.2 -1.3
v 0.8 3.2 -1.3
v 0.9 3.2 -1.3
v 1.1 3.2 -1.3
v -0.9 3.2 -1.4
v -0.8 3.2 -1.4
v -0.6 3.2 -1.4
v 0.6 3.2 -1.4
v 0.8 3.2 -1.4
v 0.9 3.2 -1.4
v -0.8 3.2 -1.5
v -0.6 3.2 -1.5
v -0.5 3.2 -1.5
v -0.3 3.2 -1.5
v -0.2 3.2 -1.5
v 0.2 3.2 -1.5
v 0.3 3.2 -1.5
v 0.4 3.2 -1.5
v 0.5 3.2 -1.5
v 0.6 3.2 -1.5
v 0.8 3.2 -1.5
v -0.5 3.2 -1.6
v -0.2 3.2 -1.6
v 0.2 3.2 -1.6
v 0.5 3.2 -1.6
v -0.2 3.3 1.6
v 2.38419e-07 3.3 1.6
v 0.1 3.3 1.6
v 0.2 3.3 1.6
v -0.6 3.3 1.5
v -0.5 3.3 1.5
v -0.3 3.3 1.5
v -0.2 3.3 1.5
v 2.38419e-07 3.3 1.5
v 0.1 3.3 1.5
v 0.2 3.3 1.5
v 0.3 3.3 1.5
v 0.5 3.3 1.5
v 0.6 3.3 1.5
v -0.8 3.3 1.4
v -0.6 3.3 1.4
v -0.5 3.3 1.4
v -0.4 3.3 1.4
v -0.3 3.3 1.4
v 0.3 3.3 1.4
v 0.5 3.3 1.4
v 0.6 3.3 1.4
v 0.7 3.3 1.4
v 0.8 3.3 1.4
v -0.9 3.3 1.3
v -0.8 3.3 1.3
v -0.6 3.3 1.3
v 0.6 3.3 1.3
v 0.7 3.3 1.3
v 0.8 3.3 1.3
v 0.9 3.3 1.3
v -1.1 3.3 1.2
v -1 3.3 1.2
v -0.9 3.3 1.2
v -0.8 3.3 1.2
v 0.8 3.3 1.2
v 0.9 3.3 1.2
v 1.1 3.3 1.2
v -1.2 3.3 1.1
v -1.1 3.3 1.1
v -1 3.3 1.1
v -0.9 3.3 1.1
v 0.9 3.3 1.1
v 1 3.3 1.1
v 1.1 3.3 1.1
v 1.2 3.3 1.1
v -1.1 3.3 1
v -1 3.3 1
v 1 3.3 1
v 1.1 3.3 1
v -1.3 3.3 0.9
v -1.2 3.3 0.9
v -1.1 3.3 0.9
v 1.1 3.3 0.9
v 1.2 3.3 0.9
v 1.3 3.3 0.9
v -1.4 3.3 0.8
v -1.3 3.3 0.8
v -1.2 3.3 0.8
v 1.2 3.3 0.8
v 1.3 3.3 0.8
v 1.4 3.3 0.8
v -1.4 3.3 0.7
v -1.3 3.3 0.7
v -1.5 3.3 0.6
v -1.4 3.3 0.6
v -1.3 3.3 0.6
v 1.3 3.3 0.6
v 1.4 3.3 0.6
v 1.5 3.3 0.6
v -1.4 3.3 0.5
v -1.5 3.3 0.4
v -1.4 3.3 0.4
v -1.5 3.3 0.3
v -1.4 3.3 0.3
v 1.4 3.3 0.3
v 1.5 3.3 0.3
v -1.6 3.3 0.2
v -1.5 3.3 0.2
v 1.5 3.3 0.2
v 1.6 3.3 0.2
v -1.5 3.3 -2.38419e-07
v -1.5 3.3 -0.1
v -1.6 3.3 -0.2
v -1.5 3.3 -0.2
v 1.5 3.3 -0.2
v 1.6 3.3 -0.2
v -1.5 3.3 -0.3
v -1.4 3.3 -0.3
v 1.4 3.3 -0.3
v 1.5 3.3 -0.3
v 1.4 3.3 -0.5
v 1.5 3.3 -0.5
v -1.5 3.3 -0.6
v -1.4 3.3 -0.6
v -1.3 3.3 -0.6
v 1.3 3.3 -0.6
v 1.4 3.3 -0.6
v 1.5 3.3 -0.6
v -1.4 3.3 -0.8
v -1.3 3.3 -0.8
v -1.2 3.3 -0.8
v 1.2 3.3 -0.8
v 1.3 3.3 -0.8
v 1.4 3.3 -0.8
v -1.3 3.3 -0.9
v -1.2 3.3 -0.9
v -1.1 3.3 -0.9
v 1.1 3.3 -0.9
v 1.2 3.3 -0.9
v 1.3 3.3 -0.9
v -1.1 3.3 -1
v -1 3.3 -1
v 1 3.3 -1
v 1.1 3.3 -1
v -1.2 3.3 -1.1
v -1.1 3.3 -1.1
v -1 3.3 -1.1
v -0.9 3.3 -1.1
v 0.9 3.3 -1.1
v 1 3.3 -1.1
v 1.1 3.3 -1.1
v 1.2 3.3 -1.1
v -1.1 3.3 -1.2
v -1 3.3 -1.2
v -0.9 3.3 -1.2
v -0.8 3.3 -1.2
v 0.8 3.3 -1.2
v 0.9 3.3 -1.2
v 1.1 3.3 -1.2
v -0.9 3.3 -1.3
v -0.8 3.3 -1.3
v -0.6 3.3 -1.3
v 0.6 3.3 -1.3
v 0.8 3.3 -1.3
v 0.9 3.3 -1.3
v -0.8 3.3 -1.4
v -0.6 3.3 -1.4
v -0.3 3.3 -1.4
v 0.3 3.3 -1.4
v 0.4 3.3 -1.4
v 0.5 3.3 -1.4
v 0.6 3.3 -1.4
v 0.8 3.3 -1.4
v -0.6 3.3 -1.5
v -0.3 3.3 -1.5
v -0.2 3.3 -1.5
v -0.0999999 3.3 -1.5
v 0.2 3.3 -1.5
v 0.3 3.3 -1.5
v 0.4 3.3 -1.5
v 0.5 3.3 -1.5
v 0.6 3.3 -1.5
v -0.2 3.3 -1.6
v -0.0999999 3.3 -1.6
v 0.2 3.3 -1.6
v -0.3 3.4 1.5
v -0.2 3.4 1.5
v 2.38419e-07 3.4 1.5
v 0.1 3.4 1.5
v 0.3 3.4 1.5
v -0.6 3.4 1.4
v -0.5 3.4 1.4
v -0.4 3.4 1.4
v -0.3 3.4 1.4
v -0.2 3.4 1.4
v 2.38419e-07 3.4 1.4
v 0.1 3.4 1.4
v 0.2 3.4 1.4
v 0.3 3.4 1.4
v 0.6 3.4 1.4
v -0.8 3.4 1.3
v -0.6 3.4 1.3
v -0.5 3.4 1.3
v -0.4 3.4 1.3
v -0.3 3.4 1.3
v 0.3 3.4 1.3
v 0.6 3.4 1.3
v 0.8 3.4 1.3
v -0.9 3.4 1.2
v -0.8 3.4 1.2
v -0.6 3.4 1.2
v 0.6 3.4 1.2
v 0.7 3.4 1.2
v 0.8 3.4 1.2
v 0.9 3.4 1.2
v -1 3.4 1.1
v -0.9 3.4 1.1
v -0.8 3.4 1.1
v 0.8 3.4 1.1
v 0.9 3.4 1.1
v 1 3.4 1.1
v -1.1 3.4 1
v -1 3.4 1
v -0.9 3.4 1
v 0.9 3.4 1
v 1 3.4 1
v 1.1 3.4 1
v -1.2 3.4 0.9
v -1.1 3.4 0.9
v -1 3.4 0.9
v 1 3.4 0.9
v 1.1 3.4 0.9
v 1.2 3.4 0.9
v -1.3 3.4 0.8
v -1.2 3.4 0.8
v -1.1 3.4 0.8
v 1.1 3.4 0.8
v 1.2 3.4 0.8
v 1.3 3.4 0.8
v -1.3 3.4 0.7
v -1.2 3.4 0.7
v -1.4 3.4 0.6
v -1.3 3.4 0.6
v -1.2 3.4 0.6
v 1.2 3.4 0.6
v 1.3 3.4 0.6
v 1.4 3.4 0.6
v -1.4 3.4 0.5
v -1.3 3.4 0.5
v -1.5 3.4 0.3
v -1.4 3.4 0.3
v -1.3 3.4 0.3
v 1.3 3.4 0.3
v 1.4 3.4 0.3
v 1.5 3.4 0.3
v -1.5 3.4 0.2
v -1.4 3.4 0.2
v -1.5 3.4 -2.38419e-07
v -1.4 3.4 -2.38419e-07
v -1.5 3.4 -0.1
v -1.4 3.4 -0.1
v -1.5 3.4 -0.3
v -1.4 3.4 -0.3
v -1.3 3.4 -0.3
v 1.3 3.4 -0.3
v 1.4 3.4 -0.3
v 1.5 3.4 -0.3
v 1.3 3.4 -0.5
v 1.4 3.4 -0.5
v -1.4 3.4 -0.6
v -1.3 3.4 -0.6
v -1.2 3.4 -0.6
v 1.2 3.4 -0.6
v 1.3 3.4 -0.6
v 1.4 3.4 -0.6
v -1.3 3.4 -0.8
v -1.2 3.4 -0.8
v -1.1 3.4 -0.8
v 1.1 3.4 -0.8
v 1.2 3.4 -0.8
v 1.3 3.4 -0.8
v -1.2 3.4 -0.9
v -1.1 3.4 -0.9
v -1 3.4 -0.9
v 1 3.4 -0.9
v 1.1 3.4 -0.9
v 1.2 3.4 -0.9
v -1.1 3.4 -1
v -1 3.4 -1
v -0.9 3.4 -1
v 0.9 3.4 -1
v 1 3.4 -1
v 1.1 3.4 -1
v -1 3.4 -1.1
v -0.9 3.4 -1.1
v -0.8 3.4 -1.1
v 0.8 3.4 -1.1
v 0.9 3.4 -1.1
v 1 3.4 -1.1
v -0.9 3.4 -1.2
v -0.8 3.4 -1.2
v -0.6 3.4 -1.2
v 0.6 3.4 -1.2
v 0.7 3.4 -1.2
v 0.8 3.4 -1.2
v 0.9 3.4 -1.2
v -0.8 3.4 -1.3
v -0.6 3.4 -1.3
v -0.4 3.4 -1.3
v -0.3 3.4 -1.3
v 0.3 3.4 -1.3
v 0.4 3.4 -1.3
v 0.5 3.4 -1.3
v 0.6 3.4 -1.3
v 0.8 3.4 -1.3
v -0.6 3.4 -1.4
v -0.3 3.4 -1.4
v -0.2 3.4 -1.4
v -0.0999999 3.4 -1.4
v 0.3 3.4 -1.4
v 0.4 3.4 -1.4
v 0.5 3.4 -1.4
v 0.6 3.4 -1.4
v -0.3 3.4 -1.5
v -0.2 3.4 -1.5
v -0.0999999 3.4 -1.5
v 0.3 3.4 -1.5
v -0.3 3.5 1.4
v 2.38419e-07 3.5 1.4
v 0.2 3.5 1.4
v 0.3 3.5 1.4
v -0.6 3.5 1.3
v -0.4 3.5 1.3
v -0.3 3.5 1.3
v -0.2 3.5 1.3
v 2.38419e-07 3.5 1.3
v 0.2 3.5 1.3
v 0.3 3.5 1.3
v 0.6 3.5 1.3
v -0.8 3.5 1.2
v -0.6 3.5 1.2
v -0.5 3.5 1.2
v -0.4 3.5 1.2
v -0.2 3.5 1.2
v 0.2 3.5 1.2
v 0.5 3.5 1.2
v 0.6 3.5 1.2
v 0.7 3.5 1.2
v 0.8 3.5 1.2
v -0.9 3.5 1.1
v -0.8 3.5 1.1
v -0.7 3.5 1.1
v -0.6 3.5 1.1
v -0.5 3.5 1.1
v 0.5 3.5 1.1
v 0.6 3.5 1.1
v 0.7 3.5 1.1
v 0.8 3.5 1.1
v 0.9 3.5 1.1
v -1 3.5 1
v -0.9 3.5 1
v -0.8 3.5 1
v -0.7 3.5 1
v 0.7 3.5 1
v 0.8 3.5 1
v 0.9 3.5 1
v 1 3.5 1
v -1.1 3.5 0.9
v -1 3.5 0.9
v -0.9 3.5 0.9
v -0.8 3.5 0.9
v 0.8 3.5 0.9
v 0.9 3.5 0.9
v 1 3.5 0.9
v 1.1 3.5 0.9
v -1.2 3.5 0.8
v -1.1 3.5 0.8
v -1 3.5 0.8
v -0.9 3.5 0.8
v 0.9 3.5 0.8
v 1 3.5 0.8
v 1.1 3.5 0.8
v 1.2 3.5 0.8
v -1.2 3.5 0.7
v -1.1 3.5 0.7
v -1 3.5 0.7
v 1 3.5 0.7
v 1.1 3.5 0.7
v -1.3 3.5 0.6
v -1.2 3.5 0.6
v 1.2 3.5 0.6
v 1.3 3.5 0.6
v -1.2 3.5 0.5
v -1.1 3.5 0.5
v 1.1 3.5 0.5
v 1.2 3.5 0.5
v -1.4 3.5 0.3
v -1.3 3.5 0.3
v 1.3 3.5 0.3
v 1.4 3.5 0.3
v -1.3 3.5 0.2
v -1.2 3.5 0.2
v 1.2 3.5 0.2
v 1.3 3.5 0.2
v -1.4 3.5 -2.38419e-07
v -1.3 3.5 -2.38419e-07
v -1.4 3.5 -0.1
v -1.3 3.5 -0.1
v -1.3 3.5 -0.2
v -1.2 3.5 -0.2
v 1.2 3.5 -0.2
v 1.3 3.5 -0.2
v -1.4 3.5 -0.3
v -1.3 3.5 -0.3
v 1.3 3.5 -0.3
v 1.4 3.5 -0.3
v -1.2 3.5 -0.5
v -1.1 3.5 -0.5
v 1.1 3.5 -0.5
v 1.2 3.5 -0.5
v -1.3 3.5 -0.6
v -1.2 3.5 -0.6
v 1.2 3.5 -0.6
v 1.3 3.5 -0.6
v -1.1 3.5 -0.7
v -1 3.5 -0.7
v 1 3.5 -0.7
v 1.1 3.5 -0.7
v -1.2 3.5 -0.8
v -1.1 3.5 -0.8
v -1 3.5 -0.8
v -0.9 3.5 -0.8
v 0.9 3.5 -0.8
v 1 3.5 -0.8
v 1.1 3.5 -0.8
v 1.2 3.5 -0.8
v -1.1 3.5 -0.9
v -1 3.5 -0.9
v -0.9 3.5 -0.9
v -0.8 3.5 -0.9
v 0.8 3.5 -0.9
v 0.9 3.5 -0.9
v 1 3.5 -0.9
v 1.1 3.5 -0.9
v -1 3.5 -1
v -0.9 3.5 -1
v -0.8 3.5 -1
v -0.7 3.5 -1
v 0.7 3.5 -1
v 0.8 3.5 -1
v 0.9 3.5 -1
v 1 3.5 -1
v -0.9 3.5 -1.1
v -0.8 3.5 -1.1
v -0.7 3.5 -1.1
v -0.5 3.5 -1.1
v 0.5 3.5 -1.1
v 0.6 3.5 -1.1
v 0.7 3.5 -1.1
v 0.8 3.5 -1.1
v 0.9 3.5 -1.1
v -0.8 3.5 -1.2
v -0.6 3.5 -1.2
v -0.5 3.5 -1.2
v -0.4 3.5 -1.2
v -0.3 3.5 -1.2
v -0.2 3.5 -1.2
v 0.2 3.5 -1.2
v 0.3 3.5 -1.2
v 0.4 3.5 -1.2
v 0.5 3.5 -1.2
v 0.6 3.5 -1.2
v 0.7 3.5 -1.2
v 0.8 3.5 -1.2
v -0.6 3.5 -1.3
v -0.4 3.5 -1.3
v -0.3 3.5 -1.3
v -0.2 3.5 -1.3
v -0.0999999 3.5 -1.3
v 0.2 3.5 -1.3
v 0.3 3.5 -1.3
v 0.4 3.5 -1.3
v 0.5 3.5 -1.3
v 0.6 3.5 -1.3
v -0.3 3.5 -1.4
v -0.0999999 3.5 -1.4
v 0.3 3.5 -1.4
v -0.2 3.6 1.3
v 2.38419e-07 3.6 1.3
v 0.2 3.6 1.3
v -0.5 3.6 1.2
v -0.2 3.6 1.2
v 2.38419e-07 3.6 1.2
v 0.1 3.6 1.2
v 0.2 3.6 1.2
v 0.5 3.6 1.2
v -0.7 3.6 1.1
v -0.6 3.6 1.1
v -0.5 3.6 1.1
v -0.4 3.6 1.1
v 0.1 3.6 1.1
v 0.2 3.6 1.1
v 0.4 3.6 1.1
v 0.5 3.6 1.1
v 0.6 3.6 1.1
v 0.7 3.6 1.1
v -0.8 3.6 1
v -0.7 3.6 1
v -0.6 3.6 1
v -0.5 3.6 1
v -0.4 3.6 1
v 0.4 3.6 1
v 0.5 3.6 1
v 0.6 3.6 1
v 0.7 3.6 1
v 0.8 3.6 1
v -0.9 3.6 0.9
v -0.8 3.6 0.9
v -0.7 3.6 0.9
v -0.6 3.6 0.9
v 0.6 3.6 0.9
v 0.7 3.6 0.9
v 0.8 3.6 0.9
v 0.9 3.6 0.9
v -1 3.6 0.8
v -0.9 3.6 0.8
v -0.8 3.6 0.8
v -0.7 3.6 0.8
v 0.7 3.6 0.8
v 0.8 3.6 0.8
v 0.9 3.6 0.8
v 1 3.6 0.8
v -1.1 3.6 0.7
v -1 3.6 0.7
v -0.9 3.6 0.7
v -0.8 3.6 0.7
v 0.8 3.6 0.7
v 0.9 3.6 0.7
v 1 3.6 0.7
v 1.1 3.6 0.7
v -1 3.6 0.6
v -0.9 3.6 0.6
v 0.9 3.6 0.6
v 1 3.6 0.6
v -1.2 3.6 0.5
v -1.1 3.6 0.5
v 1.1 3.6 0.5
v 1.2 3.6 0.5
v -1.1 3.6 0.4
v -1 3.6 0.4
v 1 3.6 0.4
v 1.1 3.6 0.4
v -1.3 3.6 0.2
v -1.2 3.6 0.2
v 1.2 3.6 0.2
v 1.3 3.6 0.2
v -1.3 3.6 -2.38419e-07
v -1.2 3.6 -2.38419e-07
v 1.1 3.6 -2.38419e-07
v -1.2 3.6 -0.1
v -1.1 3.6 -0.1
v -1.3 3.6 -0.2
v -1.2 3.6 -0.2
v -1.1 3.6 -0.2
v 1.2 3.6 -0.2
v 1.3 3.6 -0.2
v -1.1 3.6 -0.4
v -1 3.6 -0.4
v 1 3.6 -0.4
v 1.1 3.6 -0.4
v -1.2 3.6 -0.5
v -1.1 3.6 -0.5
v 1.1 3.6 -0.5
v 1.2 3.6 -0.5
v -1 3.6 -0.6
v -0.9 3.6 -0.6
v 0.9 3.6 -0.6
v 1 3.6 -0.6
v -1.1 3.6 -0.7
v -1 3.6 -0.7
v -0.9 3.6 -0.7
v -0.8 3.6 -0.7
v 0.8 3.6 -0.7
v 0.9 3.6 -0.7
v 1 3.6 -0.7
v 1.1 3.6 -0.7
v -1 3.6 -0.8
v -0.9 3.6 -0.8
v -0.8 3.6 -0.8
v -0.7 3.6 -0.8
v 0.7 3.6 -0.8
v 0.8 3.6 -0.8
v 0.9 3.6 -0.8
v 1 3.6 -0.8
v -0.9 3.6 -0.9
v -0.8 3.6 -0.9
v -0.7 3.6 -0.9
v -0.6 3.6 -0.9
v 0.6 3.6 -0.9
v 0.7 3.6 -0.9
v 0.8 3.6 -0.9
v 0.9 3.6 -0.9
v -0.8 3.6 -1
v -0.7 3.6 -1
v -0.6 3.6 -1
v -0.5 3.6 -1
v -0.4 3.6 -1
v 0.4 3.6 -1
v 0.6 3.6 -1
v 0.7 3.6 -1
v 0.8 3.6 -1
v -0.7 3.6 -1.1
v -0.5 3.6 -1.1
v -0.4 3.6 -1.1
v -0.3 3.6 -1.1
v -0.2 3.6 -1.1
v -0.0999999 3.6 -1.1
v 0.3 3.6 -1.1
v 0.4 3.6 -1.1
v 0.5 3.6 -1.1
v 0.6 3.6 -1.1
v 0.7 3.6 -1.1
v -0.5 3.6 -1.2
v -0.3 3.6 -1.2
v -0.2 3.6 -1.2
v 0.2 3.6 -1.2
v 0.3 3.6 -1.2
v 0.4 3.6 -1.2
v 0.5 3.6 -1.2
v -0.2 3.6 -1.3
v -0.0999999 3.6 -1.3
v 0.2 3.6 -1.3
v -0.4 3.7 1.1
v 0.1 3.7 1.1
v 0.2 3.7 1.1
v 0.4 3.7 1.1
v -0.6 3.7 1
v -0.5 3.7 1
v -0.4 3.7 1
v -0.2 3.7 1
v 0.1 3.7 1
v 0.2 3.7 1
v 0.4 3.7 1
v 0.5 3.7 1
v 0.6 3.7 1
v -0.7 3.7 0.9
v -0.6 3.7 0.9
v -0.5 3.7 0.9
v -0.2 3.7 0.9
v 0.2 3.7 0.9
v 0.4 3.7 0.9
v 0.5 3.7 0.9
v 0.6 3.7 0.9
v 0.7 3.7 0.9
v -0.8 3.7 0.8
v -0.7 3.7 0.8
v -0.6 3.7 0.8
v -0.5 3.7 0.8
v 0.5 3.7 0.8
v 0.6 3.7 0.8
v 0.7 3.7 0.8
v 0.8 3.7 0.8
v -0.9 3.7 0.7
v -0.8 3.7 0.7
v -0.7 3.7 0.7
v -0.6 3.7 0.7
v 0.6 3.7 0.7
v 0.7 3.7 0.7
v 0.8 3.7 0.7
v 0.9 3.7 0.7
v -1 3.7 0.6
v -0.9 3.7 0.6
v -0.8 3.7 0.6
v -0.7 3.7 0.6
v 0.7 3.7 0.6
v 0.8 3.7 0.6
v 0.9 3.7 0.6
v 1 3.7 0.6
v -0.9 3.7 0.5
v -0.8 3.7 0.5
v 0.8 3.7 0.5
v 0.9 3.7 0.5
v -1.1 3.7 0.4
v -1 3.7 0.4
v 0.9 3.7 0.4
v 1 3.7 0.4
v 1.1 3.7 0.4
v -1 3.7 0.2
v -0.9 3.7 0.2
v 0.9 3.7 0.2
v 1 3.7 0.2
v 1 3.7 0.0999999
v 1 3.7 -2.38419e-07
v 1.1 3.7 -2.38419e-07
v -1.1 3.7 -0.1
v -1 3.7 -0.1
v -1.1 3.7 -0.2
v -1 3.7 -0.2
v -0.9 3.7 -0.2
v 0.9 3.7 -0.2
v 1 3.7 -0.2
v -1.1 3.7 -0.4
v -1 3.7 -0.4
v 0.9 3.7 -0.4
v 1 3.7 -0.4
v 1.1 3.7 -0.4
v -0.9 3.7 -0.5
v -0.8 3.7 -0.5
v 0.8 3.7 -0.5
v 0.9 3.7 -0.5
v -1 3.7 -0.6
v -0.9 3.7 -0.6
v -0.8 3.7 -0.6
v -0.7 3.7 -0.6
v 0.7 3.7 -0.6
v 0.8 3.7 -0.6
v 0.9 3.7 -0.6
v 1 3.7 -0.6
v -0.9 3.7 -0.7
v -0.8 3.7 -0.7
v -0.7 3.7 -0.7
v -0.6 3.7 -0.7
v 0.6 3.7 -0.7
v 0.7 3.7 -0.7
v 0.8 3.7 -0.7
v 0.9 3.7 -0.7
v -0.8 3.7 -0.8
v -0.7 3.7 -0.8
v -0.6 3.7 -0.8
v -0.5 3.7 -0.8
v 0.5 3.7 -0.8
v 0.6 3.7 -0.8
v 0.7 3.7 -0.8
v 0.8 3.7 -0.8
v -0.7 3.7 -0.9
v -0.6 3.7 -0.9
v -0.5 3.7 -0.9
v -0.4 3.7 -0.9
v -0.3 3.7 -0.9
v -0.2 3.7 -0.9
v 0.2 3.7 -0.9
v 0.3 3.7 -0.9
v 0.4 3.7 -0.9
v 0.5 3.7 -0.9
v 0.6 3.7 -0.9
v 0.7 3.7 -0.9
v -0.6 3.7 -1
v -0.5 3.7 -1
v -0.4 3.7 -1
v -0.2 3.7 -1
v -0.0999999 3.7 -1
v 0.2 3.7 -1
v 0.4 3.7 -1
v 0.6 3.7 -1
v -0.4 3.7 -1.1
v -0.3 3.7 -1.1
v -0.2 3.7 -1.1
v -0.0999999 3.7 -1.1
v 0.3 3.7 -1.1
v 0.4 3.7 -1.1
v -0.2 3.8 1
v 0.1 3.8 1
v 0.2 3.8 1
v -0.5 3.8 0.9
v -0.2 3.8 0.9
v 0.2 3.8 0.9
v 0.4 3.8 0.9
v 0.5 3.8 0.9
v -0.6 3.8 0.8
v -0.5 3.8 0.8
v -0.2 3.8 0.8
v -0.0999999 3.8 0.8
v 0.1 3.8 0.8
v 0.4 3.8 0.8
v 0.5 3.8 0.8
v 0.6 3.8 0.8
v -0.7 3.8 0.7
v -0.6 3.8 0.7
v -0.5 3.8 0.7
v -0.4 3.8 0.7
v -0.2 3.8 0.7
v -0.0999999 3.8 0.7
v 0.1 3.8 0.7
v 0.2 3.8 0.7
v 0.4 3.8 0.7
v 0.5 3.8 0.7
v 0.6 3.8 0.7
v 0.7 3.8 0.7
v -0.8 3.8 0.6
v -0.7 3.8 0.6
v -0.5 3.8 0.6
v -0.4 3.8 0.6
v 0.4 3.8 0.6
v 0.5 3.8 0.6
v 0.7 3.8 0.6
v 0.8 3.8 0.6
v -0.9 3.8 0.5
v -0.8 3.8 0.5
v -0.6 3.8 0.5
v -0.5 3.8 0.5
v 0.5 3.8 0.5
v 0.6 3.8 0.5
v 0.8 3.8 0.5
v 0.9 3.8 0.5
v -0.7 3.8 0.4
v -0.6 3.8 0.4
v 0.6 3.8 0.4
v 0.7 3.8 0.4
v -1 3.8 0.2
v -0.9 3.8 0.2
v 0.9 3.8 0.2
v 1 3.8 0.2
v -0.8 3.8 0.0999999
v -0.7 3.8 0.0999999
v 0.7 3.8 0.0999999
v 0.8 3.8 0.0999999
v 0.9 3.8 0.0999999
v 1 3.8 0.0999999
v -1 3.8 -0.1
v -0.8 3.8 -0.1
v -0.7 3.8 -0.1
v 0.7 3.8 -0.1
v 0.8 3.8 -0.1
v -1 3.8 -0.2
v -0.9 3.8 -0.2
v -0.7 3.8 -0.2
v 0.9 3.8 -0.2
v 1 3.8 -0.2
v -0.7 3.8 -0.3
v -0.7 3.8 -0.4
v -0.6 3.8 -0.4
v 0.6 3.8 -0.4
v 0.7 3.8 -0.4
v 0.8 3.8 -0.4
v 0.9 3.8 -0.4
v -0.9 3.8 -0.5
v -0.8 3.8 -0.5
v -0.6 3.8 -0.5
v -0.5 3.8 -0.5
v 0.5 3.8 -0.5
v 0.6 3.8 -0.5
v 0.8 3.8 -0.5
v 0.9 3.8 -0.5
v -0.8 3.8 -0.6
v -0.7 3.8 -0.6
v -0.5 3.8 -0.6
v -0.4 3.8 -0.6
v 0.4 3.8 -0.6
v 0.5 3.8 -0.6
v 0.7 3.8 -0.6
v 0.8 3.8 -0.6
v -0.7 3.8 -0.7
v -0.6 3.8 -0.7
v -0.4 3.8 -0.7
v -0.3 3.8 -0.7
v -0.2 3.8 -0.7
v -0.0999999 3.8 -0.7
v 0.1 3.8 -0.7
v 0.3 3.8 -0.7
v 0.4 3.8 -0.7
v 0.6 3.8 -0.7
v 0.7 3.8 -0.7
v -0.6 3.8 -0.8
v -0.5 3.8 -0.8
v -0.4 3.8 -0.8
v -0.3 3.8 -0.8
v -0.0999999 3.8 -0.8
v 0.1 3.8 -0.8
v 0.5 3.8 -0.8
v 0.6 3.8 -0.8
v -0.5 3.8 -0.9
v -0.4 3.8 -0.9
v -0.3 3.8 -0.9
v -0.2 3.8 -0.9
v -0.0999999 3.8 -0.9
v 0.2 3.8 -0.9
v 0.3 3.8 -0.9
v 0.4 3.8 -0.9
v 0.5 3.8 -0.9
v -0.2 3.8 -1
v -0.0999999 3.8 -1
v 0.2 3.8 -1
v -0.0999999 3.9 0.8
v 0.1 3.9 0.8
v -0.4 3.9 0.7
v -0.0999999 3.9 0.7
v 0.1 3.9 0.7
v 0.2 3.9 0.7
v 0.4 3.9 0.7
v -0.5 3.9 0.6
v -0.4 3.9 0.6
v 0.1 3.9 0.6
v 0.2 3.9 0.6
v 0.3 3.9 0.6
v 0.4 3.9 0.6
v 0.5 3.9 0.6
v -0.6 3.9 0.5
v -0.5 3.9 0.5
v 0.3 3.9 0.5
v 0.4 3.9 0.5
v 0.5 3.9 0.5
v 0.6 3.9 0.5
v -0.7 3.9 0.4
v -0.6 3.9 0.4
v -0.3 3.9 0.4
v 0.2 3.9 0.4
v 0.3 3.9 0.4
v 0.6 3.9 0.4
v 0.7 3.9 0.4
v -0.4 3.9 0.3
v -0.3 3.9 0.3
v 0.3 3.9 0.3
v 0.4 3.9 0.3
v -0.8 3.9 0.0999999
v -0.7 3.9 0.0999999
v 0.4 3.9 0.0999999
v 0.7 3.9 0.0999999
v 0.8 3.9 0.0999999
v -0.6 3.9 -2.38419e-07
v -0.5 3.9 -2.38419e-07
v -0.8 3.9 -0.1
v -0.7 3.9 -0.1
v -0.6 3.9 -0.1
v -0.4 3.9 -0.1
v 0.4 3.9 -0.1
v 0.7 3.9 -0.1
v 0.8 3.9 -0.1
v -0.5 3.9 -0.2
v -0.4 3.9 -0.2
v 0.4 3.9 -0.2
v -0.7 3.9 -0.3
v -0.6 3.9 -0.3
v -0.5 3.9 -0.3
v -0.4 3.9 -0.3
v -0.3 3.9 -0.3
v 0.3 3.9 -0.3
v 0.4 3.9 -0.3
v -0.7 3.9 -0.4
v -0.6 3.9 -0.4
v -0.5 3.9 -0.4
v -0.4 3.9 -0.4
v -0.3 3.9 -0.4
v 0.3 3.9 -0.4
v 0.6 3.9 -0.4
v 0.7 3.9 -0.4
v -0.6 3.9 -0.5
v -0.5 3.9 -0.5
v -0.4 3.9 -0.5
v -0.3 3.9 -0.5
v 0.5 3.9 -0.5
v 0.6 3.9 -0.5
v -0.5 3.9 -0.6
v -0.4 3.9 -0.6
v -0.2 3.9 -0.6
v 0.4 3.9 -0.6
v 0.5 3.9 -0.6
v -0.4 3.9 -0.7
v -0.2 3.9 -0.7
v -0.0999999 3.9 -0.7
v 0.1 3.9 -0.7
v 0.3 3.9 -0.7
v 0.4 3.9 -0.7
v -0.0999999 3.9 -0.8
v 0.1 3.9 -0.8
v -0.3 4 0.4
v 0.2 4 0.4
v 0.3 4 0.4
v -0.4 4 0.3
v -0.3 4 0.3
v 0.3 4 0.3
v 0.4 4 0.3
v 0.3 4 0.0999999
v 0.4 4 0.0999999
v -0.4 4 -0.1
v -0.3 4 -0.1
v 0.3 4 -0.1
v 0.4 4 -0.1
v 0.2 4 -0.2
v 0.3 4 -0.2
v 0.4 4 -0.2
v -0.4 4 -0.3
v -0.3 4 -0.3
v 0.3 4 -0.3
v 0.4 4 -0.3
v -0.3 4 -0.4
v 0.3 4 -0.4

# faces
f 4/1/1 2/1/1 1/1/1
f 5/1/1 2/1/1 4/1/1
f 7/1/1 4/1/1 3/1/1
f 7/1/1 6/1/1 5/1/1
f 7/1/1 5/1/1 4/1/1
f 8/1/1 6/1/1 7/1/1
f 9/4/1 8/4/1 7/4/1
f 10/4/1 8/4/1 9/4/1
f 11/4/1 8/4/1 10/4/1
f 12/4/1 8/4/1 11/4/1
f 13/1/1 10/1/1 9/1/1
f 13/5/1 11/5/1 10/5/1
f 14/5/1 11/5/1 13/5/1
f 15/1/1 14/1/1 13/1/1
f 15/5/1 11/5/1 14/5/1
f 16/1/1 12/1/1 11/1/1
f 16/5/1 11/5/1 15/5/1
f 17/1/1 12/1/1 16/1/1
f 18/1/1 15/1/1 13/1/1
f 18/1/1 13/1/1 9/1/1
f 18/1/1 16/1/1 15/1/1
f 19/1/1 16/1/1 18/1/1
f 20/5/1 17/5/1 16/5/1
f 20/1/1 16/1/1 19/1/1
f 21/5/1 17/5/1 20/5/1
f 22/5/1 17/5/1 21/5/1
f 23/1/1 20/1/1 19/1/1
f 23/1/1 21/1/1 20/1/1
f 24/1/1 21/1/1 23/1/1
f 29/1/1 26/1/1 25/1/1
f 30/1/1 26/1/1 29/1/1
f 33/5/1 28/5/1 27/5/1
f 34/1/1 31/1/1 30/1/1
f 34/1/1 29/1/1 28/1/1
f 34/5/1 28/5/1 33/5/1
f 34/1/1 30/1/1 29/1/1
f 35/1/1 31/1/1 34/1/1
f 38/5/1 33/5/1 32/5/1
f 39/1/1 36/1/1 35/1/1
f 39/1/1 34/1/1 33/1/1
f 39/5/1 33/5/1 38/5/1
f 39/1/1 35/1/1 34/1/1
f 40/1/1 36/1/1 39/1/1
f 43/5/1 38/5/1 37/5/1
f 44/1/1 41/1/1 40/1/1
f 44/1/1 39/1/1 38/1/1
f 44/5/1 38/5/1 43/5/1
f 44/1/1 40/1/1 39/1/1
f 45/1/1 41/1/1 44/1/1
f 46/1/1 41/1/1 45/1/1
f 47/1/1 41/1/1 46/1/1
f 49/1/1 44/1/1 43/1/1
f 49/1/1 45/1/1 44/1/1
f 50/1/1 45/1/1 49/1/1
f 51/1/1 48/1/1 47/1/1
f 51/1/1 47/1/1 46/1/1
f 52/1/1 48/1/1 51/1/1
f 53/5/1 43/5/1 42/5/1
f 54/1/1 49/1/1 43/1/1
f 54/5/1 43/5/1 53/5/1
f 56/1/1 54/1/1 53/1/1
f 57/1/1 49/1/1 54/1/1
f 57/1/1 54/1/1 56/1/1
f 58/1/1 48/1/1 52/1/1
f 59/1/1 48/1/1 58/1/1
f 61/4/1 57/4/1 56/4/1
f 61/4/1 56/4/1 55/4/1
f 62/4/1 57/4/1 61/4/1
f 63/1/1 60/1/1 59/1/1
f 63/1/1 59/1/1 58/1/1
f 64/1/1 60/1/1 63/1/1
f 65/1/1 60/1/1 64/1/1
f 66/1/1 62/1/1 61/1/1
f 67/1/1 62/1/1 66/1/1
f 68/1/1 64/1/1 63/1/1
f 68/4/1 65/4/1 64/4/1
f 69/4/1 65/4/1 68/4/1
f 70/4/1 65/4/1 69/4/1
f 71/1/1 68/1/1 63/1/1
f 71/1/1 69/1/1 68/1/1
f 72/1/1 62/1/1 67/1/1
f 75/1/1 69/1/1 71/1/1
f 76/1/1 69/1/1 75/1/1
f 77/1/1 73/1/1 72/1/1
f 77/1/1 72/1/1 67/1/1
f 78/1/1 73/1/1 77/1/1
f 79/1/1 73/1/1 78/1/1
f 80/5/1 76/5/1 75/5/1
f 80/5/1 75/5/1 74/5/1
f 81/1/1 69/1/1 76/1/1
f 81/5/1 76/5/1 80/5/1
f 82/1/1 69/1/1 81/1/1
f 83/1/1 69/1/1 82/1/1
f 84/1/1 80/1/1 79/1/1
f 84/1/1 79/1/1 78/1/1
f 84/1/1 81/1/1 80/1/1
f 85/1/1 81/1/1 84/1/1
f 86/5/1 82/5/1 81/5/1
f 86/1/1 81/1/1 85/1/1
f 87/5/1 82/5/1 86/5/1
f 88/1/1 86/1/1 85/1/1
f 89/1/1 86/1/1 88/1/1
f 90/1/1 86/1/1 89/1/1
f 91/1/1 86/1/1 90/1/1
f 92/4/1 90/4/1 89/4/1
f 93/4/1 90/4/1 92/4/1
f 94/4/1 90/4/1 93/4/1
f 95/4/1 90/4/1 94/4/1
f 96/5/1 94/5/1 93/5/1
f 97/5/1 94/5/1 96/5/1
f 103/1/1 99/1/1 98/1/1
f 104/1/1 99/1/1 103/1/1
f 107/1/1 101/1/1 100/1/1
f 108/1/1 105/1/1 104/1/1
f 108/1/1 103/1/1 102/1/1
f 108/1/1 104/1/1 103/1/1
f 109/1/1 105/1/1 108/1/1
f 110/1/1 105/1/1 109/1/1
f 113/1/1 107/1/1 106/1/1
f 114/1/1 101/1/1 107/1/1
f 114/1/1 107/1/1 113/1/1
f 115/5/1 102/5/1 101/5/1
f 115/1/1 101/1/1 114/1/1
f 116/1/1 108/1/1 102/1/1
f 116/5/1 102/5/1 115/5/1
f 117/1/1 108/1/1 116/1/1
f 118/1/1 110/1/1 109/1/1
f 118/1/1 111/1/1 110/1/1
f 119/1/1 111/1/1 118/1/1
f 120/1/1 111/1/1 119/1/1
f 123/1/1 114/1/1 113/1/1
f 123/1/1 113/1/1 112/1/1
f 124/5/1 115/5/1 114/5/1
f 124/1/1 114/1/1 123/1/1
f 125/5/1 115/5/1 124/5/1
f 126/1/1 121/1/1 120/1/1
f 126/1/1 120/1/1 119/1/1
f 127/1/1 121/1/1 126/1/1
f 128/1/1 121/1/1 127/1/1
f 131/1/1 123/1/1 122/1/1
f 131/1/1 124/1/1 123/1/1
f 132/1/1 124/1/1 131/1/1
f 133/1/1 124/1/1 132/1/1
f 134/1/1 129/1/1 128/1/1
f 134/1/1 128/1/1 127/1/1
f 135/1/1 129/1/1 134/1/1
f 136/1/1 129/1/1 135/1/1
f 138/1/1 132/1/1 131/1/1
f 138/1/1 131/1/1 130/1/1
f 139/1/1 132/1/1 138/1/1
f 140/1/1 137/1/1 136/1/1
f 140/1/1 136/1/1 135/1/1
f 141/1/1 137/1/1 140/1/1
f 142/1/1 138/1/1 130/1/1
f 143/1/1 138/1/1 142/1/1
f 145/1/1 142/1/1 130/1/1
f 146/5/1 143/5/1 142/5/1
f 146/1/1 142/1/1 145/1/1
f 147/5/1 143/5/1 146/5/1
f 148/1/1 137/1/1 141/1/1
f 150/1/1 147/1/1 146/1/1
f 150/1/1 146/1/1 145/1/1
f 150/1/1 145/1/1 144/1/1
f 151/1/1 147/1/1 150/1/1
f 152/1/1 147/1/1 151/1/1
f 153/1/1 149/1/1 148/1/1
f 153/1/1 148/1/1 141/1/1
f 154/1/1 149/1/1 153/1/1
f 155/4/1 151/4/1 150/4/1
f 156/4/1 151/4/1 155/4/1
f 157/1/1 149/1/1 154/1/1
f 158/1/1 149/1/1 157/1/1
f 159/1/1 149/1/1 158/1/1
f 160/1/1 156/1/1 155/1/1
f 163/1/1 158/1/1 157/1/1
f 164/4/1 159/4/1 158/4/1
f 164/1/1 158/1/1 163/1/1
f 165/4/1 159/4/1 164/4/1
f 166/1/1 161/1/1 160/1/1
f 166/1/1 160/1/1 155/1/1
f 167/1/1 161/1/1 166/1/1
f 168/1/1 163/1/1 162/1/1
f 168/1/1 165/1/1 164/1/1
f 168/1/1 164/1/1 163/1/1
f 169/1/1 165/1/1 168/1/1
f 170/1/1 161/1/1 167/1/1
f 173/1/1 168/1/1 162/1/1
f 174/1/1 171/1/1 170/1/1
f 174/1/1 170/1/1 167/1/1
f 175/1/1 171/1/1 174/1/1
f 176/1/1 171/1/1 175/1/1
f 177/1/1 171/1/1 176/1/1
f 180/5/1 173/5/1 172/5/1
f 181/1/1 168/1/1 173/1/1
f 182/1/1 168/1/1 181/1/1
f 183/4/1 176/4/1 175/4/1
f 184/1/1 178/1/1 177/1/1
f 184/4/1 176/4/1 183/4/1
f 184/1/1 177/1/1 176/1/1
f 185/1/1 178/1/1 184/1/1
f 188/1/1 180/1/1 179/1/1
f 189/5/1 173/5/1 180/5/1
f 189/1/1 180/1/1 188/1/1
f 190/1/1 181/1/1 173/1/1
f 190/5/1 173/5/1 189/5/1
f 191/1/1 181/1/1 190/1/1
f 192/4/1 186/4/1 185/4/1
f 192/4/1 185/4/1 184/4/1
f 193/4/1 186/4/1 192/4/1
f 194/4/1 186/4/1 193/4/1
f 197/4/1 189/4/1 188/4/1
f 197/4/1 188/4/1 187/4/1
f 197/4/1 190/4/1 189/4/1
f 198/4/1 190/4/1 197/4/1
f 199/4/1 190/4/1 198/4/1
f 200/1/1 195/1/1 194/1/1
f 200/1/1 194/1/1 193/1/1
f 201/1/1 195/1/1 200/1/1
f 202/1/1 195/1/1 201/1/1
f 204/1/1 198/1/1 197/1/1
f 204/1/1 197/1/1 196/1/1
f 205/1/1 198/1/1 204/1/1
f 206/1/1 198/1/1 205/1/1
f 207/1/1 198/1/1 206/1/1
f 208/1/1 203/1/1 202/1/1
f 208/1/1 202/1/1 201/1/1
f 209/1/1 203/1/1 208/1/1
f 210/5/1 205/5/1 204/5/1
f 210/1/1 203/1/1 209/1/1
f 210/5/1 204/5/1 203/5/1
f 211/5/1 205/5/1 210/5/1
f 212/1/1 206/1/1 205/1/1
f 212/5/1 205/5/1 211/5/1
f 213/1/1 206/1/1 212/1/1
f 214/1/1 211/1/1 210/1/1
f 214/1/1 210/1/1 209/1/1
f 215/1/1 211/1/1 214/1/1
f 222/5/1 217/5/1 216/5/1
f 223/4/1 218/4/1 217/4/1
f 223/5/1 217/5/1 222/5/1
f 224/4/1 218/4/1 223/4/1
f 225/1/1 219/1/1 218/1/1
f 225/4/1 218/4/1 224/4/1
f 226/4/1 220/4/1 219/4/1
f 226/1/1 219/1/1 225/1/1
f 227/4/1 220/4/1 226/4/1
f 231/4/1 222/4/1 221/4/1
f 231/4/1 223/4/1 222/4/1
f 232/4/1 223/4/1 231/4/1
f 233/4/1 223/4/1 232/4/1
f 234/5/1 224/5/1 223/5/1
f 234/4/1 223/4/1 233/4/1
f 235/5/1 224/5/1 234/5/1
f 236/1/1 227/1/1 226/1/1
f 236/1/1 228/1/1 227/1/1
f 237/4/1 229/4/1 228/4/1
f 237/1/1 228/1/1 236/1/1
f 238/4/1 229/4/1 237/4/1
f 241/4/1 232/4/1 231/4/1
f 241/4/1 231/4/1 230/4/1
f 242/4/1 232/4/1 241/4/1
f 243/4/1 232/4/1 242/4/1
f 244/1/1 239/1/1 238/1/1
f 244/1/1 238/1/1 237/1/1
f 245/1/1 239/1/1 244/1/1
f 246/1/1 239/1/1 245/1/1
f 249/4/1 241/4/1 240/4/1
f 250/1/1 242/1/1 241/1/1
f 250/4/1 241/4/1 249/4/1
f 251/1/1 242/1/1 250/1/1
f 252/1/1 247/1/1 246/1/1
f 252/1/1 246/1/1 245/1/1
f 253/1/1 247/1/1 252/1/1
f 254/1/1 247/1/1 253/1/1
f 257/1/1 249/1/1 248/1/1
f 257/1/1 250/1/1 249/1/1
f 258/1/1 250/1/1 257/1/1
f 259/1/1 250/1/1 258/1/1
f 260/1/1 255/1/1 254/1/1
f 260/1/1 254/1/1 253/1/1
f 261/1/1 255/1/1 260/1/1
f 262/1/1 255/1/1 261/1/1
f 264/1/1 258/1/1 257/1/1
f 264/1/1 257/1/1 256/1/1
f 265/1/1 258/1/1 264/1/1
f 266/1/1 263/1/1 262/1/1
f 266/1/1 262/1/1 261/1/1
f 267/1/1 263/1/1 266/1/1
f 269/1/1 264/1/1 256/1/1
f 270/1/1 263/1/1 267/1/1
f 272/1/1 269/1/1 268/1/1
f 272/1/1 264/1/1 269/1/1
f 273/1/1 264/1/1 272/1/1
f 274/1/1 271/1/1 270/1/1
f 274/1/1 270/1/1 267/1/1
f 275/1/1 271/1/1 274/1/1
f 276/1/1 272/1/1 268/1/1
f 277/1/1 272/1/1 276/1/1
f 278/4/1 277/4/1 276/4/1
f 279/4/1 277/4/1 278/4/1
f 280/1/1 271/1/1 275/1/1
f 281/1/1 271/1/1 280/1/1
f 282/4/1 281/4/1 280/4/1
f 283/4/1 281/4/1 282/4/1
f 284/1/1 279/1/1 278/1/1
f 287/1/1 283/1/1 282/1/1
f 288/1/1 285/1/1 284/1/1
f 288/1/1 284/1/1 278/1/1
f 289/1/1 285/1/1 288/1/1
f 290/1/1 287/1/1 286/1/1
f 290/1/1 283/1/1 287/1/1
f 291/1/1 283/1/1 290/1/1
f 292/1/1 285/1/1 289/1/1
f 293/1/1 285/1/1 292/1/1
f 296/1/1 290/1/1 286/1/1
f 297/4/1 294/4/1 293/4/1
f 297/4/1 293/4/1 292/4/1
f 298/4/1 294/4/1 297/4/1
f 299/4/1 294/4/1 298/4/1
f 302/1/1 296/1/1 295/1/1
f 303/1/1 290/1/1 296/1/1
f 303/1/1 296/1/1 302/1/1
f 304/1/1 290/1/1 303/1/1
f 305/1/1 300/1/1 299/1/1
f 305/1/1 299/1/1 298/1/1
f 306/1/1 300/1/1 305/1/1
f 307/1/1 300/1/1 306/1/1
f 310/4/1 302/4/1 301/4/1
f 310/4/1 303/4/1 302/4/1
f 311/4/1 303/4/1 310/4/1
f 312/4/1 303/4/1 311/4/1
f 313/1/1 308/1/1 307/1/1
f 313/1/1 307/1/1 306/1/1
f 314/1/1 308/1/1 313/1/1
f 315/1/1 308/1/1 314/1/1
f 318/1/1 310/1/1 309/1/1
f 319/4/1 311/4/1 310/4/1
f 319/1/1 310/1/1 318/1/1
f 320/4/1 311/4/1 319/4/1
f 321/1/1 316/1/1 315/1/1
f 321/1/1 315/1/1 314/1/1
f 322/1/1 316/1/1 321/1/1
f 323/1/1 316/1/1 322/1/1
f 328/1/1 318/1/1 317/1/1
f 328/1/1 319/1/1 318/1/1
f 329/1/1 319/1/1 328/1/1
f 330/1/1 319/1/1 329/1/1
f 331/1/1 323/1/1 322/1/1
f 331/1/1 324/1/1 323/1/1
f 332/1/1 324/1/1 331/1/1
f 333/1/1 324/1/1 332/1/1
f 334/1/1 326/1/1 325/1/1
f 335/5/1 327/5/1 326/5/1
f 335/5/1 329/5/1 328/5/1
f 335/1/1 326/1/1 334/1/1
f 335/5/1 328/5/1 327/5/1
f 336/5/1 329/5/1 335/5/1
f 337/5/1 329/5/1 336/5/1
f 338/1/1 334/1/1 333/1/1
f 338/1/1 333/1/1 332/1/1
f 338/1/1 336/1/1 335/1/1
f 338/1/1 335/1/1 334/1/1
f 339/1/1 336/1/1 338/1/1
f 344/1/1 341/1/1 340/1/1
f 345/1/1 341/1/1 344/1/1
f 346/1/1 341/1/1 345/1/1
f 349/5/1 343/5/1 342/5/1
f 350/5/1 343/5/1 349/5/1
f 351/1/1 344/1/1 343/1/1
f 351/5/1 343/5/1 350/5/1
f 351/1/1 345/1/1 344/1/1
f 352/1/1 345/1/1 351/1/1
f 353/4/1 346/4/1 345/4/1
f 353/1/1 345/1/1 352/1/1
f 354/1/1 347/1/1 346/1/1
f 354/4/1 346/4/1 353/4/1
f 355/1/1 347/1/1 354/1/1
f 356/1/1 347/1/1 355/1/1
f 359/1/1 350/1/1 349/1/1
f 359/1/1 349/1/1 348/1/1
f 360/1/1 350/1/1 359/1/1
f 361/1/1 350/1/1 360/1/1
f 362/4/1 356/4/1 355/4/1
f 363/1/1 357/1/1 356/1/1
f 363/4/1 356/4/1 362/4/1
f 364/1/1 357/1/1 363/1/1
f 365/1/1 357/1/1 364/1/1
f 368/1/1 359/1/1 358/1/1
f 368/1/1 360/1/1 359/1/1
f 369/1/1 360/1/1 368/1/1
f 370/1/1 360/1/1 369/1/1
f 371/4/1 366/4/1 365/4/1
f 371/4/1 365/4/1 364/4/1
f 372/4/1 366/4/1 371/4/1
f 373/4/1 366/4/1 372/4/1
f 376/1/1 369/1/1 368/1/1
f 376/1/1 368/1/1 367/1/1
f 377/1/1 369/1/1 376/1/1
f 378/1/1 369/1/1 377/1/1
f 379/1/1 373/1/1 372/1/1
f 380/4/1 374/4/1 373/4/1
f 380/1/1 373/1/1 379/1/1
f 381/4/1 374/4/1 380/4/1
f 384/1/1 376/1/1 375/1/1
f 385/4/1 377/4/1 376/4/1
f 385/1/1 376/1/1 384/1/1
f 386/4/1 377/4/1 385/4/1
f 387/1/1 381/1/1 380/1/1
f 388/4/1 382/4/1 381/4/1
f 388/1/1 381/1/1 387/1/1
f 389/4/1 382/4/1 388/4/1
f 391/4/1 384/4/1 383/4/1
f 391/4/1 385/4/1 384/4/1
f 392/4/1 385/4/1 391/4/1
f 393/1/1 390/1/1 389/1/1
f 393/1/1 389/1/1 388/1/1
f 394/1/1 390/1/1 393/1/1
f 396/4/1 391/4/1 383/4/1
f 397/4/1 391/4/1 396/4/1
f 398/1/1 390/1/1 394/1/1
f 400/1/1 397/1/1 396/1/1
f 400/1/1 396/1/1 395/1/1
f 401/1/1 397/1/1 400/1/1
f 402/1/1 399/1/1 398/1/1
f 402/1/1 398/1/1 394/1/1
f 403/1/1 399/1/1 402/1/1
f 405/1/1 400/1/1 395/1/1
f 406/1/1 399/1/1 403/1/1
f 408/1/1 405/1/1 404/1/1
f 409/1/1 400/1/1 405/1/1
f 409/1/1 405/1/1 408/1/1
f 410/5/1 407/5/1 406/5/1
f 410/1/1 406/1/1 403/1/1
f 411/5/1 407/5/1 410/5/1
f 412/4/1 409/4/1 408/4/1
f 413/4/1 409/4/1 412/4/1
f 414/1/1 410/1/1 403/1/1
f 414/1/1 411/1/1 410/1/1
f 415/1/1 411/1/1 414/1/1
f 416/1/1 411/1/1 415/1/1
f 417/1/1 415/1/1 414/1/1
f 418/4/1 416/4/1 415/4/1
f 418/1/1 415/1/1 417/1/1
f 419/4/1 416/4/1 418/4/1
f 420/1/1 413/1/1 412/1/1
f 421/1/1 413/1/1 420/1/1
f 422/1/1 418/1/1 417/1/1
f 422/1/1 419/1/1 418/1/1
f 423/1/1 419/1/1 422/1/1
f 424/1/1 413/1/1 421/1/1
f 427/1/1 422/1/1 417/1/1
f 428/1/1 425/1/1 424/1/1
f 428/1/1 424/1/1 421/1/1
f 429/1/1 425/1/1 428/1/1
f 430/1/1 425/1/1 429/1/1
f 431/1/1 427/1/1 426/1/1
f 431/1/1 422/1/1 427/1/1
f 432/1/1 422/1/1 431/1/1
f 433/4/1 430/4/1 429/4/1
f 434/4/1 430/4/1 433/4/1
f 437/1/1 431/1/1 426/1/1
f 438/1/1 431/1/1 437/1/1
f 439/1/1 435/1/1 434/1/1
f 439/1/1 434/1/1 433/1/1
f 440/1/1 435/1/1 439/1/1
f 441/1/1 435/1/1 440/1/1
f 444/1/1 437/1/1 436/1/1
f 445/4/1 438/4/1 437/4/1
f 445/1/1 437/1/1 444/1/1
f 446/4/1 438/4/1 445/4/1
f 447/1/1 442/1/1 441/1/1
f 447/1/1 441/1/1 440/1/1
f 448/1/1 442/1/1 447/1/1
f 449/1/1 442/1/1 448/1/1
f 452/4/1 444/4/1 443/4/1
f 452/4/1 445/4/1 444/4/1
f 453/4/1 445/4/1 452/4/1
f 454/4/1 445/4/1 453/4/1
f 455/1/1 450/1/1 449/1/1
f 455/1/1 449/1/1 448/1/1
f 456/1/1 450/1/1 455/1/1
f 457/1/1 450/1/1 456/1/1
f 460/1/1 452/1/1 451/1/1
f 461/5/1 453/5/1 452/5/1
f 461/1/1 452/1/1 460/1/1
f 462/5/1 453/5/1 461/5/1
f 463/1/1 458/1/1 457/1/1
f 463/1/1 457/1/1 456/1/1
f 464/1/1 458/1/1 463/1/1
f 465/1/1 458/1/1 464/1/1
f 469/1/1 460/1/1 459/1/1
f 469/1/1 461/1/1 460/1/1
f 470/1/1 461/1/1 469/1/1
f 471/1/1 461/1/1 470/1/1
f 472/1/1 466/1/1 465/1/1
f 472/1/1 465/1/1 464/1/1
f 473/1/1 466/1/1 472/1/1
f 474/1/1 466/1/1 473/1/1
f 477/1/1 468/1/1 467/1/1
f 478/5/1 470/5/1 469/5/1
f 478/5/1 469/5/1 468/5/1
f 478/1/1 468/1/1 477/1/1
f 479/5/1 470/5/1 478/5/1
f 480/1/1 474/1/1 473/1/1
f 480/1/1 475/1/1 474/1/1
f 481/5/1 476/5/1 475/5/1
f 481/1/1 475/1/1 480/1/1
f 482/1/1 477/1/1 476/1/1
f 482/5/1 476/5/1 481/5/1
f 482/1/1 478/1/1 477/1/1
f 483/1/1 478/1/1 482/1/1
f 484/1/1 478/1/1 483/1/1
f 485/4/1 482/4/1 481/4/1
f 485/4/1 483/4/1 482/4/1
f 486/4/1 483/4/1 485/4/1
f 491/1/1 488/1/1 487/1/1
f 492/1/1 488/1/1 491/1/1
f 493/1/1 488/1/1 492/1/1
f 494/1/1 488/1/1 493/1/1
f 497/5/1 490/5/1 489/5/1
f 498/5/1 490/5/1 497/5/1
f 499/1/1 491/1/1 490/1/1
f 499/5/1 490/5/1 498/5/1
f 499/1/1 492/1/1 491/1/1
f 500/1/1 492/1/1 499/1/1
f 501/1/1 492/1/1 500/1/1
f 502/1/1 494/1/1 493/1/1
f 502/1/1 495/1/1 494/1/1
f 503/1/1 495/1/1 502/1/1
f 504/1/1 495/1/1 503/1/1
f 507/1/1 498/1/1 497/1/1
f 507/1/1 497/1/1 496/1/1
f 508/1/1 498/1/1 507/1/1
f 509/1/1 498/1/1 508/1/1
f 510/1/1 505/1/1 504/1/1
f 510/1/1 504/1/1 503/1/1
f 511/1/1 505/1/1 510/1/1
f 512/1/1 505/1/1 511/1/1
f 515/1/1 508/1/1 507/1/1
f 515/1/1 507/1/1 506/1/1
f 516/1/1 508/1/1 515/1/1
f 517/1/1 508/1/1 516/1/1
f 518/1/1 513/1/1 512/1/1
f 518/1/1 512/1/1 511/1/1
f 519/1/1 513/1/1 518/1/1
f 520/1/1 513/1/1 519/1/1
f 523/1/1 516/1/1 515/1/1
f 523/1/1 515/1/1 514/1/1
f 524/1/1 516/1/1 523/1/1
f 525/1/1 516/1/1 524/1/1
f 526/1/1 520/1/1 519/1/1
f 527/5/1 521/5/1 520/5/1
f 527/1/1 520/1/1 526/1/1
f 528/5/1 521/5/1 527/5/1
f 531/1/1 523/1/1 522/1/1
f 531/1/1 524/1/1 523/1/1
f 532/1/1 524/1/1 531/1/1
f 533/1/1 524/1/1 532/1/1
f 534/4/1 528/4/1 527/4/1
f 535/5/1 529/5/1 528/5/1
f 535/4/1 528/4/1 534/4/1
f 536/5/1 529/5/1 535/5/1
f 538/1/1 531/1/1 530/1/1
f 538/1/1 532/1/1 531/1/1
f 539/1/1 532/1/1 538/1/1
f 540/4/1 537/4/1 536/4/1
f 540/4/1 536/4/1 535/4/1
f 541/4/1 537/4/1 540/4/1
f 543/1/1 538/1/1 530/1/1
f 544/1/1 538/1/1 543/1/1
f 545/4/1 537/4/1 541/4/1
f 546/4/1 537/4/1 545/4/1
f 548/4/1 544/4/1 543/4/1
f 548/4/1 543/4/1 542/4/1
f 549/4/1 544/4/1 548/4/1
f 550/1/1 547/1/1 546/1/1
f 550/1/1 546/1/1 545/1/1
f 551/1/1 547/1/1 550/1/1
f 552/4/1 548/4/1 542/4/1
f 553/4/1 548/4/1 552/4/1
f 555/1/1 553/1/1 552/1/1
f 556/1/1 547/1/1 551/1/1
f 557/1/1 547/1/1 556/1/1
f 559/1/1 555/1/1 554/1/1
f 559/1/1 553/1/1 555/1/1
f 560/1/1 553/1/1 559/1/1
f 561/5/1 558/5/1 557/5/1
f 561/5/1 557/5/1 556/5/1
f 562/5/1 558/5/1 561/5/1
f 563/5/1 558/5/1 562/5/1
f 564/1/1 559/1/1 554/1/1
f 565/1/1 559/1/1 564/1/1
f 566/1/1 563/1/1 562/1/1
f 567/4/1 565/4/1 564/4/1
f 568/4/1 565/4/1 567/4/1
f 569/1/1 563/1/1 566/1/1
f 570/1/1 563/1/1 569/1/1
f 571/4/1 570/4/1 569/4/1
f 572/4/1 570/4/1 571/4/1
f 573/1/1 568/1/1 567/1/1
f 576/1/1 572/1/1 571/1/1
f 577/1/1 574/1/1 573/1/1
f 577/1/1 573/1/1 567/1/1
f 578/1/1 574/1/1 577/1/1
f 579/1/1 576/1/1 575/1/1
f 579/1/1 572/1/1 576/1/1
f 580/1/1 572/1/1 579/1/1
f 581/1/1 574/1/1 578/1/1
f 582/1/1 574/1/1 581/1/1
f 585/1/1 579/1/1 575/1/1
f 586/4/1 583/4/1 582/4/1
f 586/4/1 582/4/1 581/4/1
f 587/4/1 583/4/1 586/4/1
f 588/4/1 583/4/1 587/4/1
f 589/1/1 585/1/1 584/1/1
f 590/1/1 579/1/1 585/1/1
f 590/1/1 585/1/1 589/1/1
f 591/1/1 579/1/1 590/1/1
f 592/1/1 588/1/1 587/1/1
f 595/1/1 590/1/1 589/1/1
f 596/1/1 590/1/1 595/1/1
f 597/1/1 593/1/1 592/1/1
f 597/1/1 592/1/1 587/1/1
f 598/1/1 593/1/1 597/1/1
f 599/1/1 593/1/1 598/1/1
f 602/4/1 596/4/1 595/4/1
f 602/4/1 595/4/1 594/4/1
f 603/4/1 596/4/1 602/4/1
f 604/4/1 596/4/1 603/4/1
f 605/1/1 600/1/1 599/1/1
f 605/1/1 599/1/1 598/1/1
f 606/1/1 600/1/1 605/1/1
f 607/1/1 600/1/1 606/1/1
f 610/1/1 603/1/1 602/1/1
f 610/1/1 602/1/1 601/1/1
f 611/1/1 603/1/1 610/1/1
f 612/1/1 603/1/1 611/1/1
f 613/1/1 608/1/1 607/1/1
f 613/1/1 607/1/1 606/1/1
f 614/1/1 608/1/1 613/1/1
f 615/1/1 608/1/1 614/1/1
f 618/5/1 610/5/1 609/5/1
f 619/1/1 611/1/1 610/1/1
f 619/5/1 610/5/1 618/5/1
f 620/1/1 611/1/1 619/1/1
f 621/5/1 615/5/1 614/5/1
f 622/1/1 616/1/1 615/1/1
f 622/5/1 615/5/1 621/5/1
f 623/1/1 616/1/1 622/1/1
f 626/5/1 618/5/1 617/5/1
f 626/5/1 619/5/1 618/5/1
f 627/5/1 619/5/1 626/5/1
f 628/5/1 619/5/1 627/5/1
f 629/1/1 624/1/1 623/1/1
f 629/1/1 623/1/1 622/1/1
f 630/1/1 624/1/1 629/1/1
f 631/1/1 624/1/1 630/1/1
f 636/1/1 627/1/1 626/1/1
f 636/1/1 626/1/1 625/1/1
f 637/1/1 627/1/1 636/1/1
f 638/1/1 627/1/1 637/1/1
f 639/1/1 631/1/1 630/1/1
f 639/1/1 632/1/1 631/1/1
f 640/4/1 633/4/1 632/4/1
f 640/1/1 632/1/1 639/1/1
f 641/1/1 634/1/1 633/1/1
f 641/4/1 633/4/1 640/4/1
f 642/1/1 634/1/1 641/1/1
f 645/4/1 637/4/1 636/4/1
f 645/4/1 636/4/1 635/4/1
f 646/4/1 637/4/1 645/4/1
f 647/4/1 637/4/1 646/4/1
f 648/4/1 642/4/1 641/4/1
f 649/1/1 643/1/1 642/1/1
f 649/4/1 642/4/1 648/4/1
f 650/5/1 644/5/1 643/5/1
f 650/1/1 643/1/1 649/1/1
f 651/1/1 646/1/1 645/1/1
f 651/5/1 644/5/1 650/5/1
f 651/1/1 645/1/1 644/1/1
f 652/1/1 646/1/1 651/1/1
f 656/1/1 654/1/1 653/1/1
f 657/1/1 654/1/1 656/1/1
f 660/1/1 656/1/1 655/1/1
f 661/1/1 656/1/1 660/1/1
f 662/1/1 656/1/1 661/1/1
f 663/1/1 658/1/1 657/1/1
f 664/1/1 658/1/1 663/1/1
f 667/5/1 660/5/1 659/5/1
f 668/5/1 660/5/1 667/5/1
f 669/1/1 665/1/1 664/1/1
f 670/1/1 665/1/1 669/1/1
f 673/1/1 667/1/1 666/1/1
f 674/1/1 667/1/1 673/1/1
f 675/1/1 671/1/1 670/1/1
f 676/1/1 671/1/1 675/1/1
f 679/1/1 673/1/1 672/1/1
f 680/1/1 673/1/1 679/1/1
f 681/5/1 677/5/1 676/5/1
f 682/5/1 677/5/1 681/5/1
f 685/1/1 679/1/1 678/1/1
f 686/1/1 679/1/1 685/1/1
f 687/1/1 683/1/1 682/1/1
f 688/1/1 683/1/1 687/1/1
f 691/1/1 685/1/1 684/1/1
f 692/1/1 685/1/1 691/1/1
f 693/1/1 689/1/1 688/1/1
f 694/1/1 689/1/1 693/1/1
f 696/1/1 695/1/1 694/1/1
f 697/1/1 695/1/1 696/1/1
f 699/1/1 691/1/1 690/1/1
f 700/1/1 691/1/1 699/1/1
f 701/4/1 697/4/1 696/4/1
f 702/4/1 697/4/1 701/4/1
f 704/1/1 699/1/1 698/1/1
f 705/1/1 699/1/1 704/1/1
f 706/4/1 703/4/1 702/4/1
f 707/4/1 703/4/1 706/4/1
f 708/4/1 705/4/1 704/4/1
f 710/4/1 708/4/1 704/4/1
f 711/4/1 708/4/1 710/4/1
f 712/5/1 707/5/1 706/5/1
f 713/5/1 707/5/1 712/5/1
f 715/1/1 714/1/1 713/1/1
f 716/1/1 710/1/1 709/1/1
f 717/1/1 710/1/1 716/1/1
f 718/4/1 717/4/1 716/4/1
f 719/4/1 717/4/1 718/4/1
f 720/1/1 714/1/1 715/1/1
f 721/1/1 714/1/1 720/1/1
f 722/4/1 721/4/1 720/4/1
f 723/4/1 721/4/1 722/4/1
f 724/1/1 719/1/1 718/1/1
f 725/1/1 719/1/1 724/1/1
f 728/1/1 723/1/1 722/1/1
f 729/1/1 723/1/1 728/1/1
f 730/1/1 726/1/1 725/1/1
f 731/1/1 726/1/1 730/1/1
f 732/4/1 731/4/1 730/4/1
f 733/4/1 731/4/1 732/4/1
f 736/1/1 728/1/1 727/1/1
f 737/1/1 728/1/1 736/1/1
f 738/5/1 734/5/1 733/5/1
f 739/5/1 734/5/1 738/5/1
f 740/4/1 736/4/1 735/4/1
f 741/1/1 739/1/1 738/1/1
f 742/1/1 739/1/1 741/1/1
f 745/4/1 736/4/1 740/4/1
f 746/4/1 736/4/1 745/4/1
f 747/1/1 743/1/1 742/1/1
f 748/1/1 743/1/1 747/1/1
f 751/1/1 745/1/1 744/1/1
f 752/1/1 745/1/1 751/1/1
f 753/1/1 749/1/1 748/1/1
f 754/1/1 749/1/1 753/1/1
f 757/1/1 751/1/1 750/1/1
f 758/1/1 751/1/1 757/1/1
f 759/1/1 755/1/1 754/1/1
f 760/1/1 755/1/1 759/1/1
f 763/5/1 757/5/1 756/5/1
f 764/5/1 757/5/1 763/5/1
f 765/5/1 761/5/1 760/5/1
f 766/5/1 761/5/1 765/5/1
f 770/4/1 763/4/1 762/4/1
f 771/4/1 763/4/1 770/4/1
f 772/5/1 767/5/1 766/5/1
f 773/4/1 768/4/1 767/4/1
f 773/5/1 767/5/1 772/5/1
f 774/4/1 768/4/1 773/4/1
f 779/4/1 770/4/1 769/4/1
f 780/4/1 770/4/1 779/4/1
f 781/4/1 775/4/1 774/4/1
f 782/1/1 777/1/1 776/1/1
f 782/4/1 775/4/1 781/4/1
f 782/1/1 776/1/1 775/1/1
f 783/1/1 777/1/1 782/1/1
f 787/1/1 779/1/1 778/1/1
f 788/1/1 779/1/1 787/1/1
f 789/1/1 784/1/1 783/1/1
f 789/1/1 785/1/1 784/1/1
f 790/5/1 786/5/1 785/5/1
f 790/1/1 785/1/1 789/1/1
f 791/1/1 787/1/1 786/1/1
f 791/5/1 786/5/1 790/5/1
f 792/1/1 787/1/1 791/1/1
f 799/4/1 794/4/1 793/4/1
f 800/1/1 795/1/1 794/1/1
f 800/4/1 794/4/1 799/4/1
f 801/1/1 795/1/1 800/1/1
f 805/4/1 797/4/1 796/4/1
f 806/1/1 798/1/1 797/1/1
f 806/4/1 797/4/1 805/4/1
f 807/1/1 798/1/1 806/1/1
f 808/1/1 803/1/1 802/1/1
f 809/1/1 803/1/1 808/1/1
f 812/4/1 805/4/1 804/4/1
f 813/4/1 805/4/1 812/4/1
f 814/1/1 810/1/1 809/1/1
f 815/1/1 810/1/1 814/1/1
f 819/4/1 812/4/1 811/4/1
f 820/4/1 812/4/1 819/4/1
f 821/5/1 816/5/1 815/5/1
f 822/5/1 816/5/1 821/5/1
f 826/4/1 818/4/1 817/4/1
f 827/1/1 819/1/1 818/1/1
f 827/4/1 818/4/1 826/4/1
f 828/1/1 819/1/1 827/1/1
f 829/5/1 823/5/1 822/5/1
f 830/1/1 824/1/1 823/1/1
f 830/5/1 823/5/1 829/5/1
f 831/1/1 824/1/1 830/1/1
f 833/1/1 826/1/1 825/1/1
f 833/1/1 827/1/1 826/1/1
f 834/1/1 827/1/1 833/1/1
f 835/1/1 832/1/1 831/1/1
f 835/1/1 831/1/1 830/1/1
f 836/1/1 832/1/1 835/1/1
f 838/1/1 833/1/1 825/1/1
f 839/1/1 833/1/1 838/1/1
f 840/1/1 832/1/1 836/1/1
f 841/1/1 832/1/1 840/1/1
f 844/1/1 838/1/1 837/1/1
f 845/1/1 838/1/1 844/1/1
f 846/1/1 842/1/1 841/1/1
f 847/1/1 842/1/1 846/1/1
f 849/1/1 848/1/1 847/1/1
f 851/1/1 844/1/1 843/1/1
f 852/1/1 844/1/1 851/1/1
f 853/1/1 848/1/1 849/1/1
f 854/1/1 848/1/1 853/1/1
f 856/1/1 851/1/1 850/1/1
f 857/4/1 855/4/1 854/4/1
f 858/1/1 856/1/1 850/1/1
f 859/1/1 856/1/1 858/1/1
f 860/4/1 855/4/1 857/4/1
f 861/4/1 855/4/1 860/4/1
f 862/4/1 859/4/1 858/4/1
f 863/4/1 859/4/1 862/4/1
f 864/1/1 861/1/1 860/1/1
f 865/1/1 861/1/1 864/1/1
f 870/1/1 867/1/1 866/1/1
f 871/1/1 870/1/1 866/1/1
f 872/1/1 869/1/1 868/1/1
f 873/1/1 869/1/1 872/1/1
f 874/4/1 873/4/1 872/4/1
f 875/4/1 873/4/1 874/4/1
f 876/1/1 871/1/1 866/1/1
f 877/1/1 871/1/1 876/1/1
f 878/1/1 875/1/1 874/1/1
f 879/1/1 875/1/1 878/1/1
f 884/1/1 881/1/1 880/1/1
f 885/1/1 881/1/1 884/1/1
f 886/4/1 885/4/1 884/4/1
f 887/4/1 885/4/1 886/4/1
f 890/1/1 883/1/1 882/1/1
f 891/1/1 883/1/1 890/1/1
f 892/5/1 888/5/1 887/5/1
f 893/4/1 890/4/1 889/4/1
f 894/4/1 890/4/1 893/4/1
f 895/5/1 892/5/1 887/5/1
f 896/5/1 892/5/1 895/5/1
f 899/1/1 894/1/1 893/1/1
f 900/1/1 894/1/1 899/1/1
f 901/1/1 897/1/1 896/1/1
f 902/1/1 897/1/1 901/1/1
f 905/1/1 899/1/1 898/1/1
f 906/1/1 899/1/1 905/1/1
f 907/1/1 903/1/1 902/1/1
f 910/1/1 905/1/1 904/1/1
f 911/1/1 905/1/1 910/1/1
f 912/1/1 908/1/1 907/1/1
f 912/1/1 907/1/1 902/1/1
f 913/1/1 908/1/1 912/1/1
f 914/1/1 908/1/1 913/1/1
f 917/1/1 910/1/1 909/1/1
f 918/4/1 911/4/1 910/4/1
f 918/1/1 910/1/1 917/1/1
f 919/4/1 911/4/1 918/4/1
f 920/1/1 915/1/1 914/1/1
f 920/1/1 914/1/1 913/1/1
f 921/1/1 915/1/1 920/1/1
f 924/4/1 917/4/1 916/4/1
f 924/4/1 918/4/1 917/4/1
f 925/4/1 918/4/1 924/4/1
f 926/4/1 922/4/1 921/4/1
f 927/4/1 922/4/1 926/4/1
f 931/1/1 924/1/1 923/1/1
f 932/1/1 924/1/1 931/1/1
f 933/4/1 928/4/1 927/4/1
f 934/1/1 929/1/1 928/1/1
f 934/4/1 928/4/1 933/4/1
f 935/1/1 929/1/1 934/1/1
f 939/1/1 931/1/1 930/1/1
f 940/1/1 931/1/1 939/1/1
f 941/1/1 937/1/1 936/1/1
f 941/1/1 936/1/1 935/1/1
f 942/1/1 937/1/1 941/1/1
f 947/1/1 939/1/1 938/1/1
f 948/1/1 939/1/1 947/1/1
f 949/1/1 944/1/1 943/1/1
f 950/5/1 946/5/1 945/5/1
f 950/1/1 944/1/1 949/1/1
f 950/5/1 945/5/1 944/5/1
f 951/5/1 946/5/1 950/5/1
f 959/1/1 953/1/1 952/1/1
f 960/1/1 953/1/1 959/1/1
f 961/4/1 954/4/1 953/4/1
f 961/1/1 953/1/1 960/1/1
f 962/4/1 954/4/1 961/4/1
f 963/1/1 956/1/1 955/1/1
f 964/1/1 956/1/1 963/1/1
f 969/1/1 958/1/1 957/1/1
f 970/1/1 958/1/1 969/1/1
f 971/1/1 966/1/1 965/1/1
f 972/5/1 967/5/1 966/5/1
f 972/1/1 966/1/1 971/1/1
f 973/5/1 967/5/1 972/5/1
f 977/1/1 969/1/1 968/1/1
f 978/1/1 969/1/1 977/1/1
f 979/5/1 974/5/1 973/5/1
f 980/5/1 974/5/1 979/5/1
f 983/1/1 976/1/1 975/1/1
f 984/4/1 977/4/1 976/4/1
f 984/1/1 976/1/1 983/1/1
f 985/4/1 977/4/1 984/4/1
f 986/1/1 981/1/1 980/1/1
f 987/1/1 981/1/1 986/1/1
f 988/1/1 981/1/1 987/1/1
f 991/4/1 983/4/1 982/4/1
f 992/4/1 983/4/1 991/4/1
f 993/1/1 989/1/1 988/1/1
f 994/1/1 989/1/1 993/1/1
f 996/4/1 991/4/1 990/4/1
f 997/4/1 991/4/1 996/4/1
f 999/1/1 997/1/1 996/1/1
f 1000/1/1 997/1/1 999/1/1
f 1001/1/1 995/1/1 994/1/1
f 1002/1/1 995/1/1 1001/1/1
f 1005/1/1 999/1/1 998/1/1
f 1006/1/1 999/1/1 1005/1/1
f 1007/1/1 1003/1/1 1002/1/1
f 1008/1/1 1003/1/1 1007/1/1
f 1010/1/1 1009/1/1 1008/1/1
f 1011/1/1 1009/1/1 1010/1/1
f 1012/1/1 1005/1/1 1004/1/1
f 1013/1/1 1005/1/1 1012/1/1
f 1014/5/1 1011/5/1 1010/5/1
f 1015/5/1 1011/5/1 1014/5/1
f 1020/1/1 1017/1/1 1016/1/1
f 1021/4/1 1019/4/1 1018/4/1
f 1022/4/1 1019/4/1 1021/4/1
f 1023/1/1 1020/1/1 1016/1/1
f 1024/1/1 1023/1/1 1016/1/1
f 1025/1/1 1023/1/1 1024/1/1
f 1026/1/1 1022/1/1 1021/1/1
f 1027/1/1 1022/1/1 1026/1/1
f 1032/1/1 1029/1/1 1028/1/1
f 1033/1/1 1029/1/1 1032/1/1
f 1034/1/1 1031/1/1 1030/1/1
f 1035/1/1 1031/1/1 1034/1/1
f 1040/4/1 1039/4/1 1038/4/1
f 1041/4/1 1039/4/1 1040/4/1
f 1042/1/1 1037/1/1 1036/1/1
f 1043/1/1 1037/1/1 1042/1/1
f 1046/1/1 1041/1/1 1040/1/1
f 1047/1/1 1041/1/1 1046/1/1
f 1048/5/1 1044/5/1 1043/5/1
f 1049/5/1 1044/5/1 1048/5/1
f 1052/1/1 1046/1/1 1045/1/1
f 1053/1/1 1046/1/1 1052/1/1
f 1054/1/1 1052/1/1 1051/1/1
f 1055/1/1 1052/1/1 1054/1/1
f 1056/1/1 1050/1/1 1049/1/1
f 1057/1/1 1050/1/1 1056/1/1
f 1060/4/1 1055/4/1 1054/4/1
f 1061/4/1 1055/4/1 1060/4/1
f 1062/1/1 1058/1/1 1057/1/1
f 1063/1/1 1058/1/1 1062/1/1
f 1066/5/1 1060/5/1 1059/5/1
f 1067/5/1 1060/5/1 1066/5/1
f 1068/4/1 1064/4/1 1063/4/1
f 1069/4/1 1064/4/1 1068/4/1
f 1072/1/1 1066/1/1 1065/1/1
f 1073/1/1 1066/1/1 1072/1/1
f 1074/1/1 1070/1/1 1069/1/1
f 1075/1/1 1070/1/1 1074/1/1
f 1079/1/1 1072/1/1 1071/1/1
f 1080/1/1 1072/1/1 1079/1/1
f 1081/5/1 1076/5/1 1075/5/1
f 1082/1/1 1077/1/1 1076/1/1
f 1082/5/1 1076/5/1 1081/5/1
f 1083/1/1 1077/1/1 1082/1/1
f 1088/1/1 1079/1/1 1078/1/1
f 1089/1/1 1079/1/1 1088/1/1
f 1090/1/1 1085/1/1 1084/1/1
f 1091/1/1 1085/1/1 1090/1/1
f 1092/1/1 1087/1/1 1086/1/1
f 1093/1/1 1087/1/1 1092/1/1
f 1099/1/1 1095/1/1 1094/1/1
f 1100/1/1 1095/1/1 1099/1/1
f 1101/1/1 1095/1/1 1100/1/1
f 1102/4/1 1096/4/1 1095/4/1
f 1102/1/1 1095/1/1 1101/1/1
f 1103/4/1 1096/4/1 1102/4/1
f 1109/1/1 1098/1/1 1097/1/1
f 1110/1/1 1098/1/1 1109/1/1
f 1111/1/1 1105/1/1 1104/1/1
f 1112/5/1 1106/5/1 1105/5/1
f 1112/1/1 1105/1/1 1111/1/1
f 1113/5/1 1106/5/1 1112/5/1
f 1117/1/1 1108/1/1 1107/1/1
f 1118/1/1 1108/1/1 1117/1/1
f 1119/1/1 1115/1/1 1114/1/1
f 1120/1/1 1115/1/1 1119/1/1
f 1124/1/1 1117/1/1 1116/1/1
f 1125/1/1 1117/1/1 1124/1/1
f 1126/1/1 1121/1/1 1120/1/1
f 1127/1/1 1121/1/1 1126/1/1
f 1131/1/1 1123/1/1 1122/1/1
f 1132/1/1 1123/1/1 1131/1/1
f 1133/1/1 1129/1/1 1128/1/1
f 1134/1/1 1129/1/1 1133/1/1
f 1136/1/1 1131/1/1 1130/1/1
f 1137/1/1 1131/1/1 1136/1/1
f 1138/1/1 1135/1/1 1134/1/1
f 1139/1/1 1135/1/1 1138/1/1
f 1145/4/1 1141/4/1 1140/4/1
f 1146/4/1 1141/4/1 1145/4/1
f 1147/1/1 1143/1/1 1142/1/1
f 1148/1/1 1143/1/1 1147/1/1
f 1150/1/1 1145/1/1 1144/1/1
f 1151/1/1 1145/1/1 1150/1/1
f 1152/1/1 1149/1/1 1148/1/1
f 1153/1/1 1149/1/1 1152/1/1
f 1158/5/1 1157/5/1 1156/5/1
f 1159/5/1 1157/5/1 1158/5/1
f 1160/1/1 1155/1/1 1154/1/1
f 1161/1/1 1155/1/1 1160/1/1
f 1162/1/1 1159/1/1 1158/1/1
f 1163/1/1 1159/1/1 1162/1/1
f 1168/4/1 1167/4/1 1166/4/1
f 1169/4/1 1167/4/1 1168/4/1
f 1170/1/1 1169/1/1 1168/1/1
f 1171/1/1 1169/1/1 1170/1/1
f 1172/4/1 1171/4/1 1170/4/1
f 1173/4/1 1171/4/1 1172/4/1
f 1174/1/1 1165/1/1 1164/1/1
f 1175/1/1 1165/1/1 1174/1/1
f 1176/1/1 1173/1/1 1172/1/1
f 1177/1/1 1173/1/1 1176/1/1
f 1182/4/1 1181/4/1 1180/4/1
f 1183/1/1 1179/1/1 1178/1/1
f 1184/1/1 1179/1/1 1183/1/1
f 1185/4/1 1181/4/1 1182/4/1
f 1186/4/1 1181/4/1 1185/4/1
f 1191/1/1 1188/1/1 1187/1/1
f 1192/1/1 1188/1/1 1191/1/1
f 1195/1/1 1190/1/1 1189/1/1
f 1196/1/1 1190/1/1 1195/1/1
f 1197/5/1 1193/5/1 1192/5/1
f 1198/5/1 1193/5/1 1197/5/1
f 1199/4/1 1195/4/1 1194/4/1
f 1200/4/1 1195/4/1 1199/4/1
f 1205/4/1 1202/4/1 1201/4/1
f 1206/4/1 1202/4/1 1205/4/1
f 1209/5/1 1204/5/1 1203/5/1
f 1210/5/1 1204/5/1 1209/5/1
f 1211/4/1 1207/4/1 1206/4/1
f 1212/4/1 1207/4/1 1211/4/1
f 1217/5/1 1209/5/1 1208/5/1
f 1218/5/1 1209/5/1 1217/5/1
f 1219/1/1 1214/1/1 1213/1/1
f 1220/1/1 1214/1/1 1219/1/1
f 1223/1/1 1216/1/1 1215/1/1
f 1224/1/1 1216/1/1 1223/1/1
f 1225/1/1 1221/1/1 1220/1/1
f 1226/1/1 1221/1/1 1225/1/1
f 1231/1/1 1223/1/1 1222/1/1
f 1232/1/1 1223/1/1 1231/1/1
f 1233/1/1 1228/1/1 1227/1/1
f 1234/1/1 1228/1/1 1233/1/1
f 1239/1/1 1230/1/1 1229/1/1
f 1240/1/1 1230/1/1 1239/1/1
f 1241/1/1 1236/1/1 1235/1/1
f 1242/5/1 1237/5/1 1236/5/1
f 1242/1/1 1236/1/1 1241/1/1
f 1243/1/1 1238/1/1 1237/1/1
f 1243/5/1 1237/5/1 1242/5/1
f 1244/1/1 1238/1/1 1243/1/1
f 1249/1/1 1246/1/1 1245/1/1
f 1250/1/1 1246/1/1 1249/1/1
f 1251/1/1 1246/1/1 1250/1/1
f 1256/1/1 1248/1/1 1247/1/1
f 1257/1/1 1248/1/1 1256/1/1
f 1258/4/1 1253/4/1 1252/4/1
f 1259/4/1 1253/4/1 1258/4/1
f 1264/1/1 1255/1/1 1254/1/1
f 1265/1/1 1255/1/1 1264/1/1
f 1266/1/1 1261/1/1 1260/1/1
f 1267/1/1 1261/1/1 1266/1/1
f 1271/5/1 1263/5/1 1262/5/1
f 1272/5/1 1263/5/1 1271/5/1
f 1273/1/1 1269/1/1 1268/1/1
f 1274/1/1 1269/1/1 1273/1/1
f 1276/1/1 1271/1/1 1270/1/1
f 1277/1/1 1271/1/1 1276/1/1
f 1278/1/1 1275/1/1 1274/1/1
f 1279/1/1 1275/1/1 1278/1/1
f 1285/1/1 1281/1/1 1280/1/1
f 1286/1/1 1281/1/1 1285/1/1
f 1287/1/1 1283/1/1 1282/1/1
f 1288/1/1 1283/1/1 1287/1/1
f 1290/4/1 1285/4/1 1284/4/1
f 1291/4/1 1285/4/1 1290/4/1
f 1292/1/1 1289/1/1 1288/1/1
f 1293/1/1 1289/1/1 1292/1/1
f 1298/1/1 1295/1/1 1294/1/1
f 1299/1/1 1295/1/1 1298/1/1
f 1300/5/1 1297/5/1 1296/5/1
f 1301/5/1 1297/5/1 1300/5/1
f 1306/1/1 1303/1/1 1302/1/1
f 1307/1/1 1303/1/1 1306/1/1
f 1308/1/1 1305/1/1 1304/1/1
f 1309/1/1 1305/1/1 1308/1/1
f 1314/1/1 1313/1/1 1312/1/1
f 1315/1/1 1313/1/1 1314/1/1
f 1316/4/1 1315/4/1 1314/4/1
f 1317/4/1 1315/4/1 1316/4/1
f 1318/6/1 1311/6/1 1310/6/1
f 1319/6/1 1311/6/1 1318/6/1
f 1320/1/1 1317/1/1 1316/1/1
f 1321/1/1 1317/1/1 1320/1/1
f 1326/1/1 1325/1/1 1324/1/1
f 1327/1/1 1325/1/1 1326/1/1
f 1328/1/1 1323/1/1 1322/1/1
f 1329/1/1 1323/1/1 1328/1/1
f 1330/4/1 1327/4/1 1326/4/1
f 1331/4/1 1327/4/1 1330/4/1
f 1336/1/1 1333/1/1 1332/1/1
f 1337/1/1 1333/1/1 1336/1/1
f 1338/1/1 1335/1/1 1334/1/1
f 1339/1/1 1335/1/1 1338/1/1
f 1344/1/1 1341/1/1 1340/1/1
f 1345/1/1 1341/1/1 1344/1/1
f 1348/4/1 1343/4/1 1342/4/1
f 1349/4/1 1343/4/1 1348/4/1
f 1350/4/1 1346/4/1 1345/4/1
f 1351/4/1 1346/4/1 1350/4/1
f 1352/1/1 1348/1/1 1347/1/1
f 1353/1/1 1348/1/1 1352/1/1
f 1358/1/1 1355/1/1 1354/1/1
f 1359/1/1 1355/1/1 1358/1/1
f 1362/1/1 1357/1/1 1356/1/1
f 1363/1/1 1357/1/1 1362/1/1
f 1364/1/1 1360/1/1 1359/1/1
f 1365/1/1 1360/1/1 1364/1/1
f 1370/1/1 1362/1/1 1361/1/1
f 1371/1/1 1362/1/1 1370/1/1
f 1372/5/1 1367/5/1 1366/5/1
f 1373/5/1 1367/5/1 1372/5/1
f 1378/1/1 1369/1/1 1368/1/1
f 1379/1/1 1369/1/1 1378/1/1
f 1380/1/1 1375/1/1 1374/1/1
f 1381/1/1 1375/1/1 1380/1/1
f 1385/1/1 1377/1/1 1376/1/1
f 1386/1/1 1377/1/1 1385/1/1
f 1387/1/1 1383/1/1 1382/1/1
f 1388/5/1 1384/5/1 1383/5/1
f 1388/1/1 1383/1/1 1387/1/1
f 1389/5/1 1384/5/1 1388/5/1
f 1397/1/1 1391/1/1 1390/1/1
f 1398/1/1 1391/1/1 1397/1/1
f 1399/5/1 1393/5/1 1392/5/1
f 1400/5/1 1393/5/1 1399/5/1
f 1401/4/1 1394/4/1 1393/4/1
f 1401/5/1 1393/5/1 1400/5/1
f 1402/4/1 1394/4/1 1401/4/1
f 1407/1/1 1396/1/1 1395/1/1
f 1408/1/1 1396/1/1 1407/1/1
f 1409/4/1 1404/4/1 1403/4/1
f 1410/4/1 1404/4/1 1409/4/1
f 1415/5/1 1406/5/1 1405/5/1
f 1416/5/1 1406/5/1 1415/5/1
f 1417/4/1 1412/4/1 1411/4/1
f 1418/4/1 1412/4/1 1417/4/1
f 1422/1/1 1414/1/1 1413/1/1
f 1423/1/1 1414/1/1 1422/1/1
f 1424/4/1 1420/4/1 1419/4/1
f 1425/4/1 1420/4/1 1424/4/1
f 1428/1/1 1422/1/1 1421/1/1
f 1429/1/1 1422/1/1 1428/1/1
f 1430/1/1 1426/1/1 1425/1/1
f 1431/1/1 1426/1/1 1430/1/1
f 1434/1/1 1428/1/1 1427/1/1
f 1435/1/1 1428/1/1 1434/1/1
f 1436/1/1 1432/1/1 1431/1/1
f 1437/1/1 1432/1/1 1436/1/1
f 1440/1/1 1434/1/1 1433/1/1
f 1441/1/1 1434/1/1 1440/1/1
f 1442/4/1 1438/4/1 1437/4/1
f 1443/4/1 1438/4/1 1442/4/1
f 1445/1/1 1440/1/1 1439/1/1
f 1446/1/1 1440/1/1 1445/1/1
f 1447/4/1 1444/4/1 1443/4/1
f 1448/4/1 1444/4/1 1447/4/1
f 1453/4/1 1450/4/1 1449/4/1
f 1454/4/1 1450/4/1 1453/4/1
f 1455/4/1 1452/4/1 1451/4/1
f 1456/4/1 1452/4/1 1455/4/1
f 1461/1/1 1458/1/1 1457/1/1
f 1462/1/1 1458/1/1 1461/1/1
f 1463/1/1 1460/1/1 1459/1/1
f 1464/1/1 1460/1/1 1463/1/1
f 1469/1/1 1468/1/1 1467/1/1
f 1470/1/1 1468/1/1 1469/1/1
f 1471/4/1 1470/4/1 1469/4/1
f 1472/6/1 1466/6/1 1465/6/1
f 1473/6/1 1466/6/1 1472/6/1
f 1474/4/1 1470/4/1 1471/4/1
f 1475/4/1 1470/4/1 1474/4/1
f 1480/1/1 1479/1/1 1478/1/1
f 1481/1/1 1479/1/1 1480/1/1
f 1482/6/1 1477/6/1 1476/6/1
f 1483/6/1 1477/6/1 1482/6/1
f 1484/4/1 1481/4/1 1480/4/1
f 1485/4/1 1481/4/1 1484/4/1
f 1490/1/1 1487/1/1 1486/1/1
f 1491/1/1 1487/1/1 1490/1/1
f 1492/1/1 1489/1/1 1488/1/1
f 1493/1/1 1489/1/1 1492/1/1
f 1498/1/1 1495/1/1 1494/1/1
f 1499/1/1 1495/1/1 1498/1/1
f 1500/4/1 1497/4/1 1496/4/1
f 1501/4/1 1497/4/1 1500/4/1
f 1506/4/1 1503/4/1 1502/4/1
f 1507/4/1 1503/4/1 1506/4/1
f 1510/1/1 1505/1/1 1504/1/1
f 1511/1/1 1505/1/1 1510/1/1
f 1512/5/1 1508/5/1 1507/5/1
f 1513/5/1 1508/5/1 1512/5/1
f 1516/5/1 1510/5/1 1509/5/1
f 1517/5/1 1510/5/1 1516/5/1
f 1518/1/1 1514/1/1 1513/1/1
f 1519/1/1 1514/1/1 1518/1/1
f 1522/1/1 1516/1/1 1515/1/1
f 1523/1/1 1516/1/1 1522/1/1
f 1524/1/1 1520/1/1 1519/1/1
f 1525/1/1 1520/1/1 1524/1/1
f 1528/1/1 1522/1/1 1521/1/1
f 1529/1/1 1522/1/1 1528/1/1
f 1530/1/1 1526/1/1 1525/1/1
f 1531/1/1 1526/1/1 1530/1/1
f 1536/1/1 1528/1/1 1527/1/1
f 1537/1/1 1528/1/1 1536/1/1
f 1538/1/1 1533/1/1 1532/1/1
f 1539/1/1 1533/1/1 1538/1/1
f 1544/1/1 1535/1/1 1534/1/1
f 1545/1/1 1535/1/1 1544/1/1
f 1546/1/1 1541/1/1 1540/1/1
f 1547/1/1 1541/1/1 1546/1/1
f 1552/1/1 1543/1/1 1542/1/1
f 1553/1/1 1543/1/1 1552/1/1
f 1554/1/1 1549/1/1 1548/1/1
f 1555/1/1 1549/1/1 1554/1/1
f 1556/1/1 1551/1/1 1550/1/1
f 1557/1/1 1551/1/1 1556/1/1
f 1563/5/1 1559/5/1 1558/5/1
f 1564/1/1 1560/1/1 1559/1/1
f 1564/5/1 1559/5/1 1563/5/1
f 1565/1/1 1560/1/1 1564/1/1
f 1570/1/1 1562/1/1 1561/1/1
f 1571/1/1 1562/1/1 1570/1/1
f 1572/1/1 1567/1/1 1566/1/1
f 1573/1/1 1567/1/1 1572/1/1
f 1578/1/1 1569/1/1 1568/1/1
f 1579/1/1 1569/1/1 1578/1/1
f 1580/1/1 1575/1/1 1574/1/1
f 1581/1/1 1575/1/1 1580/1/1
f 1586/5/1 1577/5/1 1576/5/1
f 1587/5/1 1577/5/1 1586/5/1
f 1588/1/1 1583/1/1 1582/1/1
f 1589/1/1 1583/1/1 1588/1/1
f 1593/1/1 1585/1/1 1584/1/1
f 1594/1/1 1585/1/1 1593/1/1
f 1595/4/1 1591/4/1 1590/4/1
f 1596/4/1 1591/4/1 1595/4/1
f 1599/1/1 1593/1/1 1592/1/1
f 1600/1/1 1593/1/1 1599/1/1
f 1601/4/1 1597/4/1 1596/4/1
f 1602/4/1 1597/4/1 1601/4/1
f 1605/1/1 1599/1/1 1598/1/1
f 1606/1/1 1599/1/1 1605/1/1
f 1607/4/1 1603/4/1 1602/4/1
f 1608/4/1 1603/4/1 1607/4/1
f 1610/1/1 1605/1/1 1604/1/1
f 1611/1/1 1605/1/1 1610/1/1
f 1612/4/1 1609/4/1 1608/4/1
f 1613/4/1 1609/4/1 1612/4/1
f 1618/1/1 1615/1/1 1614/1/1
f 1619/1/1 1615/1/1 1618/1/1
f 1620/4/1 1617/4/1 1616/4/1
f 1621/4/1 1617/4/1 1620/4/1
f 1626/1/1 1623/1/1 1622/1/1
f 1627/1/1 1623/1/1 1626/1/1
f 1628/4/1 1625/4/1 1624/4/1
f 1629/4/1 1625/4/1 1628/4/1
f 1634/6/1 1631/6/1 1630/6/1
f 1635/6/1 1631/6/1 1634/6/1
f 1636/4/1 1633/4/1 1632/4/1
f 1637/4/1 1633/4/1 1636/4/1
f 1642/1/1 1641/1/1 1640/1/1
f 1643/1/1 1641/1/1 1642/1/1
f 1644/3/1 1639/3/1 1638/3/1
f 1645/3/1 1639/3/1 1644/3/1
f 1646/4/1 1643/4/1 1642/4/1
f 1647/4/1 1643/4/1 1646/4/1
f 1652/6/1 1649/6/1 1648/6/1
f 1653/6/1 1649/6/1 1652/6/1
f 1654/1/1 1651/1/1 1650/1/1
f 1655/1/1 1651/1/1 1654/1/1
f 1660/1/1 1657/1/1 1656/1/1
f 1661/1/1 1657/1/1 1660/1/1
f 1662/1/1 1659/1/1 1658/1/1
f 1663/1/1 1659/1/1 1662/1/1
f 1668/4/1 1665/4/1 1664/4/1
f 1669/4/1 1665/4/1 1668/4/1
f 1670/1/1 1667/1/1 1666/1/1
f 1671/1/1 1667/1/1 1670/1/1
f 1676/5/1 1673/5/1 1672/5/1
f 1677/5/1 1673/5/1 1676/5/1
f 1680/1/1 1675/1/1 1674/1/1
f 1681/1/1 1675/1/1 1680/1/1
f 1682/5/1 1678/5/1 1677/5/1
f 1683/5/1 1678/5/1 1682/5/1
f 1686/5/1 1680/5/1 1679/5/1
f 1687/5/1 1680/5/1 1686/5/1
f 1688/1/1 1684/1/1 1683/1/1
f 1689/1/1 1684/1/1 1688/1/1
f 1692/1/1 1686/1/1 1685/1/1
f 1693/1/1 1686/1/1 1692/1/1
f 1694/1/1 1690/1/1 1689/1/1
f 1695/1/1 1690/1/1 1694/1/1
f 1700/1/1 1692/1/1 1691/1/1
f 1701/1/1 1692/1/1 1700/1/1
f 1702/1/1 1697/1/1 1696/1/1
f 1703/1/1 1697/1/1 1702/1/1
f 1708/1/1 1699/1/1 1698/1/1
f 1709/1/1 1699/1/1 1708/1/1
f 1710/5/1 1705/5/1 1704/5/1
f 1711/5/1 1705/5/1 1710/5/1
f 1716/1/1 1707/1/1 1706/1/1
f 1717/1/1 1707/1/1 1716/1/1
f 1718/1/1 1713/1/1 1712/1/1
f 1719/1/1 1713/1/1 1718/1/1
f 1722/1/1 1715/1/1 1714/1/1
f 1723/1/1 1715/1/1 1722/1/1
f 1724/1/1 1721/1/1 1720/1/1
f 1725/1/1 1721/1/1 1724/1/1
f 1733/1/1 1727/1/1 1726/1/1
f 1734/4/1 1728/4/1 1727/4/1
f 1734/1/1 1727/1/1 1733/1/1
f 1735/4/1 1728/4/1 1734/4/1
f 1736/4/1 1730/4/1 1729/4/1
f 1737/4/1 1730/4/1 1736/4/1
f 1742/1/1 1732/1/1 1731/1/1
f 1743/1/1 1732/1/1 1742/1/1
f 1744/1/1 1739/1/1 1738/1/1
f 1745/1/1 1739/1/1 1744/1/1
f 1750/5/1 1741/5/1 1740/5/1
f 1751/5/1 1741/5/1 1750/5/1
f 1752/1/1 1747/1/1 1746/1/1
f 1753/1/1 1747/1/1 1752/1/1
f 1756/1/1 1749/1/1 1748/1/1
f 1757/1/1 1749/1/1 1756/1/1
f 1758/1/1 1755/1/1 1754/1/1
f 1759/1/1 1755/1/1 1758/1/1
f 1764/1/1 1761/1/1 1760/1/1
f 1765/1/1 1761/1/1 1764/1/1
f 1766/5/1 1763/5/1 1762/5/1
f 1767/5/1 1763/5/1 1766/5/1
f 1772/1/1 1769/1/1 1768/1/1
f 1773/1/1 1769/1/1 1772/1/1
f 1774/1/1 1771/1/1 1770/1/1
f 1775/1/1 1771/1/1 1774/1/1
f 1780/6/1 1777/6/1 1776/6/1
f 1781/6/1 1777/6/1 1780/6/1
f 1782/1/1 1779/1/1 1778/1/1
f 1783/1/1 1779/1/1 1782/1/1
f 1788/4/1 1787/4/1 1786/4/1
f 1789/4/1 1787/4/1 1788/4/1
f 1790/3/1 1785/3/1 1784/3/1
f 1791/3/1 1785/3/1 1790/3/1
f 1792/4/1 1787/4/1 1789/4/1
f 1793/4/1 1787/4/1 1792/4/1
f 1798/1/1 1797/1/1 1796/1/1
f 1799/1/1 1797/1/1 1798/1/1
f 1800/3/1 1795/3/1 1794/3/1
f 1801/3/1 1795/3/1 1800/3/1
f 1802/4/1 1799/4/1 1798/4/1
f 1803/4/1 1799/4/1 1802/4/1
f 1808/6/1 1805/6/1 1804/6/1
f 1809/6/1 1805/6/1 1808/6/1
f 1810/4/1 1807/4/1 1806/4/1
f 1811/4/1 1807/4/1 1810/4/1
f 1816/1/1 1813/1/1 1812/1/1
f 1817/1/1 1813/1/1 1816/1/1
f 1818/4/1 1815/4/1 1814/4/1
f 1819/4/1 1815/4/1 1818/4/1
f 1824/1/1 1821/1/1 1820/1/1
f 1825/1/1 1821/1/1 1824/1/1
f 1826/1/1 1823/1/1 1822/1/1
f 1827/1/1 1823/1/1 1826/1/1
f 1832/1/1 1829/1/1 1828/1/1
f 1833/1/1 1829/1/1 1832/1/1
f 1838/1/1 1831/1/1 1830/1/1
f 1839/1/1 1831/1/1 1838/1/1
f 1840/4/1 1835/4/1 1834/4/1
f 1841/4/1 1835/4/1 1840/4/1
f 1846/1/1 1837/1/1 1836/1/1
f 1847/1/1 1837/1/1 1846/1/1
f 1848/4/1 1843/4/1 1842/4/1
f 1849/4/1 1843/4/1 1848/4/1
f 1856/1/1 1845/1/1 1844/1/1
f 1857/1/1 1845/1/1 1856/1/1
f 1858/4/1 1851/4/1 1850/4/1
f 1859/4/1 1851/4/1 1858/4/1
f 1860/5/1 1853/5/1 1852/5/1
f 1860/5/1 1854/5/1 1853/5/1
f 1861/1/1 1855/1/1 1854/1/1
f 1861/5/1 1854/5/1 1860/5/1
f 1862/1/1 1855/1/1 1861/1/1
f 1869/4/1 1864/4/1 1863/4/1
f 1870/4/1 1864/4/1 1869/4/1
f 1871/4/1 1866/4/1 1865/4/1
f 1872/4/1 1866/4/1 1871/4/1
f 1877/1/1 1868/1/1 1867/1/1
f 1878/1/1 1868/1/1 1877/1/1
f 1879/4/1 1874/4/1 1873/4/1
f 1880/4/1 1874/4/1 1879/4/1
f 1883/5/1 1876/5/1 1875/5/1
f 1884/5/1 1876/5/1 1883/5/1
f 1885/1/1 1882/1/1 1881/1/1
f 1886/1/1 1882/1/1 1885/1/1
f 1892/1/1 1888/1/1 1887/1/1
f 1893/1/1 1888/1/1 1892/1/1
f 1894/1/1 1890/1/1 1889/1/1
f 1895/1/1 1890/1/1 1894/1/1
f 1898/1/1 1892/1/1 1891/1/1
f 1899/1/1 1892/1/1 1898/1/1
f 1900/1/1 1896/1/1 1895/1/1
f 1901/1/1 1896/1/1 1900/1/1
f 1903/1/1 1898/1/1 1897/1/1
f 1904/1/1 1898/1/1 1903/1/1
f 1905/1/1 1902/1/1 1901/1/1
f 1906/1/1 1902/1/1 1905/1/1
f 1911/1/1 1908/1/1 1907/1/1
f 1912/1/1 1908/1/1 1911/1/1
f 1913/1/1 1910/1/1 1909/1/1
f 1914/1/1 1910/1/1 1913/1/1
f 1919/6/1 1916/6/1 1915/6/1
f 1920/6/1 1916/6/1 1919/6/1
f 1921/1/1 1918/1/1 1917/1/1
f 1922/1/1 1918/1/1 1921/1/1
f 1927/3/1 1924/3/1 1923/3/1
f 1928/3/1 1924/3/1 1927/3/1
f 1929/1/1 1926/1/1 1925/1/1
f 1930/1/1 1926/1/1 1929/1/1
f 1935/3/1 1932/3/1 1931/3/1
f 1936/3/1 1932/3/1 1935/3/1
f 1937/1/1 1934/1/1 1933/1/1
f 1938/1/1 1934/1/1 1937/1/1
f 1943/6/1 1940/6/1 1939/6/1
f 1944/6/1 1940/6/1 1943/6/1
f 1945/4/1 1942/4/1 1941/4/1
f 1946/4/1 1942/4/1 1945/4/1
f 1951/1/1 1948/1/1 1947/1/1
f 1952/1/1 1948/1/1 1951/1/1
f 1953/1/1 1950/1/1 1949/1/1
f 1954/1/1 1950/1/1 1953/1/1
f 1959/5/1 1956/5/1 1955/5/1
f 1960/5/1 1956/5/1 1959/5/1
f 1963/5/1 1958/5/1 1957/5/1
f 1964/5/1 1958/5/1 1963/5/1
f 1965/1/1 1961/1/1 1960/1/1
f 1966/1/1 1961/1/1 1965/1/1
f 1969/5/1 1963/5/1 1962/5/1
f 1970/5/1 1963/5/1 1969/5/1
f 1971/4/1 1967/4/1 1966/4/1
f 1972/4/1 1967/4/1 1971/4/1
f 1973/1/1 1969/1/1 1968/1/1
f 1974/1/1 1969/1/1 1973/1/1
f 1979/4/1 1976/4/1 1975/4/1
f 1980/4/1 1976/4/1 1979/4/1
f 1985/1/1 1978/1/1 1977/1/1
f 1986/1/1 1978/1/1 1985/1/1
f 1987/5/1 1982/5/1 1981/5/1
f 1988/5/1 1982/5/1 1987/5/1
f 1993/1/1 1984/1/1 1983/1/1
f 1994/1/1 1984/1/1 1993/1/1
f 1995/1/1 1990/1/1 1989/1/1
f 1996/1/1 1990/1/1 1995/1/1
f 1997/1/1 1992/1/1 1991/1/1
f 1998/1/1 1992/1/1 1997/1/1
f 2005/1/1 2000/1/1 1999/1/1
f 2006/1/1 2000/1/1 2005/1/1
f 2007/1/1 2002/1/1 2001/1/1
f 2008/1/1 2002/1/1 2007/1/1
f 2011/4/1 2004/4/1 2003/4/1
f 2012/4/1 2004/4/1 2011/4/1
f 2013/4/1 2010/4/1 2009/4/1
f 2014/4/1 2010/4/1 2013/4/1
f 2019/1/1 2016/1/1 2015/1/1
f 2020/1/1 2016/1/1 2019/1/1
f 2021/4/1 2018/4/1 2017/4/1
f 2022/4/1 2018/4/1 2021/4/1
f 2027/1/1 2024/1/1 2023/1/1
f 2028/1/1 2024/1/1 2027/1/1
f 2029/5/1 2026/5/1 2025/5/1
f 2030/5/1 2026/5/1 2029/5/1
f 2035/6/1 2032/6/1 2031/6/1
f 2036/6/1 2032/6/1 2035/6/1
f 2037/1/1 2034/1/1 2033/1/1
f 2038/1/1 2034/1/1 2037/1/1
f 2043/3/1 2040/3/1 2039/3/1
f 2044/3/1 2040/3/1 2043/3/1
f 2045/1/1 2042/1/1 2041/1/1
f 2046/1/1 2042/1/1 2045/1/1
f 2051/3/1 2048/3/1 2047/3/1
f 2052/3/1 2048/3/1 2051/3/1
f 2053/4/1 2050/4/1 2049/4/1
f 2054/4/1 2050/4/1 2053/4/1
f 2059/6/1 2056/6/1 2055/6/1
f 2060/6/1 2056/6/1 2059/6/1
f 2061/1/1 2058/1/1 2057/1/1
f 2062/1/1 2058/1/1 2061/1/1
f 2067/1/1 2064/1/1 2063/1/1
f 2068/1/1 2064/1/1 2067/1/1
f 2069/1/1 2066/1/1 2065/1/1
f 2070/1/1 2066/1/1 2069/1/1
f 2075/1/1 2072/1/1 2071/1/1
f 2076/1/1 2072/1/1 2075/1/1
f 2077/5/1 2074/5/1 2073/5/1
f 2078/5/1 2074/5/1 2077/5/1
f 2083/5/1 2080/5/1 2079/5/1
f 2084/5/1 2080/5/1 2083/5/1
f 2089/5/1 2082/5/1 2081/5/1
f 2090/5/1 2082/5/1 2089/5/1
f 2091/1/1 2086/1/1 2085/1/1
f 2092/1/1 2086/1/1 2091/1/1
f 2093/4/1 2088/4/1 2087/4/1
f 2094/4/1 2088/4/1 2093/4/1
f 2099/1/1 2096/1/1 2095/1/1
f 2100/1/1 2096/1/1 2099/1/1
f 2103/1/1 2098/1/1 2097/1/1
f 2104/1/1 2098/1/1 2103/1/1
f 2105/1/1 2102/1/1 2101/1/1
f 2106/1/1 2102/1/1 2105/1/1
f 2111/1/1 2108/1/1 2107/1/1
f 2112/1/1 2108/1/1 2111/1/1
f 2113/1/1 2110/1/1 2109/1/1
f 2114/1/1 2110/1/1 2113/1/1
f 2119/1/1 2116/1/1 2115/1/1
f 2120/1/1 2116/1/1 2119/1/1
f 2121/1/1 2118/1/1 2117/1/1
f 2122/1/1 2118/1/1 2121/1/1
f 2127/3/1 2124/3/1 2123/3/1
f 2128/3/1 2124/3/1 2127/3/1
f 2129/1/1 2126/1/1 2125/1/1
f 2130/1/1 2126/1/1 2129/1/1
f 2135/1/1 2134/1/1 2133/1/1
f 2136/1/1 2134/1/1 2135/1/1
f 2137/1/1 2134/1/1 2136/1/1
f 2138/4/1 2137/4/1 2136/4/1
f 2139/4/1 2137/4/1 2138/4/1
f 2140/1/1 2139/1/1 2138/1/1
f 2141/1/1 2139/1/1 2140/1/1
f 2142/2/1 2132/2/1 2131/2/1
f 2143/2/1 2132/2/1 2142/2/1
f 2144/4/1 2141/4/1 2140/4/1
f 2145/4/1 2141/4/1 2144/4/1
f 2150/3/1 2147/3/1 2146/3/1
f 2151/3/1 2147/3/1 2150/3/1
f 2152/1/1 2149/1/1 2148/1/1
f 2153/1/1 2149/1/1 2152/1/1
f 2158/1/1 2155/1/1 2154/1/1
f 2159/1/1 2155/1/1 2158/1/1
f 2160/1/1 2157/1/1 2156/1/1
f 2161/1/1 2157/1/1 2160/1/1
f 2166/1/1 2163/1/1 2162/1/1
f 2167/1/1 2163/1/1 2166/1/1
f 2168/5/1 2165/5/1 2164/5/1
f 2169/5/1 2165/5/1 2168/5/1
f 2174/1/1 2171/1/1 2170/1/1
f 2175/1/1 2171/1/1 2174/1/1
f 2180/4/1 2173/4/1 2172/4/1
f 2181/4/1 2173/4/1 2180/4/1
f 2182/1/1 2177/1/1 2176/1/1
f 2183/5/1 2179/5/1 2178/5/1
f 2183/1/1 2177/1/1 2182/1/1
f 2183/5/1 2178/5/1 2177/5/1
f 2184/5/1 2179/5/1 2183/5/1
f 2189/1/1 2186/1/1 2185/1/1
f 2190/1/1 2186/1/1 2189/1/1
f 2191/1/1 2188/1/1 2187/1/1
f 2192/1/1 2188/1/1 2191/1/1
f 2198/1/1 2194/1/1 2193/1/1
f 2199/1/1 2194/1/1 2198/1/1
f 2200/1/1 2196/1/1 2195/1/1
f 2201/1/1 2196/1/1 2200/1/1
f 2203/1/1 2198/1/1 2197/1/1
f 2204/1/1 2198/1/1 2203/1/1
f 2205/4/1 2202/4/1 2201/4/1
f 2206/4/1 2202/4/1 2205/4/1
f 2211/2/1 2208/2/1 2207/2/1
f 2212/2/1 2208/2/1 2211/2/1
f 2213/1/1 2210/1/1 2209/1/1
f 2214/1/1 2210/1/1 2213/1/1
f 2219/2/1 2216/2/1 2215/2/1
f 2220/2/1 2216/2/1 2219/2/1
f 2221/5/1 2218/5/1 2217/5/1
f 2222/5/1 2218/5/1 2221/5/1
f 2227/5/1 2224/5/1 2223/5/1
f 2228/5/1 2224/5/1 2227/5/1
f 2231/1/1 2226/1/1 2225/1/1
f 2232/1/1 2226/1/1 2231/1/1
f 2233/1/1 2229/1/1 2228/1/1
f 2234/1/1 2229/1/1 2233/1/1
f 2235/4/1 2231/4/1 2230/4/1
f 2236/4/1 2231/4/1 2235/4/1
f 2241/1/1 2238/1/1 2237/1/1
f 2242/1/1 2238/1/1 2241/1/1
f 2243/1/1 2240/1/1 2239/1/1
f 2244/1/1 2240/1/1 2243/1/1
f 2249/5/1 2246/5/1 2245/5/1
f 2250/5/1 2246/5/1 2249/5/1
f 2251/1/1 2248/1/1 2247/1/1
f 2252/1/1 2248/1/1 2251/1/1
f 2257/1/1 2254/1/1 2253/1/1
f 2258/1/1 2254/1/1 2257/1/1
f 2259/1/1 2256/1/1 2255/1/1
f 2260/1/1 2256/1/1 2259/1/1
f 2265/1/1 2262/1/1 2261/1/1
f 2266/1/1 2262/1/1 2265/1/1
f 2267/5/1 2264/5/1 2263/5/1
f 2268/5/1 2264/5/1 2267/5/1
f 2273/6/1 2270/6/1 2269/6/1
f 2274/6/1 2270/6/1 2273/6/1
f 2275/4/1 2272/4/1 2271/4/1
f 2276/4/1 2272/4/1 2275/4/1
f 2281/6/1 2278/6/1 2277/6/1
f 2282/6/1 2278/6/1 2281/6/1
f 2283/4/1 2280/4/1 2279/4/1
f 2284/4/1 2280/4/1 2283/4/1
f 2289/1/1 2286/1/1 2285/1/1
f 2290/1/1 2286/1/1 2289/1/1
f 2291/4/1 2288/4/1 2287/4/1
f 2292/4/1 2288/4/1 2291/4/1
f 2297/1/1 2294/1/1 2293/1/1
f 2298/1/1 2294/1/1 2297/1/1
f 2299/4/1 2296/4/1 2295/4/1
f 2300/4/1 2296/4/1 2299/4/1
f 2305/1/1 2302/1/1 2301/1/1
f 2306/1/1 2302/1/1 2305/1/1
f 2307/4/1 2304/4/1 2303/4/1
f 2308/4/1 2304/4/1 2307/4/1
f 2313/1/1 2310/1/1 2309/1/1
f 2314/1/1 2310/1/1 2313/1/1
f 2315/1/1 2312/1/1 2311/1/1
f 2316/1/1 2312/1/1 2315/1/1
f 2321/3/1 2318/3/1 2317/3/1
f 2322/3/1 2318/3/1 2321/3/1
f 2323/1/1 2320/1/1 2319/1/1
f 2324/1/1 2320/1/1 2323/1/1
f 2329/3/1 2326/3/1 2325/3/1
f 2330/3/1 2326/3/1 2329/3/1
f 2331/4/1 2328/4/1 2327/4/1
f 2332/4/1 2328/4/1 2331/4/1
f 2337/5/1 2334/5/1 2333/5/1
f 2338/5/1 2334/5/1 2337/5/1
f 2339/1/1 2336/1/1 2335/1/1
f 2340/1/1 2336/1/1 2339/1/1
f 2341/1/2 2342/1/2 2345/1/2
f 2345/1/2 2342/1/2 2346/1/2
f 2343/1/2 2344/1/2 2347/1/2
f 2347/1/2 2344/1/2 2348/1/2
f 2349/3/2 2350/3/2 2353/3/2
f 2353/3/2 2350/3/2 2354/3/2
f 2351/1/2 2352/1/2 2355/1/2
f 2355/1/2 2352/1/2 2356/1/2
f 2357/3/2 2358/3/2 2361/3/2
f 2361/3/2 2358/3/2 2362/3/2
f 2359/4/2 2360/4/2 2363/4/2
f 2363/4/2 2360/4/2 2364/4/2
f 2365/5/2 2366/5/2 2369/5/2
f 2369/5/2 2366/5/2 2370/5/2
f 2367/1/2 2368/1/2 2371/1/2
f 2371/1/2 2368/1/2 2372/1/2
f 2373/5/2 2374/5/2 2377/5/2
f 2377/5/2 2374/5/2 2378/5/2
f 2375/1/2 2376/1/2 2379/1/2
f 2379/1/2 2376/1/2 2380/1/2
f 2381/4/2 2382/4/2 2385/4/2
f 2385/4/2 2382/4/2 2386/4/2
f 2383/1/2 2384/1/2 2387/1/2
f 2387/1/2 2384/1/2 2388/1/2
f 2389/4/2 2390/4/2 2393/4/2
f 2393/4/2 2390/4/2 2394/4/2
f 2391/5/2 2392/5/2 2395/5/2
f 2395/5/2 2392/5/2 2396/5/2
f 2397/6/2 2398/6/2 2401/6/2
f 2401/6/2 2398/6/2 2402/6/2
f 2399/4/2 2400/4/2 2403/4/2
f 2403/4/2 2400/4/2 2404/4/2
f 2405/6/2 2406/6/2 2409/6/2
f 2409/6/2 2406/6/2 2410/6/2
f 2407/4/2 2408/4/2 2411/4/2
f 2411/4/2 2408/4/2 2412/4/2
f 2413/1/2 2414/1/2 2417/1/2
f 2417/1/2 2414/1/2 2418/1/2
f 2415/1/2 2416/1/2 2419/1/2
f 2419/1/2 2416/1/2 2420/1/2
f 2421/4/2 2422/4/2 2425/4/2
f 2425/4/2 2422/4/2 2426/4/2
f 2423/1/2 2424/1/2 2427/1/2
f 2427/1/2 2424/1/2 2428/1/2
f 2429/4/2 2430/4/2 2433/4/2
f 2433/4/2 2430/4/2 2434/4/2
f 2431/1/2 2432/1/2 2435/1/2
f 2435/1/2 2432/1/2 2436/1/2
f 2437/4/2 2438/4/2 2441/4/2
f 2441/4/2 2438/4/2 2442/4/2
f 2439/4/2 2440/4/2 2443/4/2
f 2443/4/2 2440/4/2 2444/4/2
f 2445/1/2 2446/1/2 2450/1/2
f 2450/1/2 2446/1/2 2451/1/2
f 2447/4/2 2448/4/2 2452/4/2
f 2452/4/2 2448/4/2 2453/4/2
f 2449/5/2 2450/5/2 2455/5/2
f 2455/5/2 2450/5/2 2456/5/2
f 2453/4/2 2454/4/2 2457/4/2
f 2457/4/2 2454/4/2 2458/4/2
f 2459/2/2 2460/2/2 2463/2/2
f 2463/2/2 2460/2/2 2464/2/2
f 2461/4/2 2462/4/2 2465/4/2
f 2465/4/2 2462/4/2 2466/4/2
f 2467/2/2 2468/2/2 2471/2/2
f 2471/2/2 2468/2/2 2472/2/2
f 2469/4/2 2470/4/2 2473/4/2
f 2473/4/2 2470/4/2 2474/4/2
f 2475/1/2 2476/1/2 2479/1/2
f 2479/1/2 2476/1/2 2480/1/2
f 2477/1/2 2478/1/2 2483/1/2
f 2483/1/2 2478/1/2 2484/1/2
f 2480/1/2 2481/1/2 2485/1/2
f 2485/1/2 2481/1/2 2486/1/2
f 2482/1/2 2483/1/2 2487/1/2
f 2487/1/2 2483/1/2 2488/1/2
f 2489/4/2 2490/4/2 2493/4/2
f 2493/4/2 2490/4/2 2494/4/2
f 2491/1/2 2492/1/2 2495/1/2
f 2495/1/2 2492/1/2 2496/1/2
f 2497/1/2 2498/1/2 2501/1/2
f 2501/1/2 2498/1/2 2502/1/2
f 2499/1/2 2500/1/2 2505/1/2
f 2505/1/2 2500/1/2 2506/1/2
f 2503/4/2 2504/4/2 2507/4/2
f 2507/4/2 2504/4/2 2508/4/2
f 2509/1/2 2510/1/2 2513/1/2
f 2513/1/2 2510/1/2 2514/1/2
f 2511/4/2 2512/4/2 2515/4/2
f 2515/4/2 2512/4/2 2516/4/2
f 2517/1/2 2518/1/2 2521/1/2
f 2521/1/2 2518/1/2 2522/1/2
f 2519/1/2 2520/1/2 2523/1/2
f 2523/1/2 2520/1/2 2524/1/2
f 2525/3/2 2526/3/2 2529/3/2
f 2529/3/2 2526/3/2 2530/3/2
f 2527/4/2 2528/4/2 2531/4/2
f 2531/4/2 2528/4/2 2532/4/2
f 2535/1/2 2536/1/2 2537/1/2
f 2537/1/2 2536/1/2 2538/1/2
f 2538/1/2 2536/1/2 2539/1/2
f 2538/5/2 2539/5/2 2540/5/2
f 2540/5/2 2539/5/2 2541/5/2
f 2540/4/2 2541/4/2 2542/4/2
f 2542/4/2 2541/4/2 2543/4/2
f 2533/2/2 2534/2/2 2544/2/2
f 2544/2/2 2534/2/2 2545/2/2
f 2542/1/2 2543/1/2 2546/1/2
f 2546/1/2 2543/1/2 2547/1/2
f 2548/3/2 2549/3/2 2552/3/2
f 2552/3/2 2549/3/2 2553/3/2
f 2550/4/2 2551/4/2 2554/4/2
f 2554/4/2 2551/4/2 2555/4/2
f 2556/1/2 2557/1/2 2560/1/2
f 2560/1/2 2557/1/2 2561/1/2
f 2558/1/2 2559/1/2 2562/1/2
f 2562/1/2 2559/1/2 2563/1/2
f 2564/1/2 2565/1/2 2568/1/2
f 2568/1/2 2565/1/2 2569/1/2
f 2566/4/2 2567/4/2 2570/4/2
f 2570/4/2 2567/4/2 2571/4/2
f 2572/1/2 2573/1/2 2576/1/2
f 2576/1/2 2573/1/2 2577/1/2
f 2574/4/2 2575/4/2 2583/4/2
f 2583/4/2 2575/4/2 2584/4/2
f 2578/5/2 2579/5/2 2585/5/2
f 2579/1/2 2580/1/2 2586/1/2
f 2585/5/2 2579/5/2 2586/5/2
f 2580/5/2 2581/5/2 2587/5/2
f 2586/1/2 2580/1/2 2587/1/2
f 2581/4/2 2582/4/2 2588/4/2
f 2587/5/2 2581/5/2 2588/5/2
f 2588/4/2 2582/4/2 2589/4/2
f 2590/1/2 2591/1/2 2596/1/2
f 2596/1/2 2591/1/2 2597/1/2
f 2592/1/2 2593/1/2 2598/1/2
f 2598/1/2 2593/1/2 2599/1/2
f 2594/1/2 2595/1/2 2602/1/2
f 2602/1/2 2595/1/2 2603/1/2
f 2600/1/2 2601/1/2 2604/1/2
f 2604/1/2 2601/1/2 2605/1/2
f 2606/1/2 2607/1/2 2610/1/2
f 2610/1/2 2607/1/2 2611/1/2
f 2608/1/2 2609/1/2 2612/1/2
f 2612/1/2 2609/1/2 2613/1/2
f 2614/1/2 2615/1/2 2618/1/2
f 2618/1/2 2615/1/2 2619/1/2
f 2616/4/2 2617/4/2 2620/4/2
f 2620/4/2 2617/4/2 2621/4/2
f 2622/6/2 2623/6/2 2626/6/2
f 2626/6/2 2623/6/2 2627/6/2
f 2624/1/2 2625/1/2 2628/1/2
f 2628/1/2 2625/1/2 2629/1/2
f 2630/3/2 2631/3/2 2634/3/2
f 2634/3/2 2631/3/2 2635/3/2
f 2632/1/2 2633/1/2 2636/1/2
f 2636/1/2 2633/1/2 2637/1/2
f 2638/3/2 2639/3/2 2642/3/2
f 2642/3/2 2639/3/2 2643/3/2
f 2640/4/2 2641/4/2 2644/4/2
f 2644/4/2 2641/4/2 2645/4/2
f 2646/6/2 2647/6/2 2650/6/2
f 2650/6/2 2647/6/2 2651/6/2
f 2648/4/2 2649/4/2 2652/4/2
f 2652/4/2 2649/4/2 2653/4/2
f 2654/1/2 2655/1/2 2658/1/2
f 2658/1/2 2655/1/2 2659/1/2
f 2656/4/2 2657/4/2 2660/4/2
f 2660/4/2 2657/4/2 2661/4/2
f 2662/1/2 2663/1/2 2666/1/2
f 2666/1/2 2663/1/2 2667/1/2
f 2664/1/2 2665/1/2 2668/1/2
f 2668/1/2 2665/1/2 2669/1/2
f 2670/5/2 2671/5/2 2674/5/2
f 2674/5/2 2671/5/2 2675/5/2
f 2672/1/2 2673/1/2 2680/1/2
f 2680/1/2 2673/1/2 2681/1/2
f 2676/5/2 2677/5/2 2682/5/2
f 2682/5/2 2677/5/2 2683/5/2
f 2678/1/2 2679/1/2 2684/1/2
f 2684/1/2 2679/1/2 2685/1/2
f 2686/1/2 2687/1/2 2692/1/2
f 2692/1/2 2687/1/2 2693/1/2
f 2688/1/2 2689/1/2 2694/1/2
f 2694/1/2 2689/1/2 2695/1/2
f 2690/5/2 2691/5/2 2700/5/2
f 2700/5/2 2691/5/2 2701/5/2
f 2696/1/2 2697/1/2 2702/1/2
f 2702/1/2 2697/1/2 2703/1/2
f 2698/1/2 2699/1/2 2706/1/2
f 2706/1/2 2699/1/2 2707/1/2
f 2704/1/2 2705/1/2 2708/1/2
f 2708/1/2 2705/1/2 2709/1/2
f 2710/1/2 2711/1/2 2715/1/2
f 2715/1/2 2711/1/2 2716/1/2
f 2712/5/2 2713/5/2 2717/5/2
f 2717/5/2 2713/5/2 2718/5/2
f 2714/5/2 2715/5/2 2721/5/2
f 2721/5/2 2715/5/2 2722/5/2
f 2718/4/2 2719/4/2 2723/4/2
f 2723/4/2 2719/4/2 2724/4/2
f 2720/4/2 2721/4/2 2726/4/2
f 2726/4/2 2721/4/2 2727/4/2
f 2724/4/2 2725/4/2 2728/4/2
f 2728/4/2 2725/4/2 2729/4/2
f 2730/1/2 2731/1/2 2734/1/2
f 2734/1/2 2731/1/2 2735/1/2
f 2732/1/2 2733/1/2 2736/1/2
f 2736/1/2 2733/1/2 2737/1/2
f 2738/6/2 2739/6/2 2742/6/2
f 2742/6/2 2739/6/2 2743/6/2
f 2740/4/2 2741/4/2 2744/4/2
f 2744/4/2 2741/4/2 2745/4/2
f 2746/3/2 2747/3/2 2750/3/2
f 2750/3/2 2747/3/2 2751/3/2
f 2748/1/2 2749/1/2 2752/1/2
f 2752/1/2 2749/1/2 2753/1/2
f 2754/3/2 2755/3/2 2758/3/2
f 2758/3/2 2755/3/2 2759/3/2
f 2756/4/2 2757/4/2 2760/4/2
f 2760/4/2 2757/4/2 2761/4/2
f 2762/6/2 2763/6/2 2766/6/2
f 2766/6/2 2763/6/2 2767/6/2
f 2764/1/2 2765/1/2 2768/1/2
f 2768/1/2 2765/1/2 2769/1/2
f 2770/1/2 2771/1/2 2774/1/2
f 2774/1/2 2771/1/2 2775/1/2
f 2772/4/2 2773/4/2 2776/4/2
f 2776/4/2 2773/4/2 2777/4/2
f 2778/4/2 2779/4/2 2782/4/2
f 2782/4/2 2779/4/2 2783/4/2
f 2780/4/2 2781/4/2 2786/4/2
f 2786/4/2 2781/4/2 2787/4/2
f 2783/1/2 2784/1/2 2788/1/2
f 2788/1/2 2784/1/2 2789/1/2
f 2785/4/2 2786/4/2 2792/4/2
f 2792/4/2 2786/4/2 2793/4/2
f 2789/1/2 2790/1/2 2794/1/2
f 2794/1/2 2790/1/2 2795/1/2
f 2791/4/2 2792/4/2 2796/4/2
f 2796/4/2 2792/4/2 2797/4/2
f 2798/5/2 2799/5/2 2802/5/2
f 2802/5/2 2799/5/2 2803/5/2
f 2800/1/2 2801/1/2 2808/1/2
f 2808/1/2 2801/1/2 2809/1/2
f 2804/5/2 2805/5/2 2810/5/2
f 2810/5/2 2805/5/2 2811/5/2
f 2806/1/2 2807/1/2 2816/1/2
f 2816/1/2 2807/1/2 2817/1/2
f 2812/1/2 2813/1/2 2818/1/2
f 2818/1/2 2813/1/2 2819/1/2
f 2814/1/2 2815/1/2 2820/1/2
f 2820/1/2 2815/1/2 2821/1/2
f 2822/1/2 2823/1/2 2828/1/2
f 2828/1/2 2823/1/2 2829/1/2
f 2824/1/2 2825/1/2 2830/1/2
f 2830/1/2 2825/1/2 2831/1/2
f 2826/5/2 2827/5/2 2836/5/2
f 2836/5/2 2827/5/2 2837/5/2
f 2832/1/2 2833/1/2 2838/1/2
f 2838/1/2 2833/1/2 2839/1/2
f 2834/1/2 2835/1/2 2844/1/2
f 2844/1/2 2835/1/2 2845/1/2
f 2840/1/2 2841/1/2 2846/1/2
f 2846/1/2 2841/1/2 2847/1/2
f 2842/1/2 2843/1/2 2850/1/2
f 2850/1/2 2843/1/2 2851/1/2
f 2848/1/2 2849/1/2 2852/1/2
f 2852/1/2 2849/1/2 2853/1/2
f 2854/1/2 2855/1/2 2858/1/2
f 2858/1/2 2855/1/2 2859/1/2
f 2856/1/2 2857/1/2 2860/1/2
f 2860/1/2 2857/1/2 2861/1/2
f 2862/1/2 2863/1/2 2866/1/2
f 2866/1/2 2863/1/2 2867/1/2
f 2864/4/2 2865/4/2 2868/4/2
f 2868/4/2 2865/4/2 2869/4/2
f 2870/6/2 2871/6/2 2874/6/2
f 2874/6/2 2871/6/2 2875/6/2
f 2872/1/2 2873/1/2 2876/1/2
f 2876/1/2 2873/1/2 2877/1/2
f 2880/4/2 2881/4/2 2882/4/2
f 2882/4/2 2881/4/2 2883/4/2
f 2878/3/2 2879/3/2 2884/3/2
f 2884/3/2 2879/3/2 2885/3/2
f 2882/1/2 2883/1/2 2886/1/2
f 2886/1/2 2883/1/2 2887/1/2
f 2890/4/2 2891/4/2 2892/4/2
f 2892/4/2 2891/4/2 2893/4/2
f 2893/4/2 2891/4/2 2894/4/2
f 2888/3/2 2889/3/2 2895/3/2
f 2895/3/2 2889/3/2 2896/3/2
f 2893/1/2 2894/1/2 2897/1/2
f 2897/1/2 2894/1/2 2898/1/2
f 2899/6/2 2900/6/2 2903/6/2
f 2903/6/2 2900/6/2 2904/6/2
f 2901/4/2 2902/4/2 2905/4/2
f 2905/4/2 2902/4/2 2906/4/2
f 2907/1/2 2908/1/2 2911/1/2
f 2911/1/2 2908/1/2 2912/1/2
f 2909/1/2 2910/1/2 2913/1/2
f 2913/1/2 2910/1/2 2914/1/2
f 2915/1/2 2916/1/2 2919/1/2
f 2919/1/2 2916/1/2 2920/1/2
f 2917/1/2 2918/1/2 2921/1/2
f 2921/1/2 2918/1/2 2922/1/2
f 2923/1/2 2924/1/2 2927/1/2
f 2927/1/2 2924/1/2 2928/1/2
f 2925/4/2 2926/4/2 2933/4/2
f 2933/4/2 2926/4/2 2934/4/2
f 2929/1/2 2930/1/2 2935/1/2
f 2935/1/2 2930/1/2 2936/1/2
f 2931/1/2 2932/1/2 2941/1/2
f 2941/1/2 2932/1/2 2942/1/2
f 2937/1/2 2938/1/2 2943/1/2
f 2943/1/2 2938/1/2 2944/1/2
f 2939/1/2 2940/1/2 2949/1/2
f 2949/1/2 2940/1/2 2950/1/2
f 2945/1/2 2946/1/2 2951/1/2
f 2951/1/2 2946/1/2 2952/1/2
f 2947/1/2 2948/1/2 2953/1/2
f 2953/1/2 2948/1/2 2954/1/2
f 2955/1/2 2956/1/2 2959/1/2
f 2959/1/2 2956/1/2 2960/1/2
f 2957/1/2 2958/1/2 2965/1/2
f 2965/1/2 2958/1/2 2966/1/2
f 2961/1/2 2962/1/2 2967/1/2
f 2967/1/2 2962/1/2 2968/1/2
f 2963/1/2 2964/1/2 2973/1/2
f 2973/1/2 2964/1/2 2974/1/2
f 2969/1/2 2970/1/2 2975/1/2
f 2975/1/2 2970/1/2 2976/1/2
f 2971/1/2 2972/1/2 2981/1/2
f 2981/1/2 2972/1/2 2982/1/2
f 2977/4/2 2978/4/2 2983/4/2
f 2983/4/2 2978/4/2 2984/4/2
f 2979/4/2 2980/4/2 2988/4/2
f 2988/4/2 2980/4/2 2989/4/2
f 2985/4/2 2986/4/2 2990/4/2
f 2990/4/2 2986/4/2 2991/4/2
f 2987/4/2 2988/4/2 2994/4/2
f 2994/4/2 2988/4/2 2995/4/2
f 2991/1/2 2992/1/2 2996/1/2
f 2996/1/2 2992/1/2 2997/1/2
f 2993/5/2 2994/5/2 3000/5/2
f 3000/5/2 2994/5/2 3001/5/2
f 2997/1/2 2998/1/2 3002/1/2
f 3002/1/2 2998/1/2 3003/1/2
f 2999/1/2 3000/1/2 3005/1/2
f 3005/1/2 3000/1/2 3006/1/2
f 3003/1/2 3004/1/2 3007/1/2
f 3007/1/2 3004/1/2 3008/1/2
f 3009/1/2 3010/1/2 3013/1/2
f 3013/1/2 3010/1/2 3014/1/2
f 3011/1/2 3012/1/2 3015/1/2
f 3015/1/2 3012/1/2 3016/1/2
f 3017/1/2 3018/1/2 3021/1/2
f 3021/1/2 3018/1/2 3022/1/2
f 3019/1/2 3020/1/2 3023/1/2
f 3023/1/2 3020/1/2 3024/1/2
f 3025/6/2 3026/6/2 3029/6/2
f 3029/6/2 3026/6/2 3030/6/2
f 3027/1/2 3028/1/2 3031/1/2
f 3031/1/2 3028/1/2 3032/1/2
f 3033/3/2 3034/3/2 3037/3/2
f 3037/3/2 3034/3/2 3038/3/2
f 3035/1/2 3036/1/2 3039/1/2
f 3039/1/2 3036/1/2 3040/1/2
f 3041/6/2 3042/6/2 3045/6/2
f 3045/6/2 3042/6/2 3046/6/2
f 3043/4/2 3044/4/2 3047/4/2
f 3047/4/2 3044/4/2 3048/4/2
f 3049/1/2 3050/1/2 3053/1/2
f 3053/1/2 3050/1/2 3054/1/2
f 3051/4/2 3052/4/2 3055/4/2
f 3055/4/2 3052/4/2 3056/4/2
f 3057/1/2 3058/1/2 3061/1/2
f 3061/1/2 3058/1/2 3062/1/2
f 3059/1/2 3060/1/2 3063/1/2
f 3063/1/2 3060/1/2 3064/1/2
f 3065/1/2 3066/1/2 3069/1/2
f 3069/1/2 3066/1/2 3070/1/2
f 3067/1/2 3068/1/2 3073/1/2
f 3073/1/2 3068/1/2 3074/1/2
f 3070/1/2 3071/1/2 3075/1/2
f 3075/1/2 3071/1/2 3076/1/2
f 3072/1/2 3073/1/2 3079/1/2
f 3079/1/2 3073/1/2 3080/1/2
f 3076/4/2 3077/4/2 3081/4/2
f 3081/4/2 3077/4/2 3082/4/2
f 3078/1/2 3079/1/2 3085/1/2
f 3085/1/2 3079/1/2 3086/1/2
f 3082/4/2 3083/4/2 3087/4/2
f 3087/4/2 3083/4/2 3088/4/2
f 3084/1/2 3085/1/2 3093/1/2
f 3093/1/2 3085/1/2 3094/1/2
f 3089/1/2 3090/1/2 3095/1/2
f 3095/1/2 3090/1/2 3096/1/2
f 3091/1/2 3092/1/2 3101/1/2
f 3101/1/2 3092/1/2 3102/1/2
f 3097/1/2 3098/1/2 3103/1/2
f 3103/1/2 3098/1/2 3104/1/2
f 3099/4/2 3100/4/2 3109/4/2
f 3109/4/2 3100/4/2 3110/4/2
f 3105/1/2 3106/1/2 3111/1/2
f 3111/1/2 3106/1/2 3112/1/2
f 3107/1/2 3108/1/2 3115/1/2
f 3115/1/2 3108/1/2 3116/1/2
f 3113/1/2 3114/1/2 3117/1/2
f 3117/1/2 3114/1/2 3118/1/2
f 3119/1/2 3120/1/2 3125/1/2
f 3125/1/2 3120/1/2 3126/1/2
f 3121/1/2 3122/1/2 3127/1/2
f 3127/1/2 3122/1/2 3128/1/2
f 3128/1/2 3122/1/2 3129/1/2
f 3123/1/2 3124/1/2 3134/1/2
f 3134/1/2 3124/1/2 3135/1/2
f 3130/1/2 3131/1/2 3136/1/2
f 3136/1/2 3131/1/2 3137/1/2
f 3132/4/2 3133/4/2 3142/4/2
f 3142/4/2 3133/4/2 3143/4/2
f 3138/4/2 3139/4/2 3144/4/2
f 3144/4/2 3139/4/2 3145/4/2
f 3140/4/2 3141/4/2 3149/4/2
f 3149/4/2 3141/4/2 3150/4/2
f 3146/1/2 3147/1/2 3151/1/2
f 3151/1/2 3147/1/2 3152/1/2
f 3148/1/2 3149/1/2 3155/1/2
f 3155/1/2 3149/1/2 3156/1/2
f 3152/1/2 3153/1/2 3157/1/2
f 3157/1/2 3153/1/2 3158/1/2
f 3154/5/2 3155/5/2 3161/5/2
f 3161/5/2 3155/5/2 3162/5/2
f 3158/1/2 3159/1/2 3163/1/2
f 3163/1/2 3159/1/2 3164/1/2
f 3160/1/2 3161/1/2 3167/1/2
f 3167/1/2 3161/1/2 3168/1/2
f 3164/1/2 3165/1/2 3169/1/2
f 3169/1/2 3165/1/2 3170/1/2
f 3166/1/2 3167/1/2 3172/1/2
f 3172/1/2 3167/1/2 3173/1/2
f 3170/1/2 3171/1/2 3174/1/2
f 3174/1/2 3171/1/2 3175/1/2
f 3176/1/2 3177/1/2 3180/1/2
f 3180/1/2 3177/1/2 3181/1/2
f 3178/4/2 3179/4/2 3182/4/2
f 3182/4/2 3179/4/2 3183/4/2
f 3184/1/2 3185/1/2 3188/1/2
f 3188/1/2 3185/1/2 3189/1/2
f 3186/1/2 3187/1/2 3190/1/2
f 3190/1/2 3187/1/2 3191/1/2
f 3194/1/2 3195/1/2 3196/1/2
f 3196/1/2 3195/1/2 3197/1/2
f 3196/4/2 3197/4/2 3198/4/2
f 3198/4/2 3197/4/2 3199/4/2
f 3192/6/2 3193/6/2 3200/6/2
f 3200/6/2 3193/6/2 3201/6/2
f 3198/1/2 3199/1/2 3202/1/2
f 3202/1/2 3199/1/2 3203/1/2
f 3206/4/2 3207/4/2 3208/4/2
f 3208/4/2 3207/4/2 3209/4/2
f 3204/6/2 3205/6/2 3210/6/2
f 3210/6/2 3205/6/2 3211/6/2
f 3208/1/2 3209/1/2 3212/1/2
f 3212/1/2 3209/1/2 3213/1/2
f 3214/1/2 3215/1/2 3218/1/2
f 3218/1/2 3215/1/2 3219/1/2
f 3216/4/2 3217/4/2 3220/4/2
f 3220/4/2 3217/4/2 3221/4/2
f 3222/1/2 3223/1/2 3226/1/2
f 3226/1/2 3223/1/2 3227/1/2
f 3224/4/2 3225/4/2 3228/4/2
f 3228/4/2 3225/4/2 3229/4/2
f 3230/1/2 3231/1/2 3234/1/2
f 3234/1/2 3231/1/2 3235/1/2
f 3232/1/2 3233/1/2 3238/1/2
f 3238/1/2 3233/1/2 3239/1/2
f 3235/1/2 3236/1/2 3240/1/2
f 3240/1/2 3236/1/2 3241/1/2
f 3237/1/2 3238/1/2 3244/1/2
f 3244/1/2 3238/1/2 3245/1/2
f 3241/1/2 3242/1/2 3246/1/2
f 3246/1/2 3242/1/2 3247/1/2
f 3243/1/2 3244/1/2 3250/1/2
f 3250/1/2 3244/1/2 3251/1/2
f 3247/1/2 3248/1/2 3252/1/2
f 3252/1/2 3248/1/2 3253/1/2
f 3249/1/2 3250/1/2 3256/1/2
f 3256/1/2 3250/1/2 3257/1/2
f 3253/4/2 3254/4/2 3258/4/2
f 3258/4/2 3254/4/2 3259/4/2
f 3255/1/2 3256/1/2 3264/1/2
f 3264/1/2 3256/1/2 3265/1/2
f 3260/4/2 3261/4/2 3266/4/2
f 3266/4/2 3261/4/2 3267/4/2
f 3262/1/2 3263/1/2 3272/1/2
f 3272/1/2 3263/1/2 3273/1/2
f 3268/5/2 3269/5/2 3274/5/2
f 3274/5/2 3269/5/2 3275/5/2
f 3270/4/2 3271/4/2 3282/4/2
f 3282/4/2 3271/4/2 3283/4/2
f 3276/5/2 3277/5/2 3284/5/2
f 3277/5/2 3278/5/2 3284/5/2
f 3284/5/2 3278/5/2 3285/5/2
f 3279/5/2 3280/5/2 3286/5/2
f 3280/4/2 3281/4/2 3287/4/2
f 3286/5/2 3280/5/2 3287/5/2
f 3287/4/2 3281/4/2 3288/4/2
f 3289/1/2 3290/1/2 3294/1/2
f 3294/1/2 3290/1/2 3295/1/2
f 3291/4/2 3292/4/2 3300/4/2
f 3292/1/2 3293/1/2 3301/1/2
f 3300/4/2 3292/4/2 3301/4/2
f 3301/1/2 3293/1/2 3302/1/2
f 3296/4/2 3297/4/2 3303/4/2
f 3303/4/2 3297/4/2 3304/4/2
f 3298/4/2 3299/4/2 3309/4/2
f 3309/4/2 3299/4/2 3310/4/2
f 3305/1/2 3306/1/2 3311/1/2
f 3311/1/2 3306/1/2 3312/1/2
f 3307/1/2 3308/1/2 3316/1/2
f 3316/1/2 3308/1/2 3317/1/2
f 3313/1/2 3314/1/2 3318/1/2
f 3318/1/2 3314/1/2 3319/1/2
f 3315/1/2 3316/1/2 3321/1/2
f 3321/1/2 3316/1/2 3322/1/2
f 3319/1/2 3320/1/2 3323/1/2
f 3323/1/2 3320/1/2 3324/1/2
f 3325/1/2 3326/1/2 3330/1/2
f 3330/1/2 3326/1/2 3331/1/2
f 3327/1/2 3328/1/2 3332/1/2
f 3332/1/2 3328/1/2 3333/1/2
f 3329/4/2 3330/4/2 3335/4/2
f 3335/4/2 3330/4/2 3336/4/2
f 3333/1/2 3334/1/2 3337/1/2
f 3337/1/2 3334/1/2 3338/1/2
f 3339/1/2 3340/1/2 3343/1/2
f 3343/1/2 3340/1/2 3344/1/2
f 3341/1/2 3342/1/2 3345/1/2
f 3345/1/2 3342/1/2 3346/1/2
f 3347/1/2 3348/1/2 3351/1/2
f 3351/1/2 3348/1/2 3352/1/2
f 3349/1/2 3350/1/2 3353/1/2
f 3353/1/2 3350/1/2 3354/1/2
f 3357/1/2 3358/1/2 3359/1/2
f 3359/1/2 3358/1/2 3360/1/2
f 3355/6/2 3356/6/2 3361/6/2
f 3361/6/2 3356/6/2 3362/6/2
f 3359/4/2 3360/4/2 3363/4/2
f 3363/4/2 3360/4/2 3364/4/2
f 3367/1/2 3368/1/2 3369/1/2
f 3365/1/2 3366/1/2 3370/1/2
f 3370/1/2 3366/1/2 3371/1/2
f 3369/1/2 3368/1/2 3372/1/2
f 3372/1/2 3368/1/2 3373/1/2
f 3374/1/2 3375/1/2 3378/1/2
f 3378/1/2 3375/1/2 3379/1/2
f 3376/4/2 3377/4/2 3380/4/2
f 3380/4/2 3377/4/2 3381/4/2
f 3382/1/2 3383/1/2 3386/1/2
f 3386/1/2 3383/1/2 3387/1/2
f 3384/4/2 3385/4/2 3390/4/2
f 3390/4/2 3385/4/2 3391/4/2
f 3387/1/2 3388/1/2 3392/1/2
f 3392/1/2 3388/1/2 3393/1/2
f 3389/1/2 3390/1/2 3394/1/2
f 3394/1/2 3390/1/2 3395/1/2
f 3396/5/2 3397/5/2 3400/5/2
f 3400/5/2 3397/5/2 3401/5/2
f 3398/1/2 3399/1/2 3404/1/2
f 3404/1/2 3399/1/2 3405/1/2
f 3401/4/2 3402/4/2 3406/4/2
f 3406/4/2 3402/4/2 3407/4/2
f 3403/1/2 3404/1/2 3412/1/2
f 3412/1/2 3404/1/2 3413/1/2
f 3408/4/2 3409/4/2 3414/4/2
f 3414/4/2 3409/4/2 3415/4/2
f 3410/1/2 3411/1/2 3420/1/2
f 3420/1/2 3411/1/2 3421/1/2
f 3416/4/2 3417/4/2 3422/4/2
f 3422/4/2 3417/4/2 3423/4/2
f 3418/1/2 3419/1/2 3428/1/2
f 3428/1/2 3419/1/2 3429/1/2
f 3424/1/2 3425/1/2 3430/1/2
f 3426/4/2 3427/4/2 3431/4/2
f 3430/1/2 3425/1/2 3431/1/2
f 3425/4/2 3426/4/2 3431/4/2
f 3431/4/2 3427/4/2 3432/4/2
f 3433/4/2 3434/4/2 3437/4/2
f 3437/4/2 3434/4/2 3438/4/2
f 3435/1/2 3436/1/2 3443/1/2
f 3443/1/2 3436/1/2 3444/1/2
f 3439/1/2 3440/1/2 3445/1/2
f 3445/1/2 3440/1/2 3446/1/2
f 3441/1/2 3442/1/2 3450/1/2
f 3450/1/2 3442/1/2 3451/1/2
f 3447/1/2 3448/1/2 3452/1/2
f 3452/1/2 3448/1/2 3453/1/2
f 3449/1/2 3450/1/2 3457/1/2
f 3457/1/2 3450/1/2 3458/1/2
f 3453/1/2 3454/1/2 3459/1/2
f 3459/1/2 3454/1/2 3460/1/2
f 3455/5/2 3456/5/2 3464/5/2
f 3464/5/2 3456/5/2 3465/5/2
f 3461/1/2 3462/1/2 3466/1/2
f 3466/1/2 3462/1/2 3467/1/2
f 3463/1/2 3464/1/2 3469/1/2
f 3469/1/2 3464/1/2 3470/1/2
f 3467/1/2 3468/1/2 3471/1/2
f 3471/1/2 3468/1/2 3472/1/2
f 3473/4/2 3474/4/2 3478/4/2
f 3478/4/2 3474/4/2 3479/4/2
f 3475/4/2 3476/4/2 3480/4/2
f 3480/4/2 3476/4/2 3481/4/2
f 3477/1/2 3478/1/2 3483/1/2
f 3483/1/2 3478/1/2 3484/1/2
f 3481/4/2 3482/4/2 3485/4/2
f 3485/4/2 3482/4/2 3486/4/2
f 3487/1/2 3488/1/2 3491/1/2
f 3491/1/2 3488/1/2 3492/1/2
f 3489/1/2 3490/1/2 3493/1/2
f 3493/1/2 3490/1/2 3494/1/2
f 3497/4/2 3498/4/2 3499/4/2
f 3499/4/2 3498/4/2 3500/4/2
f 3495/1/2 3496/1/2 3501/1/2
f 3495/1/2 3501/1/2 3502/1/2
f 3499/1/2 3500/1/2 3503/1/2
f 3503/1/2 3500/1/2 3504/1/2
f 3495/1/2 3502/1/2 3505/1/2
f 3505/1/2 3502/1/2 3506/1/2
f 3503/4/2 3504/4/2 3507/4/2
f 3507/4/2 3504/4/2 3508/4/2
f 3511/5/2 3512/5/2 3513/5/2
f 3513/5/2 3512/5/2 3514/5/2
f 3509/1/2 3510/1/2 3515/1/2
f 3515/1/2 3510/1/2 3516/1/2
f 3513/1/2 3514/1/2 3517/1/2
f 3517/1/2 3514/1/2 3518/1/2
f 3519/4/2 3520/4/2 3523/4/2
f 3523/4/2 3520/4/2 3524/4/2
f 3521/4/2 3522/4/2 3527/4/2
f 3527/4/2 3522/4/2 3528/4/2
f 3524/4/2 3525/4/2 3529/4/2
f 3529/4/2 3525/4/2 3530/4/2
f 3526/4/2 3527/4/2 3531/4/2
f 3531/4/2 3527/4/2 3532/4/2
f 3533/1/2 3534/1/2 3537/1/2
f 3537/1/2 3534/1/2 3538/1/2
f 3535/1/2 3536/1/2 3541/1/2
f 3541/1/2 3536/1/2 3542/1/2
f 3538/1/2 3539/1/2 3543/1/2
f 3543/1/2 3539/1/2 3544/1/2
f 3540/1/2 3541/1/2 3549/1/2
f 3549/1/2 3541/1/2 3550/1/2
f 3545/1/2 3546/1/2 3551/1/2
f 3551/1/2 3546/1/2 3552/1/2
f 3547/1/2 3548/1/2 3555/1/2
f 3555/1/2 3548/1/2 3556/1/2
f 3552/1/2 3553/1/2 3557/1/2
f 3557/1/2 3553/1/2 3558/1/2
f 3554/1/2 3555/1/2 3563/1/2
f 3563/1/2 3555/1/2 3564/1/2
f 3559/1/2 3560/1/2 3565/1/2
f 3565/1/2 3560/1/2 3566/1/2
f 3561/1/2 3562/1/2 3570/1/2
f 3570/1/2 3562/1/2 3571/1/2
f 3567/4/2 3568/4/2 3572/4/2
f 3568/1/2 3569/1/2 3573/1/2
f 3572/4/2 3568/4/2 3573/4/2
f 3573/1/2 3569/1/2 3574/1/2
f 3575/1/2 3576/1/2 3581/1/2
f 3581/1/2 3576/1/2 3582/1/2
f 3577/1/2 3578/1/2 3583/1/2
f 3583/1/2 3578/1/2 3584/1/2
f 3579/1/2 3580/1/2 3588/1/2
f 3588/1/2 3580/1/2 3589/1/2
f 3585/1/2 3586/1/2 3590/1/2
f 3590/1/2 3586/1/2 3591/1/2
f 3587/1/2 3588/1/2 3594/1/2
f 3594/1/2 3588/1/2 3595/1/2
f 3591/1/2 3592/1/2 3596/1/2
f 3596/1/2 3592/1/2 3597/1/2
f 3593/1/2 3594/1/2 3600/1/2
f 3600/1/2 3594/1/2 3601/1/2
f 3601/1/2 3594/1/2 3602/1/2
f 3597/1/2 3598/1/2 3603/1/2
f 3603/1/2 3598/1/2 3604/1/2
f 3599/1/2 3600/1/2 3607/1/2
f 3607/1/2 3600/1/2 3608/1/2
f 3604/1/2 3605/1/2 3609/1/2
f 3609/1/2 3605/1/2 3610/1/2
f 3606/4/2 3607/4/2 3612/4/2
f 3612/4/2 3607/4/2 3613/4/2
f 3610/1/2 3611/1/2 3614/1/2
f 3614/1/2 3611/1/2 3615/1/2
f 3612/1/2 3613/1/2 3617/1/2
f 3617/1/2 3613/1/2 3618/1/2
f 3614/4/2 3615/4/2 3619/4/2
f 3619/4/2 3615/4/2 3620/4/2
f 3616/1/2 3617/1/2 3623/1/2
f 3623/1/2 3617/1/2 3624/1/2
f 3620/1/2 3621/1/2 3625/1/2
f 3625/1/2 3621/1/2 3626/1/2
f 3622/1/2 3623/1/2 3628/1/2
f 3628/1/2 3623/1/2 3629/1/2
f 3626/1/2 3627/1/2 3630/1/2
f 3630/1/2 3627/1/2 3631/1/2
f 3632/4/2 3633/4/2 3636/4/2
f 3636/4/2 3633/4/2 3637/4/2
f 3634/1/2 3635/1/2 3638/1/2
f 3638/1/2 3635/1/2 3639/1/2
f 3638/4/2 3639/4/2 3640/4/2
f 3640/4/2 3639/4/2 3641/4/2
f 3636/1/2 3637/1/2 3642/1/2
f 3642/1/2 3637/1/2 3643/1/2
f 3640/1/2 3641/1/2 3644/1/2
f 3644/1/2 3641/1/2 3645/1/2
f 3646/1/2 3647/1/2 3650/1/2
f 3650/1/2 3647/1/2 3651/1/2
f 3648/4/2 3649/4/2 3652/4/2
f 3652/4/2 3649/4/2 3653/4/2
f 3650/4/2 3651/4/2 3654/4/2
f 3654/4/2 3651/4/2 3655/4/2
f 3652/1/2 3653/1/2 3656/1/2
f 3656/1/2 3653/1/2 3657/1/2
f 3658/1/2 3659/1/2 3662/1/2
f 3662/1/2 3659/1/2 3663/1/2
f 3660/5/2 3661/5/2 3666/5/2
f 3666/5/2 3661/5/2 3667/5/2
f 3663/1/2 3664/1/2 3668/1/2
f 3668/1/2 3664/1/2 3669/1/2
f 3665/5/2 3666/5/2 3672/5/2
f 3672/5/2 3666/5/2 3673/5/2
f 3669/4/2 3670/4/2 3674/4/2
f 3671/4/2 3672/4/2 3675/4/2
f 3669/4/2 3674/4/2 3676/4/2
f 3676/4/2 3674/4/2 3677/4/2
f 3675/4/2 3672/4/2 3680/4/2
f 3680/4/2 3672/4/2 3681/4/2
f 3677/1/2 3678/1/2 3682/1/2
f 3682/1/2 3678/1/2 3683/1/2
f 3679/1/2 3680/1/2 3687/1/2
f 3687/1/2 3680/1/2 3688/1/2
f 3683/1/2 3684/1/2 3689/1/2
f 3689/1/2 3684/1/2 3690/1/2
f 3685/1/2 3686/1/2 3693/1/2
f 3686/1/2 3687/1/2 3693/1/2
f 3693/1/2 3687/1/2 3694/1/2
f 3690/1/2 3691/1/2 3695/1/2
f 3695/1/2 3691/1/2 3696/1/2
f 3692/1/2 3693/1/2 3699/1/2
f 3699/1/2 3693/1/2 3700/1/2
f 3696/1/2 3697/1/2 3701/1/2
f 3701/1/2 3697/1/2 3702/1/2
f 3698/1/2 3699/1/2 3707/1/2
f 3707/1/2 3699/1/2 3708/1/2
f 3703/1/2 3704/1/2 3709/1/2
f 3709/1/2 3704/1/2 3710/1/2
f 3705/1/2 3706/1/2 3711/1/2
f 3711/1/2 3706/1/2 3712/1/2
f 3713/1/2 3714/1/2 3717/1/2
f 3717/1/2 3714/1/2 3718/1/2
f 3715/1/2 3716/1/2 3722/1/2
f 3722/1/2 3716/1/2 3723/1/2
f 3719/1/2 3720/1/2 3724/1/2
f 3724/1/2 3720/1/2 3725/1/2
f 3721/1/2 3722/1/2 3728/1/2
f 3728/1/2 3722/1/2 3729/1/2
f 3725/1/2 3726/1/2 3730/1/2
f 3730/1/2 3726/1/2 3731/1/2
f 3727/1/2 3728/1/2 3735/1/2
f 3735/1/2 3728/1/2 3736/1/2
f 3731/1/2 3732/1/2 3737/1/2
f 3737/1/2 3732/1/2 3738/1/2
f 3733/4/2 3734/4/2 3741/4/2
f 3734/1/2 3735/1/2 3742/1/2
f 3741/4/2 3734/4/2 3742/4/2
f 3742/1/2 3735/1/2 3743/1/2
f 3738/1/2 3739/1/2 3744/1/2
f 3744/1/2 3739/1/2 3745/1/2
f 3745/1/2 3739/1/2 3746/1/2
f 3740/4/2 3741/4/2 3748/4/2
f 3741/1/2 3742/1/2 3749/1/2
f 3748/4/2 3741/4/2 3749/4/2
f 3749/1/2 3742/1/2 3750/1/2
f 3746/1/2 3747/1/2 3751/1/2
f 3745/1/2 3746/1/2 3751/1/2
f 3751/1/2 3747/1/2 3752/1/2
f 3752/1/2 3747/1/2 3753/1/2
f 3748/1/2 3749/1/2 3755/1/2
f 3755/1/2 3749/1/2 3756/1/2
f 3752/4/2 3753/4/2 3757/4/2
f 3757/4/2 3753/4/2 3758/4/2
f 3754/1/2 3755/1/2 3761/1/2
f 3761/1/2 3755/1/2 3762/1/2
f 3758/1/2 3759/1/2 3763/1/2
f 3763/1/2 3759/1/2 3764/1/2
f 3760/1/2 3761/1/2 3767/1/2
f 3767/1/2 3761/1/2 3768/1/2
f 3764/1/2 3765/1/2 3769/1/2
f 3769/1/2 3765/1/2 3770/1/2
f 3766/1/2 3767/1/2 3772/1/2
f 3772/1/2 3767/1/2 3773/1/2
f 3772/4/2 3773/4/2 3774/4/2
f 3774/4/2 3773/4/2 3775/4/2
f 3770/1/2 3771/1/2 3776/1/2
f 3776/1/2 3771/1/2 3777/1/2
f 3774/1/2 3775/1/2 3778/1/2
f 3778/1/2 3775/1/2 3779/1/2
f 3776/4/2 3777/4/2 3780/4/2
f 3780/4/2 3777/4/2 3781/4/2
f 3782/1/2 3783/1/2 3786/1/2
f 3786/1/2 3783/1/2 3787/1/2
f 3786/4/2 3787/4/2 3788/4/2
f 3788/4/2 3787/4/2 3789/4/2
f 3788/1/2 3789/1/2 3790/1/2
f 3790/1/2 3789/1/2 3791/1/2
f 3784/1/2 3785/1/2 3792/1/2
f 3792/1/2 3785/1/2 3793/1/2
f 3794/1/2 3795/1/2 3798/1/2
f 3798/1/2 3795/1/2 3799/1/2
f 3796/4/2 3797/4/2 3800/4/2
f 3800/4/2 3797/4/2 3801/4/2
f 3798/4/2 3799/4/2 3802/4/2
f 3800/1/2 3801/1/2 3803/1/2
f 3798/4/2 3802/4/2 3804/4/2
f 3804/4/2 3802/4/2 3805/4/2
f 3803/1/2 3801/1/2 3808/1/2
f 3808/1/2 3801/1/2 3809/1/2
f 3805/1/2 3806/1/2 3810/1/2
f 3805/1/2 3810/1/2 3811/1/2
f 3811/1/2 3810/1/2 3812/1/2
f 3807/1/2 3808/1/2 3815/1/2
f 3815/1/2 3808/1/2 3816/1/2
f 3812/1/2 3813/1/2 3817/1/2
f 3817/1/2 3813/1/2 3818/1/2
f 3814/5/2 3815/5/2 3821/5/2
f 3821/5/2 3815/5/2 3822/5/2
f 3818/1/2 3819/1/2 3823/1/2
f 3823/1/2 3819/1/2 3824/1/2
f 3820/5/2 3821/5/2 3827/5/2
f 3827/5/2 3821/5/2 3828/5/2
f 3824/4/2 3825/4/2 3829/4/2
f 3823/4/2 3824/4/2 3829/4/2
f 3829/4/2 3825/4/2 3830/4/2
f 3830/4/2 3825/4/2 3831/4/2
f 3826/1/2 3827/1/2 3834/1/2
f 3827/4/2 3828/4/2 3835/4/2
f 3834/1/2 3827/1/2 3835/1/2
f 3835/4/2 3828/4/2 3836/4/2
f 3831/1/2 3832/1/2 3837/1/2
f 3830/1/2 3831/1/2 3837/1/2
f 3837/1/2 3832/1/2 3838/1/2
f 3833/5/2 3834/5/2 3841/5/2
f 3834/4/2 3835/4/2 3842/4/2
f 3841/5/2 3834/5/2 3842/5/2
f 3842/4/2 3835/4/2 3843/4/2
f 3838/1/2 3839/1/2 3844/1/2
f 3844/1/2 3839/1/2 3845/1/2
f 3840/1/2 3841/1/2 3848/1/2
f 3848/1/2 3841/1/2 3849/1/2
f 3845/1/2 3846/1/2 3850/1/2
f 3850/1/2 3846/1/2 3851/1/2
f 3847/1/2 3848/1/2 3855/1/2
f 3855/1/2 3848/1/2 3856/1/2
f 3851/1/2 3852/1/2 3857/1/2
f 3857/1/2 3852/1/2 3858/1/2
f 3853/1/2 3854/1/2 3861/1/2
f 3854/1/2 3855/1/2 3861/1/2
f 3861/1/2 3855/1/2 3862/1/2
f 3859/1/2 3860/1/2 3863/1/2
f 3863/1/2 3860/1/2 3864/1/2
f 3865/1/2 3866/1/2 3868/1/2
f 3868/1/2 3866/1/2 3869/1/2
f 3867/1/2 3868/1/2 3872/1/2
f 3872/1/2 3868/1/2 3873/1/2
f 3873/1/2 3868/1/2 3874/1/2
f 3869/1/2 3870/1/2 3875/1/2
f 3875/1/2 3870/1/2 3876/1/2
f 3871/1/2 3872/1/2 3879/1/2
f 3879/1/2 3872/1/2 3880/1/2
f 3876/1/2 3877/1/2 3881/1/2
f 3881/1/2 3877/1/2 3882/1/2
f 3878/4/2 3879/4/2 3885/4/2
f 3885/4/2 3879/4/2 3886/4/2
f 3882/1/2 3883/1/2 3887/1/2
f 3887/1/2 3883/1/2 3888/1/2
f 3884/1/2 3885/1/2 3891/1/2
f 3891/1/2 3885/1/2 3892/1/2
f 3888/1/2 3889/1/2 3893/1/2
f 3893/1/2 3889/1/2 3894/1/2
f 3890/1/2 3891/1/2 3897/1/2
f 3897/1/2 3891/1/2 3898/1/2
f 3894/4/2 3895/4/2 3899/4/2
f 3899/4/2 3895/4/2 3900/4/2
f 3896/1/2 3897/1/2 3903/1/2
f 3903/1/2 3897/1/2 3904/1/2
f 3900/1/2 3901/1/2 3905/1/2
f 3905/1/2 3901/1/2 3906/1/2
f 3902/1/2 3903/1/2 3909/1/2
f 3909/1/2 3903/1/2 3910/1/2
f 3906/1/2 3907/1/2 3911/1/2
f 3911/1/2 3907/1/2 3912/1/2
f 3908/1/2 3909/1/2 3914/1/2
f 3914/1/2 3909/1/2 3915/1/2
f 3914/4/2 3915/4/2 3916/4/2
f 3916/4/2 3915/4/2 3917/4/2
f 3912/1/2 3913/1/2 3918/1/2
f 3918/1/2 3913/1/2 3919/1/2
f 3916/1/2 3917/1/2 3921/1/2
f 3921/1/2 3917/1/2 3922/1/2
f 3918/4/2 3919/4/2 3923/4/2
f 3923/4/2 3919/4/2 3924/4/2
f 3920/1/2 3921/1/2 3926/1/2
f 3926/1/2 3921/1/2 3927/1/2
f 3926/4/2 3927/4/2 3928/4/2
f 3928/4/2 3927/4/2 3929/4/2
f 3924/1/2 3925/1/2 3930/1/2
f 3930/1/2 3925/1/2 3931/1/2
f 3928/1/2 3929/1/2 3932/1/2
f 3932/1/2 3929/1/2 3933/1/2
f 3930/4/2 3931/4/2 3936/4/2
f 3936/4/2 3931/4/2 3937/4/2
f 3933/1/2 3934/1/2 3938/1/2
f 3938/1/2 3934/1/2 3939/1/2
f 3935/4/2 3936/4/2 3940/4/2
f 3940/4/2 3936/4/2 3941/4/2
f 3938/4/2 3939/4/2 3942/4/2
f 3942/4/2 3939/4/2 3943/4/2
f 3940/1/2 3941/1/2 3946/1/2
f 3946/1/2 3941/1/2 3947/1/2
f 3943/4/2 3944/4/2 3948/4/2
f 3948/4/2 3944/4/2 3949/4/2
f 3948/1/2 3949/1/2 3950/1/2
f 3950/1/2 3949/1/2 3951/1/2
f 3945/1/2 3946/1/2 3954/1/2
f 3954/1/2 3946/1/2 3955/1/2
f 3951/1/2 3952/1/2 3956/1/2
f 3956/1/2 3952/1/2 3957/1/2
f 3953/1/2 3954/1/2 3960/1/2
f 3960/1/2 3954/1/2 3961/1/2
f 3957/1/2 3958/1/2 3962/1/2
f 3962/1/2 3958/1/2 3963/1/2
f 3959/1/2 3960/1/2 3966/1/2
f 3966/1/2 3960/1/2 3967/1/2
f 3963/4/2 3964/4/2 3968/4/2
f 3968/4/2 3964/4/2 3969/4/2
f 3965/1/2 3966/1/2 3972/1/2
f 3972/1/2 3966/1/2 3973/1/2
f 3969/4/2 3970/4/2 3974/4/2
f 3974/4/2 3970/4/2 3975/4/2
f 3971/4/2 3972/4/2 3979/4/2
f 3979/4/2 3972/4/2 3980/4/2
f 3975/1/2 3976/1/2 3981/1/2
f 3981/1/2 3976/1/2 3982/1/2
f 3977/4/2 3978/4/2 3986/4/2
f 3978/4/2 3979/4/2 3986/4/2
f 3986/4/2 3979/4/2 3987/4/2
f 3982/1/2 3983/1/2 3988/1/2
f 3988/1/2 3983/1/2 3989/1/2
f 3984/1/2 3985/1/2 3990/1/2
f 3985/4/2 3986/4/2 3991/4/2
f 3990/1/2 3985/1/2 3991/1/2
f 3991/4/2 3986/4/2 3992/4/2
f 3989/1/2 3990/1/2 3993/1/2
f 3993/1/2 3990/1/2 3994/1/2
f 3995/1/2 3996/1/2 3999/1/2
f 3999/1/2 3996/1/2 4000/1/2
f 4000/1/2 3996/1/2 4001/1/2
f 4001/1/2 3996/1/2 4002/1/2
f 3997/4/2 3998/4/2 4005/4/2
f 3998/1/2 3999/1/2 4006/1/2
f 3999/1/2 4000/1/2 4006/1/2
f 4005/4/2 3998/4/2 4006/4/2
f 4006/1/2 4000/1/2 4007/1/2
f 4001/1/2 4002/1/2 4008/1/2
f 4002/1/2 4003/1/2 4008/1/2
f 4008/1/2 4003/1/2 4009/1/2
f 4009/1/2 4003/1/2 4010/1/2
f 4004/4/2 4005/4/2 4013/4/2
f 4013/4/2 4005/4/2 4014/4/2
f 4005/1/2 4006/1/2 4015/1/2
f 4014/4/2 4005/4/2 4015/4/2
f 4015/1/2 4006/1/2 4016/1/2
f 4010/1/2 4011/1/2 4017/1/2
f 4009/1/2 4010/1/2 4017/1/2
f 4017/1/2 4011/1/2 4018/1/2
f 4018/1/2 4011/1/2 4019/1/2
f 4019/1/2 4011/1/2 4020/1/2
f 4013/1/2 4014/1/2 4023/1/2
f 4012/1/2 4013/1/2 4023/1/2
f 4023/1/2 4014/1/2 4024/1/2
f 4024/1/2 4014/1/2 4025/1/2
f 4020/1/2 4021/1/2 4026/1/2
f 4019/1/2 4020/1/2 4026/1/2
f 4026/1/2 4021/1/2 4027/1/2
f 4027/1/2 4021/1/2 4028/1/2
f 4023/1/2 4024/1/2 4031/1/2
f 4022/1/2 4023/1/2 4031/1/2
f 4031/1/2 4024/1/2 4032/1/2
f 4032/1/2 4024/1/2 4033/1/2
f 4027/1/2 4028/1/2 4034/1/2
f 4028/4/2 4029/4/2 4035/4/2
f 4034/1/2 4028/1/2 4035/1/2
f 4035/4/2 4029/4/2 4036/4/2
f 4030/1/2 4031/1/2 4039/1/2
f 4031/1/2 4032/1/2 4039/1/2
f 4039/1/2 4032/1/2 4040/1/2
f 4040/1/2 4032/1/2 4041/1/2
f 4036/1/2 4037/1/2 4042/1/2
f 4035/1/2 4036/1/2 4042/1/2
f 4042/1/2 4037/1/2 4043/1/2
f 4043/1/2 4037/1/2 4044/1/2
f 4039/1/2 4040/1/2 4046/1/2
f 4038/1/2 4039/1/2 4046/1/2
f 4046/1/2 4040/1/2 4047/1/2
f 4044/1/2 4045/1/2 4048/1/2
f 4043/1/2 4044/1/2 4048/1/2
f 4048/1/2 4045/1/2 4049/1/2
f 4038/1/2 4046/1/2 4051/1/2
f 4049/1/2 4045/1/2 4052/1/2
f 4050/1/2 4051/1/2 4054/1/2
f 4051/1/2 4046/1/2 4055/1/2
f 4054/1/2 4051/1/2 4055/1/2
f 4055/1/2 4046/1/2 4056/1/2
f 4052/1/2 4053/1/2 4057/1/2
f 4049/1/2 4052/1/2 4057/1/2
f 4057/1/2 4053/1/2 4058/1/2
f 4054/4/2 4055/4/2 4059/4/2
f 4059/4/2 4055/4/2 4060/4/2
f 4058/1/2 4053/1/2 4061/1/2
f 4061/1/2 4053/1/2 4062/1/2
f 4059/5/2 4060/5/2 4064/5/2
f 4061/4/2 4062/4/2 4065/4/2
f 4065/4/2 4062/4/2 4066/4/2
f 4063/1/2 4064/1/2 4068/1/2
f 4064/5/2 4060/5/2 4068/5/2
f 4068/5/2 4060/5/2 4069/5/2
f 4065/1/2 4066/1/2 4070/1/2
f 4066/1/2 4067/1/2 4070/1/2
f 4070/1/2 4067/1/2 4071/1/2
f 4063/1/2 4068/1/2 4072/1/2
f 4072/1/2 4068/1/2 4073/1/2
f 4071/1/2 4067/1/2 4074/1/2
f 4072/4/2 4073/4/2 4075/4/2
f 4075/4/2 4073/4/2 4076/4/2
f 4075/1/2 4076/1/2 4077/1/2
f 4074/1/2 4067/1/2 4080/1/2
f 4077/1/2 4078/1/2 4081/1/2
f 4075/1/2 4077/1/2 4081/1/2
f 4081/1/2 4078/1/2 4082/1/2
f 4079/1/2 4080/1/2 4083/1/2
f 4080/1/2 4067/1/2 4084/1/2
f 4083/1/2 4080/1/2 4084/1/2
f 4084/1/2 4067/1/2 4085/1/2
f 4083/4/2 4084/4/2 4086/4/2
f 4082/1/2 4078/1/2 4087/1/2
f 4087/1/2 4078/1/2 4088/1/2
f 4086/4/2 4084/4/2 4091/4/2
f 4091/4/2 4084/4/2 4092/4/2
f 4087/4/2 4088/4/2 4093/4/2
f 4088/5/2 4089/5/2 4094/5/2
f 4093/4/2 4088/4/2 4094/4/2
f 4094/5/2 4089/5/2 4095/5/2
f 4090/1/2 4091/1/2 4096/1/2
f 4091/1/2 4092/1/2 4096/1/2
f 4096/1/2 4092/1/2 4097/1/2
f 4094/4/2 4095/4/2 4098/4/2
f 4098/4/2 4095/4/2 4099/4/2
f 4090/1/2 4096/1/2 4102/1/2
f 4099/1/2 4100/1/2 4103/1/2
f 4098/1/2 4099/1/2 4103/1/2
f 4103/1/2 4100/1/2 4104/1/2
f 4104/1/2 4100/1/2 4105/1/2
f 4101/1/2 4102/1/2 4108/1/2
f 4102/1/2 4096/1/2 4109/1/2
f 4108/1/2 4102/1/2 4109/1/2
f 4109/1/2 4096/1/2 4110/1/2
f 4105/1/2 4106/1/2 4111/1/2
f 4104/1/2 4105/1/2 4111/1/2
f 4111/1/2 4106/1/2 4112/1/2
f 4112/1/2 4106/1/2 4113/1/2
f 4107/1/2 4108/1/2 4116/1/2
f 4108/1/2 4109/1/2 4116/1/2
f 4116/1/2 4109/1/2 4117/1/2
f 4117/1/2 4109/1/2 4118/1/2
f 4113/1/2 4114/1/2 4119/1/2
f 4112/1/2 4113/1/2 4119/1/2
f 4119/1/2 4114/1/2 4120/1/2
f 4120/1/2 4114/1/2 4121/1/2
f 4116/1/2 4117/1/2 4124/1/2
f 4115/1/2 4116/1/2 4124/1/2
f 4124/1/2 4117/1/2 4125/1/2
f 4125/1/2 4117/1/2 4126/1/2
f 4121/1/2 4122/1/2 4127/1/2
f 4120/1/2 4121/1/2 4127/1/2
f 4127/1/2 4122/1/2 4128/1/2
f 4128/1/2 4122/1/2 4129/1/2
f 4124/1/2 4125/1/2 4133/1/2
f 4123/1/2 4124/1/2 4133/1/2
f 4133/1/2 4125/1/2 4134/1/2
f 4134/1/2 4125/1/2 4135/1/2
f 4129/4/2 4130/4/2 4136/4/2
f 4128/4/2 4129/4/2 4136/4/2
f 4130/1/2 4131/1/2 4137/1/2
f 4136/4/2 4130/4/2 4137/4/2
f 4137/1/2 4131/1/2 4138/1/2
f 4132/1/2 4133/1/2 4141/1/2
f 4141/1/2 4133/1/2 4142/1/2
f 4133/4/2 4134/4/2 4143/4/2
f 4142/1/2 4133/1/2 4143/1/2
f 4143/4/2 4134/4/2 4144/4/2
f 4138/4/2 4139/4/2 4145/4/2
f 4137/4/2 4138/4/2 4145/4/2
f 4145/4/2 4139/4/2 4146/4/2
f 4146/4/2 4139/4/2 4147/4/2
f 4140/1/2 4141/1/2 4148/1/2
f 4148/1/2 4141/1/2 4149/1/2
f 4141/4/2 4142/4/2 4150/4/2
f 4149/1/2 4141/1/2 4150/1/2
f 4150/4/2 4142/4/2 4151/4/2
f 4148/1/2 4149/1/2 4152/1/2
f 4146/1/2 4147/1/2 4152/1/2
f 4147/1/2 4148/1/2 4152/1/2
f 4152/1/2 4149/1/2 4153/1/2
f 4154/1/2 4155/1/2 4157/1/2
f 4157/1/2 4155/1/2 4158/1/2
f 4156/4/2 4157/4/2 4161/4/2
f 4161/4/2 4157/4/2 4162/4/2
f 4158/1/2 4159/1/2 4163/1/2
f 4162/4/2 4157/4/2 4163/4/2
f 4157/1/2 4158/1/2 4163/1/2
f 4163/1/2 4159/1/2 4164/1/2
f 4164/1/2 4159/1/2 4165/1/2
f 4165/1/2 4159/1/2 4166/1/2
f 4161/1/2 4162/1/2 4170/1/2
f 4160/1/2 4161/1/2 4170/1/2
f 4170/1/2 4162/1/2 4171/1/2
f 4171/1/2 4162/1/2 4172/1/2
f 4172/1/2 4162/1/2 4173/1/2
f 4165/1/2 4166/1/2 4174/1/2
f 4166/1/2 4167/1/2 4174/1/2
f 4167/4/2 4168/4/2 4175/4/2
f 4174/1/2 4167/1/2 4175/1/2
f 4175/4/2 4168/4/2 4176/4/2
f 4169/1/2 4170/1/2 4179/1/2
f 4170/1/2 4171/1/2 4179/1/2
f 4179/1/2 4171/1/2 4180/1/2
f 4180/1/2 4171/1/2 4181/1/2
f 4175/1/2 4176/1/2 4182/1/2
f 4176/4/2 4177/4/2 4183/4/2
f 4182/1/2 4176/1/2 4183/1/2
f 4183/4/2 4177/4/2 4184/4/2
f 4178/1/2 4179/1/2 4187/1/2
f 4179/1/2 4180/1/2 4187/1/2
f 4187/1/2 4180/1/2 4188/1/2
f 4188/1/2 4180/1/2 4189/1/2
f 4184/1/2 4185/1/2 4190/1/2
f 4183/1/2 4184/1/2 4190/1/2
f 4190/1/2 4185/1/2 4191/1/2
f 4191/1/2 4185/1/2 4192/1/2
f 4187/1/2 4188/1/2 4195/1/2
f 4186/1/2 4187/1/2 4195/1/2
f 4195/1/2 4188/1/2 4196/1/2
f 4196/1/2 4188/1/2 4197/1/2
f 4191/1/2 4192/1/2 4198/1/2
f 4192/5/2 4193/5/2 4199/5/2
f 4198/1/2 4192/1/2 4199/1/2
f 4199/5/2 4193/5/2 4200/5/2
f 4194/1/2 4195/1/2 4202/1/2
f 4195/1/2 4196/1/2 4202/1/2
f 4202/1/2 4196/1/2 4203/1/2
f 4199/1/2 4200/1/2 4204/1/2
f 4200/5/2 4201/5/2 4205/5/2
f 4204/1/2 4200/1/2 4205/1/2
f 4194/1/2 4202/1/2 4207/1/2
f 4205/5/2 4201/5/2 4208/5/2
f 4206/4/2 4207/4/2 4210/4/2
f 4207/1/2 4202/1/2 4211/1/2
f 4210/4/2 4207/4/2 4211/4/2
f 4211/1/2 4202/1/2 4212/1/2
f 4205/5/2 4208/5/2 4213/5/2
f 4208/1/2 4209/1/2 4214/1/2
f 4213/5/2 4208/5/2 4214/5/2
f 4214/1/2 4209/1/2 4215/1/2
f 4210/1/2 4211/1/2 4216/1/2
f 4214/4/2 4215/4/2 4217/4/2
f 4217/4/2 4215/4/2 4218/4/2
f 4210/1/2 4216/1/2 4220/1/2
f 4217/5/2 4218/5/2 4221/5/2
f 4221/5/2 4218/5/2 4222/5/2
f 4219/5/2 4220/5/2 4224/5/2
f 4220/1/2 4216/1/2 4225/1/2
f 4224/5/2 4220/5/2 4225/5/2
f 4225/1/2 4216/1/2 4226/1/2
f 4221/1/2 4222/1/2 4227/1/2
f 4222/5/2 4223/5/2 4227/5/2
f 4227/5/2 4223/5/2 4228/5/2
f 4225/4/2 4226/4/2 4229/4/2
f 4224/4/2 4225/4/2 4229/4/2
f 4229/4/2 4226/4/2 4230/4/2
f 4230/4/2 4226/4/2 4231/4/2
f 4229/5/2 4230/5/2 4232/5/2
f 4230/1/2 4231/1/2 4233/1/2
f 4232/5/2 4230/5/2 4233/5/2
f 4233/1/2 4231/1/2 4234/1/2
f 4227/1/2 4228/1/2 4235/1/2
f 4221/1/2 4227/1/2 4235/1/2
f 4235/1/2 4228/1/2 4236/1/2
f 4233/5/2 4234/5/2 4237/5/2
f 4221/1/2 4235/1/2 4240/1/2
f 4240/1/2 4235/1/2 4241/1/2
f 4233/5/2 4237/5/2 4242/5/2
f 4237/1/2 4238/1/2 4243/1/2
f 4242/5/2 4237/5/2 4243/5/2
f 4239/1/2 4240/1/2 4244/1/2
f 4240/4/2 4241/4/2 4244/4/2
f 4244/4/2 4241/4/2 4245/4/2
f 4243/1/2 4238/1/2 4246/1/2
f 4246/1/2 4238/1/2 4247/1/2
f 4239/1/2 4244/1/2 4250/1/2
f 4247/4/2 4248/4/2 4251/4/2
f 4246/4/2 4247/4/2 4251/4/2
f 4251/4/2 4248/4/2 4252/4/2
f 4252/4/2 4248/4/2 4253/4/2
f 4249/1/2 4250/1/2 4256/1/2
f 4250/1/2 4244/1/2 4257/1/2
f 4256/1/2 4250/1/2 4257/1/2
f 4257/1/2 4244/1/2 4258/1/2
f 4253/1/2 4254/1/2 4259/1/2
f 4252/1/2 4253/1/2 4259/1/2
f 4259/1/2 4254/1/2 4260/1/2
f 4260/1/2 4254/1/2 4261/1/2
f 4255/1/2 4256/1/2 4264/1/2
f 4256/1/2 4257/1/2 4264/1/2
f 4264/1/2 4257/1/2 4265/1/2
f 4265/1/2 4257/1/2 4266/1/2
f 4261/1/2 4262/1/2 4267/1/2
f 4260/1/2 4261/1/2 4267/1/2
f 4267/1/2 4262/1/2 4268/1/2
f 4268/1/2 4262/1/2 4269/1/2
f 4264/1/2 4265/1/2 4272/1/2
f 4263/1/2 4264/1/2 4272/1/2
f 4272/1/2 4265/1/2 4273/1/2
f 4273/1/2 4265/1/2 4274/1/2
f 4269/1/2 4270/1/2 4275/1/2
f 4268/1/2 4269/1/2 4275/1/2
f 4275/1/2 4270/1/2 4276/1/2
f 4276/1/2 4270/1/2 4277/1/2
f 4272/1/2 4273/1/2 4280/1/2
f 4271/1/2 4272/1/2 4280/1/2
f 4280/1/2 4273/1/2 4281/1/2
f 4281/1/2 4273/1/2 4282/1/2
f 4277/1/2 4278/1/2 4283/1/2
f 4276/1/2 4277/1/2 4283/1/2
f 4283/1/2 4278/1/2 4284/1/2
f 4284/1/2 4278/1/2 4285/1/2
f 4280/1/2 4281/1/2 4286/1/2
f 4279/1/2 4280/1/2 4286/1/2
f 4286/1/2 4281/1/2 4287/1/2
f 4287/1/2 4281/1/2 4288/1/2
f 4284/1/2 4285/1/2 4289/1/2
f 4286/1/2 4287/1/2 4289/1/2
f 4285/1/2 4286/1/2 4289/1/2
f 4289/1/2 4287/1/2 4290/1/2
f 4290/1/2 4287/1/2 4291/1/2
f 4291/1/2 4287/1/2 4292/1/2
f 4290/4/2 4291/4/2 4293/4/2
f 4293/4/2 4291/4/2 4294/4/2
f 4295/1/2 4296/1/2 4300/1/2
f 4300/1/2 4296/1/2 4301/1/2
f 4296/4/2 4297/4/2 4302/4/2
f 4301/1/2 4296/1/2 4302/1/2
f 4302/4/2 4297/4/2 4303/4/2
f 4298/5/2 4299/5/2 4306/5/2
f 4300/1/2 4301/1/2 4307/1/2
f 4299/1/2 4300/1/2 4307/1/2
f 4306/5/2 4299/5/2 4307/5/2
f 4307/1/2 4301/1/2 4308/1/2
f 4308/1/2 4301/1/2 4309/1/2
f 4302/1/2 4303/1/2 4310/1/2
f 4303/1/2 4304/1/2 4310/1/2
f 4310/1/2 4304/1/2 4311/1/2
f 4311/1/2 4304/1/2 4312/1/2
f 4305/1/2 4306/1/2 4315/1/2
f 4306/1/2 4307/1/2 4315/1/2
f 4315/1/2 4307/1/2 4316/1/2
f 4316/1/2 4307/1/2 4317/1/2
f 4312/1/2 4313/1/2 4318/1/2
f 4311/1/2 4312/1/2 4318/1/2
f 4318/1/2 4313/1/2 4319/1/2
f 4319/1/2 4313/1/2 4320/1/2
f 4315/1/2 4316/1/2 4323/1/2
f 4314/1/2 4315/1/2 4323/1/2
f 4323/1/2 4316/1/2 4324/1/2
f 4324/1/2 4316/1/2 4325/1/2
f 4320/1/2 4321/1/2 4326/1/2
f 4319/1/2 4320/1/2 4326/1/2
f 4326/1/2 4321/1/2 4327/1/2
f 4327/1/2 4321/1/2 4328/1/2
f 4323/1/2 4324/1/2 4331/1/2
f 4322/1/2 4323/1/2 4331/1/2
f 4331/1/2 4324/1/2 4332/1/2
f 4332/1/2 4324/1/2 4333/1/2
f 4328/1/2 4329/1/2 4334/1/2
f 4327/1/2 4328/1/2 4334/1/2
f 4334/1/2 4329/1/2 4335/1/2
f 4335/1/2 4329/1/2 4336/1/2
f 4331/1/2 4332/1/2 4338/1/2
f 4330/1/2 4331/1/2 4338/1/2
f 4338/1/2 4332/1/2 4339/1/2
f 4336/1/2 4337/1/2 4340/1/2
f 4335/1/2 4336/1/2 4340/1/2
f 4340/1/2 4337/1/2 4341/1/2
f 4330/1/2 4338/1/2 4343/1/2
f 4343/1/2 4338/1/2 4344/1/2
f 4341/1/2 4337/1/2 4345/1/2
f 4345/1/2 4337/1/2 4346/1/2
f 4342/4/2 4343/4/2 4348/4/2
f 4343/1/2 4344/1/2 4349/1/2
f 4348/4/2 4343/4/2 4349/4/2
f 4349/1/2 4344/1/2 4350/1/2
f 4346/4/2 4347/4/2 4351/4/2
f 4345/4/2 4346/4/2 4351/4/2
f 4351/4/2 4347/4/2 4352/4/2
f 4352/4/2 4347/4/2 4353/4/2
f 4349/1/2 4350/1/2 4354/1/2
f 4348/1/2 4349/1/2 4354/1/2
f 4354/1/2 4350/1/2 4355/1/2
f 4351/4/2 4352/4/2 4356/4/2
f 4352/1/2 4353/1/2 4357/1/2
f 4356/4/2 4352/4/2 4357/4/2
f 4348/1/2 4354/1/2 4358/1/2
f 4358/1/2 4354/1/2 4359/1/2
f 4358/4/2 4359/4/2 4360/4/2
f 4360/4/2 4359/4/2 4361/4/2
f 4360/1/2 4361/1/2 4362/1/2
f 4357/1/2 4353/1/2 4365/1/2
f 4362/1/2 4363/1/2 4366/1/2
f 4360/1/2 4362/1/2 4366/1/2
f 4366/1/2 4363/1/2 4367/1/2
f 4364/1/2 4365/1/2 4368/1/2
f 4365/1/2 4353/1/2 4369/1/2
f 4368/1/2 4365/1/2 4369/1/2
f 4369/1/2 4353/1/2 4370/1/2
f 4367/1/2 4363/1/2 4371/1/2
f 4368/4/2 4369/4/2 4374/4/2
f 4371/1/2 4372/1/2 4375/1/2
f 4367/1/2 4371/1/2 4375/1/2
f 4375/1/2 4372/1/2 4376/1/2
f 4376/1/2 4372/1/2 4377/1/2
f 4373/1/2 4374/1/2 4380/1/2
f 4374/4/2 4369/4/2 4381/4/2
f 4380/1/2 4374/1/2 4381/1/2
f 4381/4/2 4369/4/2 4382/4/2
f 4377/4/2 4378/4/2 4383/4/2
f 4376/4/2 4377/4/2 4383/4/2
f 4383/4/2 4378/4/2 4384/4/2
f 4384/4/2 4378/4/2 4385/4/2
f 4379/1/2 4380/1/2 4388/1/2
f 4380/1/2 4381/1/2 4388/1/2
f 4388/1/2 4381/1/2 4389/1/2
f 4389/1/2 4381/1/2 4390/1/2
f 4385/1/2 4386/1/2 4391/1/2
f 4384/1/2 4385/1/2 4391/1/2
f 4391/1/2 4386/1/2 4392/1/2
f 4392/1/2 4386/1/2 4393/1/2
f 4388/1/2 4389/1/2 4396/1/2
f 4387/1/2 4388/1/2 4396/1/2
f 4396/1/2 4389/1/2 4397/1/2
f 4397/1/2 4389/1/2 4398/1/2
f 4393/1/2 4394/1/2 4399/1/2
f 4392/1/2 4393/1/2 4399/1/2
f 4399/1/2 4394/1/2 4400/1/2
f 4400/1/2 4394/1/2 4401/1/2
f 4396/1/2 4397/1/2 4404/1/2
f 4395/1/2 4396/1/2 4404/1/2
f 4404/1/2 4397/1/2 4405/1/2
f 4405/1/2 4397/1/2 4406/1/2
f 4401/1/2 4402/1/2 4407/1/2
f 4400/1/2 4401/1/2 4407/1/2
f 4407/1/2 4402/1/2 4408/1/2
f 4408/1/2 4402/1/2 4409/1/2
f 4404/1/2 4405/1/2 4410/1/2
f 4403/1/2 4404/1/2 4410/1/2
f 4410/1/2 4405/1/2 4411/1/2
f 4411/1/2 4405/1/2 4412/1/2
f 4408/1/2 4409/1/2 4413/1/2
f 4410/1/2 4411/1/2 4413/1/2
f 4409/1/2 4410/1/2 4413/1/2
f 4413/1/2 4411/1/2 4414/1/2
f 4415/1/2 4416/1/2 4419/1/2
f 4419/1/2 4416/1/2 4420/1/2
f 4417/5/2 4418/5/2 4423/5/2
f 4420/1/2 4421/1/2 4424/1/2
f 4418/1/2 4419/1/2 4424/1/2
f 4419/1/2 4420/1/2 4424/1/2
f 4424/1/2 4421/1/2 4425/1/2
f 4425/1/2 4421/1/2 4426/1/2
f 4422/1/2 4423/1/2 4429/1/2
f 4423/5/2 4418/5/2 4430/5/2
f 4429/1/2 4423/1/2 4430/1/2
f 4418/1/2 4424/1/2 4431/1/2
f 4430/5/2 4418/5/2 4431/5/2
f 4431/1/2 4424/1/2 4432/1/2
f 4432/1/2 4424/1/2 4433/1/2
f 4425/1/2 4426/1/2 4434/1/2
f 4426/1/2 4427/1/2 4434/1/2
f 4434/1/2 4427/1/2 4435/1/2
f 4435/1/2 4427/1/2 4436/1/2
f 4428/1/2 4429/1/2 4439/1/2
f 4429/1/2 4430/1/2 4439/1/2
f 4430/1/2 4431/1/2 4439/1/2
f 4439/1/2 4431/1/2 4440/1/2
f 4440/1/2 4431/1/2 4441/1/2
f 4436/1/2 4437/1/2 4442/1/2
f 4435/1/2 4436/1/2 4442/1/2
f 4442/1/2 4437/1/2 4443/1/2
f 4443/1/2 4437/1/2 4444/1/2
f 4439/1/2 4440/1/2 4447/1/2
f 4438/1/2 4439/1/2 4447/1/2
f 4447/1/2 4440/1/2 4448/1/2
f 4448/1/2 4440/1/2 4449/1/2
f 4444/1/2 4445/1/2 4450/1/2
f 4443/1/2 4444/1/2 4450/1/2
f 4450/1/2 4445/1/2 4451/1/2
f 4451/1/2 4445/1/2 4452/1/2
f 4447/1/2 4448/1/2 4454/1/2
f 4446/1/2 4447/1/2 4454/1/2
f 4454/1/2 4448/1/2 4455/1/2
f 4455/1/2 4448/1/2 4456/1/2
f 4456/1/2 4448/1/2 4457/1/2
f 4452/1/2 4453/1/2 4458/1/2
f 4451/1/2 4452/1/2 4458/1/2
f 4458/1/2 4453/1/2 4459/1/2
f 4454/4/2 4455/4/2 4460/4/2
f 4455/1/2 4456/1/2 4461/1/2
f 4460/4/2 4455/4/2 4461/4/2
f 4461/1/2 4456/1/2 4462/1/2
f 4459/1/2 4453/1/2 4463/1/2
f 4463/1/2 4453/1/2 4464/1/2
f 4461/1/2 4462/1/2 4466/1/2
f 4460/1/2 4461/1/2 4466/1/2
f 4463/4/2 4464/4/2 4467/4/2
f 4467/4/2 4464/4/2 4468/4/2
f 4465/1/2 4466/1/2 4470/1/2
f 4466/1/2 4462/1/2 4470/1/2
f 4470/1/2 4462/1/2 4471/1/2
f 4467/1/2 4468/1/2 4472/1/2
f 4468/1/2 4469/1/2 4472/1/2
f 4472/1/2 4469/1/2 4473/1/2
f 4465/1/2 4470/1/2 4474/1/2
f 4474/1/2 4470/1/2 4475/1/2
f 4474/4/2 4475/4/2 4476/4/2
f 4476/4/2 4475/4/2 4477/4/2
f 4473/1/2 4469/1/2 4480/1/2
f 4477/1/2 4478/1/2 4481/1/2
f 4476/1/2 4477/1/2 4481/1/2
f 4481/1/2 4478/1/2 4482/1/2
f 4479/1/2 4480/1/2 4483/1/2
f 4480/1/2 4469/1/2 4483/1/2
f 4483/1/2 4469/1/2 4484/1/2
f 4482/1/2 4478/1/2 4485/1/2
f 4479/1/2 4483/1/2 4488/1/2
f 4488/1/2 4483/1/2 4489/1/2
f 4489/1/2 4483/1/2 4490/1/2
f 4485/1/2 4486/1/2 4491/1/2
f 4482/1/2 4485/1/2 4491/1/2
f 4491/1/2 4486/1/2 4492/1/2
f 4492/1/2 4486/1/2 4493/1/2
f 4487/1/2 4488/1/2 4496/1/2
f 4488/1/2 4489/1/2 4496/1/2
f 4496/1/2 4489/1/2 4497/1/2
f 4489/4/2 4490/4/2 4498/4/2
f 4497/1/2 4489/1/2 4498/1/2
f 4498/4/2 4490/4/2 4499/4/2
f 4493/1/2 4494/1/2 4500/1/2
f 4492/1/2 4493/1/2 4500/1/2
f 4500/1/2 4494/1/2 4501/1/2
f 4501/1/2 4494/1/2 4502/1/2
f 4496/1/2 4497/1/2 4505/1/2
f 4495/1/2 4496/1/2 4505/1/2
f 4505/1/2 4497/1/2 4506/1/2
f 4497/4/2 4498/4/2 4507/4/2
f 4506/1/2 4497/1/2 4507/1/2
f 4507/4/2 4498/4/2 4508/4/2
f 4502/4/2 4503/4/2 4509/4/2
f 4501/4/2 4502/4/2 4509/4/2
f 4509/4/2 4503/4/2 4510/4/2
f 4510/4/2 4503/4/2 4511/4/2
f 4505/1/2 4506/1/2 4514/1/2
f 4504/1/2 4505/1/2 4514/1/2
f 4514/1/2 4506/1/2 4515/1/2
f 4506/4/2 4507/4/2 4516/4/2
f 4515/1/2 4506/1/2 4516/1/2
f 4516/4/2 4507/4/2 4517/4/2
f 4511/1/2 4512/1/2 4518/1/2
f 4510/1/2 4511/1/2 4518/1/2
f 4518/1/2 4512/1/2 4519/1/2
f 4519/1/2 4512/1/2 4520/1/2
f 4514/1/2 4515/1/2 4521/1/2
f 4513/1/2 4514/1/2 4521/1/2
f 4515/4/2 4516/4/2 4522/4/2
f 4521/1/2 4515/1/2 4522/1/2
f 4522/4/2 4516/4/2 4523/4/2
f 4519/1/2 4520/1/2 4524/1/2
f 4520/1/2 4521/1/2 4524/1/2
f 4521/1/2 4522/1/2 4524/1/2
f 4524/1/2 4522/1/2 4525/1/2
f 4525/1/2 4522/1/2 4526/1/2
f 4526/1/2 4522/1/2 4527/1/2
f 4525/1/2 4526/1/2 4528/1/2
f 4528/1/2 4526/1/2 4529/1/2
f 4530/1/2 4531/1/2 4534/1/2
f 4534/1/2 4531/1/2 4535/1/2
f 4532/5/2 4533/5/2 4538/5/2
f 4535/1/2 4536/1/2 4539/1/2
f 4533/1/2 4534/1/2 4539/1/2
f 4534/1/2 4535/1/2 4539/1/2
f 4537/1/2 4538/1/2 4542/1/2
f 4539/1/2 4540/1/2 4543/1/2
f 4541/1/2 4542/1/2 4546/1/2
f 4538/5/2 4533/5/2 4547/5/2
f 4542/1/2 4538/1/2 4547/1/2
f 4546/1/2 4542/1/2 4547/1/2
f 4543/1/2 4544/1/2 4548/1/2
f 4547/5/2 4533/5/2 4548/5/2
f 4533/1/2 4539/1/2 4548/1/2
f 4539/1/2 4543/1/2 4548/1/2
f 4548/1/2 4544/1/2 4549/1/2
f 4549/1/2 4544/1/2 4550/1/2
f 4550/1/2 4544/1/2 4551/1/2
f 4545/4/2 4546/4/2 4553/4/2
f 4546/1/2 4547/1/2 4554/1/2
f 4553/4/2 4546/4/2 4554/4/2
f 4547/1/2 4548/1/2 4554/1/2
f 4554/1/2 4548/1/2 4555/1/2
f 4555/1/2 4548/1/2 4556/1/2
f 4551/1/2 4552/1/2 4557/1/2
f 4550/1/2 4551/1/2 4557/1/2
f 4557/1/2 4552/1/2 4558/1/2
f 4558/1/2 4552/1/2 4559/1/2
f 4554/1/2 4555/1/2 4560/1/2
f 4553/1/2 4554/1/2 4560/1/2
f 4558/4/2 4559/4/2 4561/4/2
f 4561/4/2 4559/4/2 4562/4/2
f 4553/1/2 4560/1/2 4564/1/2
f 4564/1/2 4560/1/2 4565/1/2
f 4565/1/2 4560/1/2 4566/1/2
f 4561/1/2 4562/1/2 4567/1/2
f 4564/1/2 4565/1/2 4569/1/2
f 4563/1/2 4564/1/2 4569/1/2
f 4565/4/2 4566/4/2 4570/4/2
f 4569/1/2 4565/1/2 4570/1/2
f 4570/4/2 4566/4/2 4571/4/2
f 4569/4/2 4570/4/2 4572/4/2
f 4572/4/2 4570/4/2 4573/4/2
f 4570/1/2 4571/1/2 4574/1/2
f 4573/4/2 4570/4/2 4574/4/2
f 4561/1/2 4567/1/2 4575/1/2
f 4567/1/2 4568/1/2 4575/1/2
f 4575/1/2 4568/1/2 4576/1/2
f 4574/1/2 4571/1/2 4577/1/2
f 4573/1/2 4574/1/2 4577/1/2
f 4561/1/2 4575/1/2 4580/1/2
f 4577/1/2 4578/1/2 4581/1/2
f 4573/1/2 4577/1/2 4581/1/2
f 4581/1/2 4578/1/2 4582/1/2
f 4582/1/2 4578/1/2 4583/1/2
f 4579/1/2 4580/1/2 4586/1/2
f 4580/1/2 4575/1/2 4587/1/2
f 4586/1/2 4580/1/2 4587/1/2
f 4587/1/2 4575/1/2 4588/1/2
f 4582/1/2 4583/1/2 4589/1/2
f 4583/1/2 4584/1/2 4589/1/2
f 4589/1/2 4584/1/2 4590/1/2
f 4584/5/2 4585/5/2 4591/5/2
f 4590/1/2 4584/1/2 4591/1/2
f 4591/5/2 4585/5/2 4592/5/2
f 4585/1/2 4586/1/2 4593/1/2
f 4592/5/2 4585/5/2 4593/5/2
f 4586/1/2 4587/1/2 4593/1/2
f 4593/1/2 4587/1/2 4594/1/2
f 4594/1/2 4587/1/2 4595/1/2
f 4591/1/2 4592/1/2 4596/1/2
f 4590/1/2 4591/1/2 4596/1/2
f 4596/1/2 4592/1/2 4597/1/2
f 4593/4/2 4594/4/2 4598/4/2
f 4597/1/2 4592/1/2 4598/1/2
f 4592/4/2 4593/4/2 4598/4/2
f 4598/4/2 4594/4/2 4599/4/2
f 4599/4/2 4594/4/2 4600/4/2
f 4597/4/2 4598/4/2 4601/4/2
f 4598/4/2 4599/4/2 4601/4/2
f 4601/4/2 4599/4/2 4602/4/2
f 4602/4/2 4599/4/2 4603/4/2
f 4603/4/2 4599/4/2 4604/4/2
f 4602/1/2 4603/1/2 4605/1/2
f 4605/1/2 4603/1/2 4606/1/2
f 4607/5/2 4608/5/2 4611/5/2
f 4608/1/2 4609/1/2 4612/1/2
f 4611/5/2 4608/5/2 4612/5/2
f 4612/1/2 4609/1/2 4613/1/2
f 4613/1/2 4609/1/2 4614/1/2
f 4614/1/2 4609/1/2 4615/1/2
f 4610/4/2 4611/4/2 4617/4/2
f 4611/1/2 4612/1/2 4618/1/2
f 4617/4/2 4611/4/2 4618/4/2
f 4612/5/2 4613/5/2 4619/5/2
f 4613/1/2 4614/1/2 4619/1/2
f 4615/4/2 4616/4/2 4620/4/2
f 4619/1/2 4614/1/2 4620/1/2
f 4614/4/2 4615/4/2 4620/4/2
f 4620/4/2 4616/4/2 4621/4/2
f 4617/1/2 4618/1/2 4622/1/2
f 4612/5/2 4619/5/2 4623/5/2
f 4622/1/2 4618/1/2 4623/1/2
f 4618/1/2 4612/1/2 4623/1/2
f 4619/4/2 4620/4/2 4624/4/2
f 4623/5/2 4619/5/2 4624/5/2
f 4620/1/2 4621/1/2 4625/1/2
f 4624/4/2 4620/4/2 4625/4/2
f 4623/4/2 4624/4/2 4626/4/2
f 4622/4/2 4623/4/2 4626/4/2
f 4624/1/2 4625/1/2 4627/1/2
f 4626/4/2 4624/4/2 4627/4/2
f 4627/1/2 4625/1/2 4628/1/2
f 4626/1/2 4627/1/2 4629/1/2
f 4629/1/2 4627/1/2 4630/1/2
f 4627/5/2 4628/5/2 4631/5/2
f 4630/1/2 4627/1/2 4631/1/2
f 4628/1/2 4625/1/2 4632/1/2
f 4631/5/2 4628/5/2 4632/5/2
f 4625/1/2 4621/1/2 4633/1/2
f 4632/1/2 4625/1/2 4633/1/2
f 4633/1/2 4621/1/2 4634/1/2
f 4634/1/2 4621/1/2 4635/1/2
f 4631/1/2 4632/1/2 4636/1/2
f 4630/1/2 4631/1/2 4636/1/2
f 4632/5/2 4633/5/2 4637/5/2
f 4636/1/2 4632/1/2 4637/1/2
f 4633/1/2 4634/1/2 4638/1/2
f 4637/5/2 4633/5/2 4638/5/2
f 4638/1/2 4634/1/2 4639/1/2
f 4643/2/3 4641/2/3 4640/2/3
f 4644/2/3 4641/2/3 4643/2/3
f 4646/2/3 4643/2/3 4642/2/3
f 4646/2/3 4645/2/3 4644/2/3
f 4646/2/3 4644/2/3 4643/2/3
f 4647/2/3 4645/2/3 4646/2/3
f 4648/2/3 4646/2/3 4642/2/3
f 4648/6/3 4647/6/3 4646/6/3
f 4649/2/3 4645/2/3 4647/2/3
f 4649/6/3 4647/6/3 4648/6/3
f 4650/2/3 4648/2/3 4642/2/3
f 4650/2/3 4649/2/3 4648/2/3
f 4651/2/3 4649/2/3 4650/2/3
f 4652/2/3 4645/2/3 4649/2/3
f 4652/2/3 4649/2/3 4651/2/3
f 4653/2/3 4645/2/3 4652/2/3
f 4654/2/3 4652/2/3 4651/2/3
f 4655/2/3 4652/2/3 4654/2/3
f 4659/3/3 4657/3/3 4656/3/3
f 4660/3/3 4657/3/3 4659/3/3
f 4663/3/3 4659/3/3 4658/3/3
f 4663/3/3 4661/3/3 4660/3/3
f 4663/3/3 4660/3/3 4659/3/3
f 4664/3/3 4661/3/3 4663/3/3
f 4667/3/3 4663/3/3 4662/3/3
f 4667/3/3 4665/3/3 4664/3/3
f 4667/3/3 4664/3/3 4663/3/3
f 4668/3/3 4665/3/3 4667/3/3
f 4671/3/3 4667/3/3 4666/3/3
f 4671/3/3 4669/3/3 4668/3/3
f 4671/3/3 4668/3/3 4667/3/3
f 4672/3/3 4669/3/3 4671/3/3
f 4673/3/3 4669/3/3 4672/3/3
f 4674/3/3 4669/3/3 4673/3/3
f 4676/3/3 4671/3/3 4670/3/3
f 4676/3/3 4672/3/3 4671/3/3
f 4677/3/3 4672/3/3 4676/3/3
f 4678/3/3 4675/3/3 4674/3/3
f 4678/3/3 4674/3/3 4673/3/3
f 4679/3/3 4675/3/3 4678/3/3
f 4681/3/3 4676/3/3 4670/3/3
f 4682/3/3 4675/3/3 4679/3/3
f 4684/3/3 4681/3/3 4680/3/3
f 4685/3/3 4676/3/3 4681/3/3
f 4685/3/3 4681/3/3 4684/3/3
f 4686/3/3 4683/3/3 4682/3/3
f 4686/3/3 4682/3/3 4679/3/3
f 4687/3/3 4683/3/3 4686/3/3
f 4688/3/3 4676/3/3 4685/3/3
f 4691/3/3 4686/3/3 4679/3/3
f 4692/3/3 4689/3/3 4688/3/3
f 4692/3/3 4688/3/3 4685/3/3
f 4693/3/3 4689/3/3 4692/3/3
f 4694/3/3 4689/3/3 4693/3/3
f 4695/3/3 4691/3/3 4690/3/3
f 4696/3/3 4686/3/3 4691/3/3
f 4696/3/3 4691/3/3 4695/3/3
f 4697/3/3 4686/3/3 4696/3/3
f 4698/3/3 4694/3/3 4693/3/3
f 4698/3/3 4695/3/3 4694/3/3
f 4698/3/3 4696/3/3 4695/3/3
f 4699/3/3 4696/3/3 4698/3/3
f 4700/3/3 4696/3/3 4699/3/3
f 4701/3/3 4696/3/3 4700/3/3
f 4702/3/3 4700/3/3 4699/3/3
f 4703/3/3 4700/3/3 4702/3/3
f 4704/3/3 4700/3/3 4703/3/3
f 4705/3/3 4700/3/3 4704/3/3
f 4706/3/3 4704/3/3 4703/3/3
f 4707/3/3 4704/3/3 4706/3/3
f 4708/3/3 4704/3/3 4707/3/3
f 4709/3/3 4704/3/3 4708/3/3
f 4710/3/3 4708/3/3 4707/3/3
f 4711/3/3 4708/3/3 4710/3/3
f 4715/6/3 4713/6/3 4712/6/3
f 4716/6/3 4713/6/3 4715/6/3
f 4719/6/3 4715/6/3 4714/6/3
f 4719/6/3 4717/6/3 4716/6/3
f 4719/6/3 4716/6/3 4715/6/3
f 4720/6/3 4717/6/3 4719/6/3
f 4721/6/3 4717/6/3 4720/6/3
f 4722/6/3 4717/6/3 4721/6/3
f 4725/6/3 4719/6/3 4718/6/3
f 4725/6/3 4720/6/3 4719/6/3
f 4726/6/3 4720/6/3 4725/6/3
f 4727/6/3 4720/6/3 4726/6/3
f 4728/6/3 4722/6/3 4721/6/3
f 4728/6/3 4723/6/3 4722/6/3
f 4729/6/3 4723/6/3 4728/6/3
f 4730/6/3 4723/6/3 4729/6/3
f 4733/6/3 4726/6/3 4725/6/3
f 4733/6/3 4725/6/3 4724/6/3
f 4734/6/3 4726/6/3 4733/6/3
f 4735/6/3 4726/6/3 4734/6/3
f 4736/6/3 4731/6/3 4730/6/3
f 4736/6/3 4730/6/3 4729/6/3
f 4737/6/3 4731/6/3 4736/6/3
f 4738/6/3 4731/6/3 4737/6/3
f 4741/6/3 4734/6/3 4733/6/3
f 4741/6/3 4733/6/3 4732/6/3
f 4742/6/3 4734/6/3 4741/6/3
f 4743/6/3 4734/6/3 4742/6/3
f 4744/6/3 4739/6/3 4738/6/3
f 4744/6/3 4738/6/3 4737/6/3
f 4745/6/3 4739/6/3 4744/6/3
f 4746/6/3 4739/6/3 4745/6/3
f 4748/6/3 4742/6/3 4741/6/3
f 4748/6/3 4741/6/3 4740/6/3
f 4749/6/3 4742/6/3 4748/6/3
f 4750/6/3 4747/6/3 4746/6/3
f 4750/6/3 4746/6/3 4745/6/3
f 4751/6/3 4747/6/3 4750/6/3
f 4753/6/3 4748/6/3 4740/6/3
f 4754/6/3 4747/6/3 4751/6/3
f 4756/6/3 4753/6/3 4752/6/3
f 4756/6/3 4748/6/3 4753/6/3
f 4757/6/3 4748/6/3 4756/6/3
f 4758/6/3 4755/6/3 4754/6/3
f 4758/6/3 4754/6/3 4751/6/3
f 4759/6/3 4755/6/3 4758/6/3
f 4760/6/3 4756/6/3 4752/6/3
f 4763/6/3 4755/6/3 4759/6/3
f 4764/6/3 4761/6/3 4760/6/3
f 4764/6/3 4760/6/3 4752/6/3
f 4765/6/3 4761/6/3 4764/6/3
f 4766/6/3 4763/6/3 4762/6/3
f 4766/6/3 4755/6/3 4763/6/3
f 4767/6/3 4755/6/3 4766/6/3
f 4768/6/3 4761/6/3 4765/6/3
f 4771/6/3 4766/6/3 4762/6/3
f 4772/6/3 4769/6/3 4768/6/3
f 4772/6/3 4768/6/3 4765/6/3
f 4773/6/3 4769/6/3 4772/6/3
f 4774/6/3 4769/6/3 4773/6/3
f 4777/6/3 4771/6/3 4770/6/3
f 4778/6/3 4766/6/3 4771/6/3
f 4778/6/3 4771/6/3 4777/6/3
f 4779/6/3 4766/6/3 4778/6/3
f 4780/6/3 4775/6/3 4774/6/3
f 4780/6/3 4774/6/3 4773/6/3
f 4781/6/3 4775/6/3 4780/6/3
f 4782/6/3 4775/6/3 4781/6/3
f 4785/6/3 4777/6/3 4776/6/3
f 4785/6/3 4778/6/3 4777/6/3
f 4786/6/3 4778/6/3 4785/6/3
f 4787/6/3 4778/6/3 4786/6/3
f 4788/6/3 4783/6/3 4782/6/3
f 4788/6/3 4782/6/3 4781/6/3
f 4789/6/3 4783/6/3 4788/6/3
f 4790/6/3 4783/6/3 4789/6/3
f 4793/6/3 4786/6/3 4785/6/3
f 4793/6/3 4785/6/3 4784/6/3
f 4794/6/3 4786/6/3 4793/6/3
f 4795/6/3 4786/6/3 4794/6/3
f 4796/6/3 4791/6/3 4790/6/3
f 4796/6/3 4790/6/3 4789/6/3
f 4797/6/3 4791/6/3 4796/6/3
f 4798/6/3 4791/6/3 4797/6/3
f 4799/6/3 4794/6/3 4793/6/3
f 4799/6/3 4793/6/3 4792/6/3
f 4800/6/3 4794/6/3 4799/6/3
f 4801/6/3 4794/6/3 4800/6/3
f 4802/6/3 4798/6/3 4797/6/3
f 4802/6/3 4800/6/3 4799/6/3
f 4802/6/3 4799/6/3 4798/6/3
f 4803/6/3 4800/6/3 4802/6/3
f 4804/6/3 4800/6/3 4803/6/3
f 4805/6/3 4800/6/3 4804/6/3
f 4806/6/3 4804/6/3 4803/6/3
f 4807/6/3 4804/6/3 4806/6/3
f 4811/1/3 4809/1/3 4808/1/3
f 4812/1/3 4809/1/3 4811/1/3
f 4813/1/3 4809/1/3 4812/1/3
f 4814/1/3 4809/1/3 4813/1/3
f 4817/1/3 4811/1/3 4810/1/3
f 4817/1/3 4812/1/3 4811/1/3
f 4818/1/3 4812/1/3 4817/1/3
f 4819/1/3 4812/1/3 4818/1/3
f 4820/1/3 4814/1/3 4813/1/3
f 4820/1/3 4815/1/3 4814/1/3
f 4821/1/3 4815/1/3 4820/1/3
f 4822/1/3 4815/1/3 4821/1/3
f 4825/1/3 4818/1/3 4817/1/3
f 4825/1/3 4817/1/3 4816/1/3
f 4826/1/3 4818/1/3 4825/1/3
f 4827/1/3 4818/1/3 4826/1/3
f 4828/1/3 4823/1/3 4822/1/3
f 4828/1/3 4822/1/3 4821/1/3
f 4829/1/3 4823/1/3 4828/1/3
f 4830/1/3 4823/1/3 4829/1/3
f 4833/1/3 4826/1/3 4825/1/3
f 4833/1/3 4825/1/3 4824/1/3
f 4834/1/3 4826/1/3 4833/1/3
f 4835/1/3 4826/1/3 4834/1/3
f 4836/1/3 4831/1/3 4830/1/3
f 4836/1/3 4830/1/3 4829/1/3
f 4837/1/3 4831/1/3 4836/1/3
f 4838/1/3 4831/1/3 4837/1/3
f 4841/1/3 4834/1/3 4833/1/3
f 4841/1/3 4833/1/3 4832/1/3
f 4842/1/3 4834/1/3 4841/1/3
f 4843/1/3 4834/1/3 4842/1/3
f 4844/1/3 4839/1/3 4838/1/3
f 4844/1/3 4838/1/3 4837/1/3
f 4845/1/3 4839/1/3 4844/1/3
f 4846/1/3 4839/1/3 4845/1/3
f 4848/1/3 4842/1/3 4841/1/3
f 4848/1/3 4841/1/3 4840/1/3
f 4849/1/3 4842/1/3 4848/1/3
f 4850/1/3 4847/1/3 4846/1/3
f 4850/1/3 4846/1/3 4845/1/3
f 4851/1/3 4847/1/3 4850/1/3
f 4853/1/3 4848/1/3 4840/1/3
f 4854/1/3 4847/1/3 4851/1/3
f 4856/1/3 4853/1/3 4852/1/3
f 4856/1/3 4848/1/3 4853/1/3
f 4857/1/3 4848/1/3 4856/1/3
f 4858/1/3 4855/1/3 4854/1/3
f 4858/1/3 4854/1/3 4851/1/3
f 4859/1/3 4855/1/3 4858/1/3
f 4860/1/3 4856/1/3 4852/1/3
f 4863/1/3 4855/1/3 4859/1/3
f 4864/1/3 4861/1/3 4860/1/3
f 4864/1/3 4860/1/3 4852/1/3
f 4865/1/3 4861/1/3 4864/1/3
f 4866/1/3 4863/1/3 4862/1/3
f 4866/1/3 4855/1/3 4863/1/3
f 4867/1/3 4855/1/3 4866/1/3
f 4868/1/3 4861/1/3 4865/1/3
f 4871/1/3 4866/1/3 4862/1/3
f 4872/1/3 4869/1/3 4868/1/3
f 4872/1/3 4868/1/3 4865/1/3
f 4873/1/3 4869/1/3 4872/1/3
f 4874/1/3 4869/1/3 4873/1/3
f 4877/1/3 4871/1/3 4870/1/3
f 4878/1/3 4866/1/3 4871/1/3
f 4878/1/3 4871/1/3 4877/1/3
f 4879/1/3 4866/1/3 4878/1/3
f 4880/1/3 4875/1/3 4874/1/3
f 4880/1/3 4874/1/3 4873/1/3
f 4881/1/3 4875/1/3 4880/1/3
f 4882/1/3 4875/1/3 4881/1/3
f 4885/1/3 4877/1/3 4876/1/3
f 4885/1/3 4878/1/3 4877/1/3
f 4886/1/3 4878/1/3 4885/1/3
f 4887/1/3 4878/1/3 4886/1/3
f 4888/1/3 4883/1/3 4882/1/3
f 4888/1/3 4882/1/3 4881/1/3
f 4889/1/3 4883/1/3 4888/1/3
f 4890/1/3 4883/1/3 4889/1/3
f 4893/1/3 4886/1/3 4885/1/3
f 4893/1/3 4885/1/3 4884/1/3
f 4894/1/3 4886/1/3 4893/1/3
f 4895/1/3 4886/1/3 4894/1/3
f 4896/1/3 4891/1/3 4890/1/3
f 4896/1/3 4890/1/3 4889/1/3
f 4897/1/3 4891/1/3 4896/1/3
f 4898/1/3 4891/1/3 4897/1/3
f 4901/1/3 4894/1/3 4893/1/3
f 4901/1/3 4893/1/3 4892/1/3
f 4902/1/3 4894/1/3 4901/1/3
f 4903/1/3 4894/1/3 4902/1/3
f 4904/1/3 4899/1/3 4898/1/3
f 4904/1/3 4898/1/3 4897/1/3
f 4905/1/3 4899/1/3 4904/1/3
f 4906/1/3 4899/1/3 4905/1/3
f 4907/1/3 4902/1/3 4901/1/3
f 4907/1/3 4901/1/3 4900/1/3
f 4908/1/3 4902/1/3 4907/1/3
f 4909/1/3 4902/1/3 4908/1/3
f 4910/1/3 4906/1/3 4905/1/3
f 4910/1/3 4908/1/3 4907/1/3
f 4910/1/3 4907/1/3 4906/1/3
f 4911/1/3 4908/1/3 4910/1/3
f 4915/1/3 4913/1/3 4912/1/3
f 4916/1/3 4913/1/3 4915/1/3
f 4919/1/3 4915/1/3 4914/1/3
f 4919/1/3 4917/1/3 4916/1/3
f 4919/1/3 4916/1/3 4915/1/3
f 4920/1/3 4917/1/3 4919/1/3
f 4921/1/3 4917/1/3 4920/1/3
f 4922/1/3 4917/1/3 4921/1/3
f 4925/1/3 4919/1/3 4918/1/3
f 4925/1/3 4920/1/3 4919/1/3
f 4926/1/3 4920/1/3 4925/1/3
f 4927/1/3 4920/1/3 4926/1/3
f 4928/1/3 4922/1/3 4921/1/3
f 4928/1/3 4923/1/3 4922/1/3
f 4929/1/3 4923/1/3 4928/1/3
f 4930/1/3 4923/1/3 4929/1/3
f 4933/1/3 4926/1/3 4925/1/3
f 4933/1/3 4925/1/3 4924/1/3
f 4934/1/3 4926/1/3 4933/1/3
f 4935/1/3 4926/1/3 4934/1/3
f 4936/1/3 4931/1/3 4930/1/3
f 4936/1/3 4930/1/3 4929/1/3
f 4937/1/3 4931/1/3 4936/1/3
f 4938/1/3 4931/1/3 4937/1/3
f 4941/4/3 4933/4/3 4932/4/3
f 4942/1/3 4934/1/3 4933/1/3
f 4942/4/3 4933/4/3 4941/4/3
f 4943/1/3 4934/1/3 4942/1/3
f 4944/1/3 4939/1/3 4938/1/3
f 4944/1/3 4938/1/3 4937/1/3
f 4945/1/3 4939/1/3 4944/1/3
f 4946/1/3 4939/1/3 4945/1/3
f 4949/1/3 4941/1/3 4940/1/3
f 4949/1/3 4942/1/3 4941/1/3
f 4950/1/3 4942/1/3 4949/1/3
f 4951/1/3 4942/1/3 4950/1/3
f 4952/1/3 4946/1/3 4945/1/3
f 4953/4/3 4947/4/3 4946/4/3
f 4953/1/3 4946/1/3 4952/1/3
f 4954/4/3 4947/4/3 4953/4/3
f 4956/1/3 4949/1/3 4948/1/3
f 4956/1/3 4950/1/3 4949/1/3
f 4957/1/3 4950/1/3 4956/1/3
f 4958/1/3 4955/1/3 4954/1/3
f 4958/1/3 4954/1/3 4953/1/3
f 4959/1/3 4955/1/3 4958/1/3
f 4961/1/3 4956/1/3 4948/1/3
f 4962/1/3 4955/1/3 4959/1/3
f 4964/1/3 4961/1/3 4960/1/3
f 4964/1/3 4956/1/3 4961/1/3
f 4965/1/3 4956/1/3 4964/1/3
f 4966/1/3 4963/1/3 4962/1/3
f 4966/1/3 4962/1/3 4959/1/3
f 4967/1/3 4963/1/3 4966/1/3
f 4968/1/3 4963/1/3 4967/1/3
f 4969/4/3 4968/4/3 4967/4/3
f 4970/4/3 4968/4/3 4969/4/3
f 4972/1/3 4964/1/3 4960/1/3
f 4973/1/3 4970/1/3 4969/1/3
f 4975/1/3 4973/1/3 4969/1/3
f 4975/1/3 4974/1/3 4973/1/3
f 4976/1/3 4974/1/3 4975/1/3
f 4977/1/3 4972/1/3 4971/1/3
f 4978/1/3 4964/1/3 4972/1/3
f 4978/1/3 4972/1/3 4977/1/3
f 4979/4/3 4976/4/3 4975/4/3
f 4980/4/3 4976/4/3 4979/4/3
f 4981/4/3 4978/4/3 4977/4/3
f 4982/1/3 4964/1/3 4978/1/3
f 4982/4/3 4978/4/3 4981/4/3
f 4983/1/3 4980/1/3 4979/1/3
f 4984/1/3 4980/1/3 4983/1/3
f 4985/1/3 4964/1/3 4982/1/3
f 4988/1/3 4983/1/3 4979/1/3
f 4989/1/3 4986/1/3 4985/1/3
f 4989/1/3 4985/1/3 4982/1/3
f 4990/1/3 4986/1/3 4989/1/3
f 4991/1/3 4988/1/3 4987/1/3
f 4991/1/3 4983/1/3 4988/1/3
f 4992/1/3 4983/1/3 4991/1/3
f 4993/1/3 4986/1/3 4990/1/3
f 4996/1/3 4991/1/3 4987/1/3
f 4997/1/3 4994/1/3 4993/1/3
f 4997/1/3 4993/1/3 4990/1/3
f 4998/1/3 4994/1/3 4997/1/3
f 4999/1/3 4994/1/3 4998/1/3
f 5002/1/3 4996/1/3 4995/1/3
f 5003/1/3 4991/1/3 4996/1/3
f 5003/1/3 4996/1/3 5002/1/3
f 5004/1/3 4991/1/3 5003/1/3
f 5005/1/3 5000/1/3 4999/1/3
f 5005/1/3 4999/1/3 4998/1/3
f 5006/1/3 5000/1/3 5005/1/3
f 5007/1/3 5000/1/3 5006/1/3
f 5010/1/3 5002/1/3 5001/1/3
f 5010/1/3 5003/1/3 5002/1/3
f 5011/1/3 5003/1/3 5010/1/3
f 5012/1/3 5003/1/3 5011/1/3
f 5013/1/3 5008/1/3 5007/1/3
f 5013/1/3 5007/1/3 5006/1/3
f 5014/1/3 5008/1/3 5013/1/3
f 5015/1/3 5008/1/3 5014/1/3
f 5018/1/3 5011/1/3 5010/1/3
f 5018/1/3 5010/1/3 5009/1/3
f 5019/1/3 5011/1/3 5018/1/3
f 5020/1/3 5011/1/3 5019/1/3
f 5021/1/3 5016/1/3 5015/1/3
f 5021/1/3 5015/1/3 5014/1/3
f 5022/1/3 5016/1/3 5021/1/3
f 5023/1/3 5016/1/3 5022/1/3
f 5026/1/3 5019/1/3 5018/1/3
f 5026/1/3 5018/1/3 5017/1/3
f 5027/1/3 5019/1/3 5026/1/3
f 5028/1/3 5019/1/3 5027/1/3
f 5029/1/3 5024/1/3 5023/1/3
f 5029/1/3 5023/1/3 5022/1/3
f 5030/1/3 5024/1/3 5029/1/3
f 5031/1/3 5024/1/3 5030/1/3
f 5034/1/3 5027/1/3 5026/1/3
f 5034/1/3 5026/1/3 5025/1/3
f 5035/1/3 5027/1/3 5034/1/3
f 5036/1/3 5027/1/3 5035/1/3
f 5037/4/3 5031/4/3 5030/4/3
f 5038/1/3 5032/1/3 5031/1/3
f 5038/4/3 5031/4/3 5037/4/3
f 5039/1/3 5032/1/3 5038/1/3
f 5040/1/3 5034/1/3 5033/1/3
f 5041/4/3 5035/4/3 5034/4/3
f 5041/1/3 5034/1/3 5040/1/3
f 5042/4/3 5035/4/3 5041/4/3
f 5043/1/3 5032/1/3 5039/1/3
f 5044/4/3 5033/4/3 5032/4/3
f 5044/1/3 5032/1/3 5043/1/3
f 5045/1/3 5040/1/3 5033/1/3
f 5045/4/3 5033/4/3 5044/4/3
f 5046/1/3 5040/1/3 5045/1/3
f 5053/1/3 5048/1/3 5047/1/3
f 5054/1/3 5048/1/3 5053/1/3
f 5055/4/3 5049/4/3 5048/4/3
f 5055/1/3 5048/1/3 5054/1/3
f 5056/1/3 5050/1/3 5049/1/3
f 5056/4/3 5049/4/3 5055/4/3
f 5057/1/3 5050/1/3 5056/1/3
f 5058/1/3 5050/1/3 5057/1/3
f 5062/1/3 5052/1/3 5051/1/3
f 5063/1/3 5052/1/3 5062/1/3
f 5064/4/3 5053/4/3 5052/4/3
f 5064/1/3 5052/1/3 5063/1/3
f 5065/1/3 5054/1/3 5053/1/3
f 5065/4/3 5053/4/3 5064/4/3
f 5066/1/3 5054/1/3 5065/1/3
f 5067/1/3 5058/1/3 5057/1/3
f 5067/1/3 5059/1/3 5058/1/3
f 5068/4/3 5060/4/3 5059/4/3
f 5068/1/3 5059/1/3 5067/1/3
f 5069/4/3 5060/4/3 5068/4/3
f 5072/1/3 5063/1/3 5062/1/3
f 5072/1/3 5062/1/3 5061/1/3
f 5073/1/3 5063/1/3 5072/1/3
f 5074/1/3 5063/1/3 5073/1/3
f 5075/1/3 5070/1/3 5069/1/3
f 5075/1/3 5069/1/3 5068/1/3
f 5076/1/3 5070/1/3 5075/1/3
f 5077/1/3 5070/1/3 5076/1/3
f 5080/1/3 5073/1/3 5072/1/3
f 5080/1/3 5072/1/3 5071/1/3
f 5081/1/3 5073/1/3 5080/1/3
f 5082/1/3 5073/1/3 5081/1/3
f 5083/1/3 5078/1/3 5077/1/3
f 5083/1/3 5077/1/3 5076/1/3
f 5084/1/3 5078/1/3 5083/1/3
f 5085/1/3 5078/1/3 5084/1/3
f 5088/4/3 5081/4/3 5080/4/3
f 5088/4/3 5080/4/3 5079/4/3
f 5089/4/3 5081/4/3 5088/4/3
f 5090/4/3 5081/4/3 5089/4/3
f 5091/1/3 5086/1/3 5085/1/3
f 5091/1/3 5085/1/3 5084/1/3
f 5092/1/3 5086/1/3 5091/1/3
f 5093/1/3 5086/1/3 5092/1/3
f 5096/1/3 5089/1/3 5088/1/3
f 5096/1/3 5088/1/3 5087/1/3
f 5097/1/3 5089/1/3 5096/1/3
f 5098/1/3 5089/1/3 5097/1/3
f 5099/1/3 5093/1/3 5092/1/3
f 5100/4/3 5094/4/3 5093/4/3
f 5100/1/3 5093/1/3 5099/1/3
f 5101/4/3 5094/4/3 5100/4/3
f 5103/1/3 5096/1/3 5095/1/3
f 5103/1/3 5097/1/3 5096/1/3
f 5104/1/3 5097/1/3 5103/1/3
f 5105/1/3 5101/1/3 5100/1/3
f 5106/5/3 5102/5/3 5101/5/3
f 5106/1/3 5101/1/3 5105/1/3
f 5108/1/3 5103/1/3 5095/1/3
f 5109/5/3 5102/5/3 5106/5/3
f 5110/5/3 5102/5/3 5109/5/3
f 5112/1/3 5108/1/3 5107/1/3
f 5112/1/3 5103/1/3 5108/1/3
f 5113/1/3 5103/1/3 5112/1/3
f 5114/1/3 5110/1/3 5109/1/3
f 5115/5/3 5111/5/3 5110/5/3
f 5115/1/3 5110/1/3 5114/1/3
f 5116/5/3 5111/5/3 5115/5/3
f 5117/1/3 5112/1/3 5107/1/3
f 5118/1/3 5112/1/3 5117/1/3
f 5119/4/3 5116/4/3 5115/4/3
f 5121/4/3 5118/4/3 5117/4/3
f 5122/4/3 5118/4/3 5121/4/3
f 5123/4/3 5116/4/3 5119/4/3
f 5124/4/3 5116/4/3 5123/4/3
f 5126/1/3 5121/1/3 5120/1/3
f 5127/5/3 5122/5/3 5121/5/3
f 5127/1/3 5121/1/3 5126/1/3
f 5128/5/3 5122/5/3 5127/5/3
f 5129/1/3 5124/1/3 5123/1/3
f 5130/5/3 5125/5/3 5124/5/3
f 5130/1/3 5124/1/3 5129/1/3
f 5131/5/3 5125/5/3 5130/5/3
f 5132/1/3 5131/1/3 5130/1/3
f 5133/1/3 5131/1/3 5132/1/3
f 5134/5/3 5127/5/3 5126/5/3
f 5135/5/3 5127/5/3 5134/5/3
f 5136/4/3 5133/4/3 5132/4/3
f 5137/4/3 5133/4/3 5136/4/3
f 5138/4/3 5135/4/3 5134/4/3
f 5139/4/3 5135/4/3 5138/4/3
f 5142/1/3 5137/1/3 5136/1/3
f 5143/5/3 5139/5/3 5138/5/3
f 5144/1/3 5140/1/3 5139/1/3
f 5144/5/3 5139/5/3 5143/5/3
f 5145/1/3 5142/1/3 5141/1/3
f 5145/1/3 5137/1/3 5142/1/3
f 5146/1/3 5137/1/3 5145/1/3
f 5147/1/3 5140/1/3 5144/1/3
f 5148/1/3 5140/1/3 5147/1/3
f 5151/1/3 5145/1/3 5141/1/3
f 5152/1/3 5145/1/3 5151/1/3
f 5153/4/3 5149/4/3 5148/4/3
f 5153/4/3 5148/4/3 5147/4/3
f 5154/4/3 5149/4/3 5153/4/3
f 5155/4/3 5152/4/3 5151/4/3
f 5155/4/3 5151/4/3 5150/4/3
f 5156/4/3 5152/4/3 5155/4/3
f 5157/4/3 5149/4/3 5154/4/3
f 5158/4/3 5149/4/3 5157/4/3
f 5161/4/3 5155/4/3 5150/4/3
f 5162/4/3 5155/4/3 5161/4/3
f 5163/1/3 5159/1/3 5158/1/3
f 5163/1/3 5158/1/3 5157/1/3
f 5164/1/3 5159/1/3 5163/1/3
f 5165/1/3 5159/1/3 5164/1/3
f 5168/1/3 5162/1/3 5161/1/3
f 5168/1/3 5161/1/3 5160/1/3
f 5169/1/3 5162/1/3 5168/1/3
f 5170/1/3 5162/1/3 5169/1/3
f 5171/1/3 5166/1/3 5165/1/3
f 5171/1/3 5165/1/3 5164/1/3
f 5172/1/3 5166/1/3 5171/1/3
f 5173/1/3 5166/1/3 5172/1/3
f 5176/1/3 5169/1/3 5168/1/3
f 5176/1/3 5168/1/3 5167/1/3
f 5177/1/3 5169/1/3 5176/1/3
f 5178/1/3 5169/1/3 5177/1/3
f 5179/4/3 5174/4/3 5173/4/3
f 5179/4/3 5173/4/3 5172/4/3
f 5180/4/3 5174/4/3 5179/4/3
f 5181/4/3 5174/4/3 5180/4/3
f 5184/1/3 5177/1/3 5176/1/3
f 5184/1/3 5176/1/3 5175/1/3
f 5185/1/3 5177/1/3 5184/1/3
f 5186/1/3 5177/1/3 5185/1/3
f 5187/1/3 5182/1/3 5181/1/3
f 5187/1/3 5181/1/3 5180/1/3
f 5188/1/3 5182/1/3 5187/1/3
f 5189/1/3 5182/1/3 5188/1/3
f 5192/1/3 5184/1/3 5183/1/3
f 5193/4/3 5185/4/3 5184/4/3
f 5193/1/3 5184/1/3 5192/1/3
f 5194/4/3 5185/4/3 5193/4/3
f 5195/1/3 5190/1/3 5189/1/3
f 5195/1/3 5189/1/3 5188/1/3
f 5196/1/3 5190/1/3 5195/1/3
f 5197/1/3 5190/1/3 5196/1/3
f 5202/1/3 5192/1/3 5191/1/3
f 5202/1/3 5193/1/3 5192/1/3
f 5203/1/3 5193/1/3 5202/1/3
f 5204/1/3 5193/1/3 5203/1/3
f 5205/1/3 5197/1/3 5196/1/3
f 5206/4/3 5198/4/3 5197/4/3
f 5206/1/3 5197/1/3 5205/1/3
f 5207/1/3 5199/1/3 5198/1/3
f 5207/4/3 5198/4/3 5206/4/3
f 5208/1/3 5199/1/3 5207/1/3
f 5209/1/3 5199/1/3 5208/1/3
f 5212/1/3 5201/1/3 5200/1/3
f 5213/1/3 5201/1/3 5212/1/3
f 5214/4/3 5203/4/3 5202/4/3
f 5214/1/3 5201/1/3 5213/1/3
f 5214/4/3 5202/4/3 5201/4/3
f 5215/4/3 5203/4/3 5214/4/3
f 5216/1/3 5210/1/3 5209/1/3
f 5216/1/3 5209/1/3 5208/1/3
f 5217/4/3 5211/4/3 5210/4/3
f 5217/1/3 5210/1/3 5216/1/3
f 5218/1/3 5213/1/3 5212/1/3
f 5218/4/3 5211/4/3 5217/4/3
f 5218/1/3 5212/1/3 5211/1/3
f 5219/1/3 5213/1/3 5218/1/3
f 5226/1/3 5221/1/3 5220/1/3
f 5227/4/3 5222/4/3 5221/4/3
f 5227/1/3 5221/1/3 5226/1/3
f 5228/1/3 5223/1/3 5222/1/3
f 5228/4/3 5222/4/3 5227/4/3
f 5229/1/3 5223/1/3 5228/1/3
f 5233/1/3 5225/1/3 5224/1/3
f 5234/4/3 5226/4/3 5225/4/3
f 5234/1/3 5225/1/3 5233/1/3
f 5235/4/3 5226/4/3 5234/4/3
f 5236/4/3 5226/4/3 5235/4/3
f 5237/1/3 5230/1/3 5229/1/3
f 5238/4/3 5231/4/3 5230/4/3
f 5238/1/3 5230/1/3 5237/1/3
f 5239/4/3 5231/4/3 5238/4/3
f 5242/1/3 5233/1/3 5232/1/3
f 5243/1/3 5233/1/3 5242/1/3
f 5244/5/3 5240/5/3 5239/5/3
f 5245/5/3 5240/5/3 5244/5/3
f 5248/1/3 5242/1/3 5241/1/3
f 5249/1/3 5242/1/3 5248/1/3
f 5250/5/3 5246/5/3 5245/5/3
f 5251/5/3 5246/5/3 5250/5/3
f 5254/4/3 5248/4/3 5247/4/3
f 5255/4/3 5248/4/3 5254/4/3
f 5256/5/3 5252/5/3 5251/5/3
f 5257/5/3 5252/5/3 5256/5/3
f 5260/1/3 5254/1/3 5253/1/3
f 5261/1/3 5254/1/3 5260/1/3
f 5262/4/3 5258/4/3 5257/4/3
f 5263/4/3 5258/4/3 5262/4/3
f 5266/1/3 5260/1/3 5259/1/3
f 5267/1/3 5260/1/3 5266/1/3
f 5268/5/3 5264/5/3 5263/5/3
f 5269/5/3 5264/5/3 5268/5/3
f 5272/1/3 5266/1/3 5265/1/3
f 5273/1/3 5266/1/3 5272/1/3
f 5274/5/3 5270/5/3 5269/5/3
f 5275/5/3 5270/5/3 5274/5/3
f 5277/1/3 5276/1/3 5275/1/3
f 5278/1/3 5276/1/3 5277/1/3
f 5279/1/3 5272/1/3 5271/1/3
f 5280/1/3 5272/1/3 5279/1/3
f 5281/4/3 5278/4/3 5277/4/3
f 5282/4/3 5278/4/3 5281/4/3
f 5284/4/3 5280/4/3 5279/4/3
f 5285/4/3 5280/4/3 5284/4/3
f 5286/1/3 5282/1/3 5281/1/3
f 5287/1/3 5282/1/3 5286/1/3
f 5289/1/3 5284/1/3 5283/1/3
f 5290/1/3 5288/1/3 5287/1/3
f 5291/1/3 5288/1/3 5290/1/3
f 5292/1/3 5288/1/3 5291/1/3
f 5293/1/3 5289/1/3 5283/1/3
f 5294/1/3 5289/1/3 5293/1/3
f 5295/4/3 5292/4/3 5291/4/3
f 5296/4/3 5294/4/3 5293/4/3
f 5297/4/3 5294/4/3 5296/4/3
f 5298/4/3 5292/4/3 5295/4/3
f 5299/4/3 5292/4/3 5298/4/3
f 5300/1/3 5297/1/3 5296/1/3
f 5301/1/3 5297/1/3 5300/1/3
f 5304/1/3 5299/1/3 5298/1/3
f 5305/1/3 5299/1/3 5304/1/3
f 5306/5/3 5302/5/3 5301/5/3
f 5307/1/3 5304/1/3 5303/1/3
f 5308/5/3 5306/5/3 5301/5/3
f 5309/5/3 5306/5/3 5308/5/3
f 5312/1/3 5304/1/3 5307/1/3
f 5313/1/3 5304/1/3 5312/1/3
f 5314/4/3 5310/4/3 5309/4/3
f 5315/4/3 5310/4/3 5314/4/3
f 5316/4/3 5312/4/3 5311/4/3
f 5317/4/3 5312/4/3 5316/4/3
f 5318/5/3 5315/5/3 5314/5/3
f 5319/5/3 5315/5/3 5318/5/3
f 5322/1/3 5317/1/3 5316/1/3
f 5323/1/3 5317/1/3 5322/1/3
f 5324/1/3 5320/1/3 5319/1/3
f 5325/1/3 5320/1/3 5324/1/3
f 5328/1/3 5322/1/3 5321/1/3
f 5329/1/3 5322/1/3 5328/1/3
f 5330/1/3 5326/1/3 5325/1/3
f 5331/1/3 5326/1/3 5330/1/3
f 5334/1/3 5328/1/3 5327/1/3
f 5335/1/3 5328/1/3 5334/1/3
f 5336/4/3 5332/4/3 5331/4/3
f 5337/4/3 5332/4/3 5336/4/3
f 5340/4/3 5334/4/3 5333/4/3
f 5341/4/3 5334/4/3 5340/4/3
f 5342/1/3 5338/1/3 5337/1/3
f 5343/1/3 5338/1/3 5342/1/3
f 5346/1/3 5340/1/3 5339/1/3
f 5347/1/3 5340/1/3 5346/1/3
f 5348/1/3 5344/1/3 5343/1/3
f 5349/1/3 5344/1/3 5348/1/3
f 5356/1/3 5346/1/3 5345/1/3
f 5357/1/3 5346/1/3 5356/1/3
f 5358/1/3 5350/1/3 5349/1/3
f 5359/4/3 5351/4/3 5350/4/3
f 5359/1/3 5350/1/3 5358/1/3
f 5360/1/3 5352/1/3 5351/1/3
f 5360/4/3 5351/4/3 5359/4/3
f 5361/1/3 5352/1/3 5360/1/3
f 5364/1/3 5355/1/3 5354/1/3
f 5364/1/3 5354/1/3 5353/1/3
f 5365/4/3 5356/4/3 5355/4/3
f 5365/1/3 5355/1/3 5364/1/3
f 5366/4/3 5356/4/3 5365/4/3
f 5367/1/3 5362/1/3 5361/1/3
f 5368/4/3 5363/4/3 5362/4/3
f 5368/1/3 5362/1/3 5367/1/3
f 5369/1/3 5364/1/3 5363/1/3
f 5369/4/3 5363/4/3 5368/4/3
f 5370/1/3 5364/1/3 5369/1/3
f 5378/1/3 5372/1/3 5371/1/3
f 5379/4/3 5373/4/3 5372/4/3
f 5379/1/3 5372/1/3 5378/1/3
f 5380/1/3 5374/1/3 5373/1/3
f 5380/4/3 5373/4/3 5379/4/3
f 5381/1/3 5374/1/3 5380/1/3
f 5386/4/3 5376/4/3 5375/4/3
f 5387/4/3 5376/4/3 5386/4/3
f 5388/1/3 5377/1/3 5376/1/3
f 5388/4/3 5376/4/3 5387/4/3
f 5389/1/3 5377/1/3 5388/1/3
f 5390/1/3 5383/1/3 5382/1/3
f 5391/4/3 5384/4/3 5383/4/3
f 5391/1/3 5383/1/3 5390/1/3
f 5392/4/3 5384/4/3 5391/4/3
f 5396/1/3 5386/1/3 5385/1/3
f 5397/1/3 5386/1/3 5396/1/3
f 5398/5/3 5393/5/3 5392/5/3
f 5399/1/3 5394/1/3 5393/1/3
f 5399/5/3 5393/5/3 5398/5/3
f 5400/1/3 5394/1/3 5399/1/3
f 5404/1/3 5396/1/3 5395/1/3
f 5405/1/3 5396/1/3 5404/1/3
f 5406/1/3 5401/1/3 5400/1/3
f 5407/1/3 5401/1/3 5406/1/3
f 5410/4/3 5403/4/3 5402/4/3
f 5411/1/3 5404/1/3 5403/1/3
f 5411/4/3 5403/4/3 5410/4/3
f 5412/1/3 5404/1/3 5411/1/3
f 5413/1/3 5408/1/3 5407/1/3
f 5414/1/3 5408/1/3 5413/1/3
f 5415/1/3 5408/1/3 5414/1/3
f 5417/1/3 5410/1/3 5409/1/3
f 5417/4/3 5411/4/3 5410/4/3
f 5418/4/3 5411/4/3 5417/4/3
f 5419/1/3 5415/1/3 5414/1/3
f 5420/4/3 5416/4/3 5415/4/3
f 5420/1/3 5415/1/3 5419/1/3
f 5422/1/3 5417/1/3 5409/1/3
f 5423/1/3 5417/1/3 5422/1/3
f 5424/4/3 5416/4/3 5420/4/3
f 5425/4/3 5416/4/3 5424/4/3
f 5428/1/3 5422/1/3 5421/1/3
f 5429/1/3 5422/1/3 5428/1/3
f 5430/1/3 5426/1/3 5425/1/3
f 5431/1/3 5426/1/3 5430/1/3
f 5434/1/3 5428/1/3 5427/1/3
f 5435/1/3 5428/1/3 5434/1/3
f 5436/1/3 5432/1/3 5431/1/3
f 5437/1/3 5432/1/3 5436/1/3
f 5439/4/3 5438/4/3 5437/4/3
f 5440/1/3 5434/1/3 5433/1/3
f 5441/1/3 5434/1/3 5440/1/3
f 5442/4/3 5438/4/3 5439/4/3
f 5443/4/3 5438/4/3 5442/4/3
f 5444/4/3 5441/4/3 5440/4/3
f 5445/4/3 5441/4/3 5444/4/3
f 5446/1/3 5443/1/3 5442/1/3
f 5447/1/3 5443/1/3 5446/1/3
f 5452/1/3 5451/1/3 5450/1/3
f 5453/1/3 5451/1/3 5452/1/3
f 5454/1/3 5449/1/3 5448/1/3
f 5455/1/3 5449/1/3 5454/1/3
f 5456/4/3 5455/4/3 5454/4/3
f 5457/4/3 5455/4/3 5456/4/3
f 5458/4/3 5453/4/3 5452/4/3
f 5459/4/3 5453/4/3 5458/4/3
f 5464/1/3 5461/1/3 5460/1/3
f 5465/1/3 5461/1/3 5464/1/3
f 5468/1/3 5463/1/3 5462/1/3
f 5469/1/3 5463/1/3 5468/1/3
f 5470/4/3 5466/4/3 5465/4/3
f 5471/4/3 5468/4/3 5467/4/3
f 5472/4/3 5470/4/3 5465/4/3
f 5473/4/3 5470/4/3 5472/4/3
f 5476/4/3 5468/4/3 5471/4/3
f 5477/4/3 5468/4/3 5476/4/3
f 5478/5/3 5474/5/3 5473/5/3
f 5479/5/3 5474/5/3 5478/5/3
f 5482/1/3 5476/1/3 5475/1/3
f 5483/1/3 5476/1/3 5482/1/3
f 5484/1/3 5480/1/3 5479/1/3
f 5487/1/3 5482/1/3 5481/1/3
f 5488/1/3 5484/1/3 5479/1/3
f 5489/4/3 5485/4/3 5484/4/3
f 5489/1/3 5484/1/3 5488/1/3
f 5490/4/3 5485/4/3 5489/4/3
f 5493/1/3 5487/1/3 5486/1/3
f 5494/1/3 5482/1/3 5487/1/3
f 5494/1/3 5487/1/3 5493/1/3
f 5495/1/3 5482/1/3 5494/1/3
f 5496/4/3 5490/4/3 5489/4/3
f 5497/1/3 5491/1/3 5490/1/3
f 5497/4/3 5490/4/3 5496/4/3
f 5498/1/3 5491/1/3 5497/1/3
f 5501/4/3 5493/4/3 5492/4/3
f 5501/4/3 5494/4/3 5493/4/3
f 5502/4/3 5494/4/3 5501/4/3
f 5503/1/3 5499/1/3 5498/1/3
f 5504/1/3 5499/1/3 5503/1/3
f 5508/1/3 5501/1/3 5500/1/3
f 5509/1/3 5501/1/3 5508/1/3
f 5510/1/3 5505/1/3 5504/1/3
f 5511/1/3 5505/1/3 5510/1/3
f 5517/4/3 5507/4/3 5506/4/3
f 5518/1/3 5508/1/3 5507/1/3
f 5518/4/3 5507/4/3 5517/4/3
f 5519/1/3 5508/1/3 5518/1/3
f 5520/1/3 5512/1/3 5511/1/3
f 5521/4/3 5513/4/3 5512/4/3
f 5521/1/3 5512/1/3 5520/1/3
f 5522/5/3 5514/5/3 5513/5/3
f 5522/4/3 5513/4/3 5521/4/3
f 5523/5/3 5514/5/3 5522/5/3
f 5528/1/3 5516/1/3 5515/1/3
f 5529/4/3 5517/4/3 5516/4/3
f 5529/1/3 5516/1/3 5528/1/3
f 5530/4/3 5517/4/3 5529/4/3
f 5531/5/3 5525/5/3 5524/5/3
f 5532/4/3 5526/4/3 5525/4/3
f 5532/5/3 5525/5/3 5531/5/3
f 5533/5/3 5527/5/3 5526/5/3
f 5533/4/3 5526/4/3 5532/4/3
f 5534/5/3 5527/5/3 5533/5/3
f 5541/1/3 5536/1/3 5535/1/3
f 5542/1/3 5536/1/3 5541/1/3
f 5543/1/3 5536/1/3 5542/1/3
f 5544/1/3 5538/1/3 5537/1/3
f 5545/1/3 5538/1/3 5544/1/3
f 5549/1/3 5540/1/3 5539/1/3
f 5550/1/3 5540/1/3 5549/1/3
f 5551/1/3 5547/1/3 5546/1/3
f 5552/1/3 5547/1/3 5551/1/3
f 5553/1/3 5547/1/3 5552/1/3
f 5556/1/3 5549/1/3 5548/1/3
f 5557/1/3 5549/1/3 5556/1/3
f 5558/1/3 5554/1/3 5553/1/3
f 5559/1/3 5554/1/3 5558/1/3
f 5562/1/3 5556/1/3 5555/1/3
f 5563/1/3 5556/1/3 5562/1/3
f 5564/1/3 5556/1/3 5563/1/3
f 5565/1/3 5560/1/3 5559/1/3
f 5566/1/3 5560/1/3 5565/1/3
f 5569/4/3 5562/4/3 5561/4/3
f 5570/4/3 5562/4/3 5569/4/3
f 5571/1/3 5567/1/3 5566/1/3
f 5572/1/3 5567/1/3 5571/1/3
f 5574/4/3 5573/4/3 5572/4/3
f 5575/4/3 5573/4/3 5574/4/3
f 5577/1/3 5569/1/3 5568/1/3
f 5578/1/3 5569/1/3 5577/1/3
f 5579/1/3 5575/1/3 5574/1/3
f 5580/1/3 5575/1/3 5579/1/3
f 5583/1/3 5577/1/3 5576/1/3
f 5584/1/3 5577/1/3 5583/1/3
f 5585/1/3 5581/1/3 5580/1/3
f 5586/1/3 5581/1/3 5585/1/3
f 5588/1/3 5583/1/3 5582/1/3
f 5589/1/3 5583/1/3 5588/1/3
f 5590/1/3 5587/1/3 5586/1/3
f 5591/1/3 5587/1/3 5590/1/3
f 5596/1/3 5593/1/3 5592/1/3
f 5597/1/3 5593/1/3 5596/1/3
f 5598/1/3 5595/1/3 5594/1/3
f 5599/4/3 5597/4/3 5596/4/3
f 5600/4/3 5597/4/3 5599/4/3
f 5601/1/3 5600/1/3 5599/1/3
f 5602/1/3 5600/1/3 5601/1/3
f 5603/1/3 5595/1/3 5598/1/3
f 5604/1/3 5595/1/3 5603/1/3
f 5609/4/3 5606/4/3 5605/4/3
f 5610/4/3 5606/4/3 5609/4/3
f 5611/1/3 5610/1/3 5609/1/3
f 5612/1/3 5610/1/3 5611/1/3
f 5613/1/3 5608/1/3 5607/1/3
f 5614/1/3 5608/1/3 5613/1/3
f 5619/1/3 5616/1/3 5615/1/3
f 5620/1/3 5616/1/3 5619/1/3
f 5621/1/3 5618/1/3 5617/1/3
f 5622/1/3 5618/1/3 5621/1/3
f 5623/4/3 5620/4/3 5619/4/3
f 5624/4/3 5620/4/3 5623/4/3
f 5627/4/3 5622/4/3 5621/4/3
f 5628/4/3 5622/4/3 5627/4/3
f 5629/1/3 5625/1/3 5624/1/3
f 5630/1/3 5625/1/3 5629/1/3
f 5633/1/3 5627/1/3 5626/1/3
f 5634/1/3 5627/1/3 5633/1/3
f 5635/5/3 5631/5/3 5630/5/3
f 5636/5/3 5631/5/3 5635/5/3
f 5639/1/3 5633/1/3 5632/1/3
f 5640/1/3 5633/1/3 5639/1/3
f 5641/1/3 5637/1/3 5636/1/3
f 5642/1/3 5637/1/3 5641/1/3
f 5647/1/3 5639/1/3 5638/1/3
f 5648/1/3 5639/1/3 5647/1/3
f 5649/4/3 5643/4/3 5642/4/3
f 5650/1/3 5644/1/3 5643/1/3
f 5650/4/3 5643/4/3 5649/4/3
f 5651/1/3 5644/1/3 5650/1/3
f 5654/1/3 5646/1/3 5645/1/3
f 5655/4/3 5647/4/3 5646/4/3
f 5655/1/3 5646/1/3 5654/1/3
f 5656/4/3 5647/4/3 5655/4/3
f 5657/1/3 5652/1/3 5651/1/3
f 5658/1/3 5652/1/3 5657/1/3
f 5662/1/3 5654/1/3 5653/1/3
f 5663/1/3 5654/1/3 5662/1/3
f 5664/1/3 5659/1/3 5658/1/3
f 5665/1/3 5659/1/3 5664/1/3
f 5671/4/3 5661/4/3 5660/4/3
f 5672/1/3 5662/1/3 5661/1/3
f 5672/4/3 5661/4/3 5671/4/3
f 5673/1/3 5662/1/3 5672/1/3
f 5674/4/3 5667/4/3 5666/4/3
f 5675/1/3 5668/1/3 5667/1/3
f 5675/4/3 5667/4/3 5674/4/3
f 5676/1/3 5668/1/3 5675/1/3
f 5677/5/3 5670/5/3 5669/5/3
f 5678/5/3 5670/5/3 5677/5/3
f 5685/1/3 5680/1/3 5679/1/3
f 5686/4/3 5681/4/3 5680/4/3
f 5686/1/3 5680/1/3 5685/1/3
f 5687/1/3 5682/1/3 5681/1/3
f 5687/4/3 5681/4/3 5686/4/3
f 5688/1/3 5682/1/3 5687/1/3
f 5694/4/3 5684/4/3 5683/4/3
f 5695/4/3 5684/4/3 5694/4/3
f 5696/4/3 5684/4/3 5695/4/3
f 5697/4/3 5690/4/3 5689/4/3
f 5698/1/3 5691/1/3 5690/1/3
f 5698/4/3 5690/4/3 5697/4/3
f 5699/1/3 5691/1/3 5698/1/3
f 5703/1/3 5693/1/3 5692/1/3
f 5704/1/3 5693/1/3 5703/1/3
f 5705/1/3 5701/1/3 5700/1/3
f 5706/1/3 5701/1/3 5705/1/3
f 5710/1/3 5703/1/3 5702/1/3
f 5711/1/3 5703/1/3 5710/1/3
f 5712/1/3 5707/1/3 5706/1/3
f 5713/1/3 5707/1/3 5712/1/3
f 5717/4/3 5709/4/3 5708/4/3
f 5718/4/3 5709/4/3 5717/4/3
f 5719/1/3 5715/1/3 5714/1/3
f 5720/1/3 5715/1/3 5719/1/3
f 5722/1/3 5717/1/3 5716/1/3
f 5723/1/3 5717/1/3 5722/1/3
f 5724/4/3 5721/4/3 5720/4/3
f 5725/4/3 5721/4/3 5724/4/3
f 5731/1/3 5727/1/3 5726/1/3
f 5732/1/3 5727/1/3 5731/1/3
f 5733/1/3 5729/1/3 5728/1/3
f 5734/1/3 5729/1/3 5733/1/3
f 5736/1/3 5731/1/3 5730/1/3
f 5737/1/3 5731/1/3 5736/1/3
f 5738/1/3 5735/1/3 5734/1/3
f 5739/1/3 5735/1/3 5738/1/3
f 5744/1/3 5743/1/3 5742/1/3
f 5745/1/3 5743/1/3 5744/1/3
f 5746/1/3 5741/1/3 5740/1/3
f 5747/1/3 5741/1/3 5746/1/3
f 5748/4/3 5745/4/3 5744/4/3
f 5749/4/3 5745/4/3 5748/4/3
f 5754/1/3 5751/1/3 5750/1/3
f 5755/1/3 5754/1/3 5750/1/3
f 5756/1/3 5754/1/3 5755/1/3
f 5757/1/3 5753/1/3 5752/1/3
f 5758/1/3 5753/1/3 5757/1/3
f 5759/4/3 5758/4/3 5757/4/3
f 5760/4/3 5758/4/3 5759/4/3
f 5761/4/3 5756/4/3 5755/4/3
f 5762/4/3 5756/4/3 5761/4/3
f 5763/1/3 5762/1/3 5761/1/3
f 5764/1/3 5762/1/3 5763/1/3
f 5765/1/3 5760/1/3 5759/1/3
f 5766/1/3 5760/1/3 5765/1/3
f 5771/5/3 5770/5/3 5769/5/3
f 5772/5/3 5770/5/3 5771/5/3
f 5773/1/3 5768/1/3 5767/1/3
f 5774/1/3 5768/1/3 5773/1/3
f 5775/1/3 5772/1/3 5771/1/3
f 5776/1/3 5772/1/3 5775/1/3
f 5781/4/3 5778/4/3 5777/4/3
f 5782/4/3 5778/4/3 5781/4/3
f 5785/4/3 5780/4/3 5779/4/3
f 5786/4/3 5780/4/3 5785/4/3
f 5787/1/3 5783/1/3 5782/1/3
f 5788/1/3 5783/1/3 5787/1/3
f 5789/5/3 5785/5/3 5784/5/3
f 5790/5/3 5785/5/3 5789/5/3
f 5795/1/3 5792/1/3 5791/1/3
f 5796/1/3 5792/1/3 5795/1/3
f 5799/1/3 5794/1/3 5793/1/3
f 5800/1/3 5794/1/3 5799/1/3
f 5801/4/3 5797/4/3 5796/4/3
f 5802/4/3 5797/4/3 5801/4/3
f 5807/1/3 5799/1/3 5798/1/3
f 5808/1/3 5799/1/3 5807/1/3
f 5809/1/3 5804/1/3 5803/1/3
f 5810/1/3 5804/1/3 5809/1/3
f 5813/1/3 5806/1/3 5805/1/3
f 5814/1/3 5806/1/3 5813/1/3
f 5815/1/3 5811/1/3 5810/1/3
f 5816/1/3 5811/1/3 5815/1/3
f 5822/1/3 5813/1/3 5812/1/3
f 5823/1/3 5813/1/3 5822/1/3
f 5824/1/3 5818/1/3 5817/1/3
f 5825/1/3 5818/1/3 5824/1/3
f 5832/1/3 5820/1/3 5819/1/3
f 5833/4/3 5821/4/3 5820/4/3
f 5833/1/3 5820/1/3 5832/1/3
f 5834/4/3 5821/4/3 5833/4/3
f 5835/4/3 5827/4/3 5826/4/3
f 5836/1/3 5828/1/3 5827/1/3
f 5836/4/3 5827/4/3 5835/4/3
f 5837/4/3 5829/4/3 5828/4/3
f 5837/1/3 5828/1/3 5836/1/3
f 5838/1/3 5831/1/3 5830/1/3
f 5838/4/3 5829/4/3 5837/4/3
f 5838/1/3 5830/1/3 5829/1/3
f 5839/1/3 5831/1/3 5838/1/3
f 5846/1/3 5841/1/3 5840/1/3
f 5847/4/3 5842/4/3 5841/4/3
f 5847/1/3 5841/1/3 5846/1/3
f 5848/1/3 5843/1/3 5842/1/3
f 5848/4/3 5842/4/3 5847/4/3
f 5849/1/3 5843/1/3 5848/1/3
f 5855/1/3 5845/1/3 5844/1/3
f 5856/1/3 5845/1/3 5855/1/3
f 5857/1/3 5845/1/3 5856/1/3
f 5858/1/3 5851/1/3 5850/1/3
f 5859/4/3 5852/4/3 5851/4/3
f 5859/1/3 5851/1/3 5858/1/3
f 5860/4/3 5852/4/3 5859/4/3
f 5865/1/3 5854/1/3 5853/1/3
f 5866/1/3 5854/1/3 5865/1/3
f 5867/1/3 5862/1/3 5861/1/3
f 5868/1/3 5862/1/3 5867/1/3
f 5872/1/3 5864/1/3 5863/1/3
f 5873/1/3 5864/1/3 5872/1/3
f 5874/1/3 5870/1/3 5869/1/3
f 5875/1/3 5870/1/3 5874/1/3
f 5877/1/3 5872/1/3 5871/1/3
f 5878/1/3 5872/1/3 5877/1/3
f 5879/1/3 5876/1/3 5875/1/3
f 5880/1/3 5876/1/3 5879/1/3
f 5886/1/3 5882/1/3 5881/1/3
f 5887/1/3 5882/1/3 5886/1/3
f 5888/1/3 5884/1/3 5883/1/3
f 5889/1/3 5884/1/3 5888/1/3
f 5891/5/3 5886/5/3 5885/5/3
f 5892/5/3 5886/5/3 5891/5/3
f 5893/1/3 5890/1/3 5889/1/3
f 5894/1/3 5890/1/3 5893/1/3
f 5899/5/3 5896/5/3 5895/5/3
f 5900/5/3 5896/5/3 5899/5/3
f 5901/1/3 5898/1/3 5897/1/3
f 5902/1/3 5898/1/3 5901/1/3
f 5907/5/3 5904/5/3 5903/5/3
f 5908/5/3 5904/5/3 5907/5/3
f 5909/4/3 5906/4/3 5905/4/3
f 5910/4/3 5906/4/3 5909/4/3
f 5911/4/3 5908/4/3 5907/4/3
f 5912/4/3 5908/4/3 5911/4/3
f 5913/1/3 5910/1/3 5909/1/3
f 5914/1/3 5910/1/3 5913/1/3
f 5919/5/3 5916/5/3 5915/5/3
f 5920/1/3 5918/1/3 5917/1/3
f 5921/1/3 5918/1/3 5920/1/3
f 5922/5/3 5919/5/3 5915/5/3
f 5923/5/3 5919/5/3 5922/5/3
f 5924/4/3 5921/4/3 5920/4/3
f 5925/4/3 5921/4/3 5924/4/3
f 5930/1/3 5929/1/3 5928/1/3
f 5931/1/3 5929/1/3 5930/1/3
f 5932/1/3 5927/1/3 5926/1/3
f 5933/1/3 5927/1/3 5932/1/3
f 5934/5/3 5931/5/3 5930/5/3
f 5935/5/3 5931/5/3 5934/5/3
f 5940/1/3 5937/1/3 5936/1/3
f 5941/1/3 5937/1/3 5940/1/3
f 5942/1/3 5939/1/3 5938/1/3
f 5943/1/3 5939/1/3 5942/1/3
f 5948/1/3 5945/1/3 5944/1/3
f 5949/1/3 5945/1/3 5948/1/3
f 5952/4/3 5947/4/3 5946/4/3
f 5953/4/3 5947/4/3 5952/4/3
f 5954/1/3 5950/1/3 5949/1/3
f 5955/1/3 5950/1/3 5954/1/3
f 5956/1/3 5952/1/3 5951/1/3
f 5957/1/3 5952/1/3 5956/1/3
f 5962/1/3 5959/1/3 5958/1/3
f 5963/1/3 5959/1/3 5962/1/3
f 5966/4/3 5961/4/3 5960/4/3
f 5967/4/3 5961/4/3 5966/4/3
f 5968/1/3 5964/1/3 5963/1/3
f 5969/1/3 5964/1/3 5968/1/3
f 5974/1/3 5966/1/3 5965/1/3
f 5975/1/3 5966/1/3 5974/1/3
f 5976/1/3 5971/1/3 5970/1/3
f 5977/1/3 5971/1/3 5976/1/3
f 5982/1/3 5973/1/3 5972/1/3
f 5983/1/3 5973/1/3 5982/1/3
f 5984/1/3 5979/1/3 5978/1/3
f 5985/1/3 5979/1/3 5984/1/3
f 5990/1/3 5981/1/3 5980/1/3
f 5991/1/3 5981/1/3 5990/1/3
f 5992/1/3 5987/1/3 5986/1/3
f 5993/4/3 5988/4/3 5987/4/3
f 5993/1/3 5987/1/3 5992/1/3
f 5994/1/3 5989/1/3 5988/1/3
f 5994/4/3 5988/4/3 5993/4/3
f 5995/1/3 5989/1/3 5994/1/3
f 6002/1/3 5997/1/3 5996/1/3
f 6003/1/3 5997/1/3 6002/1/3
f 6004/1/3 5999/1/3 5998/1/3
f 6005/1/3 5999/1/3 6004/1/3
f 6010/1/3 6001/1/3 6000/1/3
f 6011/1/3 6001/1/3 6010/1/3
f 6012/1/3 6007/1/3 6006/1/3
f 6013/1/3 6007/1/3 6012/1/3
f 6018/1/3 6009/1/3 6008/1/3
f 6019/1/3 6009/1/3 6018/1/3
f 6020/1/3 6015/1/3 6014/1/3
f 6021/1/3 6015/1/3 6020/1/3
f 6025/1/3 6017/1/3 6016/1/3
f 6026/1/3 6017/1/3 6025/1/3
f 6027/5/3 6023/5/3 6022/5/3
f 6028/5/3 6023/5/3 6027/5/3
f 6031/1/3 6025/1/3 6024/1/3
f 6032/1/3 6025/1/3 6031/1/3
f 6033/5/3 6029/5/3 6028/5/3
f 6034/5/3 6029/5/3 6033/5/3
f 6037/4/3 6031/4/3 6030/4/3
f 6038/4/3 6031/4/3 6037/4/3
f 6039/4/3 6035/4/3 6034/4/3
f 6040/4/3 6035/4/3 6039/4/3
f 6043/1/3 6037/1/3 6036/1/3
f 6044/1/3 6037/1/3 6043/1/3
f 6045/1/3 6041/1/3 6040/1/3
f 6046/1/3 6041/1/3 6045/1/3
f 6048/1/3 6043/1/3 6042/1/3
f 6049/1/3 6043/1/3 6048/1/3
f 6050/1/3 6047/1/3 6046/1/3
f 6051/1/3 6047/1/3 6050/1/3
f 6056/5/3 6053/5/3 6052/5/3
f 6057/5/3 6053/5/3 6056/5/3
f 6058/1/3 6055/1/3 6054/1/3
f 6059/1/3 6055/1/3 6058/1/3
f 6064/5/3 6061/5/3 6060/5/3
f 6065/5/3 6061/5/3 6064/5/3
f 6066/4/3 6063/4/3 6062/4/3
f 6067/4/3 6063/4/3 6066/4/3
f 6072/4/3 6069/4/3 6068/4/3
f 6073/4/3 6069/4/3 6072/4/3
f 6074/1/3 6073/1/3 6072/1/3
f 6075/1/3 6073/1/3 6074/1/3
f 6076/5/3 6071/5/3 6070/5/3
f 6077/5/3 6071/5/3 6076/5/3
f 6082/4/3 6079/4/3 6078/4/3
f 6083/4/3 6079/4/3 6082/4/3
f 6084/5/3 6083/5/3 6082/5/3
f 6085/5/3 6083/5/3 6084/5/3
f 6086/1/3 6081/1/3 6080/1/3
f 6087/1/3 6081/1/3 6086/1/3
f 6088/1/3 6085/1/3 6084/1/3
f 6089/1/3 6085/1/3 6088/1/3
f 6090/5/3 6087/5/3 6086/5/3
f 6091/5/3 6087/5/3 6090/5/3
f 6096/1/3 6093/1/3 6092/1/3
f 6097/1/3 6093/1/3 6096/1/3
f 6098/1/3 6095/1/3 6094/1/3
f 6099/1/3 6095/1/3 6098/1/3
f 6104/4/3 6101/4/3 6100/4/3
f 6105/4/3 6101/4/3 6104/4/3
f 6106/4/3 6103/4/3 6102/4/3
f 6107/4/3 6103/4/3 6106/4/3
f 6112/1/3 6109/1/3 6108/1/3
f 6113/1/3 6109/1/3 6112/1/3
f 6116/1/3 6111/1/3 6110/1/3
f 6117/1/3 6111/1/3 6116/1/3
f 6118/1/3 6114/1/3 6113/1/3
f 6119/1/3 6114/1/3 6118/1/3
f 6122/1/3 6116/1/3 6115/1/3
f 6123/1/3 6116/1/3 6122/1/3
f 6124/1/3 6120/1/3 6119/1/3
f 6125/1/3 6120/1/3 6124/1/3
f 6128/1/3 6122/1/3 6121/1/3
f 6129/1/3 6122/1/3 6128/1/3
f 6130/4/3 6126/4/3 6125/4/3
f 6131/4/3 6126/4/3 6130/4/3
f 6134/4/3 6128/4/3 6127/4/3
f 6135/4/3 6128/4/3 6134/4/3
f 6136/1/3 6132/1/3 6131/1/3
f 6137/1/3 6132/1/3 6136/1/3
f 6142/1/3 6134/1/3 6133/1/3
f 6143/1/3 6134/1/3 6142/1/3
f 6144/1/3 6139/1/3 6138/1/3
f 6145/1/3 6139/1/3 6144/1/3
f 6150/1/3 6141/1/3 6140/1/3
f 6151/1/3 6141/1/3 6150/1/3
f 6152/1/3 6147/1/3 6146/1/3
f 6153/1/3 6147/1/3 6152/1/3
f 6160/4/3 6149/4/3 6148/4/3
f 6161/4/3 6149/4/3 6160/4/3
f 6162/1/3 6155/1/3 6154/1/3
f 6163/4/3 6156/4/3 6155/4/3
f 6163/1/3 6155/1/3 6162/1/3
f 6164/1/3 6157/1/3 6156/1/3
f 6164/4/3 6156/4/3 6163/4/3
f 6165/1/3 6157/1/3 6164/1/3
f 6166/1/3 6159/1/3 6158/1/3
f 6167/1/3 6159/1/3 6166/1/3
f 6173/4/3 6169/4/3 6168/4/3
f 6174/1/3 6170/1/3 6169/1/3
f 6174/4/3 6169/4/3 6173/4/3
f 6175/1/3 6170/1/3 6174/1/3
f 6180/1/3 6172/1/3 6171/1/3
f 6181/1/3 6172/1/3 6180/1/3
f 6182/4/3 6177/4/3 6176/4/3
f 6183/4/3 6177/4/3 6182/4/3
f 6188/4/3 6179/4/3 6178/4/3
f 6189/4/3 6179/4/3 6188/4/3
f 6190/1/3 6185/1/3 6184/1/3
f 6191/1/3 6185/1/3 6190/1/3
f 6196/1/3 6187/1/3 6186/1/3
f 6197/1/3 6187/1/3 6196/1/3
f 6198/1/3 6193/1/3 6192/1/3
f 6199/1/3 6193/1/3 6198/1/3
f 6203/1/3 6195/1/3 6194/1/3
f 6204/1/3 6195/1/3 6203/1/3
f 6205/1/3 6201/1/3 6200/1/3
f 6206/1/3 6201/1/3 6205/1/3
f 6209/5/3 6203/5/3 6202/5/3
f 6210/5/3 6203/5/3 6209/5/3
f 6211/5/3 6207/5/3 6206/5/3
f 6212/5/3 6207/5/3 6211/5/3
f 6215/4/3 6209/4/3 6208/4/3
f 6216/4/3 6209/4/3 6215/4/3
f 6217/4/3 6213/4/3 6212/4/3
f 6218/4/3 6213/4/3 6217/4/3
f 6220/1/3 6215/1/3 6214/1/3
f 6221/1/3 6215/1/3 6220/1/3
f 6222/5/3 6219/5/3 6218/5/3
f 6223/5/3 6219/5/3 6222/5/3
f 6228/1/3 6225/1/3 6224/1/3
f 6229/1/3 6225/1/3 6228/1/3
f 6230/5/3 6227/5/3 6226/5/3
f 6231/5/3 6227/5/3 6230/5/3
f 6236/1/3 6233/1/3 6232/1/3
f 6237/1/3 6233/1/3 6236/1/3
f 6238/5/3 6235/5/3 6234/5/3
f 6239/5/3 6235/5/3 6238/5/3
f 6244/1/3 6241/1/3 6240/1/3
f 6245/1/3 6241/1/3 6244/1/3
f 6246/5/3 6243/5/3 6242/5/3
f 6247/5/3 6243/5/3 6246/5/3
f 6252/1/3 6249/1/3 6248/1/3
f 6253/1/3 6249/1/3 6252/1/3
f 6254/5/3 6251/5/3 6250/5/3
f 6255/5/3 6251/5/3 6254/5/3
f 6260/5/3 6257/5/3 6256/5/3
f 6261/5/3 6257/5/3 6260/5/3
f 6262/5/3 6259/5/3 6258/5/3
f 6263/5/3 6259/5/3 6262/5/3
f 6268/1/3 6265/1/3 6264/1/3
f 6269/1/3 6265/1/3 6268/1/3
f 6270/1/3 6267/1/3 6266/1/3
f 6271/1/3 6267/1/3 6270/1/3
f 6276/4/3 6273/4/3 6272/4/3
f 6277/4/3 6273/4/3 6276/4/3
f 6278/4/3 6275/4/3 6274/4/3
f 6279/4/3 6275/4/3 6278/4/3
f 6284/1/3 6281/1/3 6280/1/3
f 6285/1/3 6281/1/3 6284/1/3
f 6288/1/3 6283/1/3 6282/1/3
f 6289/1/3 6283/1/3 6288/1/3
f 6290/1/3 6286/1/3 6285/1/3
f 6291/1/3 6286/1/3 6290/1/3
f 6294/1/3 6288/1/3 6287/1/3
f 6295/1/3 6288/1/3 6294/1/3
f 6296/1/3 6292/1/3 6291/1/3
f 6297/1/3 6292/1/3 6296/1/3
f 6300/1/3 6294/1/3 6293/1/3
f 6301/1/3 6294/1/3 6300/1/3
f 6302/4/3 6298/4/3 6297/4/3
f 6303/4/3 6298/4/3 6302/4/3
f 6308/4/3 6300/4/3 6299/4/3
f 6309/4/3 6300/4/3 6308/4/3
f 6310/1/3 6305/1/3 6304/1/3
f 6311/1/3 6305/1/3 6310/1/3
f 6316/1/3 6307/1/3 6306/1/3
f 6317/1/3 6307/1/3 6316/1/3
f 6318/1/3 6313/1/3 6312/1/3
f 6319/1/3 6313/1/3 6318/1/3
f 6324/1/3 6315/1/3 6314/1/3
f 6325/1/3 6315/1/3 6324/1/3
f 6326/1/3 6321/1/3 6320/1/3
f 6327/1/3 6321/1/3 6326/1/3
f 6331/1/3 6323/1/3 6322/1/3
f 6332/1/3 6323/1/3 6331/1/3
f 6333/1/3 6329/1/3 6328/1/3
f 6334/4/3 6330/4/3 6329/4/3
f 6334/1/3 6329/1/3 6333/1/3
f 6335/4/3 6330/4/3 6334/4/3
f 6343/5/3 6337/5/3 6336/5/3
f 6344/5/3 6337/5/3 6343/5/3
f 6345/1/3 6338/1/3 6337/1/3
f 6345/5/3 6337/5/3 6344/5/3
f 6346/1/3 6338/1/3 6345/1/3
f 6347/1/3 6340/1/3 6339/1/3
f 6348/1/3 6340/1/3 6347/1/3
f 6353/1/3 6342/1/3 6341/1/3
f 6354/1/3 6342/1/3 6353/1/3
f 6355/4/3 6350/4/3 6349/4/3
f 6356/4/3 6350/4/3 6355/4/3
f 6361/4/3 6352/4/3 6351/4/3
f 6362/4/3 6352/4/3 6361/4/3
f 6363/1/3 6358/1/3 6357/1/3
f 6364/1/3 6358/1/3 6363/1/3
f 6367/1/3 6360/1/3 6359/1/3
f 6368/1/3 6360/1/3 6367/1/3
f 6369/1/3 6366/1/3 6365/1/3
f 6370/1/3 6366/1/3 6369/1/3
f 6375/1/3 6372/1/3 6371/1/3
f 6376/1/3 6372/1/3 6375/1/3
f 6377/1/3 6374/1/3 6373/1/3
f 6378/1/3 6374/1/3 6377/1/3
f 6383/1/3 6380/1/3 6379/1/3
f 6384/1/3 6380/1/3 6383/1/3
f 6385/1/3 6382/1/3 6381/1/3
f 6386/1/3 6382/1/3 6385/1/3
f 6391/1/3 6388/1/3 6387/1/3
f 6392/1/3 6388/1/3 6391/1/3
f 6393/4/3 6390/4/3 6389/4/3
f 6394/4/3 6390/4/3 6393/4/3
f 6399/1/3 6398/1/3 6397/1/3
f 6400/1/3 6396/1/3 6395/1/3
f 6401/1/3 6396/1/3 6400/1/3
f 6402/1/3 6398/1/3 6399/1/3
f 6403/1/3 6398/1/3 6402/1/3
f 6408/1/3 6405/1/3 6404/1/3
f 6409/1/3 6405/1/3 6408/1/3
f 6410/4/3 6407/4/3 6406/4/3
f 6411/4/3 6407/4/3 6410/4/3
f 6412/4/3 6409/4/3 6408/4/3
f 6413/4/3 6409/4/3 6412/4/3
f 6414/1/3 6413/1/3 6412/1/3
f 6415/1/3 6413/1/3 6414/1/3
f 6416/1/3 6411/1/3 6410/1/3
f 6417/1/3 6411/1/3 6416/1/3
f 6422/5/3 6419/5/3 6418/5/3
f 6423/5/3 6419/5/3 6422/5/3
f 6424/1/3 6421/1/3 6420/1/3
f 6425/1/3 6421/1/3 6424/1/3
f 6430/1/3 6427/1/3 6426/1/3
f 6431/1/3 6427/1/3 6430/1/3
f 6432/5/3 6429/5/3 6428/5/3
f 6433/5/3 6429/5/3 6432/5/3
f 6438/1/3 6435/1/3 6434/1/3
f 6439/1/3 6435/1/3 6438/1/3
f 6440/1/3 6437/1/3 6436/1/3
f 6441/1/3 6437/1/3 6440/1/3
f 6446/1/3 6443/1/3 6442/1/3
f 6447/1/3 6443/1/3 6446/1/3
f 6452/1/3 6445/1/3 6444/1/3
f 6453/1/3 6445/1/3 6452/1/3
f 6454/1/3 6449/1/3 6448/1/3
f 6455/1/3 6449/1/3 6454/1/3
f 6460/1/3 6451/1/3 6450/1/3
f 6461/1/3 6451/1/3 6460/1/3
f 6462/1/3 6457/1/3 6456/1/3
f 6463/1/3 6457/1/3 6462/1/3
f 6469/4/3 6459/4/3 6458/4/3
f 6470/4/3 6459/4/3 6469/4/3
f 6471/4/3 6465/4/3 6464/4/3
f 6472/1/3 6466/1/3 6465/1/3
f 6472/4/3 6465/4/3 6471/4/3
f 6473/1/3 6466/1/3 6472/1/3
f 6474/1/3 6468/1/3 6467/1/3
f 6475/1/3 6468/1/3 6474/1/3
f 6482/5/3 6477/5/3 6476/5/3
f 6483/5/3 6477/5/3 6482/5/3
f 6484/1/3 6479/1/3 6478/1/3
f 6485/1/3 6479/1/3 6484/1/3
f 6490/1/3 6481/1/3 6480/1/3
f 6491/1/3 6481/1/3 6490/1/3
f 6492/1/3 6487/1/3 6486/1/3
f 6493/1/3 6487/1/3 6492/1/3
f 6496/4/3 6489/4/3 6488/4/3
f 6497/4/3 6489/4/3 6496/4/3
f 6498/1/3 6495/1/3 6494/1/3
f 6499/1/3 6495/1/3 6498/1/3
f 6505/5/3 6501/5/3 6500/5/3
f 6506/5/3 6501/5/3 6505/5/3
f 6507/1/3 6503/1/3 6502/1/3
f 6508/1/3 6503/1/3 6507/1/3
f 6511/1/3 6505/1/3 6504/1/3
f 6512/1/3 6505/1/3 6511/1/3
f 6513/4/3 6509/4/3 6508/4/3
f 6514/4/3 6509/4/3 6513/4/3
f 6516/4/3 6511/4/3 6510/4/3
f 6517/4/3 6511/4/3 6516/4/3
f 6518/1/3 6515/1/3 6514/1/3
f 6519/1/3 6515/1/3 6518/1/3
f 6524/1/3 6521/1/3 6520/1/3
f 6525/1/3 6521/1/3 6524/1/3
f 6526/1/3 6523/1/3 6522/1/3
f 6527/1/3 6523/1/3 6526/1/3
f 6532/1/3 6529/1/3 6528/1/3
f 6533/1/3 6529/1/3 6532/1/3
f 6534/1/3 6531/1/3 6530/1/3
f 6535/1/3 6531/1/3 6534/1/3
f 6540/1/3 6537/1/3 6536/1/3
f 6541/1/3 6537/1/3 6540/1/3
f 6542/1/3 6539/1/3 6538/1/3
f 6543/1/3 6539/1/3 6542/1/3
f 6548/1/3 6545/1/3 6544/1/3
f 6549/1/3 6545/1/3 6548/1/3
f 6550/5/3 6547/5/3 6546/5/3
f 6551/5/3 6547/5/3 6550/5/3
f 6556/1/3 6553/1/3 6552/1/3
f 6557/1/3 6553/1/3 6556/1/3
f 6558/1/3 6555/1/3 6554/1/3
f 6559/1/3 6555/1/3 6558/1/3
f 6564/4/3 6561/4/3 6560/4/3
f 6565/4/3 6561/4/3 6564/4/3
f 6566/4/3 6563/4/3 6562/4/3
f 6567/4/3 6563/4/3 6566/4/3
f 6572/1/3 6569/1/3 6568/1/3
f 6573/1/3 6569/1/3 6572/1/3
f 6576/1/3 6571/1/3 6570/1/3
f 6577/1/3 6571/1/3 6576/1/3
f 6578/1/3 6574/1/3 6573/1/3
f 6579/1/3 6574/1/3 6578/1/3
f 6582/1/3 6576/1/3 6575/1/3
f 6583/1/3 6576/1/3 6582/1/3
f 6584/4/3 6580/4/3 6579/4/3
f 6585/4/3 6580/4/3 6584/4/3
f 6586/4/3 6582/4/3 6581/4/3
f 6587/4/3 6582/4/3 6586/4/3
f 6592/5/3 6589/5/3 6588/5/3
f 6593/5/3 6589/5/3 6592/5/3
f 6598/1/3 6591/1/3 6590/1/3
f 6599/1/3 6591/1/3 6598/1/3
f 6600/1/3 6595/1/3 6594/1/3
f 6601/1/3 6595/1/3 6600/1/3
f 6606/1/3 6597/1/3 6596/1/3
f 6607/1/3 6597/1/3 6606/1/3
f 6608/1/3 6603/1/3 6602/1/3
f 6609/1/3 6603/1/3 6608/1/3
f 6610/1/3 6605/1/3 6604/1/3
f 6611/1/3 6605/1/3 6610/1/3
f 6618/5/3 6613/5/3 6612/5/3
f 6619/5/3 6613/5/3 6618/5/3
f 6620/1/3 6615/1/3 6614/1/3
f 6621/1/3 6615/1/3 6620/1/3
f 6624/1/3 6617/1/3 6616/1/3
f 6625/1/3 6617/1/3 6624/1/3
f 6626/1/3 6623/1/3 6622/1/3
f 6627/1/3 6623/1/3 6626/1/3
f 6632/5/3 6629/5/3 6628/5/3
f 6633/5/3 6629/5/3 6632/5/3
f 6634/1/3 6631/1/3 6630/1/3
f 6635/1/3 6631/1/3 6634/1/3
f 6640/1/3 6637/1/3 6636/1/3
f 6641/1/3 6637/1/3 6640/1/3
f 6642/1/3 6639/1/3 6638/1/3
f 6643/1/3 6639/1/3 6642/1/3
f 6648/1/3 6645/1/3 6644/1/3
f 6649/1/3 6645/1/3 6648/1/3
f 6650/1/3 6647/1/3 6646/1/3
f 6651/1/3 6647/1/3 6650/1/3
f 6656/4/3 6653/4/3 6652/4/3
f 6657/4/3 6653/4/3 6656/4/3
f 6658/1/3 6655/1/3 6654/1/3
f 6659/1/3 6655/1/3 6658/1/3
f 6664/1/3 6661/1/3 6660/1/3
f 6665/1/3 6661/1/3 6664/1/3
f 6666/1/3 6663/1/3 6662/1/3
f 6667/1/3 6663/1/3 6666/1/3
f 6672/1/3 6669/1/3 6668/1/3
f 6673/1/3 6669/1/3 6672/1/3
f 6674/5/3 6671/5/3 6670/5/3
f 6675/5/3 6671/5/3 6674/5/3
f 6680/1/3 6677/1/3 6676/1/3
f 6681/1/3 6677/1/3 6680/1/3
f 6682/1/3 6679/1/3 6678/1/3
f 6683/1/3 6679/1/3 6682/1/3
f 6688/4/3 6685/4/3 6684/4/3
f 6689/4/3 6685/4/3 6688/4/3
f 6690/1/3 6687/1/3 6686/1/3
f 6691/1/3 6687/1/3 6690/1/3
f 6696/5/3 6693/5/3 6692/5/3
f 6697/5/3 6693/5/3 6696/5/3
f 6702/1/3 6695/1/3 6694/1/3
f 6703/1/3 6695/1/3 6702/1/3
f 6704/1/3 6699/1/3 6698/1/3
f 6705/1/3 6699/1/3 6704/1/3
f 6706/1/3 6701/1/3 6700/1/3
f 6707/1/3 6701/1/3 6706/1/3
f 6714/1/3 6709/1/3 6708/1/3
f 6715/4/3 6710/4/3 6709/4/3
f 6715/1/3 6709/1/3 6714/1/3
f 6716/1/3 6711/1/3 6710/1/3
f 6716/4/3 6710/4/3 6715/4/3
f 6717/1/3 6711/1/3 6716/1/3
f 6720/5/3 6713/5/3 6712/5/3
f 6721/5/3 6713/5/3 6720/5/3
f 6722/4/3 6719/4/3 6718/4/3
f 6723/4/3 6719/4/3 6722/4/3
f 6728/5/3 6725/5/3 6724/5/3
f 6729/5/3 6725/5/3 6728/5/3
f 6730/1/3 6727/1/3 6726/1/3
f 6731/1/3 6727/1/3 6730/1/3
f 6736/1/3 6733/1/3 6732/1/3
f 6737/1/3 6733/1/3 6736/1/3
f 6738/1/3 6735/1/3 6734/1/3
f 6739/1/3 6735/1/3 6738/1/3
f 6744/1/3 6741/1/3 6740/1/3
f 6745/1/3 6741/1/3 6744/1/3
f 6746/4/3 6743/4/3 6742/4/3
f 6747/4/3 6743/4/3 6746/4/3
f 6752/1/3 6749/1/3 6748/1/3
f 6753/1/3 6749/1/3 6752/1/3
f 6754/1/3 6751/1/3 6750/1/3
f 6755/1/3 6751/1/3 6754/1/3
f 6756/4/3 6753/4/3 6752/4/3
f 6757/4/3 6753/4/3 6756/4/3
f 6758/4/3 6755/4/3 6754/4/3
f 6759/4/3 6755/4/3 6758/4/3
f 6764/1/3 6761/1/3 6760/1/3
f 6765/1/3 6761/1/3 6764/1/3
f 6766/1/3 6763/1/3 6762/1/3
f 6767/1/3 6763/1/3 6766/1/3
f 6772/4/3 6769/4/3 6768/4/3
f 6773/4/3 6769/4/3 6772/4/3
f 6774/4/3 6771/4/3 6770/4/3
f 6775/4/3 6771/4/3 6774/4/3
f 6780/1/3 6777/1/3 6776/1/3
f 6781/1/3 6777/1/3 6780/1/3
f 6782/1/3 6779/1/3 6778/1/3
f 6783/1/3 6779/1/3 6782/1/3
f 6788/5/3 6785/5/3 6784/5/3
f 6789/5/3 6785/5/3 6788/5/3
f 6795/4/3 6787/4/3 6786/4/3
f 6796/4/3 6787/4/3 6795/4/3
f 6797/4/3 6791/4/3 6790/4/3
f 6798/1/3 6792/1/3 6791/1/3
f 6798/4/3 6791/4/3 6797/4/3
f 6799/4/3 6793/4/3 6792/4/3
f 6799/1/3 6792/1/3 6798/1/3
f 6800/1/3 6794/1/3 6793/1/3
f 6800/4/3 6793/4/3 6799/4/3
f 6801/1/3 6794/1/3 6800/1/3
f 6806/1/3 6803/1/3 6802/1/3
f 6807/1/3 6803/1/3 6806/1/3
f 6808/1/3 6805/1/3 6804/1/3
f 6809/1/3 6805/1/3 6808/1/3
f 6815/1/3 6811/1/3 6810/1/3
f 6816/1/3 6811/1/3 6815/1/3
f 6817/4/3 6813/4/3 6812/4/3
f 6818/4/3 6813/4/3 6817/4/3
f 6820/1/3 6815/1/3 6814/1/3
f 6821/1/3 6815/1/3 6820/1/3
f 6822/1/3 6819/1/3 6818/1/3
f 6823/1/3 6819/1/3 6822/1/3
f 6828/1/3 6825/1/3 6824/1/3
f 6829/1/3 6825/1/3 6828/1/3
f 6830/1/3 6827/1/3 6826/1/3
f 6831/1/3 6827/1/3 6830/1/3
f 6836/1/3 6833/1/3 6832/1/3
f 6837/1/3 6833/1/3 6836/1/3
f 6838/5/3 6835/5/3 6834/5/3
f 6839/5/3 6835/5/3 6838/5/3
f 6844/1/3 6841/1/3 6840/1/3
f 6845/1/3 6841/1/3 6844/1/3
f 6848/1/3 6843/1/3 6842/1/3
f 6849/1/3 6843/1/3 6848/1/3
f 6850/1/3 6846/1/3 6845/1/3
f 6851/1/3 6846/1/3 6850/1/3
f 6852/1/3 6848/1/3 6847/1/3
f 6853/1/3 6848/1/3 6852/1/3
f 6858/5/3 6855/5/3 6854/5/3
f 6859/5/3 6855/5/3 6858/5/3
f 6860/1/3 6857/1/3 6856/1/3
f 6861/1/3 6857/1/3 6860/1/3
f 6866/1/3 6863/1/3 6862/1/3
f 6867/1/3 6863/1/3 6866/1/3
f 6868/1/3 6865/1/3 6864/1/3
f 6869/1/3 6865/1/3 6868/1/3
f 6874/1/3 6871/1/3 6870/1/3
f 6875/1/3 6871/1/3 6874/1/3
f 6876/4/3 6873/4/3 6872/4/3
f 6877/4/3 6873/4/3 6876/4/3
f 6882/4/3 6879/4/3 6878/4/3
f 6883/4/3 6879/4/3 6882/4/3
f 6884/1/3 6881/1/3 6880/1/3
f 6885/1/3 6881/1/3 6884/1/3
f 6890/1/3 6887/1/3 6886/1/3
f 6891/1/3 6887/1/3 6890/1/3
f 6892/1/3 6889/1/3 6888/1/3
f 6893/1/3 6889/1/3 6892/1/3
f 6898/1/3 6895/1/3 6894/1/3
f 6899/1/3 6895/1/3 6898/1/3
f 6900/1/3 6897/1/3 6896/1/3
f 6901/1/3 6897/1/3 6900/1/3
f 6906/1/3 6903/1/3 6902/1/3
f 6907/1/3 6903/1/3 6906/1/3
f 6908/1/3 6905/1/3 6904/1/3
f 6909/1/3 6905/1/3 6908/1/3
f 6914/1/3 6911/1/3 6910/1/3
f 6915/1/3 6911/1/3 6914/1/3
f 6916/4/3 6913/4/3 6912/4/3
f 6917/4/3 6913/4/3 6916/4/3
f 6922/1/3 6919/1/3 6918/1/3
f 6923/1/3 6919/1/3 6922/1/3
f 6924/1/3 6921/1/3 6920/1/3
f 6925/1/3 6921/1/3 6924/1/3
f 6930/1/3 6927/1/3 6926/1/3
f 6931/1/3 6927/1/3 6930/1/3
f 6932/5/3 6929/5/3 6928/5/3
f 6933/5/3 6929/5/3 6932/5/3
f 6938/5/3 6935/5/3 6934/5/3
f 6939/5/3 6935/5/3 6938/5/3
f 6940/1/3 6937/1/3 6936/1/3
f 6941/1/3 6937/1/3 6940/1/3
f 6946/1/3 6943/1/3 6942/1/3
f 6947/1/3 6943/1/3 6946/1/3
f 6948/1/3 6945/1/3 6944/1/3
f 6949/1/3 6945/1/3 6948/1/3
f 6954/1/3 6951/1/3 6950/1/3
f 6955/1/3 6951/1/3 6954/1/3
f 6956/1/3 6953/1/3 6952/1/3
f 6957/1/3 6953/1/3 6956/1/3
f 6958/1/4 6959/1/4 6962/1/4
f 6962/1/4 6959/1/4 6963/1/4
f 6960/5/4 6961/5/4 6964/5/4
f 6964/5/4 6961/5/4 6965/5/4
f 6966/1/4 6967/1/4 6970/1/4
f 6970/1/4 6967/1/4 6971/1/4
f 6968/1/4 6969/1/4 6972/1/4
f 6972/1/4 6969/1/4 6973/1/4
f 6974/1/4 6975/1/4 6978/1/4
f 6978/1/4 6975/1/4 6979/1/4
f 6976/1/4 6977/1/4 6980/1/4
f 6980/1/4 6977/1/4 6981/1/4
f 6982/1/4 6983/1/4 6986/1/4
f 6986/1/4 6983/1/4 6987/1/4
f 6984/1/4 6985/1/4 6988/1/4
f 6988/1/4 6985/1/4 6989/1/4
f 6990/1/4 6991/1/4 6994/1/4
f 6994/1/4 6991/1/4 6995/1/4
f 6992/1/4 6993/1/4 6996/1/4
f 6996/1/4 6993/1/4 6997/1/4
f 6998/1/4 6999/1/4 7002/1/4
f 7002/1/4 6999/1/4 7003/1/4
f 7000/4/4 7001/4/4 7004/4/4
f 7004/4/4 7001/4/4 7005/4/4
f 7006/1/4 7007/1/4 7010/1/4
f 7010/1/4 7007/1/4 7011/1/4
f 7008/5/4 7009/5/4 7012/5/4
f 7012/5/4 7009/5/4 7013/5/4
f 7014/1/4 7015/1/4 7018/1/4
f 7018/1/4 7015/1/4 7019/1/4
f 7016/5/4 7017/5/4 7020/5/4
f 7020/5/4 7017/5/4 7021/5/4
f 7022/1/4 7023/1/4 7026/1/4
f 7026/1/4 7023/1/4 7027/1/4
f 7024/4/4 7025/4/4 7028/4/4
f 7028/4/4 7025/4/4 7029/4/4
f 7030/1/4 7031/1/4 7034/1/4
f 7034/1/4 7031/1/4 7035/1/4
f 7032/1/4 7033/1/4 7036/1/4
f 7036/1/4 7033/1/4 7037/1/4
f 7038/1/4 7039/1/4 7042/1/4
f 7042/1/4 7039/1/4 7043/1/4
f 7040/4/4 7041/4/4 7044/4/4
f 7044/4/4 7041/4/4 7045/4/4
f 7046/1/4 7047/1/4 7050/1/4
f 7050/1/4 7047/1/4 7051/1/4
f 7048/1/4 7049/1/4 7052/1/4
f 7052/1/4 7049/1/4 7053/1/4
f 7054/1/4 7055/1/4 7058/1/4
f 7058/1/4 7055/1/4 7059/1/4
f 7056/1/4 7057/1/4 7060/1/4
f 7060/1/4 7057/1/4 7061/1/4
f 7062/1/4 7063/1/4 7067/1/4
f 7067/1/4 7063/1/4 7068/1/4
f 7064/1/4 7065/1/4 7069/1/4
f 7069/1/4 7065/1/4 7070/1/4
f 7066/1/4 7067/1/4 7072/1/4
f 7072/1/4 7067/1/4 7073/1/4
f 7070/1/4 7071/1/4 7074/1/4
f 7074/1/4 7071/1/4 7075/1/4
f 7076/1/4 7077/1/4 7080/1/4
f 7080/1/4 7077/1/4 7081/1/4
f 7078/5/4 7079/5/4 7082/5/4
f 7082/5/4 7079/5/4 7083/5/4
f 7084/1/4 7085/1/4 7088/1/4
f 7088/1/4 7085/1/4 7089/1/4
f 7086/4/4 7087/4/4 7090/4/4
f 7090/4/4 7087/4/4 7091/4/4
f 7092/1/4 7093/1/4 7096/1/4
f 7096/1/4 7093/1/4 7097/1/4
f 7094/1/4 7095/1/4 7100/1/4
f 7100/1/4 7095/1/4 7101/1/4
f 7097/1/4 7098/1/4 7102/1/4
f 7102/1/4 7098/1/4 7103/1/4
f 7099/1/4 7100/1/4 7104/1/4
f 7104/1/4 7100/1/4 7105/1/4
f 7106/1/4 7107/1/4 7110/1/4
f 7110/1/4 7107/1/4 7111/1/4
f 7108/1/4 7109/1/4 7112/1/4
f 7112/1/4 7109/1/4 7113/1/4
f 7114/1/4 7115/1/4 7121/1/4
f 7115/4/4 7116/4/4 7122/4/4
f 7121/1/4 7115/1/4 7122/1/4
f 7116/1/4 7117/1/4 7123/1/4
f 7122/4/4 7116/4/4 7123/4/4
f 7117/5/4 7118/5/4 7124/5/4
f 7123/1/4 7117/1/4 7124/1/4
f 7124/5/4 7118/5/4 7125/5/4
f 7119/1/4 7120/1/4 7128/1/4
f 7128/1/4 7120/1/4 7129/1/4
f 7126/4/4 7127/4/4 7130/4/4
f 7130/4/4 7127/4/4 7131/4/4
f 7132/4/4 7133/4/4 7136/4/4
f 7136/4/4 7133/4/4 7137/4/4
f 7134/1/4 7135/1/4 7138/1/4
f 7138/1/4 7135/1/4 7139/1/4
f 7140/4/4 7141/4/4 7144/4/4
f 7144/4/4 7141/4/4 7145/4/4
f 7142/1/4 7143/1/4 7146/1/4
f 7146/1/4 7143/1/4 7147/1/4
f 7148/4/4 7149/4/4 7152/4/4
f 7152/4/4 7149/4/4 7153/4/4
f 7150/1/4 7151/1/4 7154/1/4
f 7154/1/4 7151/1/4 7155/1/4
f 7156/1/4 7157/1/4 7160/1/4
f 7160/1/4 7157/1/4 7161/1/4
f 7160/4/4 7161/4/4 7162/4/4
f 7162/4/4 7161/4/4 7163/4/4
f 7158/1/4 7159/1/4 7164/1/4
f 7164/1/4 7159/1/4 7165/1/4
f 7166/1/4 7167/1/4 7170/1/4
f 7170/1/4 7167/1/4 7171/1/4
f 7168/1/4 7169/1/4 7172/1/4
f 7172/1/4 7169/1/4 7173/1/4
f 7174/4/4 7175/4/4 7178/4/4
f 7178/4/4 7175/4/4 7179/4/4
f 7176/1/4 7177/1/4 7180/1/4
f 7180/1/4 7177/1/4 7181/1/4
f 7182/4/4 7183/4/4 7186/4/4
f 7186/4/4 7183/4/4 7187/4/4
f 7184/1/4 7185/1/4 7188/1/4
f 7188/1/4 7185/1/4 7189/1/4
f 7190/1/4 7191/1/4 7194/1/4
f 7194/1/4 7191/1/4 7195/1/4
f 7192/4/4 7193/4/4 7199/4/4
f 7199/4/4 7193/4/4 7200/4/4
f 7196/4/4 7197/4/4 7201/4/4
f 7197/1/4 7198/1/4 7202/1/4
f 7201/4/4 7197/4/4 7202/4/4
f 7202/1/4 7198/1/4 7203/1/4
f 7204/1/4 7205/1/4 7210/1/4
f 7210/1/4 7205/1/4 7211/1/4
f 7206/1/4 7207/1/4 7212/1/4
f 7212/1/4 7207/1/4 7213/1/4
f 7208/1/4 7209/1/4 7216/1/4
f 7216/1/4 7209/1/4 7217/1/4
f 7214/1/4 7215/1/4 7218/1/4
f 7218/1/4 7215/1/4 7219/1/4
f 7220/1/4 7221/1/4 7224/1/4
f 7224/1/4 7221/1/4 7225/1/4
f 7222/1/4 7223/1/4 7226/1/4
f 7226/1/4 7223/1/4 7227/1/4
f 7228/1/4 7229/1/4 7232/1/4
f 7232/1/4 7229/1/4 7233/1/4
f 7230/1/4 7231/1/4 7234/1/4
f 7234/1/4 7231/1/4 7235/1/4
f 7236/4/4 7237/4/4 7240/4/4
f 7240/4/4 7237/4/4 7241/4/4
f 7238/1/4 7239/1/4 7242/1/4
f 7242/1/4 7239/1/4 7243/1/4
f 7244/4/4 7245/4/4 7248/4/4
f 7248/4/4 7245/4/4 7249/4/4
f 7246/1/4 7247/1/4 7250/1/4
f 7250/1/4 7247/1/4 7251/1/4
f 7252/1/4 7253/1/4 7256/1/4
f 7256/1/4 7253/1/4 7257/1/4
f 7254/1/4 7255/1/4 7258/1/4
f 7258/1/4 7255/1/4 7259/1/4
f 7260/1/4 7261/1/4 7264/1/4
f 7264/1/4 7261/1/4 7265/1/4
f 7262/4/4 7263/4/4 7266/4/4
f 7266/4/4 7263/4/4 7267/4/4
f 7268/1/4 7269/1/4 7272/1/4
f 7272/1/4 7269/1/4 7273/1/4
f 7270/1/4 7271/1/4 7274/1/4
f 7274/1/4 7271/1/4 7275/1/4
f 7276/1/4 7277/1/4 7280/1/4
f 7280/1/4 7277/1/4 7281/1/4
f 7278/1/4 7279/1/4 7282/1/4
f 7282/1/4 7279/1/4 7283/1/4
f 7284/1/4 7285/1/4 7288/1/4
f 7288/1/4 7285/1/4 7289/1/4
f 7286/1/4 7287/1/4 7294/1/4
f 7294/1/4 7287/1/4 7295/1/4
f 7290/1/4 7291/1/4 7296/1/4
f 7296/1/4 7291/1/4 7297/1/4
f 7292/4/4 7293/4/4 7298/4/4
f 7298/4/4 7293/4/4 7299/4/4
f 7300/1/4 7301/1/4 7306/1/4
f 7306/1/4 7301/1/4 7307/1/4
f 7302/5/4 7303/5/4 7308/5/4
f 7308/5/4 7303/5/4 7309/5/4
f 7304/1/4 7305/1/4 7314/1/4
f 7314/1/4 7305/1/4 7315/1/4
f 7310/1/4 7311/1/4 7316/1/4
f 7316/1/4 7311/1/4 7317/1/4
f 7312/4/4 7313/4/4 7320/4/4
f 7320/4/4 7313/4/4 7321/4/4
f 7318/5/4 7319/5/4 7322/5/4
f 7322/5/4 7319/5/4 7323/5/4
f 7324/1/4 7325/1/4 7329/1/4
f 7329/1/4 7325/1/4 7330/1/4
f 7326/4/4 7327/4/4 7331/4/4
f 7331/4/4 7327/4/4 7332/4/4
f 7328/1/4 7329/1/4 7335/1/4
f 7335/1/4 7329/1/4 7336/1/4
f 7332/1/4 7333/1/4 7337/1/4
f 7337/1/4 7333/1/4 7338/1/4
f 7334/1/4 7335/1/4 7340/1/4
f 7340/1/4 7335/1/4 7341/1/4
f 7338/1/4 7339/1/4 7342/1/4
f 7342/1/4 7339/1/4 7343/1/4
f 7344/4/4 7345/4/4 7348/4/4
f 7348/4/4 7345/4/4 7349/4/4
f 7346/1/4 7347/1/4 7350/1/4
f 7350/1/4 7347/1/4 7351/1/4
f 7352/1/4 7353/1/4 7356/1/4
f 7356/1/4 7353/1/4 7357/1/4
f 7354/1/4 7355/1/4 7358/1/4
f 7358/1/4 7355/1/4 7359/1/4
f 7360/1/4 7361/1/4 7364/1/4
f 7364/1/4 7361/1/4 7365/1/4
f 7362/4/4 7363/4/4 7366/4/4
f 7366/4/4 7363/4/4 7367/4/4
f 7368/1/4 7369/1/4 7372/1/4
f 7372/1/4 7369/1/4 7373/1/4
f 7370/1/4 7371/1/4 7374/1/4
f 7374/1/4 7371/1/4 7375/1/4
f 7376/1/4 7377/1/4 7380/1/4
f 7380/1/4 7377/1/4 7381/1/4
f 7378/1/4 7379/1/4 7382/1/4
f 7382/1/4 7379/1/4 7383/1/4
f 7384/4/4 7385/4/4 7388/4/4
f 7388/4/4 7385/4/4 7389/4/4
f 7386/1/4 7387/1/4 7390/1/4
f 7390/1/4 7387/1/4 7391/1/4
f 7392/1/4 7393/1/4 7396/1/4
f 7396/1/4 7393/1/4 7397/1/4
f 7394/1/4 7395/1/4 7400/1/4
f 7400/1/4 7395/1/4 7401/1/4
f 7397/1/4 7398/1/4 7402/1/4
f 7402/1/4 7398/1/4 7403/1/4
f 7399/4/4 7400/4/4 7406/4/4
f 7406/4/4 7400/4/4 7407/4/4
f 7403/1/4 7404/1/4 7408/1/4
f 7408/1/4 7404/1/4 7409/1/4
f 7405/4/4 7406/4/4 7410/4/4
f 7410/4/4 7406/4/4 7411/4/4
f 7412/1/4 7413/1/4 7416/1/4
f 7416/1/4 7413/1/4 7417/1/4
f 7414/1/4 7415/1/4 7422/1/4
f 7422/1/4 7415/1/4 7423/1/4
f 7418/1/4 7419/1/4 7424/1/4
f 7424/1/4 7419/1/4 7425/1/4
f 7420/4/4 7421/4/4 7430/4/4
f 7430/4/4 7421/4/4 7431/4/4
f 7426/1/4 7427/1/4 7432/1/4
f 7432/1/4 7427/1/4 7433/1/4
f 7428/1/4 7429/1/4 7434/1/4
f 7434/1/4 7429/1/4 7435/1/4
f 7436/1/4 7437/1/4 7442/1/4
f 7442/1/4 7437/1/4 7443/1/4
f 7438/1/4 7439/1/4 7444/1/4
f 7444/1/4 7439/1/4 7445/1/4
f 7440/1/4 7441/1/4 7450/1/4
f 7450/1/4 7441/1/4 7451/1/4
f 7446/4/4 7447/4/4 7452/4/4
f 7452/4/4 7447/4/4 7453/4/4
f 7448/1/4 7449/1/4 7458/1/4
f 7458/1/4 7449/1/4 7459/1/4
f 7454/1/4 7455/1/4 7460/1/4
f 7460/1/4 7455/1/4 7461/1/4
f 7456/1/4 7457/1/4 7464/1/4
f 7464/1/4 7457/1/4 7465/1/4
f 7462/5/4 7463/5/4 7466/5/4
f 7466/5/4 7463/5/4 7467/5/4
f 7468/5/4 7469/5/4 7472/5/4
f 7472/5/4 7469/5/4 7473/5/4
f 7470/1/4 7471/1/4 7474/1/4
f 7474/1/4 7471/1/4 7475/1/4
f 7476/4/4 7477/4/4 7480/4/4
f 7480/4/4 7477/4/4 7481/4/4
f 7478/1/4 7479/1/4 7482/1/4
f 7482/1/4 7479/1/4 7483/1/4
f 7484/1/4 7485/1/4 7488/1/4
f 7488/1/4 7485/1/4 7489/1/4
f 7486/1/4 7487/1/4 7490/1/4
f 7490/1/4 7487/1/4 7491/1/4
f 7494/4/4 7495/4/4 7496/4/4
f 7496/4/4 7495/4/4 7497/4/4
f 7497/4/4 7495/4/4 7498/4/4
f 7492/1/4 7493/1/4 7499/1/4
f 7499/1/4 7493/1/4 7500/1/4
f 7497/1/4 7498/1/4 7501/1/4
f 7501/1/4 7498/1/4 7502/1/4
f 7503/1/4 7504/1/4 7507/1/4
f 7507/1/4 7504/1/4 7508/1/4
f 7505/1/4 7506/1/4 7509/1/4
f 7509/1/4 7506/1/4 7510/1/4
f 7507/4/4 7508/4/4 7511/4/4
f 7511/4/4 7508/4/4 7512/4/4
f 7509/4/4 7510/4/4 7513/4/4
f 7513/4/4 7510/4/4 7514/4/4
f 7515/1/4 7516/1/4 7519/1/4
f 7519/1/4 7516/1/4 7520/1/4
f 7517/1/4 7518/1/4 7521/1/4
f 7521/1/4 7518/1/4 7522/1/4
f 7523/1/4 7524/1/4 7527/1/4
f 7527/1/4 7524/1/4 7528/1/4
f 7525/4/4 7526/4/4 7529/4/4
f 7529/4/4 7526/4/4 7530/4/4
f 7531/1/4 7532/1/4 7535/1/4
f 7535/1/4 7532/1/4 7536/1/4
f 7533/1/4 7534/1/4 7537/1/4
f 7537/1/4 7534/1/4 7538/1/4
f 7539/4/4 7540/4/4 7543/4/4
f 7543/4/4 7540/4/4 7544/4/4
f 7541/1/4 7542/1/4 7549/1/4
f 7549/1/4 7542/1/4 7550/1/4
f 7545/1/4 7546/1/4 7551/1/4
f 7551/1/4 7546/1/4 7552/1/4
f 7547/1/4 7548/1/4 7557/1/4
f 7557/1/4 7548/1/4 7558/1/4
f 7553/1/4 7554/1/4 7559/1/4
f 7559/1/4 7554/1/4 7560/1/4
f 7555/4/4 7556/4/4 7567/4/4
f 7567/4/4 7556/4/4 7568/4/4
f 7561/1/4 7562/1/4 7569/1/4
f 7562/4/4 7563/4/4 7570/4/4
f 7569/1/4 7562/1/4 7570/1/4
f 7563/1/4 7564/1/4 7571/1/4
f 7570/4/4 7563/4/4 7571/4/4
f 7571/1/4 7564/1/4 7572/1/4
f 7565/1/4 7566/1/4 7573/1/4
f 7573/1/4 7566/1/4 7574/1/4
f 7575/1/4 7576/1/4 7580/1/4
f 7576/4/4 7577/4/4 7581/4/4
f 7580/1/4 7576/1/4 7581/1/4
f 7581/4/4 7577/4/4 7582/4/4
f 7578/1/4 7579/1/4 7587/1/4
f 7587/1/4 7579/1/4 7588/1/4
f 7583/1/4 7584/1/4 7589/1/4
f 7589/1/4 7584/1/4 7590/1/4
f 7585/1/4 7586/1/4 7595/1/4
f 7595/1/4 7586/1/4 7596/1/4
f 7591/4/4 7592/4/4 7597/4/4
f 7597/4/4 7592/4/4 7598/4/4
f 7593/4/4 7594/4/4 7603/4/4
f 7603/4/4 7594/4/4 7604/4/4
f 7599/1/4 7600/1/4 7605/1/4
f 7605/1/4 7600/1/4 7606/1/4
f 7601/1/4 7602/1/4 7610/1/4
f 7610/1/4 7602/1/4 7611/1/4
f 7607/1/4 7608/1/4 7612/1/4
f 7612/1/4 7608/1/4 7613/1/4
f 7609/1/4 7610/1/4 7616/1/4
f 7616/1/4 7610/1/4 7617/1/4
f 7613/4/4 7614/4/4 7618/4/4
f 7618/4/4 7614/4/4 7619/4/4
f 7615/1/4 7616/1/4 7622/1/4
f 7622/1/4 7616/1/4 7623/1/4
f 7619/1/4 7620/1/4 7624/1/4
f 7624/1/4 7620/1/4 7625/1/4
f 7621/5/4 7622/5/4 7627/5/4
f 7627/5/4 7622/5/4 7628/5/4
f 7625/1/4 7626/1/4 7629/1/4
f 7629/1/4 7626/1/4 7630/1/4
f 7631/1/4 7632/1/4 7635/1/4
f 7635/1/4 7632/1/4 7636/1/4
f 7633/1/4 7634/1/4 7637/1/4
f 7637/1/4 7634/1/4 7638/1/4
f 7639/1/4 7640/1/4 7643/1/4
f 7643/1/4 7640/1/4 7644/1/4
f 7641/1/4 7642/1/4 7645/1/4
f 7645/1/4 7642/1/4 7646/1/4
f 7647/4/4 7648/4/4 7651/4/4
f 7651/4/4 7648/4/4 7652/4/4
f 7649/1/4 7650/1/4 7653/1/4
f 7653/1/4 7650/1/4 7654/1/4
f 7655/1/4 7656/1/4 7659/1/4
f 7659/1/4 7656/1/4 7660/1/4
f 7657/1/4 7658/1/4 7661/1/4
f 7661/1/4 7658/1/4 7662/1/4
f 7663/1/4 7664/1/4 7667/1/4
f 7667/1/4 7664/1/4 7668/1/4
f 7665/1/4 7666/1/4 7669/1/4
f 7669/1/4 7666/1/4 7670/1/4
f 7671/1/4 7672/1/4 7675/1/4
f 7675/1/4 7672/1/4 7676/1/4
f 7673/4/4 7674/4/4 7677/4/4
f 7677/4/4 7674/4/4 7678/4/4
f 7679/1/4 7680/1/4 7683/1/4
f 7683/1/4 7680/1/4 7684/1/4
f 7681/1/4 7682/1/4 7685/1/4
f 7685/1/4 7682/1/4 7686/1/4
f 7687/1/4 7688/1/4 7691/1/4
f 7691/1/4 7688/1/4 7692/1/4
f 7689/1/4 7690/1/4 7695/1/4
f 7695/1/4 7690/1/4 7696/1/4
f 7692/1/4 7693/1/4 7697/1/4
f 7697/1/4 7693/1/4 7698/1/4
f 7694/1/4 7695/1/4 7701/1/4
f 7701/1/4 7695/1/4 7702/1/4
f 7698/1/4 7699/1/4 7703/1/4
f 7703/1/4 7699/1/4 7704/1/4
f 7700/4/4 7701/4/4 7707/4/4
f 7707/4/4 7701/4/4 7708/4/4
f 7704/1/4 7705/1/4 7709/1/4
f 7709/1/4 7705/1/4 7710/1/4
f 7706/4/4 7707/4/4 7715/4/4
f 7715/4/4 7707/4/4 7716/4/4
f 7711/4/4 7712/4/4 7717/4/4
f 7717/4/4 7712/4/4 7718/4/4
f 7713/1/4 7714/1/4 7723/1/4
f 7723/1/4 7714/1/4 7724/1/4
f 7719/1/4 7720/1/4 7725/1/4
f 7725/1/4 7720/1/4 7726/1/4
f 7721/1/4 7722/1/4 7731/1/4
f 7731/1/4 7722/1/4 7732/1/4
f 7727/1/4 7728/1/4 7733/1/4
f 7733/1/4 7728/1/4 7734/1/4
f 7729/4/4 7730/4/4 7737/4/4
f 7737/4/4 7730/4/4 7738/4/4
f 7735/1/4 7736/1/4 7739/1/4
f 7739/1/4 7736/1/4 7740/1/4
f 7741/1/4 7742/1/4 7747/1/4
f 7747/1/4 7742/1/4 7748/1/4
f 7743/1/4 7744/1/4 7749/1/4
f 7749/1/4 7744/1/4 7750/1/4
f 7745/1/4 7746/1/4 7755/1/4
f 7755/1/4 7746/1/4 7756/1/4
f 7751/4/4 7752/4/4 7757/4/4
f 7757/4/4 7752/4/4 7758/4/4
f 7753/4/4 7754/4/4 7763/4/4
f 7763/4/4 7754/4/4 7764/4/4
f 7759/5/4 7760/5/4 7765/5/4
f 7765/5/4 7760/5/4 7766/5/4
f 7761/1/4 7762/1/4 7770/1/4
f 7770/1/4 7762/1/4 7771/1/4
f 7767/5/4 7768/5/4 7772/5/4
f 7772/5/4 7768/5/4 7773/5/4
f 7769/1/4 7770/1/4 7776/1/4
f 7776/1/4 7770/1/4 7777/1/4
f 7773/4/4 7774/4/4 7778/4/4
f 7778/4/4 7774/4/4 7779/4/4
f 7775/5/4 7776/5/4 7782/5/4
f 7782/5/4 7776/5/4 7783/5/4
f 7779/1/4 7780/1/4 7784/1/4
f 7784/1/4 7780/1/4 7785/1/4
f 7781/5/4 7782/5/4 7788/5/4
f 7788/5/4 7782/5/4 7789/5/4
f 7785/1/4 7786/1/4 7790/1/4
f 7790/1/4 7786/1/4 7791/1/4
f 7787/1/4 7788/1/4 7793/1/4
f 7793/1/4 7788/1/4 7794/1/4
f 7791/1/4 7792/1/4 7795/1/4
f 7795/1/4 7792/1/4 7796/1/4
f 7797/4/4 7798/4/4 7801/4/4
f 7801/4/4 7798/4/4 7802/4/4
f 7799/1/4 7800/1/4 7803/1/4
f 7803/1/4 7800/1/4 7804/1/4
f 7805/1/4 7806/1/4 7809/1/4
f 7809/1/4 7806/1/4 7810/1/4
f 7807/1/4 7808/1/4 7811/1/4
f 7811/1/4 7808/1/4 7812/1/4
f 7813/4/4 7814/4/4 7817/4/4
f 7817/4/4 7814/4/4 7818/4/4
f 7815/5/4 7816/5/4 7819/5/4
f 7819/5/4 7816/5/4 7820/5/4
f 7819/1/4 7820/1/4 7821/1/4
f 7821/1/4 7820/1/4 7822/1/4
f 7817/1/4 7818/1/4 7823/1/4
f 7823/1/4 7818/1/4 7824/1/4
f 7821/4/4 7822/4/4 7825/4/4
f 7825/4/4 7822/4/4 7826/4/4
f 7827/1/4 7828/1/4 7831/1/4
f 7831/1/4 7828/1/4 7832/1/4
f 7829/1/4 7830/1/4 7833/1/4
f 7833/1/4 7830/1/4 7834/1/4
f 7831/4/4 7832/4/4 7835/4/4
f 7835/4/4 7832/4/4 7836/4/4
f 7833/4/4 7834/4/4 7837/4/4
f 7837/4/4 7834/4/4 7838/4/4
f 7835/1/4 7836/1/4 7839/1/4
f 7839/1/4 7836/1/4 7840/1/4
f 7837/1/4 7838/1/4 7841/1/4
f 7841/1/4 7838/1/4 7842/1/4
f 7843/1/4 7844/1/4 7847/1/4
f 7847/1/4 7844/1/4 7848/1/4
f 7845/1/4 7846/1/4 7849/1/4
f 7849/1/4 7846/1/4 7850/1/4
f 7851/4/4 7852/4/4 7855/4/4
f 7855/4/4 7852/4/4 7856/4/4
f 7853/1/4 7854/1/4 7857/1/4
f 7857/1/4 7854/1/4 7858/1/4
f 7859/1/4 7860/1/4 7863/1/4
f 7863/1/4 7860/1/4 7864/1/4
f 7861/1/4 7862/1/4 7867/1/4
f 7867/1/4 7862/1/4 7868/1/4
f 7864/1/4 7865/1/4 7869/1/4
f 7869/1/4 7865/1/4 7870/1/4
f 7866/1/4 7867/1/4 7873/1/4
f 7873/1/4 7867/1/4 7874/1/4
f 7870/1/4 7871/1/4 7875/1/4
f 7875/1/4 7871/1/4 7876/1/4
f 7872/1/4 7873/1/4 7879/1/4
f 7879/1/4 7873/1/4 7880/1/4
f 7876/1/4 7877/1/4 7881/1/4
f 7881/1/4 7877/1/4 7882/1/4
f 7878/4/4 7879/4/4 7885/4/4
f 7885/4/4 7879/4/4 7886/4/4
f 7882/1/4 7883/1/4 7887/1/4
f 7887/1/4 7883/1/4 7888/1/4
f 7884/1/4 7885/1/4 7893/1/4
f 7893/1/4 7885/1/4 7894/1/4
f 7889/1/4 7890/1/4 7895/1/4
f 7895/1/4 7890/1/4 7896/1/4
f 7891/1/4 7892/1/4 7901/1/4
f 7901/1/4 7892/1/4 7902/1/4
f 7897/1/4 7898/1/4 7903/1/4
f 7903/1/4 7898/1/4 7904/1/4
f 7899/1/4 7900/1/4 7912/1/4
f 7912/1/4 7900/1/4 7913/1/4
f 7905/1/4 7906/1/4 7914/1/4
f 7906/1/4 7907/1/4 7914/1/4
f 7907/4/4 7908/4/4 7915/4/4
f 7914/1/4 7907/1/4 7915/1/4
f 7915/4/4 7908/4/4 7916/4/4
f 7909/1/4 7910/1/4 7917/1/4
f 7910/4/4 7911/4/4 7918/4/4
f 7917/1/4 7910/1/4 7918/1/4
f 7918/4/4 7911/4/4 7919/4/4
f 7920/1/4 7921/1/4 7926/1/4
f 7921/4/4 7922/4/4 7927/4/4
f 7926/1/4 7921/1/4 7927/1/4
f 7922/1/4 7923/1/4 7928/1/4
f 7927/4/4 7922/4/4 7928/4/4
f 7928/1/4 7923/1/4 7929/1/4
f 7924/1/4 7925/1/4 7934/1/4
f 7934/1/4 7925/1/4 7935/1/4
f 7930/1/4 7931/1/4 7936/1/4
f 7936/1/4 7931/1/4 7937/1/4
f 7932/4/4 7933/4/4 7942/4/4
f 7942/4/4 7933/4/4 7943/4/4
f 7938/4/4 7939/4/4 7944/4/4
f 7944/4/4 7939/4/4 7945/4/4
f 7940/5/4 7941/5/4 7949/5/4
f 7949/5/4 7941/5/4 7950/5/4
f 7946/1/4 7947/1/4 7951/1/4
f 7951/1/4 7947/1/4 7952/1/4
f 7948/5/4 7949/5/4 7954/5/4
f 7954/5/4 7949/5/4 7955/5/4
f 7952/5/4 7953/5/4 7956/5/4
f 7956/5/4 7953/5/4 7957/5/4
f 7958/1/4 7959/1/4 7963/1/4
f 7963/1/4 7959/1/4 7964/1/4
f 7960/1/4 7961/1/4 7965/1/4
f 7965/1/4 7961/1/4 7966/1/4
f 7962/1/4 7963/1/4 7968/1/4
f 7968/1/4 7963/1/4 7969/1/4
f 7966/1/4 7967/1/4 7970/1/4
f 7970/1/4 7967/1/4 7971/1/4
f 7972/1/4 7973/1/4 7976/1/4
f 7976/1/4 7973/1/4 7977/1/4
f 7974/1/4 7975/1/4 7978/1/4
f 7978/1/4 7975/1/4 7979/1/4
f 7980/1/4 7981/1/4 7984/1/4
f 7984/1/4 7981/1/4 7985/1/4
f 7982/1/4 7983/1/4 7986/1/4
f 7986/1/4 7983/1/4 7987/1/4
f 7984/4/4 7985/4/4 7988/4/4
f 7988/4/4 7985/4/4 7989/4/4
f 7986/5/4 7987/5/4 7990/5/4
f 7990/5/4 7987/5/4 7991/5/4
f 7994/4/4 7995/4/4 7996/4/4
f 7996/4/4 7995/4/4 7997/4/4
f 7992/1/4 7993/1/4 7998/1/4
f 7998/1/4 7993/1/4 7999/1/4
f 7996/1/4 7997/1/4 8000/1/4
f 8000/1/4 7997/1/4 8001/1/4
f 8002/1/4 8003/1/4 8006/1/4
f 8006/1/4 8003/1/4 8007/1/4
f 8004/1/4 8005/1/4 8008/1/4
f 8008/1/4 8005/1/4 8009/1/4
f 8010/4/4 8011/4/4 8014/4/4
f 8014/4/4 8011/4/4 8015/4/4
f 8012/1/4 8013/1/4 8016/1/4
f 8016/1/4 8013/1/4 8017/1/4
f 8018/1/4 8019/1/4 8022/1/4
f 8022/1/4 8019/1/4 8023/1/4
f 8020/1/4 8021/1/4 8026/1/4
f 8026/1/4 8021/1/4 8027/1/4
f 8023/1/4 8024/1/4 8028/1/4
f 8028/1/4 8024/1/4 8029/1/4
f 8025/1/4 8026/1/4 8030/1/4
f 8030/1/4 8026/1/4 8031/1/4
f 8032/1/4 8033/1/4 8036/1/4
f 8036/1/4 8033/1/4 8037/1/4
f 8034/1/4 8035/1/4 8040/1/4
f 8040/1/4 8035/1/4 8041/1/4
f 8037/4/4 8038/4/4 8042/4/4
f 8042/4/4 8038/4/4 8043/4/4
f 8039/1/4 8040/1/4 8048/1/4
f 8048/1/4 8040/1/4 8049/1/4
f 8044/5/4 8045/5/4 8050/5/4
f 8050/5/4 8045/5/4 8051/5/4
f 8046/1/4 8047/1/4 8056/1/4
f 8056/1/4 8047/1/4 8057/1/4
f 8052/1/4 8053/1/4 8058/1/4
f 8058/1/4 8053/1/4 8059/1/4
f 8054/4/4 8055/4/4 8062/4/4
f 8062/4/4 8055/4/4 8063/4/4
f 8060/1/4 8061/1/4 8064/1/4
f 8064/1/4 8061/1/4 8065/1/4
f 8066/1/4 8067/1/4 8072/1/4
f 8067/4/4 8068/4/4 8073/4/4
f 8072/1/4 8067/1/4 8073/1/4
f 8068/1/4 8069/1/4 8074/1/4
f 8073/4/4 8068/4/4 8074/4/4
f 8074/1/4 8069/1/4 8075/1/4
f 8070/1/4 8071/1/4 8081/1/4
f 8081/1/4 8071/1/4 8082/1/4
f 8082/1/4 8071/1/4 8083/1/4
f 8076/1/4 8077/1/4 8084/1/4
f 8077/4/4 8078/4/4 8085/4/4
f 8084/1/4 8077/1/4 8085/1/4
f 8085/4/4 8078/4/4 8086/4/4
f 8079/5/4 8080/5/4 8090/5/4
f 8090/5/4 8080/5/4 8091/5/4
f 8087/1/4 8088/1/4 8092/1/4
f 8092/1/4 8088/1/4 8093/1/4
f 8089/1/4 8090/1/4 8097/1/4
f 8097/1/4 8090/1/4 8098/1/4
f 8093/1/4 8094/1/4 8099/1/4
f 8099/1/4 8094/1/4 8100/1/4
f 8095/1/4 8096/1/4 8104/1/4
f 8104/1/4 8096/1/4 8105/1/4
f 8101/4/4 8102/4/4 8106/4/4
f 8106/4/4 8102/4/4 8107/4/4
f 8103/1/4 8104/1/4 8109/1/4
f 8109/1/4 8104/1/4 8110/1/4
f 8107/1/4 8108/1/4 8111/1/4
f 8111/1/4 8108/1/4 8112/1/4
f 8113/1/4 8114/1/4 8118/1/4
f 8118/1/4 8114/1/4 8119/1/4
f 8115/1/4 8116/1/4 8120/1/4
f 8120/1/4 8116/1/4 8121/1/4
f 8117/4/4 8118/4/4 8123/4/4
f 8123/4/4 8118/4/4 8124/4/4
f 8121/1/4 8122/1/4 8125/1/4
f 8125/1/4 8122/1/4 8126/1/4
f 8127/1/4 8128/1/4 8131/1/4
f 8131/1/4 8128/1/4 8132/1/4
f 8129/1/4 8130/1/4 8133/1/4
f 8133/1/4 8130/1/4 8134/1/4
f 8135/1/4 8136/1/4 8139/1/4
f 8137/5/4 8138/5/4 8140/5/4
f 8140/5/4 8138/5/4 8141/5/4
f 8140/1/4 8141/1/4 8142/1/4
f 8142/1/4 8141/1/4 8143/1/4
f 8142/4/4 8143/4/4 8144/4/4
f 8144/4/4 8143/4/4 8145/4/4
f 8135/1/4 8139/1/4 8146/1/4
f 8135/1/4 8146/1/4 8147/1/4
f 8147/1/4 8146/1/4 8148/1/4
f 8144/1/4 8145/1/4 8149/1/4
f 8149/1/4 8145/1/4 8150/1/4
f 8147/4/4 8148/4/4 8151/4/4
f 8151/4/4 8148/4/4 8152/4/4
f 8149/4/4 8150/4/4 8153/4/4
f 8153/4/4 8150/4/4 8154/4/4
f 8155/1/4 8156/1/4 8159/1/4
f 8157/1/4 8158/1/4 8160/1/4
f 8160/1/4 8158/1/4 8161/1/4
f 8155/1/4 8159/1/4 8162/1/4
f 8162/1/4 8159/1/4 8163/1/4
f 8160/4/4 8161/4/4 8164/4/4
f 8164/4/4 8161/4/4 8165/4/4
f 8166/1/4 8167/1/4 8170/1/4
f 8170/1/4 8167/1/4 8171/1/4
f 8168/1/4 8169/1/4 8174/1/4
f 8174/1/4 8169/1/4 8175/1/4
f 8171/1/4 8172/1/4 8176/1/4
f 8176/1/4 8172/1/4 8177/1/4
f 8173/1/4 8174/1/4 8178/1/4
f 8178/1/4 8174/1/4 8179/1/4
f 8180/1/4 8181/1/4 8184/1/4
f 8184/1/4 8181/1/4 8185/1/4
f 8182/1/4 8183/1/4 8188/1/4
f 8188/1/4 8183/1/4 8189/1/4
f 8185/1/4 8186/1/4 8190/1/4
f 8190/1/4 8186/1/4 8191/1/4
f 8187/4/4 8188/4/4 8196/4/4
f 8196/4/4 8188/4/4 8197/4/4
f 8192/4/4 8193/4/4 8198/4/4
f 8198/4/4 8193/4/4 8199/4/4
f 8194/1/4 8195/1/4 8202/1/4
f 8202/1/4 8195/1/4 8203/1/4
f 8199/1/4 8200/1/4 8204/1/4
f 8204/1/4 8200/1/4 8205/1/4
f 8201/1/4 8202/1/4 8210/1/4
f 8210/1/4 8202/1/4 8211/1/4
f 8206/5/4 8207/5/4 8212/5/4
f 8212/5/4 8207/5/4 8213/5/4
f 8208/1/4 8209/1/4 8218/1/4
f 8218/1/4 8209/1/4 8219/1/4
f 8214/4/4 8215/4/4 8220/4/4
f 8216/1/4 8217/1/4 8221/1/4
f 8220/4/4 8215/4/4 8221/4/4
f 8215/1/4 8216/1/4 8221/1/4
f 8221/1/4 8217/1/4 8222/1/4
f 8223/1/4 8224/1/4 8229/1/4
f 8229/1/4 8224/1/4 8230/1/4
f 8230/1/4 8224/1/4 8231/1/4
f 8225/1/4 8226/1/4 8232/1/4
f 8232/1/4 8226/1/4 8233/1/4
f 8227/4/4 8228/4/4 8238/4/4
f 8238/4/4 8228/4/4 8239/4/4
f 8239/4/4 8228/4/4 8240/4/4
f 8234/1/4 8235/1/4 8241/1/4
f 8235/4/4 8236/4/4 8242/4/4
f 8241/1/4 8235/1/4 8242/1/4
f 8242/4/4 8236/4/4 8243/4/4
f 8237/1/4 8238/1/4 8246/1/4
f 8246/1/4 8238/1/4 8247/1/4
f 8243/1/4 8244/1/4 8248/1/4
f 8248/1/4 8244/1/4 8249/1/4
f 8245/1/4 8246/1/4 8253/1/4
f 8253/1/4 8246/1/4 8254/1/4
f 8249/1/4 8250/1/4 8255/1/4
f 8250/4/4 8251/4/4 8256/4/4
f 8255/1/4 8250/1/4 8256/1/4
f 8256/4/4 8251/4/4 8257/4/4
f 8252/1/4 8253/1/4 8260/1/4
f 8260/1/4 8253/1/4 8261/1/4
f 8257/5/4 8258/5/4 8262/5/4
f 8262/5/4 8258/5/4 8263/5/4
f 8263/5/4 8264/5/4 8265/5/4
f 8265/5/4 8264/5/4 8266/5/4
f 8259/1/4 8260/1/4 8268/1/4
f 8268/1/4 8260/1/4 8269/1/4
f 8265/1/4 8266/1/4 8270/1/4
f 8270/1/4 8266/1/4 8271/1/4
f 8267/1/4 8268/1/4 8274/1/4
f 8274/1/4 8268/1/4 8275/1/4
f 8271/1/4 8272/1/4 8276/1/4
f 8276/1/4 8272/1/4 8277/1/4
f 8273/4/4 8274/4/4 8279/4/4
f 8279/4/4 8274/4/4 8280/4/4
f 8279/1/4 8280/1/4 8281/1/4
f 8281/1/4 8280/1/4 8282/1/4
f 8277/1/4 8278/1/4 8283/1/4
f 8283/1/4 8278/1/4 8284/1/4
f 8285/4/4 8286/4/4 8289/4/4
f 8287/5/4 8288/5/4 8290/5/4
f 8285/4/4 8289/4/4 8291/4/4
f 8291/4/4 8289/4/4 8292/4/4
f 8290/5/4 8288/5/4 8293/5/4
f 8293/5/4 8288/5/4 8294/5/4
f 8291/1/4 8292/1/4 8295/1/4
f 8295/1/4 8292/1/4 8296/1/4
f 8293/1/4 8294/1/4 8297/1/4
f 8297/1/4 8294/1/4 8298/1/4
f 8299/4/4 8300/4/4 8303/4/4
f 8301/1/4 8302/1/4 8304/1/4
f 8304/1/4 8302/1/4 8305/1/4
f 8299/4/4 8303/4/4 8306/4/4
f 8306/4/4 8303/4/4 8307/4/4
f 8304/4/4 8305/4/4 8308/4/4
f 8308/4/4 8305/4/4 8309/4/4
f 8306/1/4 8307/1/4 8310/1/4
f 8310/1/4 8307/1/4 8311/1/4
f 8308/1/4 8309/1/4 8312/1/4
f 8312/1/4 8309/1/4 8313/1/4
f 8314/4/4 8315/4/4 8318/4/4
f 8316/4/4 8317/4/4 8319/4/4
f 8319/4/4 8317/4/4 8320/4/4
f 8314/4/4 8318/4/4 8321/4/4
f 8321/4/4 8318/4/4 8322/4/4
f 8319/1/4 8320/1/4 8325/1/4
f 8325/1/4 8320/1/4 8326/1/4
f 8322/1/4 8323/1/4 8327/1/4
f 8327/1/4 8323/1/4 8328/1/4
f 8324/1/4 8325/1/4 8331/1/4
f 8331/1/4 8325/1/4 8332/1/4
f 8328/1/4 8329/1/4 8333/1/4
f 8333/1/4 8329/1/4 8334/1/4
f 8330/1/4 8331/1/4 8337/1/4
f 8337/1/4 8331/1/4 8338/1/4
f 8334/1/4 8335/1/4 8339/1/4
f 8339/1/4 8335/1/4 8340/1/4
f 8336/1/4 8337/1/4 8345/1/4
f 8345/1/4 8337/1/4 8346/1/4
f 8340/1/4 8341/1/4 8347/1/4
f 8341/4/4 8342/4/4 8348/4/4
f 8347/1/4 8341/1/4 8348/1/4
f 8348/4/4 8342/4/4 8349/4/4
f 8343/5/4 8344/5/4 8352/5/4
f 8344/4/4 8345/4/4 8353/4/4
f 8352/5/4 8344/5/4 8353/5/4
f 8353/4/4 8345/4/4 8354/4/4
f 8349/1/4 8350/1/4 8355/1/4
f 8355/1/4 8350/1/4 8356/1/4
f 8351/1/4 8352/1/4 8359/1/4
f 8359/1/4 8352/1/4 8360/1/4
f 8356/1/4 8357/1/4 8361/1/4
f 8361/1/4 8357/1/4 8362/1/4
f 8358/1/4 8359/1/4 8371/1/4
f 8371/1/4 8359/1/4 8372/1/4
f 8363/1/4 8364/1/4 8373/1/4
f 8364/4/4 8365/4/4 8374/4/4
f 8373/1/4 8364/1/4 8374/1/4
f 8365/5/4 8366/5/4 8375/5/4
f 8374/4/4 8365/4/4 8375/4/4
f 8375/5/4 8366/5/4 8376/5/4
f 8367/1/4 8368/1/4 8377/1/4
f 8368/1/4 8369/1/4 8377/1/4
f 8369/4/4 8370/4/4 8378/4/4
f 8377/1/4 8369/1/4 8378/1/4
f 8378/4/4 8370/4/4 8379/4/4
f 8380/5/4 8381/5/4 8387/5/4
f 8381/1/4 8382/1/4 8388/1/4
f 8387/5/4 8381/5/4 8388/5/4
f 8382/4/4 8383/4/4 8389/4/4
f 8388/1/4 8382/1/4 8389/1/4
f 8383/1/4 8384/1/4 8390/1/4
f 8389/4/4 8383/4/4 8390/4/4
f 8390/1/4 8384/1/4 8391/1/4
f 8385/1/4 8386/1/4 8396/1/4
f 8396/1/4 8386/1/4 8397/1/4
f 8397/1/4 8386/1/4 8398/1/4
f 8392/1/4 8393/1/4 8399/1/4
f 8399/1/4 8393/1/4 8400/1/4
f 8394/1/4 8395/1/4 8403/1/4
f 8395/4/4 8396/4/4 8404/4/4
f 8403/1/4 8395/1/4 8404/1/4
f 8404/4/4 8396/4/4 8405/4/4
f 8400/4/4 8401/4/4 8406/4/4
f 8406/4/4 8401/4/4 8407/4/4
f 8407/4/4 8401/4/4 8408/4/4
f 8402/1/4 8403/1/4 8411/1/4
f 8411/1/4 8403/1/4 8412/1/4
f 8408/1/4 8409/1/4 8413/1/4
f 8413/1/4 8409/1/4 8414/1/4
f 8410/1/4 8411/1/4 8418/1/4
f 8418/1/4 8411/1/4 8419/1/4
f 8419/1/4 8411/1/4 8420/1/4
f 8414/1/4 8415/1/4 8421/1/4
f 8415/4/4 8416/4/4 8422/4/4
f 8421/1/4 8415/1/4 8422/1/4
f 8422/4/4 8416/4/4 8423/4/4
f 8417/1/4 8418/1/4 8425/1/4
f 8418/1/4 8419/1/4 8425/1/4
f 8425/1/4 8419/1/4 8426/1/4
f 8422/4/4 8423/4/4 8427/4/4
f 8423/5/4 8424/5/4 8428/5/4
f 8427/4/4 8423/4/4 8428/4/4
f 8428/5/4 8424/5/4 8429/5/4
f 8417/1/4 8425/1/4 8431/1/4
f 8431/1/4 8425/1/4 8432/1/4
f 8428/1/4 8429/1/4 8433/1/4
f 8433/1/4 8429/1/4 8434/1/4
f 8430/1/4 8431/1/4 8437/1/4
f 8437/1/4 8431/1/4 8438/1/4
f 8434/1/4 8435/1/4 8439/1/4
f 8439/1/4 8435/1/4 8440/1/4
f 8436/4/4 8437/4/4 8442/4/4
f 8442/4/4 8437/4/4 8443/4/4
f 8442/1/4 8443/1/4 8445/1/4
f 8445/1/4 8443/1/4 8446/1/4
f 8440/1/4 8441/1/4 8447/1/4
f 8447/1/4 8441/1/4 8448/1/4
f 8444/1/4 8445/1/4 8450/1/4
f 8450/1/4 8445/1/4 8451/1/4
f 8448/1/4 8449/1/4 8452/1/4
f 8452/1/4 8449/1/4 8453/1/4
f 8450/4/4 8451/4/4 8454/4/4
f 8454/4/4 8451/4/4 8455/4/4
f 8452/5/4 8453/5/4 8456/5/4
f 8456/5/4 8453/5/4 8457/5/4
f 8460/4/4 8461/4/4 8462/4/4
f 8462/4/4 8461/4/4 8463/4/4
f 8458/1/4 8459/1/4 8464/1/4
f 8464/1/4 8459/1/4 8465/1/4
f 8462/1/4 8463/1/4 8466/1/4
f 8466/1/4 8463/1/4 8467/1/4
f 8468/1/4 8469/1/4 8472/1/4
f 8470/4/4 8471/4/4 8473/4/4
f 8473/4/4 8471/4/4 8474/4/4
f 8468/1/4 8472/1/4 8475/1/4
f 8475/1/4 8472/1/4 8476/1/4
f 8473/1/4 8474/1/4 8477/1/4
f 8477/1/4 8474/1/4 8478/1/4
f 8475/5/4 8476/5/4 8479/5/4
f 8479/5/4 8476/5/4 8480/5/4
f 8477/4/4 8478/4/4 8483/4/4
f 8483/4/4 8478/4/4 8484/4/4
f 8480/4/4 8481/4/4 8485/4/4
f 8485/4/4 8481/4/4 8486/4/4
f 8485/1/4 8486/1/4 8487/1/4
f 8487/1/4 8486/1/4 8488/1/4
f 8482/1/4 8483/1/4 8491/1/4
f 8491/1/4 8483/1/4 8492/1/4
f 8488/1/4 8489/1/4 8493/1/4
f 8493/1/4 8489/1/4 8494/1/4
f 8490/1/4 8491/1/4 8497/1/4
f 8497/1/4 8491/1/4 8498/1/4
f 8494/1/4 8495/1/4 8499/1/4
f 8496/1/4 8497/1/4 8502/1/4
f 8499/1/4 8500/1/4 8503/1/4
f 8494/1/4 8499/1/4 8503/1/4
f 8503/1/4 8500/1/4 8504/1/4
f 8504/1/4 8500/1/4 8505/1/4
f 8501/1/4 8502/1/4 8508/1/4
f 8502/1/4 8497/1/4 8509/1/4
f 8508/1/4 8502/1/4 8509/1/4
f 8509/1/4 8497/1/4 8510/1/4
f 8504/1/4 8505/1/4 8511/1/4
f 8505/4/4 8506/4/4 8512/4/4
f 8511/1/4 8505/1/4 8512/1/4
f 8512/4/4 8506/4/4 8513/4/4
f 8507/4/4 8508/4/4 8516/4/4
f 8508/4/4 8509/4/4 8516/4/4
f 8516/4/4 8509/4/4 8517/4/4
f 8513/1/4 8514/1/4 8518/1/4
f 8518/1/4 8514/1/4 8519/1/4
f 8515/5/4 8516/5/4 8522/5/4
f 8522/5/4 8516/5/4 8523/5/4
f 8519/1/4 8520/1/4 8524/1/4
f 8524/1/4 8520/1/4 8525/1/4
f 8521/1/4 8522/1/4 8530/1/4
f 8530/1/4 8522/1/4 8531/1/4
f 8525/1/4 8526/1/4 8532/1/4
f 8526/4/4 8527/4/4 8533/4/4
f 8532/1/4 8526/1/4 8533/1/4
f 8533/4/4 8527/4/4 8534/4/4
f 8528/4/4 8529/4/4 8538/4/4
f 8529/1/4 8530/1/4 8539/1/4
f 8538/4/4 8529/4/4 8539/4/4
f 8539/1/4 8530/1/4 8540/1/4
f 8535/5/4 8536/5/4 8541/5/4
f 8536/1/4 8537/1/4 8542/1/4
f 8541/5/4 8536/5/4 8542/5/4
f 8542/1/4 8537/1/4 8543/1/4
f 8544/5/4 8545/5/4 8551/5/4
f 8545/1/4 8546/1/4 8552/1/4
f 8551/5/4 8545/5/4 8552/5/4
f 8546/4/4 8547/4/4 8553/4/4
f 8552/1/4 8546/1/4 8553/1/4
f 8547/1/4 8548/1/4 8554/1/4
f 8553/4/4 8547/4/4 8554/4/4
f 8554/1/4 8548/1/4 8555/1/4
f 8549/4/4 8550/4/4 8558/4/4
f 8550/5/4 8551/5/4 8559/5/4
f 8558/4/4 8550/4/4 8559/4/4
f 8559/5/4 8551/5/4 8560/5/4
f 8560/5/4 8551/5/4 8561/5/4
f 8555/1/4 8556/1/4 8562/1/4
f 8562/1/4 8556/1/4 8563/1/4
f 8557/1/4 8558/1/4 8567/1/4
f 8567/1/4 8558/1/4 8568/1/4
f 8568/1/4 8558/1/4 8569/1/4
f 8563/4/4 8564/4/4 8570/4/4
f 8564/1/4 8565/1/4 8571/1/4
f 8570/4/4 8564/4/4 8571/4/4
f 8571/1/4 8565/1/4 8572/1/4
f 8566/1/4 8567/1/4 8575/1/4
f 8575/1/4 8567/1/4 8576/1/4
f 8572/1/4 8573/1/4 8577/1/4
f 8577/1/4 8573/1/4 8578/1/4
f 8574/1/4 8575/1/4 8581/1/4
f 8581/1/4 8575/1/4 8582/1/4
f 8578/4/4 8579/4/4 8583/4/4
f 8583/4/4 8579/4/4 8584/4/4
f 8580/1/4 8581/1/4 8587/1/4
f 8587/1/4 8581/1/4 8588/1/4
f 8584/1/4 8585/1/4 8589/1/4
f 8589/1/4 8585/1/4 8590/1/4
f 8586/4/4 8587/4/4 8593/4/4
f 8593/4/4 8587/4/4 8594/4/4
f 8590/5/4 8591/5/4 8595/5/4
f 8595/5/4 8591/5/4 8596/5/4
f 8592/4/4 8593/4/4 8598/4/4
f 8598/4/4 8593/4/4 8599/4/4
f 8598/1/4 8599/1/4 8601/1/4
f 8601/1/4 8599/1/4 8602/1/4
f 8596/5/4 8597/5/4 8603/5/4
f 8603/5/4 8597/5/4 8604/5/4
f 8600/1/4 8601/1/4 8606/1/4
f 8606/1/4 8601/1/4 8607/1/4
f 8606/4/4 8607/4/4 8609/4/4
f 8609/4/4 8607/4/4 8610/4/4
f 8604/5/4 8605/5/4 8611/5/4
f 8611/5/4 8605/5/4 8612/5/4
f 8608/1/4 8609/1/4 8614/1/4
f 8612/4/4 8613/4/4 8615/4/4
f 8615/4/4 8613/4/4 8616/4/4
f 8616/4/4 8613/4/4 8617/4/4
f 8608/1/4 8614/1/4 8618/1/4
f 8608/1/4 8618/1/4 8619/1/4
f 8619/1/4 8618/1/4 8620/1/4
f 8619/4/4 8620/4/4 8621/4/4
f 8621/4/4 8620/4/4 8622/4/4
f 8616/1/4 8617/1/4 8625/1/4
f 8625/1/4 8617/1/4 8626/1/4
f 8622/1/4 8623/1/4 8627/1/4
f 8627/1/4 8623/1/4 8628/1/4
f 8624/4/4 8625/4/4 8629/4/4
f 8629/4/4 8625/4/4 8630/4/4
f 8627/5/4 8628/5/4 8631/5/4
f 8631/5/4 8628/5/4 8632/5/4
f 8629/1/4 8630/1/4 8633/1/4
f 8633/1/4 8630/1/4 8634/1/4
f 8631/4/4 8632/4/4 8635/4/4
f 8635/4/4 8632/4/4 8636/4/4
f 8633/4/4 8634/4/4 8639/4/4
f 8639/4/4 8634/4/4 8640/4/4
f 8636/1/4 8637/1/4 8641/1/4
f 8641/1/4 8637/1/4 8642/1/4
f 8638/1/4 8639/1/4 8645/1/4
f 8645/1/4 8639/1/4 8646/1/4
f 8642/1/4 8643/1/4 8647/1/4
f 8647/1/4 8643/1/4 8648/1/4
f 8644/1/4 8645/1/4 8651/1/4
f 8651/1/4 8645/1/4 8652/1/4
f 8648/1/4 8649/1/4 8653/1/4
f 8653/1/4 8649/1/4 8654/1/4
f 8650/1/4 8651/1/4 8657/1/4
f 8657/1/4 8651/1/4 8658/1/4
f 8654/4/4 8655/4/4 8659/4/4
f 8659/4/4 8655/4/4 8660/4/4
f 8656/4/4 8657/4/4 8663/4/4
f 8663/4/4 8657/4/4 8664/4/4
f 8660/1/4 8661/1/4 8665/1/4
f 8665/1/4 8661/1/4 8666/1/4
f 8662/5/4 8663/5/4 8669/5/4
f 8669/5/4 8663/5/4 8670/5/4
f 8666/1/4 8667/1/4 8671/1/4
f 8671/1/4 8667/1/4 8672/1/4
f 8668/1/4 8669/1/4 8678/1/4
f 8678/1/4 8669/1/4 8679/1/4
f 8672/1/4 8673/1/4 8680/1/4
f 8673/4/4 8674/4/4 8681/4/4
f 8680/1/4 8673/1/4 8681/1/4
f 8681/4/4 8674/4/4 8682/4/4
f 8676/4/4 8677/4/4 8684/4/4
f 8675/4/4 8676/4/4 8684/4/4
f 8677/1/4 8678/1/4 8685/1/4
f 8684/4/4 8677/4/4 8685/4/4
f 8685/1/4 8678/1/4 8686/1/4
f 8682/1/4 8683/1/4 8687/1/4
f 8683/1/4 8684/1/4 8687/1/4
f 8687/1/4 8684/1/4 8688/1/4
f 8689/1/4 8690/1/4 8695/1/4
f 8695/1/4 8690/1/4 8696/1/4
f 8690/4/4 8691/4/4 8697/4/4
f 8696/1/4 8690/1/4 8697/1/4
f 8691/1/4 8692/1/4 8698/1/4
f 8697/4/4 8691/4/4 8698/4/4
f 8698/1/4 8692/1/4 8699/1/4
f 8699/1/4 8692/1/4 8700/1/4
f 8693/4/4 8694/4/4 8704/4/4
f 8704/4/4 8694/4/4 8705/4/4
f 8695/1/4 8696/1/4 8706/1/4
f 8705/4/4 8694/4/4 8706/4/4
f 8694/1/4 8695/1/4 8706/1/4
f 8706/1/4 8696/1/4 8707/1/4
f 8700/1/4 8701/1/4 8708/1/4
f 8699/1/4 8700/1/4 8708/1/4
f 8708/1/4 8701/1/4 8709/1/4
f 8709/1/4 8701/1/4 8710/1/4
f 8702/1/4 8703/1/4 8714/1/4
f 8703/5/4 8704/5/4 8715/5/4
f 8714/1/4 8703/1/4 8715/1/4
f 8704/1/4 8705/1/4 8716/1/4
f 8715/5/4 8704/5/4 8716/5/4
f 8716/1/4 8705/1/4 8717/1/4
f 8709/1/4 8710/1/4 8718/1/4
f 8710/4/4 8711/4/4 8719/4/4
f 8718/1/4 8710/1/4 8719/1/4
f 8711/1/4 8712/1/4 8720/1/4
f 8719/4/4 8711/4/4 8720/4/4
f 8720/1/4 8712/1/4 8721/1/4
f 8713/1/4 8714/1/4 8724/1/4
f 8714/5/4 8715/5/4 8725/5/4
f 8724/1/4 8714/1/4 8725/1/4
f 8725/5/4 8715/5/4 8726/5/4
f 8721/1/4 8722/1/4 8727/1/4
f 8720/1/4 8721/1/4 8727/1/4
f 8727/1/4 8722/1/4 8728/1/4
f 8728/1/4 8722/1/4 8729/1/4
f 8723/1/4 8724/1/4 8732/1/4
f 8724/1/4 8725/1/4 8732/1/4
f 8732/1/4 8725/1/4 8733/1/4
f 8733/1/4 8725/1/4 8734/1/4
f 8728/1/4 8729/1/4 8735/1/4
f 8729/4/4 8730/4/4 8736/4/4
f 8735/1/4 8729/1/4 8736/1/4
f 8736/4/4 8730/4/4 8737/4/4
f 8731/4/4 8732/4/4 8740/4/4
f 8732/4/4 8733/4/4 8740/4/4
f 8740/4/4 8733/4/4 8741/4/4
f 8741/4/4 8733/4/4 8742/4/4
f 8736/4/4 8737/4/4 8743/4/4
f 8737/1/4 8738/1/4 8744/1/4
f 8743/4/4 8737/4/4 8744/4/4
f 8744/1/4 8738/1/4 8745/1/4
f 8739/4/4 8740/4/4 8747/4/4
f 8740/1/4 8741/1/4 8748/1/4
f 8747/4/4 8740/4/4 8748/4/4
f 8748/1/4 8741/1/4 8749/1/4
f 8745/1/4 8746/1/4 8750/1/4
f 8744/1/4 8745/1/4 8750/1/4
f 8750/1/4 8746/1/4 8751/1/4
f 8747/1/4 8748/1/4 8753/1/4
f 8751/1/4 8746/1/4 8754/1/4
f 8752/1/4 8753/1/4 8756/1/4
f 8753/1/4 8748/1/4 8756/1/4
f 8756/1/4 8748/1/4 8757/1/4
f 8751/1/4 8754/1/4 8758/1/4
f 8754/5/4 8755/5/4 8759/5/4
f 8758/1/4 8754/1/4 8759/1/4
f 8752/1/4 8756/1/4 8760/1/4
f 8760/1/4 8756/1/4 8761/1/4
f 8760/4/4 8761/4/4 8763/4/4
f 8763/4/4 8761/4/4 8764/4/4
f 8759/5/4 8755/5/4 8765/5/4
f 8765/5/4 8755/5/4 8766/5/4
f 8763/4/4 8764/4/4 8768/4/4
f 8762/4/4 8763/4/4 8768/4/4
f 8768/4/4 8764/4/4 8769/4/4
f 8769/4/4 8764/4/4 8770/4/4
f 8766/1/4 8767/1/4 8771/1/4
f 8765/1/4 8766/1/4 8771/1/4
f 8771/1/4 8767/1/4 8772/1/4
f 8772/1/4 8767/1/4 8773/1/4
f 8772/4/4 8773/4/4 8774/4/4
f 8774/4/4 8773/4/4 8775/4/4
f 8768/1/4 8769/1/4 8776/1/4
f 8776/1/4 8769/1/4 8777/1/4
f 8776/5/4 8777/5/4 8778/5/4
f 8778/5/4 8777/5/4 8779/5/4
f 8774/1/4 8775/1/4 8782/1/4
f 8779/4/4 8780/4/4 8783/4/4
f 8778/4/4 8779/4/4 8783/4/4
f 8783/4/4 8780/4/4 8784/4/4
f 8784/4/4 8780/4/4 8785/4/4
f 8781/1/4 8782/1/4 8786/1/4
f 8782/1/4 8775/1/4 8787/1/4
f 8786/1/4 8782/1/4 8787/1/4
f 8787/1/4 8775/1/4 8788/1/4
f 8784/1/4 8785/1/4 8789/1/4
f 8786/4/4 8787/4/4 8790/4/4
f 8790/4/4 8787/4/4 8791/4/4
f 8784/1/4 8789/1/4 8792/1/4
f 8792/1/4 8789/1/4 8793/1/4
f 8790/1/4 8791/1/4 8796/1/4
f 8796/1/4 8791/1/4 8797/1/4
f 8793/4/4 8794/4/4 8798/4/4
f 8792/4/4 8793/4/4 8798/4/4
f 8798/4/4 8794/4/4 8799/4/4
f 8799/4/4 8794/4/4 8800/4/4
f 8796/4/4 8797/4/4 8801/4/4
f 8795/4/4 8796/4/4 8801/4/4
f 8801/4/4 8797/4/4 8802/4/4
f 8802/4/4 8797/4/4 8803/4/4
f 8799/1/4 8800/1/4 8804/1/4
f 8801/1/4 8802/1/4 8807/1/4
f 8804/1/4 8805/1/4 8808/1/4
f 8799/1/4 8804/1/4 8808/1/4
f 8808/1/4 8805/1/4 8809/1/4
f 8809/1/4 8805/1/4 8810/1/4
f 8806/1/4 8807/1/4 8813/1/4
f 8807/1/4 8802/1/4 8814/1/4
f 8813/1/4 8807/1/4 8814/1/4
f 8814/1/4 8802/1/4 8815/1/4
f 8810/1/4 8811/1/4 8816/1/4
f 8809/1/4 8810/1/4 8816/1/4
f 8816/1/4 8811/1/4 8817/1/4
f 8817/1/4 8811/1/4 8818/1/4
f 8812/1/4 8813/1/4 8821/1/4
f 8813/1/4 8814/1/4 8821/1/4
f 8821/1/4 8814/1/4 8822/1/4
f 8822/1/4 8814/1/4 8823/1/4
f 8817/1/4 8818/1/4 8824/1/4
f 8818/4/4 8819/4/4 8825/4/4
f 8824/1/4 8818/1/4 8825/1/4
f 8825/4/4 8819/4/4 8826/4/4
f 8821/4/4 8822/4/4 8829/4/4
f 8820/4/4 8821/4/4 8829/4/4
f 8829/4/4 8822/4/4 8830/4/4
f 8830/4/4 8822/4/4 8831/4/4
f 8825/4/4 8826/4/4 8832/4/4
f 8826/1/4 8827/1/4 8833/1/4
f 8832/4/4 8826/4/4 8833/4/4
f 8833/1/4 8827/1/4 8834/1/4
f 8828/1/4 8829/1/4 8838/1/4
f 8829/4/4 8830/4/4 8839/4/4
f 8838/1/4 8829/1/4 8839/1/4
f 8839/4/4 8830/4/4 8840/4/4
f 8833/1/4 8834/1/4 8841/1/4
f 8834/1/4 8835/1/4 8841/1/4
f 8841/1/4 8835/1/4 8842/1/4
f 8842/1/4 8835/1/4 8843/1/4
f 8837/5/4 8838/5/4 8849/5/4
f 8836/5/4 8837/5/4 8849/5/4
f 8838/5/4 8839/5/4 8849/5/4
f 8849/5/4 8839/5/4 8850/5/4
f 8850/5/4 8839/5/4 8851/5/4
f 8842/1/4 8843/1/4 8852/1/4
f 8843/1/4 8844/1/4 8852/1/4
f 8844/4/4 8845/4/4 8853/4/4
f 8852/1/4 8844/1/4 8853/1/4
f 8845/1/4 8846/1/4 8854/1/4
f 8853/4/4 8845/4/4 8854/4/4
f 8854/1/4 8846/1/4 8855/1/4
f 8847/4/4 8848/4/4 8856/4/4
f 8856/4/4 8848/4/4 8857/4/4
f 8849/1/4 8850/1/4 8858/1/4
f 8857/4/4 8848/4/4 8858/4/4
f 8848/1/4 8849/1/4 8858/1/4
f 8858/1/4 8850/1/4 8859/1/4
f 8854/1/4 8855/1/4 8860/1/4
f 8855/1/4 8856/1/4 8860/1/4
f 8856/4/4 8857/4/4 8861/4/4
f 8860/1/4 8856/1/4 8861/1/4
f 8861/4/4 8857/4/4 8862/4/4
f 8863/1/4 8864/1/4 8869/1/4
f 8865/1/4 8866/1/4 8870/1/4
f 8867/4/4 8868/4/4 8874/4/4
f 8868/1/4 8869/1/4 8875/1/4
f 8874/4/4 8868/4/4 8875/4/4
f 8875/1/4 8869/1/4 8876/1/4
f 8864/4/4 8865/4/4 8877/4/4
f 8876/1/4 8869/1/4 8877/1/4
f 8869/1/4 8864/1/4 8877/1/4
f 8865/1/4 8870/1/4 8878/1/4
f 8877/4/4 8865/4/4 8878/4/4
f 8870/1/4 8871/1/4 8878/1/4
f 8878/1/4 8871/1/4 8879/1/4
f 8879/1/4 8871/1/4 8880/1/4
f 8872/5/4 8873/5/4 8883/5/4
f 8873/1/4 8874/1/4 8884/1/4
f 8874/1/4 8875/1/4 8884/1/4
f 8883/5/4 8873/5/4 8884/5/4
f 8884/1/4 8875/1/4 8885/1/4
f 8879/1/4 8880/1/4 8886/1/4
f 8880/4/4 8881/4/4 8887/4/4
f 8886/1/4 8880/1/4 8887/1/4
f 8887/4/4 8881/4/4 8888/4/4
f 8888/4/4 8881/4/4 8889/4/4
f 8882/5/4 8883/5/4 8892/5/4
f 8883/1/4 8884/1/4 8893/1/4
f 8892/5/4 8883/5/4 8893/5/4
f 8893/1/4 8884/1/4 8894/1/4
f 8888/1/4 8889/1/4 8895/1/4
f 8889/1/4 8890/1/4 8895/1/4
f 8895/1/4 8890/1/4 8896/1/4
f 8896/1/4 8890/1/4 8897/1/4
f 8891/4/4 8892/4/4 8900/4/4
f 8892/1/4 8893/1/4 8901/1/4
f 8900/4/4 8892/4/4 8901/4/4
f 8901/1/4 8893/1/4 8902/1/4
f 8896/1/4 8897/1/4 8903/1/4
f 8897/4/4 8898/4/4 8904/4/4
f 8903/1/4 8897/1/4 8904/1/4
f 8904/4/4 8898/4/4 8905/4/4
f 8899/4/4 8900/4/4 8908/4/4
f 8900/4/4 8901/4/4 8908/4/4
f 8908/4/4 8901/4/4 8909/4/4
f 8909/4/4 8901/4/4 8910/4/4
f 8904/4/4 8905/4/4 8911/4/4
f 8905/1/4 8906/1/4 8912/1/4
f 8911/4/4 8905/4/4 8912/4/4
f 8912/1/4 8906/1/4 8913/1/4
f 8907/5/4 8908/5/4 8915/5/4
f 8908/1/4 8909/1/4 8915/1/4
f 8915/1/4 8909/1/4 8916/1/4
f 8913/1/4 8914/1/4 8917/1/4
f 8912/1/4 8913/1/4 8917/1/4
f 8917/1/4 8914/1/4 8918/1/4
f 8907/5/4 8915/5/4 8920/5/4
f 8920/5/4 8915/5/4 8921/5/4
f 8918/1/4 8914/1/4 8922/1/4
f 8920/1/4 8921/1/4 8924/1/4
f 8919/5/4 8920/5/4 8924/5/4
f 8924/1/4 8921/1/4 8925/1/4
f 8922/1/4 8923/1/4 8926/1/4
f 8918/1/4 8922/1/4 8926/1/4
f 8926/1/4 8923/1/4 8927/1/4
f 8919/5/4 8924/5/4 8928/5/4
f 8928/5/4 8924/5/4 8929/5/4
f 8928/4/4 8929/4/4 8931/4/4
f 8931/4/4 8929/4/4 8932/4/4
f 8927/1/4 8923/1/4 8933/1/4
f 8927/1/4 8933/1/4 8935/1/4
f 8933/4/4 8934/4/4 8936/4/4
f 8935/1/4 8933/1/4 8936/1/4
f 8936/4/4 8934/4/4 8937/4/4
f 8935/4/4 8936/4/4 8938/4/4
f 8936/1/4 8937/1/4 8939/1/4
f 8938/4/4 8936/4/4 8939/4/4
f 8930/5/4 8931/5/4 8940/5/4
f 8931/1/4 8932/1/4 8941/1/4
f 8940/5/4 8931/5/4 8941/5/4
f 8941/1/4 8932/1/4 8942/1/4
f 8938/1/4 8939/1/4 8943/1/4
f 8939/1/4 8937/1/4 8944/1/4
f 8943/1/4 8939/1/4 8944/1/4
f 8944/1/4 8937/1/4 8945/1/4
f 8941/4/4 8942/4/4 8946/4/4
f 8946/4/4 8942/4/4 8947/4/4
f 8943/4/4 8944/4/4 8948/4/4
f 8946/1/4 8947/1/4 8949/1/4
f 8949/1/4 8947/1/4 8950/1/4
f 8948/4/4 8944/4/4 8953/4/4
f 8950/4/4 8951/4/4 8954/4/4
f 8949/4/4 8950/4/4 8954/4/4
f 8954/4/4 8951/4/4 8955/4/4
f 8955/4/4 8951/4/4 8956/4/4
f 8952/4/4 8953/4/4 8957/4/4
f 8953/4/4 8944/4/4 8957/4/4
f 8957/4/4 8944/4/4 8958/4/4
f 8955/1/4 8956/1/4 8959/1/4
f 8952/4/4 8957/4/4 8962/4/4
f 8962/4/4 8957/4/4 8963/4/4
f 8959/1/4 8960/1/4 8964/1/4
f 8955/1/4 8959/1/4 8964/1/4
f 8964/1/4 8960/1/4 8965/1/4
f 8965/1/4 8960/1/4 8966/1/4
f 8962/1/4 8963/1/4 8969/1/4
f 8961/1/4 8962/1/4 8969/1/4
f 8969/1/4 8963/1/4 8970/1/4
f 8970/1/4 8963/1/4 8971/1/4
f 8965/1/4 8966/1/4 8972/1/4
f 8966/4/4 8967/4/4 8973/4/4
f 8972/1/4 8966/1/4 8973/1/4
f 8973/4/4 8967/4/4 8974/4/4
f 8969/1/4 8970/1/4 8977/1/4
f 8968/1/4 8969/1/4 8977/1/4
f 8977/1/4 8970/1/4 8978/1/4
f 8978/1/4 8970/1/4 8979/1/4
f 8973/4/4 8974/4/4 8980/4/4
f 8974/1/4 8975/1/4 8981/1/4
f 8980/4/4 8974/4/4 8981/4/4
f 8981/1/4 8975/1/4 8982/1/4
f 8977/4/4 8978/4/4 8985/4/4
f 8976/4/4 8977/4/4 8985/4/4
f 8985/4/4 8978/4/4 8986/4/4
f 8986/4/4 8978/4/4 8987/4/4
f 8982/1/4 8983/1/4 8988/1/4
f 8981/1/4 8982/1/4 8988/1/4
f 8988/1/4 8983/1/4 8989/1/4
f 8989/1/4 8983/1/4 8990/1/4
f 8984/1/4 8985/1/4 8994/1/4
f 8985/4/4 8986/4/4 8995/4/4
f 8994/1/4 8985/1/4 8995/1/4
f 8995/4/4 8986/4/4 8996/4/4
f 8989/1/4 8990/1/4 8997/1/4
f 8990/1/4 8991/1/4 8997/1/4
f 8997/1/4 8991/1/4 8998/1/4
f 8998/1/4 8991/1/4 8999/1/4
f 8992/1/4 8993/1/4 9002/1/4
f 8993/5/4 8994/5/4 9003/5/4
f 9002/1/4 8993/1/4 9003/1/4
f 8994/1/4 8995/1/4 9004/1/4
f 9003/5/4 8994/5/4 9004/5/4
f 9004/1/4 8995/1/4 9005/1/4
f 8998/1/4 8999/1/4 9006/1/4
f 8999/4/4 9000/4/4 9007/4/4
f 9006/1/4 8999/1/4 9007/1/4
f 9000/1/4 9001/1/4 9008/1/4
f 9007/4/4 9000/4/4 9008/4/4
f 9008/1/4 9001/1/4 9009/1/4
f 9001/4/4 9002/4/4 9010/4/4
f 9009/1/4 9001/1/4 9010/1/4
f 9002/1/4 9003/1/4 9011/1/4
f 9010/4/4 9002/4/4 9011/4/4
f 9011/1/4 9003/1/4 9012/1/4
f 9009/1/4 9010/1/4 9013/1/4
f 9013/1/4 9010/1/4 9014/1/4
f 9015/4/4 9016/4/4 9021/4/4
f 9016/1/4 9017/1/4 9022/1/4
f 9017/4/4 9018/4/4 9023/4/4
f 9022/1/4 9017/1/4 9023/1/4
f 9018/1/4 9019/1/4 9024/1/4
f 9023/4/4 9018/4/4 9024/4/4
f 9024/1/4 9019/1/4 9025/1/4
f 9025/1/4 9019/1/4 9026/1/4
f 9020/1/4 9021/1/4 9030/1/4
f 9030/1/4 9021/1/4 9031/1/4
f 9021/4/4 9016/4/4 9032/4/4
f 9031/1/4 9021/1/4 9032/1/4
f 9016/1/4 9022/1/4 9033/1/4
f 9032/4/4 9016/4/4 9033/4/4
f 9033/1/4 9022/1/4 9034/1/4
f 9025/1/4 9026/1/4 9035/1/4
f 9026/1/4 9027/1/4 9035/1/4
f 9035/1/4 9027/1/4 9036/1/4
f 9027/4/4 9028/4/4 9037/4/4
f 9036/1/4 9027/1/4 9037/1/4
f 9037/4/4 9028/4/4 9038/4/4
f 9030/1/4 9031/1/4 9041/1/4
f 9029/1/4 9030/1/4 9041/1/4
f 9041/1/4 9031/1/4 9042/1/4
f 9042/1/4 9031/1/4 9043/1/4
f 9037/4/4 9038/4/4 9044/4/4
f 9038/1/4 9039/1/4 9045/1/4
f 9044/4/4 9038/4/4 9045/4/4
f 9045/1/4 9039/1/4 9046/1/4
f 9040/4/4 9041/4/4 9049/4/4
f 9041/4/4 9042/4/4 9049/4/4
f 9049/4/4 9042/4/4 9050/4/4
f 9050/4/4 9042/4/4 9051/4/4
f 9046/1/4 9047/1/4 9052/1/4
f 9045/1/4 9046/1/4 9052/1/4
f 9052/1/4 9047/1/4 9053/1/4
f 9053/1/4 9047/1/4 9054/1/4
f 9049/1/4 9050/1/4 9057/1/4
f 9048/1/4 9049/1/4 9057/1/4
f 9057/1/4 9050/1/4 9058/1/4
f 9058/1/4 9050/1/4 9059/1/4
f 9054/4/4 9055/4/4 9060/4/4
f 9053/4/4 9054/4/4 9060/4/4
f 9060/4/4 9055/4/4 9061/4/4
f 9061/4/4 9055/4/4 9062/4/4
f 9057/1/4 9058/1/4 9064/1/4
f 9056/1/4 9057/1/4 9064/1/4
f 9064/1/4 9058/1/4 9065/1/4
f 9062/1/4 9063/1/4 9066/1/4
f 9061/1/4 9062/1/4 9066/1/4
f 9066/1/4 9063/1/4 9067/1/4
f 9056/1/4 9064/1/4 9069/1/4
f 9067/1/4 9063/1/4 9070/1/4
f 9068/1/4 9069/1/4 9072/1/4
f 9069/1/4 9064/1/4 9073/1/4
f 9072/1/4 9069/1/4 9073/1/4
f 9072/4/4 9073/4/4 9074/4/4
f 9074/4/4 9073/4/4 9075/4/4
f 9075/4/4 9073/4/4 9076/4/4
f 9070/1/4 9071/1/4 9077/1/4
f 9067/1/4 9070/1/4 9077/1/4
f 9077/1/4 9071/1/4 9078/1/4
f 9074/1/4 9075/1/4 9079/1/4
f 9078/1/4 9071/1/4 9080/1/4
f 9080/1/4 9071/1/4 9081/1/4
f 9080/4/4 9081/4/4 9082/4/4
f 9082/4/4 9081/4/4 9083/4/4
f 9074/1/4 9079/1/4 9084/1/4
f 9082/1/4 9083/1/4 9085/1/4
f 9074/1/4 9084/1/4 9086/1/4
f 9086/1/4 9084/1/4 9087/1/4
f 9085/1/4 9083/1/4 9090/1/4
f 9090/1/4 9083/1/4 9091/1/4
f 9087/4/4 9088/4/4 9092/4/4
f 9086/4/4 9087/4/4 9092/4/4
f 9092/4/4 9088/4/4 9093/4/4
f 9090/4/4 9091/4/4 9094/4/4
f 9089/4/4 9090/4/4 9094/4/4
f 9094/4/4 9091/4/4 9095/4/4
f 9092/1/4 9093/1/4 9096/1/4
f 9096/1/4 9093/1/4 9097/1/4
f 9097/1/4 9093/1/4 9098/1/4
f 9094/1/4 9095/1/4 9099/1/4
f 9099/1/4 9095/1/4 9100/1/4
f 9100/1/4 9095/1/4 9101/1/4
f 9097/4/4 9098/4/4 9102/4/4
f 9102/4/4 9098/4/4 9103/4/4
f 9099/4/4 9100/4/4 9106/4/4
f 9102/1/4 9103/1/4 9107/1/4
f 9103/4/4 9104/4/4 9108/4/4
f 9107/1/4 9103/1/4 9108/1/4
f 9108/4/4 9104/4/4 9109/4/4
f 9105/1/4 9106/1/4 9112/1/4
f 9106/4/4 9100/4/4 9113/4/4
f 9112/1/4 9106/1/4 9113/1/4
f 9113/4/4 9100/4/4 9114/4/4
f 9108/4/4 9109/4/4 9115/4/4
f 9109/1/4 9110/1/4 9116/1/4
f 9115/4/4 9109/4/4 9116/4/4
f 9116/1/4 9110/1/4 9117/1/4
f 9111/1/4 9112/1/4 9120/1/4
f 9112/1/4 9113/1/4 9120/1/4
f 9120/1/4 9113/1/4 9121/1/4
f 9121/1/4 9113/1/4 9122/1/4
f 9117/1/4 9118/1/4 9123/1/4
f 9116/1/4 9117/1/4 9123/1/4
f 9123/1/4 9118/1/4 9124/1/4
f 9124/1/4 9118/1/4 9125/1/4
f 9120/4/4 9121/4/4 9128/4/4
f 9119/4/4 9120/4/4 9128/4/4
f 9128/4/4 9121/4/4 9129/4/4
f 9129/4/4 9121/4/4 9130/4/4
f 9125/1/4 9126/1/4 9131/1/4
f 9124/1/4 9125/1/4 9131/1/4
f 9131/1/4 9126/1/4 9132/1/4
f 9132/1/4 9126/1/4 9133/1/4
f 9127/1/4 9128/1/4 9139/1/4
f 9128/4/4 9129/4/4 9140/4/4
f 9139/1/4 9128/1/4 9140/1/4
f 9140/4/4 9129/4/4 9141/4/4
f 9132/1/4 9133/1/4 9142/1/4
f 9133/1/4 9134/1/4 9142/1/4
f 9134/4/4 9135/4/4 9143/4/4
f 9142/1/4 9134/1/4 9143/1/4
f 9135/1/4 9136/1/4 9144/1/4
f 9137/4/4 9138/4/4 9146/4/4
f 9138/1/4 9139/1/4 9147/1/4
f 9139/1/4 9140/1/4 9147/1/4
f 9146/4/4 9138/4/4 9147/4/4
f 9147/1/4 9140/1/4 9148/1/4
f 9148/1/4 9140/1/4 9149/1/4
f 9143/4/4 9135/4/4 9150/4/4
f 9145/1/4 9146/1/4 9151/1/4
f 9150/4/4 9135/4/4 9151/4/4
f 9144/1/4 9145/1/4 9151/1/4
f 9135/1/4 9144/1/4 9151/1/4
f 9146/4/4 9147/4/4 9152/4/4
f 9151/1/4 9146/1/4 9152/1/4
f 9147/4/4 9148/4/4 9152/4/4
f 9152/4/4 9148/4/4 9153/4/4
f 9154/1/4 9155/1/4 9160/1/4
f 9156/1/4 9157/1/4 9161/1/4
f 9158/1/4 9159/1/4 9165/1/4
f 9159/4/4 9160/4/4 9166/4/4
f 9165/1/4 9159/1/4 9166/1/4
f 9166/4/4 9160/4/4 9167/4/4
f 9160/1/4 9155/1/4 9168/1/4
f 9155/4/4 9156/4/4 9169/4/4
f 9168/1/4 9155/1/4 9169/1/4
f 9156/1/4 9161/1/4 9170/1/4
f 9169/4/4 9156/4/4 9170/4/4
f 9161/1/4 9162/1/4 9170/1/4
f 9170/1/4 9162/1/4 9171/1/4
f 9162/4/4 9163/4/4 9172/4/4
f 9171/1/4 9162/1/4 9172/1/4
f 9172/4/4 9163/4/4 9173/4/4
f 9164/4/4 9165/4/4 9176/4/4
f 9165/4/4 9166/4/4 9176/4/4
f 9166/1/4 9167/1/4 9177/1/4
f 9176/4/4 9166/4/4 9177/4/4
f 9167/4/4 9160/4/4 9178/4/4
f 9177/1/4 9167/1/4 9178/1/4
f 9160/1/4 9168/1/4 9179/1/4
f 9178/4/4 9160/4/4 9179/4/4
f 9179/1/4 9168/1/4 9180/1/4
f 9170/1/4 9171/1/4 9181/1/4
f 9171/4/4 9172/4/4 9182/4/4
f 9181/1/4 9171/1/4 9182/1/4
f 9172/4/4 9173/4/4 9182/4/4
f 9182/4/4 9173/4/4 9183/4/4
f 9173/1/4 9174/1/4 9184/1/4
f 9183/4/4 9173/4/4 9184/4/4
f 9184/1/4 9174/1/4 9185/1/4
f 9176/1/4 9177/1/4 9188/1/4
f 9175/1/4 9176/1/4 9188/1/4
f 9188/1/4 9177/1/4 9189/1/4
f 9189/1/4 9177/1/4 9190/1/4
f 9184/1/4 9185/1/4 9191/1/4
f 9183/1/4 9184/1/4 9191/1/4
f 9191/1/4 9185/1/4 9192/1/4
f 9185/4/4 9186/4/4 9193/4/4
f 9192/1/4 9185/1/4 9193/1/4
f 9193/4/4 9186/4/4 9194/4/4
f 9188/1/4 9189/1/4 9197/1/4
f 9187/1/4 9188/1/4 9197/1/4
f 9197/1/4 9189/1/4 9198/1/4
f 9198/1/4 9189/1/4 9199/1/4
f 9194/4/4 9195/4/4 9200/4/4
f 9193/4/4 9194/4/4 9200/4/4
f 9192/4/4 9193/4/4 9200/4/4
f 9200/4/4 9195/4/4 9201/4/4
f 9201/4/4 9195/4/4 9202/4/4
f 9197/1/4 9198/1/4 9204/1/4
f 9196/1/4 9197/1/4 9204/1/4
f 9204/1/4 9198/1/4 9205/1/4
f 9202/1/4 9203/1/4 9206/1/4
f 9201/1/4 9202/1/4 9206/1/4
f 9206/1/4 9203/1/4 9207/1/4
f 9196/1/4 9204/1/4 9209/1/4
f 9209/1/4 9204/1/4 9210/1/4
f 9207/1/4 9203/1/4 9211/1/4
f 9211/1/4 9203/1/4 9212/1/4
f 9209/4/4 9210/4/4 9214/4/4
f 9208/4/4 9209/4/4 9214/4/4
f 9214/4/4 9210/4/4 9215/4/4
f 9215/4/4 9210/4/4 9216/4/4
f 9211/1/4 9212/1/4 9217/1/4
f 9217/1/4 9212/1/4 9218/1/4
f 9212/4/4 9213/4/4 9219/4/4
f 9218/1/4 9212/1/4 9219/1/4
f 9218/4/4 9219/4/4 9220/4/4
f 9219/4/4 9213/4/4 9221/4/4
f 9220/4/4 9219/4/4 9221/4/4
f 9214/1/4 9215/1/4 9222/1/4
f 9222/1/4 9215/1/4 9223/1/4
f 9223/1/4 9215/1/4 9224/1/4
f 9220/1/4 9221/1/4 9227/1/4
f 9227/1/4 9221/1/4 9228/1/4
f 9222/4/4 9223/4/4 9229/4/4
f 9223/1/4 9224/1/4 9230/1/4
f 9229/4/4 9223/4/4 9230/4/4
f 9224/4/4 9225/4/4 9231/4/4
f 9230/1/4 9224/1/4 9231/1/4
f 9226/4/4 9227/4/4 9232/4/4
f 9227/4/4 9228/4/4 9232/4/4
f 9232/4/4 9228/4/4 9233/4/4
f 9233/4/4 9228/4/4 9234/4/4
f 9232/1/4 9233/1/4 9235/1/4
f 9230/4/4 9231/4/4 9236/4/4
f 9231/4/4 9225/4/4 9237/4/4
f 9236/4/4 9231/4/4 9237/4/4
f 9237/4/4 9225/4/4 9238/4/4
f 9235/1/4 9233/1/4 9241/1/4
f 9241/1/4 9233/1/4 9242/1/4
f 9236/1/4 9237/1/4 9243/1/4
f 9237/4/4 9238/4/4 9244/4/4
f 9243/1/4 9237/1/4 9244/1/4
f 9238/1/4 9239/1/4 9245/1/4
f 9240/4/4 9241/4/4 9248/4/4
f 9241/4/4 9242/4/4 9248/4/4
f 9248/4/4 9242/4/4 9249/4/4
f 9249/4/4 9242/4/4 9250/4/4
f 9244/4/4 9238/4/4 9251/4/4
f 9245/1/4 9246/1/4 9252/1/4
f 9251/4/4 9238/4/4 9252/4/4
f 9238/1/4 9245/1/4 9252/1/4
f 9252/1/4 9246/1/4 9253/1/4
f 9247/4/4 9248/4/4 9256/4/4
f 9248/1/4 9249/1/4 9257/1/4
f 9256/4/4 9248/4/4 9257/4/4
f 9257/1/4 9249/1/4 9258/1/4
f 9258/1/4 9249/1/4 9259/1/4
f 9253/1/4 9254/1/4 9260/1/4
f 9252/1/4 9253/1/4 9260/1/4
f 9260/1/4 9254/1/4 9261/1/4
f 9261/1/4 9254/1/4 9262/1/4
f 9255/1/4 9256/1/4 9268/1/4
f 9257/4/4 9258/4/4 9269/4/4
f 9256/4/4 9257/4/4 9269/4/4
f 9269/4/4 9258/4/4 9270/4/4
f 9261/1/4 9262/1/4 9271/1/4
f 9271/1/4 9262/1/4 9272/1/4
f 9263/1/4 9264/1/4 9273/1/4
f 9265/4/4 9266/4/4 9274/4/4
f 9266/1/4 9267/1/4 9275/1/4
f 9267/1/4 9268/1/4 9275/1/4
f 9274/4/4 9266/4/4 9275/4/4
f 9275/1/4 9268/1/4 9276/1/4
f 9268/1/4 9256/1/4 9277/1/4
f 9276/1/4 9268/1/4 9277/1/4
f 9256/4/4 9269/4/4 9277/4/4
f 9277/4/4 9269/4/4 9278/4/4
f 9272/1/4 9262/1/4 9279/1/4
f 9262/4/4 9263/4/4 9280/4/4
f 9279/1/4 9262/1/4 9280/1/4
f 9273/1/4 9274/1/4 9281/1/4
f 9280/4/4 9263/4/4 9281/4/4
f 9274/1/4 9275/1/4 9281/1/4
f 9263/1/4 9273/1/4 9281/1/4
f 9281/1/4 9275/1/4 9282/1/4
f 9282/1/4 9275/1/4 9283/1/4
f 9275/4/4 9276/4/4 9284/4/4
f 9283/1/4 9275/1/4 9284/1/4
f 9276/1/4 9277/1/4 9285/1/4
f 9284/4/4 9276/4/4 9285/4/4
f 9285/1/4 9277/1/4 9286/1/4
f 9282/1/4 9283/1/4 9287/1/4
f 9283/4/4 9284/4/4 9288/4/4
f 9287/1/4 9283/1/4 9288/1/4
f 9288/4/4 9284/4/4 9289/4/4
f 9290/1/4 9291/1/4 9294/1/4
f 9291/4/4 9292/4/4 9295/4/4
f 9293/4/4 9294/4/4 9299/4/4
f 9299/4/4 9294/4/4 9300/4/4
f 9294/1/4 9291/1/4 9301/1/4
f 9300/4/4 9294/4/4 9301/4/4
f 9291/4/4 9295/4/4 9302/4/4
f 9301/1/4 9291/1/4 9302/1/4
f 9295/1/4 9296/1/4 9303/1/4
f 9296/4/4 9297/4/4 9304/4/4
f 9303/1/4 9296/1/4 9304/1/4
f 9304/4/4 9297/4/4 9305/4/4
f 9299/1/4 9300/1/4 9308/1/4
f 9298/1/4 9299/1/4 9308/1/4
f 9304/4/4 9305/4/4 9309/4/4
f 9303/4/4 9304/4/4 9309/4/4
f 9305/1/4 9306/1/4 9310/1/4
f 9309/4/4 9305/4/4 9310/4/4
f 9310/1/4 9306/1/4 9311/1/4
f 9307/1/4 9308/1/4 9314/1/4
f 9308/1/4 9300/1/4 9315/1/4
f 9314/1/4 9308/1/4 9315/1/4
f 9300/4/4 9301/4/4 9316/4/4
f 9315/1/4 9300/1/4 9316/1/4
f 9301/4/4 9302/4/4 9316/4/4
f 9316/4/4 9302/4/4 9317/4/4
f 9295/1/4 9303/1/4 9318/1/4
f 9317/4/4 9302/4/4 9318/4/4
f 9302/4/4 9295/4/4 9318/4/4
f 9303/4/4 9309/4/4 9319/4/4
f 9318/1/4 9303/1/4 9319/1/4
f 9309/1/4 9310/1/4 9320/1/4
f 9319/4/4 9309/4/4 9320/4/4
f 9310/5/4 9311/5/4 9321/5/4
f 9320/1/4 9310/1/4 9321/1/4
f 9311/4/4 9312/4/4 9322/4/4
f 9321/5/4 9311/5/4 9322/5/4
f 9322/4/4 9312/4/4 9323/4/4
f 9314/1/4 9315/1/4 9325/1/4
f 9313/1/4 9314/1/4 9325/1/4
f 9325/1/4 9315/1/4 9326/1/4
f 9320/1/4 9321/1/4 9327/1/4
f 9322/4/4 9323/4/4 9328/4/4
f 9327/1/4 9321/1/4 9328/1/4
f 9321/4/4 9322/4/4 9328/4/4
f 9328/4/4 9323/4/4 9329/4/4
f 9323/1/4 9324/1/4 9330/1/4
f 9329/4/4 9323/4/4 9330/4/4
f 9313/1/4 9325/1/4 9331/1/4
f 9331/1/4 9325/1/4 9332/1/4
f 9330/1/4 9324/1/4 9333/1/4
f 9329/1/4 9330/1/4 9333/1/4
f 9333/1/4 9324/1/4 9334/1/4
f 9331/4/4 9332/4/4 9336/4/4
f 9332/1/4 9325/1/4 9337/1/4
f 9336/4/4 9332/4/4 9337/4/4
f 9337/1/4 9325/1/4 9338/1/4
f 9328/4/4 9329/4/4 9339/4/4
f 9329/1/4 9333/1/4 9340/1/4
f 9339/4/4 9329/4/4 9340/4/4
f 9333/4/4 9334/4/4 9341/4/4
f 9340/1/4 9333/1/4 9341/1/4
f 9341/4/4 9334/4/4 9342/4/4
f 9335/1/4 9336/1/4 9344/1/4
f 9336/1/4 9337/1/4 9344/1/4
f 9337/4/4 9338/4/4 9345/4/4
f 9344/1/4 9337/1/4 9345/1/4
f 9345/4/4 9338/4/4 9346/4/4
f 9339/4/4 9340/4/4 9347/4/4
f 9340/4/4 9341/4/4 9347/4/4
f 9341/1/4 9342/1/4 9348/1/4
f 9347/4/4 9341/4/4 9348/4/4
f 9342/4/4 9343/4/4 9349/4/4
f 9348/1/4 9342/1/4 9349/1/4
f 9335/1/4 9344/1/4 9350/1/4
f 9344/4/4 9345/4/4 9351/4/4
f 9350/1/4 9344/1/4 9351/1/4
f 9345/1/4 9346/1/4 9352/1/4
f 9351/4/4 9345/4/4 9352/4/4
f 9352/1/4 9346/1/4 9353/1/4
f 9347/1/4 9348/1/4 9354/1/4
f 9354/1/4 9348/1/4 9355/1/4
f 9348/4/4 9349/4/4 9356/4/4
f 9355/1/4 9348/1/4 9356/1/4
f 9349/4/4 9343/4/4 9357/4/4
f 9356/4/4 9349/4/4 9357/4/4
f 9357/4/4 9343/4/4 9358/4/4
f 9352/4/4 9353/4/4 9359/4/4
f 9351/4/4 9352/4/4 9359/4/4
f 9359/4/4 9353/4/4 9360/4/4
f 9354/1/4 9355/1/4 9361/1/4
f 9355/4/4 9356/4/4 9362/4/4
f 9361/1/4 9355/1/4 9362/1/4
f 9356/4/4 9357/4/4 9362/4/4
f 9362/4/4 9357/4/4 9363/4/4
f 9363/4/4 9357/4/4 9364/4/4
f 9351/4/4 9359/4/4 9365/4/4
f 9359/1/4 9360/1/4 9366/1/4
f 9365/4/4 9359/4/4 9366/4/4
f 9366/1/4 9360/1/4 9367/1/4
f 9361/4/4 9362/4/4 9370/4/4
f 9362/4/4 9363/4/4 9370/4/4
f 9370/4/4 9363/4/4 9371/4/4
f 9363/1/4 9364/1/4 9372/1/4
f 9371/4/4 9363/4/4 9372/4/4
f 9372/1/4 9364/1/4 9373/1/4
f 9351/4/4 9365/4/4 9374/4/4
f 9366/1/4 9367/1/4 9375/1/4
f 9374/4/4 9365/4/4 9375/4/4
f 9365/1/4 9366/1/4 9375/1/4
f 9367/4/4 9368/4/4 9376/4/4
f 9370/1/4 9371/1/4 9381/1/4
f 9369/1/4 9370/1/4 9381/1/4
f 9381/1/4 9371/1/4 9382/1/4
f 9372/4/4 9373/4/4 9383/4/4
f 9382/1/4 9371/1/4 9383/1/4
f 9371/4/4 9372/4/4 9383/4/4
f 9383/4/4 9373/4/4 9384/4/4
f 9384/4/4 9373/4/4 9385/4/4
f 9375/1/4 9367/1/4 9386/1/4
f 9386/1/4 9367/1/4 9387/1/4
f 9376/1/4 9377/1/4 9388/1/4
f 9377/5/4 9378/5/4 9388/5/4
f 9378/1/4 9379/1/4 9389/1/4
f 9388/5/4 9378/5/4 9389/5/4
f 9379/4/4 9380/4/4 9390/4/4
f 9389/1/4 9379/1/4 9390/1/4
f 9390/4/4 9380/4/4 9391/4/4
f 9383/4/4 9384/4/4 9392/4/4
f 9382/4/4 9383/4/4 9392/4/4
f 9392/4/4 9384/4/4 9393/4/4
f 9387/1/4 9367/1/4 9394/1/4
f 9367/4/4 9376/4/4 9395/4/4
f 9394/1/4 9367/1/4 9395/1/4
f 9381/1/4 9382/1/4 9396/1/4
f 9380/1/4 9381/1/4 9396/1/4
f 9391/4/4 9380/4/4 9396/4/4
f 9396/1/4 9382/1/4 9397/1/4
f 9382/4/4 9392/4/4 9398/4/4
f 9397/1/4 9382/1/4 9398/1/4
f 9398/4/4 9392/4/4 9399/4/4
f 9395/4/4 9376/4/4 9400/4/4
f 9388/1/4 9389/1/4 9401/1/4
f 9400/4/4 9376/4/4 9401/4/4
f 9376/1/4 9388/1/4 9401/1/4
f 9389/1/4 9390/1/4 9401/1/4
f 9390/1/4 9391/1/4 9401/1/4
f 9401/1/4 9391/1/4 9402/1/4
f 9391/4/4 9396/4/4 9403/4/4
f 9402/1/4 9391/1/4 9403/1/4
f 9396/4/4 9397/4/4 9403/4/4
f 9397/1/4 9398/1/4 9404/1/4
f 9403/4/4 9397/4/4 9404/4/4
f 9404/1/4 9398/1/4 9405/1/4
f 9402/1/4 9403/1/4 9406/1/4
f 9406/1/4 9403/1/4 9407/1/4
f 9408/1/4 9409/1/4 9414/1/4
f 9409/4/4 9410/4/4 9415/4/4
f 9414/1/4 9409/1/4 9415/1/4
f 9415/4/4 9410/4/4 9416/4/4
f 9410/1/4 9411/1/4 9417/1/4
f 9416/4/4 9410/4/4 9417/4/4
f 9411/4/4 9412/4/4 9418/4/4
f 9417/1/4 9411/1/4 9418/1/4
f 9418/4/4 9412/4/4 9419/4/4
f 9416/4/4 9417/4/4 9421/4/4
f 9417/4/4 9418/4/4 9421/4/4
f 9418/4/4 9419/4/4 9421/4/4
f 9419/5/4 9420/5/4 9422/5/4
f 9421/4/4 9419/4/4 9422/4/4
f 9413/1/4 9414/1/4 9423/1/4
f 9415/1/4 9416/1/4 9423/1/4
f 9414/1/4 9415/1/4 9423/1/4
f 9416/4/4 9421/4/4 9424/4/4
f 9423/1/4 9416/1/4 9424/1/4
f 9421/1/4 9422/1/4 9425/1/4
f 9424/4/4 9421/4/4 9425/4/4
f 9422/5/4 9420/5/4 9426/5/4
f 9425/1/4 9422/1/4 9426/1/4
f 9426/5/4 9420/5/4 9427/5/4
f 9424/4/4 9425/4/4 9428/4/4
f 9423/4/4 9424/4/4 9428/4/4
f 9426/4/4 9427/4/4 9428/4/4
f 9425/4/4 9426/4/4 9428/4/4
f 9428/4/4 9427/4/4 9429/4/4
f 9429/4/4 9427/4/4 9430/4/4
f 9430/4/4 9427/4/4 9431/4/4
f 9428/1/4 9429/1/4 9432/1/4
f 9429/4/4 9430/4/4 9432/4/4
f 9432/4/4 9430/4/4 9433/4/4
f 9430/1/4 9431/1/4 9434/1/4
f 9433/4/4 9430/4/4 9434/4/4
f 9434/1/4 9431/1/4 9435/1/4
f 9432/1/4 9433/1/4 9436/1/4
f 9433/4/4 9434/4/4 9436/4/4
f 9434/4/4 9435/4/4 9436/4/4
f 9436/4/4 9435/4/4 9437/4/4
f 9437/4/4 9435/4/4 9438/4/4
f 9438/4/4 9435/4/4 9439/4/4
f 9423/4/4 9428/4/4 9440/4/4
f 9428/1/4 9432/1/4 9441/1/4
f 9440/4/4 9428/4/4 9441/4/4
f 9432/1/4 9436/1/4 9441/1/4
f 9436/1/4 9437/1/4 9441/1/4
f 9441/1/4 9437/1/4 9442/1/4
f 9437/4/4 9438/4/4 9443/4/4
f 9442/1/4 9437/1/4 9443/1/4
f 9438/1/4 9439/1/4 9444/1/4
f 9443/4/4 9438/4/4 9444/4/4
f 9444/1/4 9439/1/4 9445/1/4
f 9439/4/4 9435/4/4 9446/4/4
f 9445/1/4 9439/1/4 9446/1/4
f 9446/4/4 9435/4/4 9447/4/4
f 9441/1/4 9442/1/4 9448/1/4
f 9442/5/4 9443/5/4 9449/5/4
f 9448/1/4 9442/1/4 9449/1/4
f 9444/4/4 9445/4/4 9450/4/4
f 9449/5/4 9443/5/4 9450/5/4
f 9443/4/4 9444/4/4 9450/4/4
f 9445/1/4 9446/1/4 9451/1/4
f 9450/4/4 9445/4/4 9451/4/4
f 9451/1/4 9446/1/4 9452/1/4
f 9457/1/5 9454/1/5 9453/1/5
f 9458/4/5 9455/4/5 9454/4/5
f 9460/1/5 9457/1/5 9456/1/5
f 9461/1/5 9454/1/5 9457/1/5
f 9461/1/5 9457/1/5 9460/1/5
f 9462/1/5 9459/1/5 9458/1/5
f 9462/4/5 9458/4/5 9454/4/5
f 9463/1/5 9459/1/5 9462/1/5
f 9464/1/5 9454/1/5 9461/1/5
f 9465/4/5 9462/4/5 9454/4/5
f 9465/1/5 9454/1/5 9464/1/5
f 9466/4/5 9462/4/5 9465/4/5
f 9470/1/5 9468/1/5 9467/1/5
f 9471/1/5 9468/1/5 9470/1/5
f 9476/1/5 9470/1/5 9469/1/5
f 9476/1/5 9471/1/5 9470/1/5
f 9476/1/5 9472/1/5 9471/1/5
f 9477/1/5 9474/1/5 9473/1/5
f 9480/1/5 9476/1/5 9475/1/5
f 9481/1/5 9478/1/5 9477/1/5
f 9484/4/5 9480/4/5 9479/4/5
f 9485/1/5 9472/1/5 9476/1/5
f 9485/1/5 9476/1/5 9480/1/5
f 9486/4/5 9473/4/5 9472/4/5
f 9486/1/5 9472/1/5 9485/1/5
f 9487/1/5 9482/1/5 9481/1/5
f 9487/4/5 9473/4/5 9486/4/5
f 9487/1/5 9477/1/5 9473/1/5
f 9487/1/5 9481/1/5 9477/1/5
f 9488/1/5 9482/1/5 9487/1/5
f 9490/1/5 9485/1/5 9480/1/5
f 9491/1/5 9485/1/5 9490/1/5
f 9492/1/5 9489/1/5 9488/1/5
f 9492/1/5 9488/1/5 9487/1/5
f 9493/1/5 9489/1/5 9492/1/5
f 9494/1/5 9484/1/5 9483/1/5
f 9495/4/5 9480/4/5 9484/4/5
f 9495/1/5 9484/1/5 9494/1/5
f 9496/1/5 9490/1/5 9480/1/5
f 9496/4/5 9480/4/5 9495/4/5
f 9498/4/5 9495/4/5 9494/4/5
f 9499/1/5 9489/1/5 9493/1/5
f 9501/5/5 9498/5/5 9497/5/5
f 9502/4/5 9495/4/5 9498/4/5
f 9502/5/5 9498/5/5 9501/5/5
f 9503/1/5 9502/1/5 9501/1/5
f 9504/4/5 9495/4/5 9502/4/5
f 9504/1/5 9502/1/5 9503/1/5
f 9505/1/5 9500/1/5 9499/1/5
f 9505/1/5 9499/1/5 9493/1/5
f 9506/1/5 9500/1/5 9505/1/5
f 9507/1/5 9490/1/5 9496/1/5
f 9507/1/5 9496/1/5 9495/1/5
f 9510/1/5 9505/1/5 9493/1/5
f 9511/4/5 9495/4/5 9504/4/5
f 9512/1/5 9508/1/5 9507/1/5
f 9512/4/5 9495/4/5 9511/4/5
f 9512/1/5 9507/1/5 9495/1/5
f 9513/1/5 9508/1/5 9512/1/5
f 9514/1/5 9508/1/5 9513/1/5
f 9516/1/5 9510/1/5 9509/1/5
f 9517/1/5 9505/1/5 9510/1/5
f 9517/1/5 9510/1/5 9516/1/5
f 9518/1/5 9505/1/5 9517/1/5
f 9519/4/5 9513/4/5 9512/4/5
f 9520/1/5 9515/1/5 9514/1/5
f 9520/4/5 9513/4/5 9519/4/5
f 9520/1/5 9514/1/5 9513/1/5
f 9521/1/5 9517/1/5 9516/1/5
f 9522/1/5 9517/1/5 9521/1/5
f 9523/1/5 9515/1/5 9520/1/5
f 9524/1/5 9515/1/5 9523/1/5
f 9525/4/5 9516/4/5 9515/4/5
f 9525/1/5 9515/1/5 9524/1/5
f 9526/1/5 9521/1/5 9516/1/5
f 9526/4/5 9516/4/5 9525/4/5
f 9527/1/5 9521/1/5 9526/1/5
f 9528/1/5 9521/1/5 9527/1/5
f 9529/1/5 9525/1/5 9524/1/5
f 9529/1/5 9526/1/5 9525/1/5
f 9530/1/5 9526/1/5 9529/1/5
f 9531/1/5 9526/1/5 9530/1/5
f 9532/4/5 9527/4/5 9526/4/5
f 9532/1/5 9526/1/5 9531/1/5
f 9533/4/5 9527/4/5 9532/4/5
f 9534/1/5 9531/1/5 9530/1/5
f 9535/1/5 9531/1/5 9534/1/5
f 9540/5/5 9537/5/5 9536/5/5
f 9541/5/5 9537/5/5 9540/5/5
f 9546/4/5 9539/4/5 9538/4/5
f 9547/1/5 9540/1/5 9539/1/5
f 9547/1/5 9541/1/5 9540/1/5
f 9548/1/5 9541/1/5 9547/1/5
f 9549/4/5 9542/4/5 9541/4/5
f 9549/5/5 9543/5/5 9542/5/5
f 9550/1/5 9544/1/5 9543/1/5
f 9550/5/5 9543/5/5 9549/5/5
f 9551/1/5 9544/1/5 9550/1/5
f 9554/1/5 9546/1/5 9545/1/5
f 9555/4/5 9539/4/5 9546/4/5
f 9555/1/5 9546/1/5 9554/1/5
f 9556/1/5 9547/1/5 9539/1/5
f 9556/4/5 9539/4/5 9555/4/5
f 9557/1/5 9547/1/5 9556/1/5
f 9558/1/5 9541/1/5 9548/1/5
f 9559/4/5 9549/4/5 9541/4/5
f 9559/1/5 9541/1/5 9558/1/5
f 9560/1/5 9550/1/5 9549/1/5
f 9560/4/5 9549/4/5 9559/4/5
f 9561/5/5 9551/5/5 9550/5/5
f 9561/1/5 9550/1/5 9560/1/5
f 9561/5/5 9552/5/5 9551/5/5
f 9562/5/5 9552/5/5 9561/5/5
f 9563/5/5 9552/5/5 9562/5/5
f 9566/1/5 9554/1/5 9553/1/5
f 9567/1/5 9556/1/5 9555/1/5
f 9567/4/5 9555/4/5 9554/4/5
f 9568/1/5 9556/1/5 9567/1/5
f 9569/1/5 9562/1/5 9561/1/5
f 9570/5/5 9564/5/5 9563/5/5
f 9570/1/5 9562/1/5 9569/1/5
f 9570/5/5 9563/5/5 9562/5/5
f 9571/5/5 9564/5/5 9570/5/5
f 9574/1/5 9566/1/5 9565/1/5
f 9575/4/5 9567/4/5 9554/4/5
f 9575/1/5 9554/1/5 9566/1/5
f 9575/1/5 9566/1/5 9574/1/5
f 9576/4/5 9567/4/5 9575/4/5
f 9577/1/5 9571/1/5 9570/1/5
f 9577/1/5 9572/1/5 9571/1/5
f 9578/1/5 9572/1/5 9577/1/5
f 9579/1/5 9572/1/5 9578/1/5
f 9581/1/5 9574/1/5 9573/1/5
f 9581/1/5 9575/1/5 9574/1/5
f 9582/1/5 9575/1/5 9581/1/5
f 9583/1/5 9580/1/5 9579/1/5
f 9583/1/5 9579/1/5 9578/1/5
f 9584/1/5 9580/1/5 9583/1/5
f 9586/1/5 9581/1/5 9573/1/5
f 9587/1/5 9581/1/5 9586/1/5
f 9588/1/5 9580/1/5 9584/1/5
f 9590/1/5 9587/1/5 9586/1/5
f 9590/1/5 9586/1/5 9585/1/5
f 9591/1/5 9587/1/5 9590/1/5
f 9592/1/5 9587/1/5 9591/1/5
f 9593/1/5 9589/1/5 9588/1/5
f 9593/1/5 9588/1/5 9584/1/5
f 9594/1/5 9589/1/5 9593/1/5
f 9595/5/5 9591/5/5 9590/5/5
f 9596/5/5 9595/5/5 9590/5/5
f 9599/1/5 9589/1/5 9594/1/5
f 9600/1/5 9590/1/5 9585/1/5
f 9601/5/5 9596/5/5 9590/5/5
f 9601/1/5 9590/1/5 9600/1/5
f 9602/1/5 9599/1/5 9598/1/5
f 9602/1/5 9589/1/5 9599/1/5
f 9603/1/5 9589/1/5 9602/1/5
f 9604/5/5 9596/5/5 9601/5/5
f 9605/1/5 9597/1/5 9596/1/5
f 9605/5/5 9596/5/5 9604/5/5
f 9606/1/5 9597/1/5 9605/1/5
f 9609/1/5 9602/1/5 9598/1/5
f 9610/4/5 9605/4/5 9604/4/5
f 9611/1/5 9607/1/5 9606/1/5
f 9611/4/5 9605/4/5 9610/4/5
f 9611/1/5 9606/1/5 9605/1/5
f 9612/1/5 9607/1/5 9611/1/5
f 9615/1/5 9609/1/5 9608/1/5
f 9616/1/5 9602/1/5 9609/1/5
f 9616/1/5 9609/1/5 9615/1/5
f 9617/1/5 9602/1/5 9616/1/5
f 9618/1/5 9612/1/5 9611/1/5
f 9619/1/5 9612/1/5 9618/1/5
f 9620/4/5 9613/4/5 9612/4/5
f 9623/1/5 9615/1/5 9614/1/5
f 9623/1/5 9616/1/5 9615/1/5
f 9624/1/5 9616/1/5 9623/1/5
f 9625/1/5 9616/1/5 9624/1/5
f 9626/1/5 9612/1/5 9619/1/5
f 9627/4/5 9620/4/5 9612/4/5
f 9627/1/5 9612/1/5 9626/1/5
f 9628/1/5 9621/1/5 9620/1/5
f 9632/1/5 9624/1/5 9623/1/5
f 9632/1/5 9623/1/5 9622/1/5
f 9633/1/5 9624/1/5 9632/1/5
f 9634/1/5 9624/1/5 9633/1/5
f 9635/4/5 9620/4/5 9627/4/5
f 9636/1/5 9629/1/5 9628/1/5
f 9636/4/5 9620/4/5 9635/4/5
f 9636/1/5 9628/1/5 9620/1/5
f 9637/1/5 9629/1/5 9636/1/5
f 9638/1/5 9629/1/5 9637/1/5
f 9639/1/5 9631/1/5 9630/1/5
f 9640/1/5 9633/1/5 9632/1/5
f 9641/1/5 9633/1/5 9640/1/5
f 9642/4/5 9637/4/5 9636/4/5
f 9643/1/5 9638/1/5 9637/1/5
f 9643/4/5 9637/4/5 9642/4/5
f 9643/1/5 9639/1/5 9638/1/5
f 9644/1/5 9639/1/5 9643/1/5
f 9645/1/5 9631/1/5 9639/1/5
f 9645/1/5 9639/1/5 9644/1/5
f 9646/4/5 9632/4/5 9631/4/5
f 9646/1/5 9631/1/5 9645/1/5
f 9647/1/5 9640/1/5 9632/1/5
f 9647/4/5 9632/4/5 9646/4/5
f 9648/1/5 9640/1/5 9647/1/5
f 9649/1/5 9645/1/5 9644/1/5
f 9650/1/5 9645/1/5 9649/1/5
f 9657/1/5 9652/1/5 9651/1/5
f 9658/1/5 9652/1/5 9657/1/5
f 9659/4/5 9653/4/5 9652/4/5
f 9659/1/5 9652/1/5 9658/1/5
f 9660/4/5 9653/4/5 9659/4/5
f 9661/1/5 9654/1/5 9653/1/5
f 9664/5/5 9656/5/5 9655/5/5
f 9665/4/5 9657/4/5 9656/4/5
f 9665/5/5 9656/5/5 9664/5/5
f 9666/5/5 9658/5/5 9657/5/5
f 9666/4/5 9657/4/5 9665/4/5
f 9667/5/5 9658/5/5 9666/5/5
f 9668/4/5 9653/4/5 9660/4/5
f 9669/1/5 9661/1/5 9653/1/5
f 9669/4/5 9653/4/5 9668/4/5
f 9669/1/5 9662/1/5 9661/1/5
f 9670/1/5 9662/1/5 9669/1/5
f 9671/1/5 9662/1/5 9670/1/5
f 9672/1/5 9662/1/5 9671/1/5
f 9675/5/5 9664/5/5 9663/5/5
f 9676/1/5 9665/1/5 9664/1/5
f 9676/5/5 9664/5/5 9675/5/5
f 9677/1/5 9665/1/5 9676/1/5
f 9678/1/5 9673/1/5 9672/1/5
f 9678/1/5 9672/1/5 9671/1/5
f 9679/1/5 9673/1/5 9678/1/5
f 9680/1/5 9673/1/5 9679/1/5
f 9683/1/5 9675/1/5 9674/1/5
f 9683/1/5 9676/1/5 9675/1/5
f 9684/1/5 9676/1/5 9683/1/5
f 9685/1/5 9676/1/5 9684/1/5
f 9686/1/5 9680/1/5 9679/1/5
f 9686/1/5 9681/1/5 9680/1/5
f 9687/1/5 9681/1/5 9686/1/5
f 9688/1/5 9681/1/5 9687/1/5
f 9691/1/5 9684/1/5 9683/1/5
f 9691/1/5 9683/1/5 9682/1/5
f 9692/1/5 9684/1/5 9691/1/5
f 9693/1/5 9684/1/5 9692/1/5
f 9694/1/5 9689/1/5 9688/1/5
f 9694/1/5 9688/1/5 9687/1/5
f 9695/1/5 9689/1/5 9694/1/5
f 9696/1/5 9689/1/5 9695/1/5
f 9698/1/5 9692/1/5 9691/1/5
f 9698/1/5 9691/1/5 9690/1/5
f 9699/1/5 9692/1/5 9698/1/5
f 9700/1/5 9696/1/5 9695/1/5
f 9701/4/5 9697/4/5 9696/4/5
f 9701/1/5 9696/1/5 9700/1/5
f 9702/4/5 9697/4/5 9701/4/5
f 9704/1/5 9698/1/5 9690/1/5
f 9705/1/5 9702/1/5 9701/1/5
f 9707/1/5 9704/1/5 9703/1/5
f 9707/1/5 9698/1/5 9704/1/5
f 9708/1/5 9698/1/5 9707/1/5
f 9709/1/5 9705/1/5 9701/1/5
f 9710/4/5 9706/4/5 9705/4/5
f 9710/1/5 9705/1/5 9709/1/5
f 9711/1/5 9707/1/5 9703/1/5
f 9712/1/5 9707/1/5 9711/1/5
f 9713/4/5 9712/4/5 9711/4/5
f 9716/4/5 9706/4/5 9710/4/5
f 9717/1/5 9714/1/5 9713/1/5
f 9717/4/5 9713/4/5 9711/4/5
f 9718/1/5 9714/1/5 9717/1/5
f 9719/4/5 9717/4/5 9711/4/5
f 9719/4/5 9718/4/5 9717/4/5
f 9720/4/5 9718/4/5 9719/4/5
f 9721/4/5 9718/4/5 9720/4/5
f 9722/1/5 9716/1/5 9715/1/5
f 9723/4/5 9706/4/5 9716/4/5
f 9723/1/5 9716/1/5 9722/1/5
f 9724/4/5 9706/4/5 9723/4/5
f 9725/4/5 9721/4/5 9720/4/5
f 9728/4/5 9723/4/5 9722/4/5
f 9729/4/5 9725/4/5 9720/4/5
f 9730/1/5 9726/1/5 9725/1/5
f 9730/4/5 9725/4/5 9729/4/5
f 9731/1/5 9726/1/5 9730/1/5
f 9734/1/5 9728/1/5 9727/1/5
f 9735/4/5 9723/4/5 9728/4/5
f 9735/1/5 9728/1/5 9734/1/5
f 9736/4/5 9723/4/5 9735/4/5
f 9737/4/5 9731/4/5 9730/4/5
f 9738/1/5 9732/1/5 9731/1/5
f 9738/4/5 9731/4/5 9737/4/5
f 9739/1/5 9732/1/5 9738/1/5
f 9742/1/5 9734/1/5 9733/1/5
f 9742/1/5 9735/1/5 9734/1/5
f 9743/1/5 9735/1/5 9742/1/5
f 9744/1/5 9735/1/5 9743/1/5
f 9745/1/5 9740/1/5 9739/1/5
f 9745/1/5 9739/1/5 9738/1/5
f 9746/1/5 9740/1/5 9745/1/5
f 9747/1/5 9740/1/5 9746/1/5
f 9750/1/5 9743/1/5 9742/1/5
f 9750/1/5 9742/1/5 9741/1/5
f 9751/1/5 9743/1/5 9750/1/5
f 9752/1/5 9743/1/5 9751/1/5
f 9753/1/5 9748/1/5 9747/1/5
f 9753/1/5 9747/1/5 9746/1/5
f 9754/1/5 9748/1/5 9753/1/5
f 9755/1/5 9748/1/5 9754/1/5
f 9761/1/5 9751/1/5 9750/1/5
f 9761/1/5 9750/1/5 9749/1/5
f 9762/1/5 9751/1/5 9761/1/5
f 9763/1/5 9751/1/5 9762/1/5
f 9764/1/5 9755/1/5 9754/1/5
f 9765/4/5 9756/4/5 9755/4/5
f 9765/1/5 9755/1/5 9764/1/5
f 9766/1/5 9757/1/5 9756/1/5
f 9766/4/5 9756/4/5 9765/4/5
f 9767/1/5 9757/1/5 9766/1/5
f 9768/1/5 9759/1/5 9758/1/5
f 9769/4/5 9760/4/5 9759/4/5
f 9769/1/5 9762/1/5 9761/1/5
f 9769/1/5 9761/1/5 9760/1/5
f 9770/1/5 9762/1/5 9769/1/5
f 9771/1/5 9768/1/5 9767/1/5
f 9771/1/5 9767/1/5 9766/1/5
f 9772/4/5 9769/4/5 9759/4/5
f 9772/1/5 9768/1/5 9771/1/5
f 9772/1/5 9759/1/5 9768/1/5
f 9773/4/5 9769/4/5 9772/4/5
f 9780/1/5 9775/1/5 9774/1/5
f 9781/4/5 9776/4/5 9775/4/5
f 9785/1/5 9778/1/5 9777/1/5
f 9786/4/5 9779/4/5 9778/4/5
f 9786/1/5 9778/1/5 9785/1/5
f 9787/1/5 9780/1/5 9779/1/5
f 9787/4/5 9779/4/5 9786/4/5
f 9788/1/5 9775/1/5 9780/1/5
f 9788/1/5 9780/1/5 9787/1/5
f 9788/4/5 9781/4/5 9775/4/5
f 9788/4/5 9782/4/5 9781/4/5
f 9789/1/5 9783/1/5 9782/1/5
f 9789/4/5 9782/4/5 9788/4/5
f 9790/1/5 9783/1/5 9789/1/5
f 9791/1/5 9783/1/5 9790/1/5
f 9794/1/5 9785/1/5 9784/1/5
f 9795/1/5 9785/1/5 9794/1/5
f 9796/4/5 9786/4/5 9785/4/5
f 9796/1/5 9785/1/5 9795/1/5
f 9797/4/5 9786/4/5 9796/4/5
f 9798/1/5 9792/1/5 9791/1/5
f 9798/1/5 9791/1/5 9790/1/5
f 9799/1/5 9792/1/5 9798/1/5
f 9800/1/5 9792/1/5 9799/1/5
f 9803/5/5 9795/5/5 9794/5/5
f 9803/5/5 9794/5/5 9793/5/5
f 9804/5/5 9795/5/5 9803/5/5
f 9805/5/5 9795/5/5 9804/5/5
f 9806/1/5 9801/1/5 9800/1/5
f 9806/1/5 9800/1/5 9799/1/5
f 9807/1/5 9801/1/5 9806/1/5
f 9808/1/5 9801/1/5 9807/1/5
f 9811/5/5 9803/5/5 9802/5/5
f 9812/1/5 9804/1/5 9803/1/5
f 9812/5/5 9803/5/5 9811/5/5
f 9813/1/5 9804/1/5 9812/1/5
f 9814/1/5 9808/1/5 9807/1/5
f 9815/4/5 9809/4/5 9808/4/5
f 9815/1/5 9808/1/5 9814/1/5
f 9816/4/5 9809/4/5 9815/4/5
f 9819/1/5 9811/1/5 9810/1/5
f 9819/1/5 9812/1/5 9811/1/5
f 9820/1/5 9812/1/5 9819/1/5
f 9821/1/5 9812/1/5 9820/1/5
f 9822/1/5 9816/1/5 9815/1/5
f 9823/4/5 9817/4/5 9816/4/5
f 9823/1/5 9816/1/5 9822/1/5
f 9824/4/5 9817/4/5 9823/4/5
f 9826/1/5 9819/1/5 9818/1/5
f 9826/1/5 9820/1/5 9819/1/5
f 9827/1/5 9820/1/5 9826/1/5
f 9828/4/5 9824/4/5 9823/4/5
f 9829/1/5 9825/1/5 9824/1/5
f 9829/4/5 9824/4/5 9828/4/5
f 9831/1/5 9826/1/5 9818/1/5
f 9832/1/5 9825/1/5 9829/1/5
f 9833/1/5 9825/1/5 9832/1/5
f 9835/1/5 9831/1/5 9830/1/5
f 9835/1/5 9826/1/5 9831/1/5
f 9836/1/5 9826/1/5 9835/1/5
f 9837/1/5 9834/1/5 9833/1/5
f 9837/1/5 9833/1/5 9832/1/5
f 9838/1/5 9834/1/5 9837/1/5
f 9839/1/5 9835/1/5 9830/1/5
f 9840/1/5 9835/1/5 9839/1/5
f 9842/4/5 9840/4/5 9839/4/5
f 9843/4/5 9840/4/5 9842/4/5
f 9844/1/5 9834/1/5 9838/1/5
f 9846/4/5 9842/4/5 9841/4/5
f 9847/1/5 9843/1/5 9842/1/5
f 9847/4/5 9842/4/5 9846/4/5
f 9848/1/5 9847/1/5 9846/1/5
f 9848/1/5 9843/1/5 9847/1/5
f 9849/1/5 9848/1/5 9846/1/5
f 9850/1/5 9848/1/5 9849/1/5
f 9851/1/5 9845/1/5 9844/1/5
f 9851/1/5 9844/1/5 9838/1/5
f 9852/1/5 9845/1/5 9851/1/5
f 9853/1/5 9848/1/5 9850/1/5
f 9856/1/5 9851/1/5 9838/1/5
f 9857/1/5 9854/1/5 9853/1/5
f 9857/1/5 9853/1/5 9850/1/5
f 9858/1/5 9854/1/5 9857/1/5
f 9859/1/5 9856/1/5 9855/1/5
f 9859/1/5 9851/1/5 9856/1/5
f 9860/1/5 9851/1/5 9859/1/5
f 9861/1/5 9854/1/5 9858/1/5
f 9862/1/5 9854/1/5 9861/1/5
f 9865/1/5 9859/1/5 9855/1/5
f 9866/5/5 9863/5/5 9862/5/5
f 9866/5/5 9862/5/5 9861/5/5
f 9867/5/5 9863/5/5 9866/5/5
f 9868/5/5 9863/5/5 9867/5/5
f 9871/4/5 9865/4/5 9864/4/5
f 9872/1/5 9859/1/5 9865/1/5
f 9872/4/5 9865/4/5 9871/4/5
f 9873/1/5 9859/1/5 9872/1/5
f 9874/1/5 9868/1/5 9867/1/5
f 9875/4/5 9869/4/5 9868/4/5
f 9875/1/5 9868/1/5 9874/1/5
f 9876/4/5 9869/4/5 9875/4/5
f 9879/4/5 9871/4/5 9870/4/5
f 9880/1/5 9872/1/5 9871/1/5
f 9880/4/5 9871/4/5 9879/4/5
f 9881/1/5 9872/1/5 9880/1/5
f 9882/4/5 9876/4/5 9875/4/5
f 9883/1/5 9877/1/5 9876/1/5
f 9883/4/5 9876/4/5 9882/4/5
f 9884/1/5 9877/1/5 9883/1/5
f 9887/1/5 9879/1/5 9878/1/5
f 9888/4/5 9880/4/5 9879/4/5
f 9888/1/5 9879/1/5 9887/1/5
f 9889/4/5 9880/4/5 9888/4/5
f 9890/1/5 9885/1/5 9884/1/5
f 9890/1/5 9884/1/5 9883/1/5
f 9891/1/5 9885/1/5 9890/1/5
f 9892/1/5 9885/1/5 9891/1/5
f 9896/1/5 9887/1/5 9886/1/5
f 9897/4/5 9888/4/5 9887/4/5
f 9897/1/5 9887/1/5 9896/1/5
f 9898/4/5 9888/4/5 9897/4/5
f 9899/1/5 9892/1/5 9891/1/5
f 9899/1/5 9893/1/5 9892/1/5
f 9900/4/5 9894/4/5 9893/4/5
f 9900/1/5 9893/1/5 9899/1/5
f 9901/4/5 9894/4/5 9900/4/5
f 9905/1/5 9896/1/5 9895/1/5
f 9905/1/5 9897/1/5 9896/1/5
f 9906/1/5 9897/1/5 9905/1/5
f 9907/1/5 9897/1/5 9906/1/5
f 9908/4/5 9901/4/5 9900/4/5
f 9908/4/5 9902/4/5 9901/4/5
f 9909/1/5 9903/1/5 9902/1/5
f 9909/4/5 9902/4/5 9908/4/5
f 9910/1/5 9903/1/5 9909/1/5
f 9911/4/5 9904/4/5 9903/4/5
f 9911/1/5 9903/1/5 9910/1/5
f 9911/4/5 9905/4/5 9904/4/5
f 9912/1/5 9906/1/5 9905/1/5
f 9912/4/5 9905/4/5 9911/4/5
f 9913/1/5 9906/1/5 9912/1/5
f 9914/1/5 9911/1/5 9910/1/5
f 9915/1/5 9911/1/5 9914/1/5
f 9922/1/5 9917/1/5 9916/1/5
f 9923/1/5 9917/1/5 9922/1/5
f 9924/4/5 9918/4/5 9917/4/5
f 9924/1/5 9917/1/5 9923/1/5
f 9925/1/5 9919/1/5 9918/1/5
f 9925/4/5 9918/4/5 9924/4/5
f 9926/1/5 9919/1/5 9925/1/5
f 9929/1/5 9921/1/5 9920/1/5
f 9930/1/5 9921/1/5 9929/1/5
f 9931/4/5 9922/4/5 9921/4/5
f 9931/1/5 9921/1/5 9930/1/5
f 9932/1/5 9923/1/5 9922/1/5
f 9932/4/5 9922/4/5 9931/4/5
f 9933/1/5 9923/1/5 9932/1/5
f 9934/1/5 9926/1/5 9925/1/5
f 9934/1/5 9927/1/5 9926/1/5
f 9935/1/5 9927/1/5 9934/1/5
f 9936/1/5 9927/1/5 9935/1/5
f 9937/1/5 9927/1/5 9936/1/5
f 9941/1/5 9930/1/5 9929/1/5
f 9941/1/5 9929/1/5 9928/1/5
f 9942/1/5 9930/1/5 9941/1/5
f 9943/1/5 9930/1/5 9942/1/5
f 9944/1/5 9938/1/5 9937/1/5
f 9944/1/5 9937/1/5 9936/1/5
f 9945/4/5 9939/4/5 9938/4/5
f 9945/1/5 9938/1/5 9944/1/5
f 9946/4/5 9939/4/5 9945/4/5
f 9949/1/5 9942/1/5 9941/1/5
f 9949/1/5 9941/1/5 9940/1/5
f 9950/1/5 9942/1/5 9949/1/5
f 9951/1/5 9942/1/5 9950/1/5
f 9952/1/5 9946/1/5 9945/1/5
f 9953/4/5 9947/4/5 9946/4/5
f 9953/1/5 9946/1/5 9952/1/5
f 9954/4/5 9947/4/5 9953/4/5
f 9957/5/5 9949/5/5 9948/5/5
f 9958/1/5 9950/1/5 9949/1/5
f 9958/5/5 9949/5/5 9957/5/5
f 9959/1/5 9950/1/5 9958/1/5
f 9960/4/5 9954/4/5 9953/4/5
f 9961/1/5 9955/1/5 9954/1/5
f 9961/4/5 9954/4/5 9960/4/5
f 9962/1/5 9955/1/5 9961/1/5
f 9965/1/5 9957/1/5 9956/1/5
f 9966/5/5 9958/5/5 9957/5/5
f 9966/1/5 9957/1/5 9965/1/5
f 9967/5/5 9958/5/5 9966/5/5
f 9968/1/5 9963/1/5 9962/1/5
f 9968/1/5 9962/1/5 9961/1/5
f 9969/1/5 9963/1/5 9968/1/5
f 9970/1/5 9963/1/5 9969/1/5
f 9972/1/5 9966/1/5 9965/1/5
f 9972/1/5 9965/1/5 9964/1/5
f 9973/1/5 9966/1/5 9972/1/5
f 9974/1/5 9971/1/5 9970/1/5
f 9974/1/5 9970/1/5 9969/1/5
f 9975/1/5 9971/1/5 9974/1/5
f 9977/1/5 9972/1/5 9964/1/5
f 9978/1/5 9971/1/5 9975/1/5
f 9980/4/5 9977/4/5 9976/4/5
f 9980/1/5 9972/1/5 9977/1/5
f 9981/1/5 9972/1/5 9980/1/5
f 9982/1/5 9979/1/5 9978/1/5
f 9982/1/5 9978/1/5 9975/1/5
f 9983/1/5 9979/1/5 9982/1/5
f 9984/4/5 9980/4/5 9976/4/5
f 9985/4/5 9980/4/5 9984/4/5
f 9987/1/5 9985/1/5 9984/1/5
f 9988/1/5 9985/1/5 9987/1/5
f 9989/1/5 9979/1/5 9983/1/5
f 9991/1/5 9988/1/5 9987/1/5
f 9991/1/5 9987/1/5 9986/1/5
f 9992/1/5 9988/1/5 9991/1/5
f 9993/1/5 9990/1/5 9989/1/5
f 9993/1/5 9989/1/5 9983/1/5
f 9994/1/5 9990/1/5 9993/1/5
f 9995/1/5 9991/1/5 9986/1/5
f 9996/1/5 9995/1/5 9986/1/5
f 9999/1/5 9990/1/5 9994/1/5
f 10000/1/5 9997/1/5 9996/1/5
f 10000/1/5 9996/1/5 9986/1/5
f 10001/1/5 9997/1/5 10000/1/5
f 10002/1/5 9999/1/5 9998/1/5
f 10002/1/5 9990/1/5 9999/1/5
f 10003/1/5 9990/1/5 10002/1/5
f 10004/1/5 9997/1/5 10001/1/5
f 10007/1/5 10002/1/5 9998/1/5
f 10008/1/5 10005/1/5 10004/1/5
f 10008/1/5 10004/1/5 10001/1/5
f 10009/1/5 10005/1/5 10008/1/5
f 10010/1/5 10005/1/5 10009/1/5
f 10011/1/5 10007/1/5 10006/1/5
f 10011/1/5 10002/1/5 10007/1/5
f 10012/1/5 10002/1/5 10011/1/5
f 10013/1/5 10010/1/5 10009/1/5
f 10014/1/5 10010/1/5 10013/1/5
f 10017/1/5 10011/1/5 10006/1/5
f 10018/5/5 10015/5/5 10014/5/5
f 10018/5/5 10014/5/5 10013/5/5
f 10019/5/5 10015/5/5 10018/5/5
f 10020/5/5 10015/5/5 10019/5/5
f 10023/1/5 10017/1/5 10016/1/5
f 10024/1/5 10011/1/5 10017/1/5
f 10024/1/5 10017/1/5 10023/1/5
f 10025/1/5 10011/1/5 10024/1/5
f 10026/1/5 10021/1/5 10020/1/5
f 10026/1/5 10020/1/5 10019/1/5
f 10027/1/5 10021/1/5 10026/1/5
f 10028/1/5 10021/1/5 10027/1/5
f 10031/1/5 10023/1/5 10022/1/5
f 10031/1/5 10024/1/5 10023/1/5
f 10032/1/5 10024/1/5 10031/1/5
f 10033/1/5 10024/1/5 10032/1/5
f 10034/1/5 10028/1/5 10027/1/5
f 10035/4/5 10029/4/5 10028/4/5
f 10035/1/5 10028/1/5 10034/1/5
f 10036/4/5 10029/4/5 10035/4/5
f 10039/4/5 10031/4/5 10030/4/5
f 10040/1/5 10032/1/5 10031/1/5
f 10040/4/5 10031/4/5 10039/4/5
f 10041/1/5 10032/1/5 10040/1/5
f 10042/4/5 10036/4/5 10035/4/5
f 10043/1/5 10037/1/5 10036/1/5
f 10043/4/5 10036/4/5 10042/4/5
f 10044/1/5 10037/1/5 10043/1/5
f 10048/4/5 10039/4/5 10038/4/5
f 10049/1/5 10040/1/5 10039/1/5
f 10049/4/5 10039/4/5 10048/4/5
f 10050/1/5 10040/1/5 10049/1/5
f 10051/4/5 10044/4/5 10043/4/5
f 10052/1/5 10045/1/5 10044/1/5
f 10052/4/5 10044/4/5 10051/4/5
f 10053/1/5 10045/1/5 10052/1/5
f 10054/1/5 10045/1/5 10053/1/5
f 10061/1/5 10047/1/5 10046/1/5
f 10062/4/5 10048/4/5 10047/4/5
f 10062/4/5 10049/4/5 10048/4/5
f 10062/1/5 10047/1/5 10061/1/5
f 10063/4/5 10049/4/5 10062/4/5
f 10064/1/5 10054/1/5 10053/1/5
f 10064/1/5 10055/1/5 10054/1/5
f 10065/4/5 10056/4/5 10055/4/5
f 10065/1/5 10055/1/5 10064/1/5
f 10066/1/5 10057/1/5 10056/1/5
f 10066/4/5 10056/4/5 10065/4/5
f 10067/1/5 10057/1/5 10066/1/5
f 10068/4/5 10059/4/5 10058/4/5
f 10069/1/5 10060/1/5 10059/1/5
f 10069/1/5 10061/1/5 10060/1/5
f 10069/4/5 10059/4/5 10068/4/5
f 10070/5/5 10062/5/5 10061/5/5
f 10070/1/5 10061/1/5 10069/1/5
f 10071/5/5 10062/5/5 10070/5/5
f 10072/1/5 10068/1/5 10067/1/5
f 10072/1/5 10067/1/5 10066/1/5
f 10073/4/5 10069/4/5 10068/4/5
f 10073/1/5 10068/1/5 10072/1/5
f 10074/4/5 10069/4/5 10073/4/5
f 10082/1/5 10076/1/5 10075/1/5
f 10083/5/5 10077/5/5 10076/5/5
f 10083/1/5 10076/1/5 10082/1/5
f 10084/4/5 10078/4/5 10077/4/5
f 10084/5/5 10077/5/5 10083/5/5
f 10085/5/5 10079/5/5 10078/5/5
f 10085/4/5 10078/4/5 10084/4/5
f 10086/5/5 10079/5/5 10085/5/5
f 10089/1/5 10081/1/5 10080/1/5
f 10090/4/5 10082/4/5 10081/4/5
f 10090/1/5 10081/1/5 10089/1/5
f 10091/4/5 10082/4/5 10090/4/5
f 10092/5/5 10087/5/5 10086/5/5
f 10093/5/5 10087/5/5 10092/5/5
f 10096/1/5 10089/1/5 10088/1/5
f 10097/1/5 10089/1/5 10096/1/5
f 10098/4/5 10094/4/5 10093/4/5
f 10099/4/5 10094/4/5 10098/4/5
f 10100/4/5 10094/4/5 10099/4/5
f 10103/1/5 10096/1/5 10095/1/5
f 10104/1/5 10096/1/5 10103/1/5
f 10105/1/5 10101/1/5 10100/1/5
f 10106/1/5 10101/1/5 10105/1/5
f 10109/1/5 10103/1/5 10102/1/5
f 10110/1/5 10103/1/5 10109/1/5
f 10111/1/5 10107/1/5 10106/1/5
f 10112/1/5 10107/1/5 10111/1/5
f 10115/1/5 10109/1/5 10108/1/5
f 10116/1/5 10109/1/5 10115/1/5
f 10117/1/5 10113/1/5 10112/1/5
f 10118/1/5 10113/1/5 10117/1/5
f 10121/1/5 10115/1/5 10114/1/5
f 10122/1/5 10115/1/5 10121/1/5
f 10123/1/5 10119/1/5 10118/1/5
f 10124/1/5 10119/1/5 10123/1/5
f 10127/4/5 10121/4/5 10120/4/5
f 10128/4/5 10121/4/5 10127/4/5
f 10129/1/5 10125/1/5 10124/1/5
f 10130/1/5 10125/1/5 10129/1/5
f 10132/1/5 10127/1/5 10126/1/5
f 10134/1/5 10132/1/5 10126/1/5
f 10135/1/5 10132/1/5 10134/1/5
f 10136/1/5 10131/1/5 10130/1/5
f 10137/1/5 10131/1/5 10136/1/5
f 10139/1/5 10134/1/5 10133/1/5
f 10140/1/5 10134/1/5 10139/1/5
f 10143/1/5 10138/1/5 10137/1/5
f 10144/1/5 10138/1/5 10143/1/5
f 10145/1/5 10141/1/5 10140/1/5
f 10146/1/5 10141/1/5 10145/1/5
f 10149/1/5 10143/1/5 10142/1/5
f 10150/1/5 10143/1/5 10149/1/5
f 10151/1/5 10147/1/5 10146/1/5
f 10152/1/5 10151/1/5 10146/1/5
f 10153/1/5 10151/1/5 10152/1/5
f 10156/1/5 10149/1/5 10148/1/5
f 10157/1/5 10149/1/5 10156/1/5
f 10158/5/5 10154/5/5 10153/5/5
f 10159/5/5 10154/5/5 10158/5/5
f 10162/1/5 10156/1/5 10155/1/5
f 10163/1/5 10156/1/5 10162/1/5
f 10164/1/5 10160/1/5 10159/1/5
f 10165/1/5 10160/1/5 10164/1/5
f 10168/1/5 10162/1/5 10161/1/5
f 10169/1/5 10162/1/5 10168/1/5
f 10170/1/5 10166/1/5 10165/1/5
f 10171/1/5 10166/1/5 10170/1/5
f 10174/1/5 10168/1/5 10167/1/5
f 10175/1/5 10168/1/5 10174/1/5
f 10176/1/5 10172/1/5 10171/1/5
f 10177/1/5 10172/1/5 10176/1/5
f 10182/1/5 10174/1/5 10173/1/5
f 10183/1/5 10174/1/5 10182/1/5
f 10184/4/5 10178/4/5 10177/4/5
f 10185/1/5 10179/1/5 10178/1/5
f 10185/4/5 10178/4/5 10184/4/5
f 10186/1/5 10179/1/5 10185/1/5
f 10192/4/5 10181/4/5 10180/4/5
f 10193/1/5 10182/1/5 10181/1/5
f 10193/4/5 10181/4/5 10192/4/5
f 10194/1/5 10182/1/5 10193/1/5
f 10195/1/5 10187/1/5 10186/1/5
f 10196/4/5 10188/4/5 10187/4/5
f 10196/1/5 10187/1/5 10195/1/5
f 10197/4/5 10188/4/5 10196/4/5
f 10201/1/5 10190/1/5 10189/1/5
f 10202/5/5 10191/5/5 10190/5/5
f 10202/1/5 10190/1/5 10201/1/5
f 10203/4/5 10192/4/5 10191/4/5
f 10203/5/5 10191/5/5 10202/5/5
f 10204/4/5 10192/4/5 10203/4/5
f 10205/4/5 10198/4/5 10197/4/5
f 10206/1/5 10199/1/5 10198/1/5
f 10206/4/5 10198/4/5 10205/4/5
f 10207/5/5 10200/5/5 10199/5/5
f 10207/1/5 10199/1/5 10206/1/5
f 10208/4/5 10201/4/5 10200/4/5
f 10208/5/5 10200/5/5 10207/5/5
f 10209/4/5 10201/4/5 10208/4/5
f 10216/1/5 10211/1/5 10210/1/5
f 10217/4/5 10212/4/5 10211/4/5
f 10217/1/5 10211/1/5 10216/1/5
f 10218/4/5 10212/4/5 10217/4/5
f 10223/1/5 10214/1/5 10213/1/5
f 10224/4/5 10215/4/5 10214/4/5
f 10224/1/5 10214/1/5 10223/1/5
f 10225/4/5 10215/4/5 10224/4/5
f 10226/1/5 10220/1/5 10219/1/5
f 10227/4/5 10221/4/5 10220/4/5
f 10227/1/5 10220/1/5 10226/1/5
f 10228/4/5 10221/4/5 10227/4/5
f 10232/1/5 10223/1/5 10222/1/5
f 10233/1/5 10223/1/5 10232/1/5
f 10234/4/5 10229/4/5 10228/4/5
f 10235/5/5 10230/5/5 10229/5/5
f 10235/4/5 10229/4/5 10234/4/5
f 10236/5/5 10230/5/5 10235/5/5
f 10239/1/5 10232/1/5 10231/1/5
f 10240/1/5 10232/1/5 10239/1/5
f 10241/5/5 10237/5/5 10236/5/5
f 10242/5/5 10237/5/5 10241/5/5
f 10245/1/5 10239/1/5 10238/1/5
f 10246/1/5 10239/1/5 10245/1/5
f 10247/1/5 10239/1/5 10246/1/5
f 10248/5/5 10243/5/5 10242/5/5
f 10249/5/5 10243/5/5 10248/5/5
f 10250/5/5 10243/5/5 10249/5/5
f 10252/1/5 10245/1/5 10244/1/5
f 10252/1/5 10246/1/5 10245/1/5
f 10253/1/5 10246/1/5 10252/1/5
f 10254/1/5 10246/1/5 10253/1/5
f 10255/1/5 10251/1/5 10250/1/5
f 10255/1/5 10250/1/5 10249/1/5
f 10256/1/5 10251/1/5 10255/1/5
f 10258/4/5 10253/4/5 10252/4/5
f 10259/4/5 10253/4/5 10258/4/5
f 10260/1/5 10251/1/5 10256/1/5
f 10261/1/5 10251/1/5 10260/1/5
f 10264/4/5 10258/4/5 10257/4/5
f 10265/4/5 10258/4/5 10264/4/5
f 10266/1/5 10262/1/5 10261/1/5
f 10267/1/5 10262/1/5 10266/1/5
f 10270/5/5 10264/5/5 10263/5/5
f 10271/5/5 10264/5/5 10270/5/5
f 10272/1/5 10268/1/5 10267/1/5
f 10273/1/5 10268/1/5 10272/1/5
f 10275/4/5 10274/4/5 10273/4/5
f 10276/4/5 10274/4/5 10275/4/5
f 10277/5/5 10270/5/5 10269/5/5
f 10278/5/5 10270/5/5 10277/5/5
f 10279/1/5 10278/1/5 10277/1/5
f 10280/1/5 10278/1/5 10279/1/5
f 10281/1/5 10276/1/5 10275/1/5
f 10282/1/5 10276/1/5 10281/1/5
f 10287/1/5 10284/1/5 10283/1/5
f 10288/1/5 10284/1/5 10287/1/5
f 10289/1/5 10286/1/5 10285/1/5
f 10290/1/5 10286/1/5 10289/1/5
f 10295/1/5 10292/1/5 10291/1/5
f 10296/1/5 10292/1/5 10295/1/5
f 10299/1/5 10294/1/5 10293/1/5
f 10300/1/5 10294/1/5 10299/1/5
f 10301/1/5 10297/1/5 10296/1/5
f 10302/1/5 10297/1/5 10301/1/5
f 10305/1/5 10299/1/5 10298/1/5
f 10306/1/5 10299/1/5 10305/1/5
f 10307/5/5 10303/5/5 10302/5/5
f 10308/5/5 10303/5/5 10307/5/5
f 10311/1/5 10305/1/5 10304/1/5
f 10312/1/5 10305/1/5 10311/1/5
f 10313/1/5 10309/1/5 10308/1/5
f 10316/1/5 10311/1/5 10310/1/5
f 10317/1/5 10314/1/5 10313/1/5
f 10317/1/5 10313/1/5 10308/1/5
f 10318/1/5 10314/1/5 10317/1/5
f 10319/1/5 10314/1/5 10318/1/5
f 10322/1/5 10316/1/5 10315/1/5
f 10323/1/5 10311/1/5 10316/1/5
f 10323/1/5 10316/1/5 10322/1/5
f 10324/1/5 10311/1/5 10323/1/5
f 10325/1/5 10320/1/5 10319/1/5
f 10325/1/5 10319/1/5 10318/1/5
f 10326/1/5 10320/1/5 10325/1/5
f 10329/1/5 10322/1/5 10321/1/5
f 10329/1/5 10323/1/5 10322/1/5
f 10330/1/5 10323/1/5 10329/1/5
f 10331/1/5 10327/1/5 10326/1/5
f 10332/1/5 10327/1/5 10331/1/5
f 10337/1/5 10329/1/5 10328/1/5
f 10338/1/5 10329/1/5 10337/1/5
f 10339/4/5 10333/4/5 10332/4/5
f 10340/1/5 10334/1/5 10333/1/5
f 10340/4/5 10333/4/5 10339/4/5
f 10341/1/5 10334/1/5 10340/1/5
f 10347/1/5 10336/1/5 10335/1/5
f 10347/1/5 10337/1/5 10336/1/5
f 10348/1/5 10337/1/5 10347/1/5
f 10349/1/5 10342/1/5 10341/1/5
f 10350/4/5 10343/4/5 10342/4/5
f 10350/1/5 10342/1/5 10349/1/5
f 10351/4/5 10343/4/5 10350/4/5
f 10355/1/5 10346/1/5 10345/1/5
f 10355/1/5 10345/1/5 10344/1/5
f 10356/4/5 10347/4/5 10346/4/5
f 10356/1/5 10346/1/5 10355/1/5
f 10357/4/5 10347/4/5 10356/4/5
f 10358/5/5 10354/5/5 10353/5/5
f 10358/5/5 10353/5/5 10352/5/5
f 10359/5/5 10354/5/5 10358/5/5
f 10366/1/5 10361/1/5 10360/1/5
f 10367/1/5 10361/1/5 10366/1/5
f 10368/1/5 10361/1/5 10367/1/5
f 10369/1/5 10361/1/5 10368/1/5
f 10370/1/5 10363/1/5 10362/1/5
f 10371/1/5 10363/1/5 10370/1/5
f 10376/1/5 10365/1/5 10364/1/5
f 10377/1/5 10365/1/5 10376/1/5
f 10378/4/5 10373/4/5 10372/4/5
f 10379/1/5 10374/1/5 10373/1/5
f 10379/4/5 10373/4/5 10378/4/5
f 10380/1/5 10374/1/5 10379/1/5
f 10383/1/5 10376/1/5 10375/1/5
f 10384/1/5 10376/1/5 10383/1/5
f 10385/1/5 10381/1/5 10380/1/5
f 10386/1/5 10381/1/5 10385/1/5
f 10389/1/5 10383/1/5 10382/1/5
f 10390/1/5 10383/1/5 10389/1/5
f 10391/1/5 10387/1/5 10386/1/5
f 10392/1/5 10387/1/5 10391/1/5
f 10395/4/5 10389/4/5 10388/4/5
f 10396/4/5 10389/4/5 10395/4/5
f 10397/1/5 10393/1/5 10392/1/5
f 10398/1/5 10393/1/5 10397/1/5
f 10400/4/5 10395/4/5 10394/4/5
f 10401/4/5 10395/4/5 10400/4/5
f 10402/4/5 10399/4/5 10398/4/5
f 10403/4/5 10399/4/5 10402/4/5
f 10405/1/5 10401/1/5 10400/1/5
f 10406/1/5 10401/1/5 10405/1/5
f 10407/1/5 10403/1/5 10402/1/5
f 10408/1/5 10403/1/5 10407/1/5
f 10411/1/5 10405/1/5 10404/1/5
f 10412/1/5 10405/1/5 10411/1/5
f 10413/4/5 10409/4/5 10408/4/5
f 10414/4/5 10409/4/5 10413/4/5
f 10416/1/5 10411/1/5 10410/1/5
f 10417/1/5 10411/1/5 10416/1/5
f 10418/4/5 10415/4/5 10414/4/5
f 10419/4/5 10415/4/5 10418/4/5
f 10424/5/5 10421/5/5 10420/5/5
f 10425/5/5 10424/5/5 10420/5/5
f 10426/5/5 10424/5/5 10425/5/5
f 10427/1/5 10426/1/5 10425/1/5
f 10428/1/5 10426/1/5 10427/1/5
f 10429/4/5 10423/4/5 10422/4/5
f 10430/4/5 10423/4/5 10429/4/5
f 10435/1/5 10432/1/5 10431/1/5
f 10436/1/5 10432/1/5 10435/1/5
f 10437/1/5 10434/1/5 10433/1/5
f 10438/1/5 10434/1/5 10437/1/5
f 10443/1/5 10440/1/5 10439/1/5
f 10444/1/5 10440/1/5 10443/1/5
f 10447/1/5 10442/1/5 10441/1/5
f 10448/1/5 10442/1/5 10447/1/5
f 10449/1/5 10445/1/5 10444/1/5
f 10450/1/5 10445/1/5 10449/1/5
f 10453/1/5 10447/1/5 10446/1/5
f 10454/1/5 10447/1/5 10453/1/5
f 10455/5/5 10451/5/5 10450/5/5
f 10456/5/5 10451/5/5 10455/5/5
f 10457/1/5 10456/1/5 10455/1/5
f 10458/1/5 10456/1/5 10457/1/5
f 10461/1/5 10453/1/5 10452/1/5
f 10462/1/5 10453/1/5 10461/1/5
f 10463/1/5 10459/1/5 10458/1/5
f 10464/1/5 10459/1/5 10463/1/5
f 10467/1/5 10461/1/5 10460/1/5
f 10468/1/5 10461/1/5 10467/1/5
f 10469/1/5 10465/1/5 10464/1/5
f 10470/1/5 10465/1/5 10469/1/5
f 10473/1/5 10467/1/5 10466/1/5
f 10474/1/5 10467/1/5 10473/1/5
f 10475/4/5 10471/4/5 10470/4/5
f 10476/4/5 10471/4/5 10475/4/5
f 10480/1/5 10473/1/5 10472/1/5
f 10481/1/5 10473/1/5 10480/1/5
f 10482/4/5 10477/4/5 10476/4/5
f 10483/1/5 10478/1/5 10477/1/5
f 10483/4/5 10477/4/5 10482/4/5
f 10484/1/5 10478/1/5 10483/1/5
f 10493/1/5 10480/1/5 10479/1/5
f 10494/1/5 10480/1/5 10493/1/5
f 10495/5/5 10486/5/5 10485/5/5
f 10495/5/5 10487/5/5 10486/5/5
f 10496/4/5 10488/4/5 10487/4/5
f 10496/5/5 10487/5/5 10495/5/5
f 10497/4/5 10488/4/5 10496/4/5
f 10498/4/5 10490/4/5 10489/4/5
f 10499/1/5 10491/1/5 10490/1/5
f 10499/4/5 10490/4/5 10498/4/5
f 10500/4/5 10492/4/5 10491/4/5
f 10500/1/5 10491/1/5 10499/1/5
f 10501/4/5 10492/4/5 10500/4/5
f 10506/1/5 10503/1/5 10502/1/5
f 10507/1/5 10503/1/5 10506/1/5
f 10512/1/5 10505/1/5 10504/1/5
f 10513/1/5 10505/1/5 10512/1/5
f 10514/1/5 10509/1/5 10508/1/5
f 10515/1/5 10509/1/5 10514/1/5
f 10519/1/5 10511/1/5 10510/1/5
f 10520/1/5 10511/1/5 10519/1/5
f 10521/1/5 10517/1/5 10516/1/5
f 10522/1/5 10517/1/5 10521/1/5
f 10526/1/5 10519/1/5 10518/1/5
f 10527/1/5 10519/1/5 10526/1/5
f 10528/1/5 10523/1/5 10522/1/5
f 10529/1/5 10523/1/5 10528/1/5
f 10533/4/5 10525/4/5 10524/4/5
f 10534/4/5 10525/4/5 10533/4/5
f 10535/4/5 10531/4/5 10530/4/5
f 10536/4/5 10531/4/5 10535/4/5
f 10538/1/5 10533/1/5 10532/1/5
f 10539/1/5 10533/1/5 10538/1/5
f 10540/4/5 10537/4/5 10536/4/5
f 10541/4/5 10537/4/5 10540/4/5
f 10547/1/5 10543/1/5 10542/1/5
f 10548/1/5 10543/1/5 10547/1/5
f 10549/1/5 10545/1/5 10544/1/5
f 10550/1/5 10545/1/5 10549/1/5
f 10552/1/5 10547/1/5 10546/1/5
f 10553/1/5 10547/1/5 10552/1/5
f 10554/1/5 10551/1/5 10550/1/5
f 10555/1/5 10551/1/5 10554/1/5
f 10560/1/5 10559/1/5 10558/1/5
f 10561/1/5 10557/1/5 10556/1/5
f 10562/1/5 10557/1/5 10561/1/5
f 10563/1/5 10559/1/5 10560/1/5
f 10564/1/5 10559/1/5 10563/1/5
f 10569/5/5 10566/5/5 10565/5/5
f 10570/5/5 10566/5/5 10569/5/5
f 10571/1/5 10568/1/5 10567/1/5
f 10572/4/5 10570/4/5 10569/4/5
f 10573/4/5 10570/4/5 10572/4/5
f 10574/1/5 10573/1/5 10572/1/5
f 10575/1/5 10574/1/5 10572/1/5
f 10576/1/5 10574/1/5 10575/1/5
f 10577/1/5 10568/1/5 10571/1/5
f 10578/1/5 10568/1/5 10577/1/5
f 10579/4/5 10576/4/5 10575/4/5
f 10580/4/5 10576/4/5 10579/4/5
f 10581/4/5 10578/4/5 10577/4/5
f 10582/4/5 10578/4/5 10581/4/5
f 10587/1/5 10586/1/5 10585/1/5
f 10588/1/5 10586/1/5 10587/1/5
f 10589/1/5 10584/1/5 10583/1/5
f 10590/1/5 10584/1/5 10589/1/5
f 10591/4/5 10588/4/5 10587/4/5
f 10592/4/5 10588/4/5 10591/4/5
f 10597/1/5 10594/1/5 10593/1/5
f 10598/1/5 10594/1/5 10597/1/5
f 10601/1/5 10596/1/5 10595/1/5
f 10602/1/5 10596/1/5 10601/1/5
f 10603/5/5 10599/5/5 10598/5/5
f 10604/5/5 10599/5/5 10603/5/5
f 10605/1/5 10601/1/5 10600/1/5
f 10606/1/5 10601/1/5 10605/1/5
f 10611/1/5 10608/1/5 10607/1/5
f 10612/1/5 10608/1/5 10611/1/5
f 10615/1/5 10610/1/5 10609/1/5
f 10616/1/5 10610/1/5 10615/1/5
f 10617/1/5 10613/1/5 10612/1/5
f 10618/1/5 10613/1/5 10617/1/5
f 10623/1/5 10615/1/5 10614/1/5
f 10624/1/5 10615/1/5 10623/1/5
f 10625/1/5 10620/1/5 10619/1/5
f 10626/1/5 10620/1/5 10625/1/5
f 10629/1/5 10622/1/5 10621/1/5
f 10630/1/5 10622/1/5 10629/1/5
f 10631/4/5 10627/4/5 10626/4/5
f 10632/4/5 10627/4/5 10631/4/5
f 10638/1/5 10629/1/5 10628/1/5
f 10639/1/5 10629/1/5 10638/1/5
f 10640/5/5 10634/5/5 10633/5/5
f 10641/5/5 10634/5/5 10640/5/5
f 10648/1/5 10637/1/5 10636/1/5
f 10648/1/5 10636/1/5 10635/1/5
f 10649/1/5 10637/1/5 10648/1/5
f 10650/1/5 10643/1/5 10642/1/5
f 10651/4/5 10644/4/5 10643/4/5
f 10651/1/5 10643/1/5 10650/1/5
f 10652/1/5 10645/1/5 10644/1/5
f 10652/4/5 10644/4/5 10651/4/5
f 10653/4/5 10646/4/5 10645/4/5
f 10653/1/5 10645/1/5 10652/1/5
f 10654/1/5 10647/1/5 10646/1/5
f 10654/4/5 10646/4/5 10653/4/5
f 10655/1/5 10647/1/5 10654/1/5
f 10660/6/5 10657/6/5 10656/6/5
f 10661/6/5 10657/6/5 10660/6/5
f 10666/1/5 10659/1/5 10658/1/5
f 10667/1/5 10659/1/5 10666/1/5
f 10668/1/5 10663/1/5 10662/1/5
f 10669/1/5 10663/1/5 10668/1/5
f 10674/1/5 10665/1/5 10664/1/5
f 10675/1/5 10665/1/5 10674/1/5
f 10676/1/5 10671/1/5 10670/1/5
f 10677/1/5 10671/1/5 10676/1/5
f 10681/4/5 10673/4/5 10672/4/5
f 10682/4/5 10673/4/5 10681/4/5
f 10683/4/5 10679/4/5 10678/4/5
f 10684/4/5 10679/4/5 10683/4/5
f 10686/4/5 10681/4/5 10680/4/5
f 10687/4/5 10681/4/5 10686/4/5
f 10688/4/5 10685/4/5 10684/4/5
f 10689/4/5 10685/4/5 10688/4/5
f 10695/1/5 10691/1/5 10690/1/5
f 10696/1/5 10691/1/5 10695/1/5
f 10697/1/5 10693/1/5 10692/1/5
f 10698/1/5 10693/1/5 10697/1/5
f 10700/1/5 10695/1/5 10694/1/5
f 10701/1/5 10695/1/5 10700/1/5
f 10702/1/5 10699/1/5 10698/1/5
f 10703/1/5 10699/1/5 10702/1/5
f 10708/1/5 10705/1/5 10704/1/5
f 10709/1/5 10705/1/5 10708/1/5
f 10710/1/5 10707/1/5 10706/1/5
f 10711/1/5 10707/1/5 10710/1/5
f 10716/5/5 10715/5/5 10714/5/5
f 10717/5/5 10715/5/5 10716/5/5
f 10718/4/5 10713/4/5 10712/4/5
f 10719/4/5 10713/4/5 10718/4/5
f 10720/1/5 10717/1/5 10716/1/5
f 10721/1/5 10717/1/5 10720/1/5
f 10726/1/5 10723/1/5 10722/1/5
f 10727/1/5 10726/1/5 10722/1/5
f 10728/1/5 10726/1/5 10727/1/5
f 10729/1/5 10725/1/5 10724/1/5
f 10730/1/5 10725/1/5 10729/1/5
f 10735/1/5 10732/1/5 10731/1/5
f 10736/1/5 10732/1/5 10735/1/5
f 10737/4/5 10736/4/5 10735/4/5
f 10738/4/5 10736/4/5 10737/4/5
f 10739/1/5 10734/1/5 10733/1/5
f 10740/1/5 10734/1/5 10739/1/5
f 10745/4/5 10742/4/5 10741/4/5
f 10746/4/5 10742/4/5 10745/4/5
f 10747/4/5 10744/4/5 10743/4/5
f 10748/4/5 10744/4/5 10747/4/5
f 10753/5/5 10750/5/5 10749/5/5
f 10754/5/5 10750/5/5 10753/5/5
f 10757/4/5 10752/4/5 10751/4/5
f 10758/4/5 10752/4/5 10757/4/5
f 10759/1/5 10755/1/5 10754/1/5
f 10760/1/5 10755/1/5 10759/1/5
f 10761/4/5 10757/4/5 10756/4/5
f 10762/4/5 10757/4/5 10761/4/5
f 10767/1/5 10764/1/5 10763/1/5
f 10768/1/5 10764/1/5 10767/1/5
f 10771/4/5 10766/4/5 10765/4/5
f 10772/4/5 10766/4/5 10771/4/5
f 10773/1/5 10769/1/5 10768/1/5
f 10774/1/5 10769/1/5 10773/1/5
f 10779/1/5 10771/1/5 10770/1/5
f 10780/1/5 10771/1/5 10779/1/5
f 10781/4/5 10776/4/5 10775/4/5
f 10782/4/5 10776/4/5 10781/4/5
f 10789/1/5 10778/1/5 10777/1/5
f 10790/1/5 10778/1/5 10789/1/5
f 10791/1/5 10784/1/5 10783/1/5
f 10791/1/5 10785/1/5 10784/1/5
f 10792/1/5 10785/1/5 10791/1/5
f 10797/4/5 10787/4/5 10786/4/5
f 10798/1/5 10788/1/5 10787/1/5
f 10798/4/5 10787/4/5 10797/4/5
f 10799/1/5 10788/1/5 10798/1/5
f 10800/4/5 10794/4/5 10793/4/5
f 10801/1/5 10795/1/5 10794/1/5
f 10801/4/5 10794/4/5 10800/4/5
f 10802/4/5 10796/4/5 10795/4/5
f 10802/1/5 10795/1/5 10801/1/5
f 10803/4/5 10796/4/5 10802/4/5
f 10810/6/5 10805/6/5 10804/6/5
f 10811/6/5 10805/6/5 10810/6/5
f 10812/6/5 10807/6/5 10806/6/5
f 10813/6/5 10807/6/5 10812/6/5
f 10818/1/5 10809/1/5 10808/1/5
f 10819/1/5 10809/1/5 10818/1/5
f 10820/1/5 10815/1/5 10814/1/5
f 10821/1/5 10815/1/5 10820/1/5
f 10826/4/5 10817/4/5 10816/4/5
f 10827/4/5 10817/4/5 10826/4/5
f 10828/1/5 10823/1/5 10822/1/5
f 10829/1/5 10823/1/5 10828/1/5
f 10833/1/5 10825/1/5 10824/1/5
f 10834/1/5 10825/1/5 10833/1/5
f 10835/1/5 10831/1/5 10830/1/5
f 10836/1/5 10831/1/5 10835/1/5
f 10839/1/5 10833/1/5 10832/1/5
f 10840/1/5 10833/1/5 10839/1/5
f 10841/1/5 10837/1/5 10836/1/5
f 10842/1/5 10837/1/5 10841/1/5
f 10845/1/5 10839/1/5 10838/1/5
f 10846/1/5 10839/1/5 10845/1/5
f 10847/1/5 10843/1/5 10842/1/5
f 10848/1/5 10843/1/5 10847/1/5
f 10851/1/5 10845/1/5 10844/1/5
f 10852/1/5 10845/1/5 10851/1/5
f 10853/1/5 10849/1/5 10848/1/5
f 10854/1/5 10849/1/5 10853/1/5
f 10856/1/5 10851/1/5 10850/1/5
f 10857/1/5 10851/1/5 10856/1/5
f 10858/1/5 10855/1/5 10854/1/5
f 10859/1/5 10855/1/5 10858/1/5
f 10864/1/5 10861/1/5 10860/1/5
f 10865/1/5 10861/1/5 10864/1/5
f 10866/1/5 10863/1/5 10862/1/5
f 10867/1/5 10863/1/5 10866/1/5
f 10872/4/5 10869/4/5 10868/4/5
f 10873/4/5 10869/4/5 10872/4/5
f 10874/1/5 10871/1/5 10870/1/5
f 10875/1/5 10871/1/5 10874/1/5
f 10880/1/5 10877/1/5 10876/1/5
f 10881/1/5 10877/1/5 10880/1/5
f 10882/5/5 10879/5/5 10878/5/5
f 10883/5/5 10879/5/5 10882/5/5
f 10884/5/5 10881/5/5 10880/5/5
f 10885/5/5 10881/5/5 10884/5/5
f 10886/1/5 10885/1/5 10884/1/5
f 10887/1/5 10885/1/5 10886/1/5
f 10888/1/5 10883/1/5 10882/1/5
f 10889/1/5 10883/1/5 10888/1/5
f 10894/1/5 10891/1/5 10890/1/5
f 10895/1/5 10891/1/5 10894/1/5
f 10896/1/5 10893/1/5 10892/1/5
f 10897/1/5 10893/1/5 10896/1/5
f 10902/1/5 10899/1/5 10898/1/5
f 10903/1/5 10899/1/5 10902/1/5
f 10904/1/5 10901/1/5 10900/1/5
f 10905/1/5 10901/1/5 10904/1/5
f 10910/4/5 10907/4/5 10906/4/5
f 10911/4/5 10907/4/5 10910/4/5
f 10912/1/5 10909/1/5 10908/1/5
f 10913/1/5 10909/1/5 10912/1/5
f 10918/5/5 10915/5/5 10914/5/5
f 10919/5/5 10915/5/5 10918/5/5
f 10922/1/5 10917/1/5 10916/1/5
f 10923/1/5 10917/1/5 10922/1/5
f 10924/1/5 10920/1/5 10919/1/5
f 10925/1/5 10920/1/5 10924/1/5
f 10928/1/5 10922/1/5 10921/1/5
f 10929/1/5 10922/1/5 10928/1/5
f 10930/1/5 10926/1/5 10925/1/5
f 10931/1/5 10926/1/5 10930/1/5
f 10934/1/5 10928/1/5 10927/1/5
f 10935/1/5 10928/1/5 10934/1/5
f 10936/1/5 10932/1/5 10931/1/5
f 10937/1/5 10932/1/5 10936/1/5
f 10940/1/5 10934/1/5 10933/1/5
f 10941/1/5 10934/1/5 10940/1/5
f 10942/1/5 10938/1/5 10937/1/5
f 10943/1/5 10938/1/5 10942/1/5
f 10948/4/5 10940/4/5 10939/4/5
f 10949/4/5 10940/4/5 10948/4/5
f 10950/4/5 10945/4/5 10944/4/5
f 10951/4/5 10945/4/5 10950/4/5
f 10956/4/5 10947/4/5 10946/4/5
f 10957/4/5 10947/4/5 10956/4/5
f 10958/1/5 10953/1/5 10952/1/5
f 10959/1/5 10953/1/5 10958/1/5
f 10967/4/5 10955/4/5 10954/4/5
f 10968/4/5 10955/4/5 10967/4/5
f 10969/1/5 10961/1/5 10960/1/5
f 10969/1/5 10962/1/5 10961/1/5
f 10970/1/5 10962/1/5 10969/1/5
f 10971/4/5 10965/4/5 10964/4/5
f 10971/4/5 10964/4/5 10963/4/5
f 10972/1/5 10966/1/5 10965/1/5
f 10972/4/5 10965/4/5 10971/4/5
f 10973/1/5 10966/1/5 10972/1/5
f 10978/3/5 10975/3/5 10974/3/5
f 10979/3/5 10975/3/5 10978/3/5
f 10984/6/5 10977/6/5 10976/6/5
f 10985/6/5 10977/6/5 10984/6/5
f 10986/6/5 10981/6/5 10980/6/5
f 10987/6/5 10981/6/5 10986/6/5
f 10992/1/5 10983/1/5 10982/1/5
f 10993/1/5 10983/1/5 10992/1/5
f 10994/1/5 10989/1/5 10988/1/5
f 10995/1/5 10989/1/5 10994/1/5
f 11000/1/5 10991/1/5 10990/1/5
f 11001/1/5 10991/1/5 11000/1/5
f 11002/1/5 10997/1/5 10996/1/5
f 11003/1/5 10997/1/5 11002/1/5
f 11007/1/5 10999/1/5 10998/1/5
f 11008/1/5 10999/1/5 11007/1/5
f 11009/1/5 11005/1/5 11004/1/5
f 11010/1/5 11005/1/5 11009/1/5
f 11013/1/5 11007/1/5 11006/1/5
f 11014/1/5 11007/1/5 11013/1/5
f 11015/1/5 11011/1/5 11010/1/5
f 11016/1/5 11011/1/5 11015/1/5
f 11019/1/5 11013/1/5 11012/1/5
f 11020/1/5 11013/1/5 11019/1/5
f 11021/1/5 11017/1/5 11016/1/5
f 11022/1/5 11017/1/5 11021/1/5
f 11024/1/5 11019/1/5 11018/1/5
f 11025/1/5 11019/1/5 11024/1/5
f 11026/1/5 11023/1/5 11022/1/5
f 11027/1/5 11023/1/5 11026/1/5
f 11032/1/5 11029/1/5 11028/1/5
f 11033/1/5 11029/1/5 11032/1/5
f 11034/1/5 11031/1/5 11030/1/5
f 11035/1/5 11031/1/5 11034/1/5
f 11040/4/5 11037/4/5 11036/4/5
f 11041/4/5 11037/4/5 11040/4/5
f 11042/1/5 11039/1/5 11038/1/5
f 11043/1/5 11039/1/5 11042/1/5
f 11048/1/5 11045/1/5 11044/1/5
f 11049/1/5 11045/1/5 11048/1/5
f 11050/1/5 11047/1/5 11046/1/5
f 11051/1/5 11047/1/5 11050/1/5
f 11056/1/5 11053/1/5 11052/1/5
f 11057/1/5 11053/1/5 11056/1/5
f 11058/1/5 11055/1/5 11054/1/5
f 11059/1/5 11055/1/5 11058/1/5
f 11064/1/5 11061/1/5 11060/1/5
f 11065/1/5 11061/1/5 11064/1/5
f 11066/1/5 11063/1/5 11062/1/5
f 11067/1/5 11063/1/5 11066/1/5
f 11072/1/5 11069/1/5 11068/1/5
f 11073/1/5 11069/1/5 11072/1/5
f 11074/1/5 11071/1/5 11070/1/5
f 11075/1/5 11071/1/5 11074/1/5
f 11080/4/5 11077/4/5 11076/4/5
f 11081/4/5 11077/4/5 11080/4/5
f 11082/5/5 11079/5/5 11078/5/5
f 11083/5/5 11079/5/5 11082/5/5
f 11088/4/5 11085/4/5 11084/4/5
f 11089/4/5 11085/4/5 11088/4/5
f 11092/1/5 11087/1/5 11086/1/5
f 11093/1/5 11087/1/5 11092/1/5
f 11094/1/5 11090/1/5 11089/1/5
f 11095/1/5 11090/1/5 11094/1/5
f 11098/1/5 11092/1/5 11091/1/5
f 11099/1/5 11092/1/5 11098/1/5
f 11100/1/5 11096/1/5 11095/1/5
f 11101/1/5 11096/1/5 11100/1/5
f 11104/1/5 11098/1/5 11097/1/5
f 11105/1/5 11098/1/5 11104/1/5
f 11106/1/5 11102/1/5 11101/1/5
f 11107/1/5 11102/1/5 11106/1/5
f 11112/1/5 11104/1/5 11103/1/5
f 11113/1/5 11104/1/5 11112/1/5
f 11114/5/5 11109/5/5 11108/5/5
f 11115/5/5 11109/5/5 11114/5/5
f 11120/1/5 11111/1/5 11110/1/5
f 11121/1/5 11111/1/5 11120/1/5
f 11122/4/5 11117/4/5 11116/4/5
f 11123/4/5 11117/4/5 11122/4/5
f 11128/1/5 11119/1/5 11118/1/5
f 11129/1/5 11119/1/5 11128/1/5
f 11130/1/5 11125/1/5 11124/1/5
f 11131/1/5 11125/1/5 11130/1/5
f 11134/4/5 11127/4/5 11126/4/5
f 11135/4/5 11127/4/5 11134/4/5
f 11136/1/5 11133/1/5 11132/1/5
f 11137/1/5 11133/1/5 11136/1/5
f 11144/3/5 11139/3/5 11138/3/5
f 11145/3/5 11139/3/5 11144/3/5
f 11146/3/5 11141/3/5 11140/3/5
f 11147/3/5 11141/3/5 11146/3/5
f 11152/6/5 11143/6/5 11142/6/5
f 11153/6/5 11143/6/5 11152/6/5
f 11154/6/5 11149/6/5 11148/6/5
f 11155/6/5 11149/6/5 11154/6/5
f 11160/1/5 11151/1/5 11150/1/5
f 11161/1/5 11151/1/5 11160/1/5
f 11162/1/5 11157/1/5 11156/1/5
f 11163/1/5 11157/1/5 11162/1/5
f 11166/1/5 11159/1/5 11158/1/5
f 11167/1/5 11159/1/5 11166/1/5
f 11168/1/5 11165/1/5 11164/1/5
f 11169/1/5 11165/1/5 11168/1/5
f 11174/4/5 11171/4/5 11170/4/5
f 11175/4/5 11171/4/5 11174/4/5
f 11176/1/5 11173/1/5 11172/1/5
f 11177/1/5 11173/1/5 11176/1/5
f 11182/1/5 11179/1/5 11178/1/5
f 11183/1/5 11179/1/5 11182/1/5
f 11184/1/5 11181/1/5 11180/1/5
f 11185/1/5 11181/1/5 11184/1/5
f 11190/1/5 11187/1/5 11186/1/5
f 11191/1/5 11187/1/5 11190/1/5
f 11192/1/5 11189/1/5 11188/1/5
f 11193/1/5 11189/1/5 11192/1/5
f 11198/5/5 11195/5/5 11194/5/5
f 11199/5/5 11195/5/5 11198/5/5
f 11200/5/5 11197/5/5 11196/5/5
f 11201/5/5 11197/5/5 11200/5/5
f 11202/1/5 11199/1/5 11198/1/5
f 11203/1/5 11199/1/5 11202/1/5
f 11204/1/5 11201/1/5 11200/1/5
f 11205/1/5 11201/1/5 11204/1/5
f 11210/1/5 11207/1/5 11206/1/5
f 11211/1/5 11207/1/5 11210/1/5
f 11212/1/5 11209/1/5 11208/1/5
f 11213/1/5 11209/1/5 11212/1/5
f 11218/1/5 11215/1/5 11214/1/5
f 11219/1/5 11215/1/5 11218/1/5
f 11220/1/5 11217/1/5 11216/1/5
f 11221/1/5 11217/1/5 11220/1/5
f 11226/1/5 11223/1/5 11222/1/5
f 11227/1/5 11223/1/5 11226/1/5
f 11228/1/5 11225/1/5 11224/1/5
f 11229/1/5 11225/1/5 11228/1/5
f 11234/1/5 11231/1/5 11230/1/5
f 11235/1/5 11231/1/5 11234/1/5
f 11236/5/5 11233/5/5 11232/5/5
f 11237/5/5 11233/5/5 11236/5/5
f 11242/5/5 11239/5/5 11238/5/5
f 11243/5/5 11239/5/5 11242/5/5
f 11248/1/5 11241/1/5 11240/1/5
f 11249/1/5 11241/1/5 11248/1/5
f 11250/1/5 11245/1/5 11244/1/5
f 11251/1/5 11245/1/5 11250/1/5
f 11256/1/5 11247/1/5 11246/1/5
f 11257/1/5 11247/1/5 11256/1/5
f 11258/1/5 11253/1/5 11252/1/5
f 11259/1/5 11253/1/5 11258/1/5
f 11265/1/5 11255/1/5 11254/1/5
f 11266/1/5 11255/1/5 11265/1/5
f 11267/1/5 11261/1/5 11260/1/5
f 11268/4/5 11262/4/5 11261/4/5
f 11268/1/5 11261/1/5 11267/1/5
f 11269/4/5 11262/4/5 11268/4/5
f 11270/4/5 11264/4/5 11263/4/5
f 11271/4/5 11264/4/5 11270/4/5
f 11278/3/5 11273/3/5 11272/3/5
f 11279/3/5 11273/3/5 11278/3/5
f 11280/3/5 11275/3/5 11274/3/5
f 11281/3/5 11275/3/5 11280/3/5
f 11286/6/5 11277/6/5 11276/6/5
f 11287/6/5 11277/6/5 11286/6/5
f 11288/6/5 11283/6/5 11282/6/5
f 11289/6/5 11283/6/5 11288/6/5
f 11292/1/5 11285/1/5 11284/1/5
f 11293/1/5 11285/1/5 11292/1/5
f 11294/1/5 11291/1/5 11290/1/5
f 11295/1/5 11291/1/5 11294/1/5
f 11301/1/5 11297/1/5 11296/1/5
f 11302/1/5 11297/1/5 11301/1/5
f 11303/1/5 11299/1/5 11298/1/5
f 11304/1/5 11299/1/5 11303/1/5
f 11307/1/5 11301/1/5 11300/1/5
f 11308/1/5 11301/1/5 11307/1/5
f 11309/1/5 11305/1/5 11304/1/5
f 11310/1/5 11305/1/5 11309/1/5
f 11312/4/5 11307/4/5 11306/4/5
f 11313/4/5 11307/4/5 11312/4/5
f 11314/1/5 11311/1/5 11310/1/5
f 11315/1/5 11311/1/5 11314/1/5
f 11320/1/5 11317/1/5 11316/1/5
f 11321/1/5 11317/1/5 11320/1/5
f 11322/1/5 11319/1/5 11318/1/5
f 11323/1/5 11319/1/5 11322/1/5
f 11328/1/5 11325/1/5 11324/1/5
f 11329/1/5 11325/1/5 11328/1/5
f 11330/1/5 11327/1/5 11326/1/5
f 11331/1/5 11327/1/5 11330/1/5
f 11336/5/5 11333/5/5 11332/5/5
f 11337/5/5 11333/5/5 11336/5/5
f 11338/1/5 11335/1/5 11334/1/5
f 11339/1/5 11335/1/5 11338/1/5
f 11344/1/5 11341/1/5 11340/1/5
f 11345/1/5 11341/1/5 11344/1/5
f 11346/1/5 11343/1/5 11342/1/5
f 11347/1/5 11343/1/5 11346/1/5
f 11352/1/5 11349/1/5 11348/1/5
f 11353/1/5 11349/1/5 11352/1/5
f 11354/1/5 11351/1/5 11350/1/5
f 11355/1/5 11351/1/5 11354/1/5
f 11360/1/5 11357/1/5 11356/1/5
f 11361/1/5 11357/1/5 11360/1/5
f 11362/1/5 11359/1/5 11358/1/5
f 11363/1/5 11359/1/5 11362/1/5
f 11368/1/5 11365/1/5 11364/1/5
f 11369/1/5 11365/1/5 11368/1/5
f 11372/1/5 11367/1/5 11366/1/5
f 11373/1/5 11367/1/5 11372/1/5
f 11374/4/5 11370/4/5 11369/4/5
f 11375/4/5 11370/4/5 11374/4/5
f 11378/1/5 11372/1/5 11371/1/5
f 11379/1/5 11372/1/5 11378/1/5
f 11380/4/5 11376/4/5 11375/4/5
f 11381/4/5 11376/4/5 11380/4/5
f 11382/1/5 11378/1/5 11377/1/5
f 11383/1/5 11378/1/5 11382/1/5
f 11388/1/5 11385/1/5 11384/1/5
f 11389/1/5 11385/1/5 11388/1/5
f 11394/1/5 11387/1/5 11386/1/5
f 11395/1/5 11387/1/5 11394/1/5
f 11396/4/5 11391/4/5 11390/4/5
f 11397/4/5 11391/4/5 11396/4/5
f 11402/1/5 11393/1/5 11392/1/5
f 11403/1/5 11393/1/5 11402/1/5
f 11404/1/5 11399/1/5 11398/1/5
f 11405/1/5 11399/1/5 11404/1/5
f 11406/1/5 11401/1/5 11400/1/5
f 11407/1/5 11401/1/5 11406/1/5
f 11414/3/5 11409/3/5 11408/3/5
f 11415/3/5 11409/3/5 11414/3/5
f 11416/3/5 11411/3/5 11410/3/5
f 11417/3/5 11411/3/5 11416/3/5
f 11420/6/5 11413/6/5 11412/6/5
f 11421/6/5 11413/6/5 11420/6/5
f 11422/6/5 11419/6/5 11418/6/5
f 11423/6/5 11419/6/5 11422/6/5
f 11428/1/5 11425/1/5 11424/1/5
f 11429/1/5 11425/1/5 11428/1/5
f 11430/4/5 11427/4/5 11426/4/5
f 11431/4/5 11427/4/5 11430/4/5
f 11436/1/5 11433/1/5 11432/1/5
f 11437/1/5 11433/1/5 11436/1/5
f 11438/4/5 11435/4/5 11434/4/5
f 11439/4/5 11435/4/5 11438/4/5
f 11444/1/5 11441/1/5 11440/1/5
f 11445/1/5 11441/1/5 11444/1/5
f 11446/1/5 11443/1/5 11442/1/5
f 11447/1/5 11443/1/5 11446/1/5
f 11452/5/5 11449/5/5 11448/5/5
f 11453/5/5 11449/5/5 11452/5/5
f 11454/1/5 11451/1/5 11450/1/5
f 11455/1/5 11451/1/5 11454/1/5
f 11460/1/5 11457/1/5 11456/1/5
f 11461/1/5 11457/1/5 11460/1/5
f 11462/1/5 11459/1/5 11458/1/5
f 11463/1/5 11459/1/5 11462/1/5
f 11468/1/5 11465/1/5 11464/1/5
f 11469/1/5 11465/1/5 11468/1/5
f 11470/1/5 11467/1/5 11466/1/5
f 11471/1/5 11467/1/5 11470/1/5
f 11476/1/5 11473/1/5 11472/1/5
f 11477/1/5 11473/1/5 11476/1/5
f 11478/1/5 11475/1/5 11474/1/5
f 11479/1/5 11475/1/5 11478/1/5
f 11484/4/5 11481/4/5 11480/4/5
f 11485/4/5 11481/4/5 11484/4/5
f 11486/1/5 11483/1/5 11482/1/5
f 11487/1/5 11483/1/5 11486/1/5
f 11492/1/5 11489/1/5 11488/1/5
f 11493/1/5 11489/1/5 11492/1/5
f 11498/1/5 11491/1/5 11490/1/5
f 11499/1/5 11491/1/5 11498/1/5
f 11500/1/5 11495/1/5 11494/1/5
f 11501/1/5 11495/1/5 11500/1/5
f 11502/1/5 11497/1/5 11496/1/5
f 11503/1/5 11497/1/5 11502/1/5
f 11508/2/5 11505/2/5 11504/2/5
f 11509/2/5 11505/2/5 11508/2/5
f 11512/3/5 11507/3/5 11506/3/5
f 11513/3/5 11507/3/5 11512/3/5
f 11514/3/5 11511/3/5 11510/3/5
f 11515/3/5 11511/3/5 11514/3/5
f 11520/1/5 11517/1/5 11516/1/5
f 11521/1/5 11517/1/5 11520/1/5
f 11522/1/5 11519/1/5 11518/1/5
f 11523/1/5 11519/1/5 11522/1/5
f 11528/1/5 11525/1/5 11524/1/5
f 11529/1/5 11525/1/5 11528/1/5
f 11530/4/5 11527/4/5 11526/4/5
f 11531/4/5 11527/4/5 11530/4/5
f 11536/5/5 11533/5/5 11532/5/5
f 11537/5/5 11533/5/5 11536/5/5
f 11538/4/5 11535/4/5 11534/4/5
f 11539/4/5 11535/4/5 11538/4/5
f 11544/5/5 11543/5/5 11542/5/5
f 11545/5/5 11543/5/5 11544/5/5
f 11546/1/5 11541/1/5 11540/1/5
f 11547/1/5 11541/1/5 11546/1/5
f 11548/1/5 11545/1/5 11544/1/5
f 11549/1/5 11545/1/5 11548/1/5
f 11554/1/5 11551/1/5 11550/1/5
f 11555/1/5 11551/1/5 11554/1/5
f 11556/1/5 11553/1/5 11552/1/5
f 11557/1/5 11553/1/5 11556/1/5
f 11562/1/5 11559/1/5 11558/1/5
f 11563/1/5 11559/1/5 11562/1/5
f 11564/4/5 11561/4/5 11560/4/5
f 11565/4/5 11561/4/5 11564/4/5
f 11570/4/5 11567/4/5 11566/4/5
f 11571/4/5 11567/4/5 11570/4/5
f 11572/4/5 11569/4/5 11568/4/5
f 11573/4/5 11569/4/5 11572/4/5
f 11578/4/5 11575/4/5 11574/4/5
f 11579/4/5 11575/4/5 11578/4/5
f 11586/4/5 11577/4/5 11576/4/5
f 11587/4/5 11577/4/5 11586/4/5
f 11588/1/5 11581/1/5 11580/1/5
f 11589/4/5 11585/4/5 11584/4/5
f 11589/1/5 11581/1/5 11588/1/5
f 11589/4/5 11582/4/5 11581/4/5
f 11589/4/5 11584/4/5 11583/4/5
f 11589/4/5 11583/4/5 11582/4/5
f 11590/4/5 11585/4/5 11589/4/5
f 11595/2/5 11592/2/5 11591/2/5
f 11596/2/5 11592/2/5 11595/2/5
f 11597/2/5 11594/2/5 11593/2/5
f 11598/2/5 11594/2/5 11597/2/5
f 11604/1/5 11600/1/5 11599/1/5
f 11605/1/5 11600/1/5 11604/1/5
f 11606/1/5 11602/1/5 11601/1/5
f 11607/1/5 11602/1/5 11606/1/5
f 11609/1/5 11604/1/5 11603/1/5
f 11610/1/5 11604/1/5 11609/1/5
f 11611/1/5 11608/1/5 11607/1/5
f 11612/1/5 11608/1/5 11611/1/5
f 11617/1/5 11614/1/5 11613/1/5
f 11618/1/5 11614/1/5 11617/1/5
f 11619/4/5 11616/4/5 11615/4/5
f 11620/4/5 11616/4/5 11619/4/5
f 11625/1/5 11622/1/5 11621/1/5
f 11626/1/5 11622/1/5 11625/1/5
f 11627/4/5 11624/4/5 11623/4/5
f 11628/4/5 11624/4/5 11627/4/5
f 11633/5/5 11630/5/5 11629/5/5
f 11634/5/5 11630/5/5 11633/5/5
f 11637/1/5 11632/1/5 11631/1/5
f 11638/1/5 11632/1/5 11637/1/5
f 11639/1/5 11635/1/5 11634/1/5
f 11640/1/5 11635/1/5 11639/1/5
f 11641/1/5 11637/1/5 11636/1/5
f 11642/1/5 11637/1/5 11641/1/5
f 11647/1/5 11644/1/5 11643/1/5
f 11648/1/5 11644/1/5 11647/1/5
f 11649/1/5 11646/1/5 11645/1/5
f 11650/1/5 11646/1/5 11649/1/5
f 11655/6/5 11652/6/5 11651/6/5
f 11656/6/5 11652/6/5 11655/6/5
f 11657/6/5 11654/6/5 11653/6/5
f 11658/6/5 11654/6/5 11657/6/5
f 11663/1/5 11660/1/5 11659/1/5
f 11664/1/5 11660/1/5 11663/1/5
f 11665/1/5 11662/1/5 11661/1/5
f 11666/1/5 11662/1/5 11665/1/5
f 11671/1/5 11668/1/5 11667/1/5
f 11672/1/5 11668/1/5 11671/1/5
f 11673/5/5 11670/5/5 11669/5/5
f 11674/5/5 11670/5/5 11673/5/5
f 11679/1/5 11676/1/5 11675/1/5
f 11680/1/5 11676/1/5 11679/1/5
f 11681/1/5 11678/1/5 11677/1/5
f 11682/1/5 11678/1/5 11681/1/5
f 11687/1/5 11684/1/5 11683/1/5
f 11688/1/5 11684/1/5 11687/1/5
f 11689/1/5 11686/1/5 11685/1/5
f 11690/1/5 11686/1/5 11689/1/5
f 11695/5/5 11692/5/5 11691/5/5
f 11696/5/5 11692/5/5 11695/5/5
f 11697/5/5 11694/5/5 11693/5/5
f 11698/5/5 11694/5/5 11697/5/5
f 11703/1/5 11700/1/5 11699/1/5
f 11704/1/5 11700/1/5 11703/1/5
f 11705/1/5 11702/1/5 11701/1/5
f 11706/1/5 11702/1/5 11705/1/5
f 11711/1/5 11708/1/5 11707/1/5
f 11712/1/5 11708/1/5 11711/1/5
f 11713/1/5 11710/1/5 11709/1/5
f 11714/1/5 11710/1/5 11713/1/5
f 11719/3/5 11716/3/5 11715/3/5
f 11720/3/5 11716/3/5 11719/3/5
f 11721/3/5 11718/3/5 11717/3/5
f 11722/3/5 11718/3/5 11721/3/5
f 11727/4/5 11724/4/5 11723/4/5
f 11728/4/5 11724/4/5 11727/4/5
f 11729/1/5 11726/1/5 11725/1/5
f 11730/1/5 11726/1/5 11729/1/5
f 11735/1/5 11732/1/5 11731/1/5
f 11736/1/5 11732/1/5 11735/1/5
f 11737/1/5 11734/1/5 11733/1/5
f 11738/1/5 11734/1/5 11737/1/5
f 11743/1/5 11740/1/5 11739/1/5
f 11744/1/5 11740/1/5 11743/1/5
f 11745/1/5 11742/1/5 11741/1/5
f 11746/1/5 11742/1/5 11745/1/5
f 11747/3/6 11748/3/6 11751/3/6
f 11751/3/6 11748/3/6 11752/3/6
f 11749/3/6 11750/3/6 11753/3/6
f 11753/3/6 11750/3/6 11754/3/6
f 11755/1/6 11756/1/6 11759/1/6
f 11759/1/6 11756/1/6 11760/1/6
f 11757/4/6 11758/4/6 11761/4/6
f 11761/4/6 11758/4/6 11762/4/6
f 11763/4/6 11764/4/6 11767/4/6
f 11767/4/6 11764/4/6 11768/4/6
f 11765/1/6 11766/1/6 11769/1/6
f 11769/1/6 11766/1/6 11770/1/6
f 11771/4/6 11772/4/6 11775/4/6
f 11775/4/6 11772/4/6 11776/4/6
f 11773/1/6 11774/1/6 11777/1/6
f 11777/1/6 11774/1/6 11778/1/6
f 11779/6/6 11780/6/6 11783/6/6
f 11783/6/6 11780/6/6 11784/6/6
f 11781/6/6 11782/6/6 11785/6/6
f 11785/6/6 11782/6/6 11786/6/6
f 11787/1/6 11788/1/6 11791/1/6
f 11791/1/6 11788/1/6 11792/1/6
f 11789/1/6 11790/1/6 11793/1/6
f 11793/1/6 11790/1/6 11794/1/6
f 11795/1/6 11796/1/6 11799/1/6
f 11799/1/6 11796/1/6 11800/1/6
f 11797/5/6 11798/5/6 11801/5/6
f 11801/5/6 11798/5/6 11802/5/6
f 11803/1/6 11804/1/6 11807/1/6
f 11807/1/6 11804/1/6 11808/1/6
f 11805/1/6 11806/1/6 11809/1/6
f 11809/1/6 11806/1/6 11810/1/6
f 11811/1/6 11812/1/6 11815/1/6
f 11815/1/6 11812/1/6 11816/1/6
f 11813/1/6 11814/1/6 11817/1/6
f 11817/1/6 11814/1/6 11818/1/6
f 11819/1/6 11820/1/6 11823/1/6
f 11823/1/6 11820/1/6 11824/1/6
f 11821/1/6 11822/1/6 11825/1/6
f 11825/1/6 11822/1/6 11826/1/6
f 11827/1/6 11828/1/6 11831/1/6
f 11831/1/6 11828/1/6 11832/1/6
f 11829/1/6 11830/1/6 11833/1/6
f 11833/1/6 11830/1/6 11834/1/6
f 11835/1/6 11836/1/6 11839/1/6
f 11839/1/6 11836/1/6 11840/1/6
f 11837/4/6 11838/4/6 11841/4/6
f 11841/4/6 11838/4/6 11842/4/6
f 11843/2/6 11844/2/6 11847/2/6
f 11847/2/6 11844/2/6 11848/2/6
f 11845/2/6 11846/2/6 11849/2/6
f 11849/2/6 11846/2/6 11850/2/6
f 11851/1/6 11852/1/6 11856/1/6
f 11856/1/6 11852/1/6 11857/1/6
f 11853/1/6 11854/1/6 11858/1/6
f 11858/1/6 11854/1/6 11859/1/6
f 11855/1/6 11856/1/6 11861/1/6
f 11861/1/6 11856/1/6 11862/1/6
f 11859/1/6 11860/1/6 11863/1/6
f 11863/1/6 11860/1/6 11864/1/6
f 11865/1/6 11866/1/6 11869/1/6
f 11869/1/6 11866/1/6 11870/1/6
f 11867/1/6 11868/1/6 11871/1/6
f 11871/1/6 11868/1/6 11872/1/6
f 11873/5/6 11874/5/6 11877/5/6
f 11877/5/6 11874/5/6 11878/5/6
f 11875/1/6 11876/1/6 11879/1/6
f 11879/1/6 11876/1/6 11880/1/6
f 11881/1/6 11882/1/6 11885/1/6
f 11885/1/6 11882/1/6 11886/1/6
f 11883/1/6 11884/1/6 11889/1/6
f 11889/1/6 11884/1/6 11890/1/6
f 11886/1/6 11887/1/6 11891/1/6
f 11891/1/6 11887/1/6 11892/1/6
f 11888/4/6 11889/4/6 11893/4/6
f 11893/4/6 11889/4/6 11894/4/6
f 11895/4/6 11896/4/6 11899/4/6
f 11899/4/6 11896/4/6 11900/4/6
f 11897/1/6 11898/1/6 11901/1/6
f 11901/1/6 11898/1/6 11902/1/6
f 11903/2/6 11904/2/6 11907/2/6
f 11907/2/6 11904/2/6 11908/2/6
f 11905/3/6 11906/3/6 11911/3/6
f 11911/3/6 11906/3/6 11912/3/6
f 11909/3/6 11910/3/6 11913/3/6
f 11913/3/6 11910/3/6 11914/3/6
f 11915/1/6 11916/1/6 11919/1/6
f 11919/1/6 11916/1/6 11920/1/6
f 11917/1/6 11918/1/6 11921/1/6
f 11921/1/6 11918/1/6 11922/1/6
f 11923/1/6 11924/1/6 11927/1/6
f 11927/1/6 11924/1/6 11928/1/6
f 11925/1/6 11926/1/6 11929/1/6
f 11929/1/6 11926/1/6 11930/1/6
f 11931/1/6 11932/1/6 11935/1/6
f 11935/1/6 11932/1/6 11936/1/6
f 11933/1/6 11934/1/6 11937/1/6
f 11937/1/6 11934/1/6 11938/1/6
f 11941/1/6 11942/1/6 11943/1/6
f 11943/1/6 11942/1/6 11944/1/6
f 11943/5/6 11944/5/6 11945/5/6
f 11945/5/6 11944/5/6 11946/5/6
f 11939/1/6 11940/1/6 11947/1/6
f 11947/1/6 11940/1/6 11948/1/6
f 11945/1/6 11946/1/6 11949/1/6
f 11949/1/6 11946/1/6 11950/1/6
f 11951/1/6 11952/1/6 11955/1/6
f 11955/1/6 11952/1/6 11956/1/6
f 11953/1/6 11954/1/6 11957/1/6
f 11957/1/6 11954/1/6 11958/1/6
f 11959/1/6 11960/1/6 11963/1/6
f 11963/1/6 11960/1/6 11964/1/6
f 11961/1/6 11962/1/6 11965/1/6
f 11965/1/6 11962/1/6 11966/1/6
f 11967/1/6 11968/1/6 11971/1/6
f 11971/1/6 11968/1/6 11972/1/6
f 11969/4/6 11970/4/6 11973/4/6
f 11973/4/6 11970/4/6 11974/4/6
f 11975/4/6 11976/4/6 11979/4/6
f 11979/4/6 11976/4/6 11980/4/6
f 11977/1/6 11978/1/6 11987/1/6
f 11987/1/6 11978/1/6 11988/1/6
f 11981/5/6 11982/5/6 11989/5/6
f 11982/4/6 11983/4/6 11990/4/6
f 11989/5/6 11982/5/6 11990/5/6
f 11983/1/6 11984/1/6 11991/1/6
f 11990/4/6 11983/4/6 11991/4/6
f 11985/4/6 11986/4/6 11992/4/6
f 11991/1/6 11984/1/6 11992/1/6
f 11984/4/6 11985/4/6 11992/4/6
f 11992/4/6 11986/4/6 11993/4/6
f 11994/3/6 11995/3/6 12000/3/6
f 12000/3/6 11995/3/6 12001/3/6
f 11996/3/6 11997/3/6 12002/3/6
f 12002/3/6 11997/3/6 12003/3/6
f 11998/6/6 11999/6/6 12006/6/6
f 12006/6/6 11999/6/6 12007/6/6
f 12004/6/6 12005/6/6 12008/6/6
f 12008/6/6 12005/6/6 12009/6/6
f 12010/1/6 12011/1/6 12014/1/6
f 12014/1/6 12011/1/6 12015/1/6
f 12012/4/6 12013/4/6 12016/4/6
f 12016/4/6 12013/4/6 12017/4/6
f 12018/1/6 12019/1/6 12022/1/6
f 12022/1/6 12019/1/6 12023/1/6
f 12020/5/6 12021/5/6 12024/5/6
f 12024/5/6 12021/5/6 12025/5/6
f 12026/1/6 12027/1/6 12030/1/6
f 12030/1/6 12027/1/6 12031/1/6
f 12028/1/6 12029/1/6 12032/1/6
f 12032/1/6 12029/1/6 12033/1/6
f 12034/1/6 12035/1/6 12038/1/6
f 12038/1/6 12035/1/6 12039/1/6
f 12036/1/6 12037/1/6 12040/1/6
f 12040/1/6 12037/1/6 12041/1/6
f 12042/5/6 12043/5/6 12046/5/6
f 12046/5/6 12043/5/6 12047/5/6
f 12044/1/6 12045/1/6 12048/1/6
f 12048/1/6 12045/1/6 12049/1/6
f 12050/1/6 12051/1/6 12054/1/6
f 12054/1/6 12051/1/6 12055/1/6
f 12052/4/6 12053/4/6 12056/4/6
f 12056/4/6 12053/4/6 12057/4/6
f 12058/1/6 12059/1/6 12062/1/6
f 12062/1/6 12059/1/6 12063/1/6
f 12060/4/6 12061/4/6 12064/4/6
f 12064/4/6 12061/4/6 12065/4/6
f 12066/1/6 12067/1/6 12070/1/6
f 12070/1/6 12067/1/6 12071/1/6
f 12068/1/6 12069/1/6 12072/1/6
f 12072/1/6 12069/1/6 12073/1/6
f 12074/4/6 12075/4/6 12078/4/6
f 12078/4/6 12075/4/6 12079/4/6
f 12076/1/6 12077/1/6 12084/1/6
f 12084/1/6 12077/1/6 12085/1/6
f 12080/1/6 12081/1/6 12086/1/6
f 12086/1/6 12081/1/6 12087/1/6
f 12082/4/6 12083/4/6 12088/4/6
f 12088/4/6 12083/4/6 12089/4/6
f 12090/3/6 12091/3/6 12096/3/6
f 12096/3/6 12091/3/6 12097/3/6
f 12092/3/6 12093/3/6 12098/3/6
f 12098/3/6 12093/3/6 12099/3/6
f 12094/6/6 12095/6/6 12104/6/6
f 12104/6/6 12095/6/6 12105/6/6
f 12100/6/6 12101/6/6 12106/6/6
f 12106/6/6 12101/6/6 12107/6/6
f 12102/1/6 12103/1/6 12110/1/6
f 12110/1/6 12103/1/6 12111/1/6
f 12108/1/6 12109/1/6 12112/1/6
f 12112/1/6 12109/1/6 12113/1/6
f 12114/4/6 12115/4/6 12119/4/6
f 12119/4/6 12115/4/6 12120/4/6
f 12116/4/6 12117/4/6 12121/4/6
f 12121/4/6 12117/4/6 12122/4/6
f 12118/4/6 12119/4/6 12125/4/6
f 12125/4/6 12119/4/6 12126/4/6
f 12122/4/6 12123/4/6 12127/4/6
f 12127/4/6 12123/4/6 12128/4/6
f 12124/4/6 12125/4/6 12130/4/6
f 12130/4/6 12125/4/6 12131/4/6
f 12128/4/6 12129/4/6 12132/4/6
f 12132/4/6 12129/4/6 12133/4/6
f 12134/4/6 12135/4/6 12138/4/6
f 12138/4/6 12135/4/6 12139/4/6
f 12136/1/6 12137/1/6 12140/1/6
f 12140/1/6 12137/1/6 12141/1/6
f 12142/4/6 12143/4/6 12146/4/6
f 12146/4/6 12143/4/6 12147/4/6
f 12144/1/6 12145/1/6 12148/1/6
f 12148/1/6 12145/1/6 12149/1/6
f 12150/1/6 12151/1/6 12154/1/6
f 12154/1/6 12151/1/6 12155/1/6
f 12152/1/6 12153/1/6 12156/1/6
f 12156/1/6 12153/1/6 12157/1/6
f 12158/1/6 12159/1/6 12162/1/6
f 12162/1/6 12159/1/6 12163/1/6
f 12160/4/6 12161/4/6 12164/4/6
f 12164/4/6 12161/4/6 12165/4/6
f 12166/1/6 12167/1/6 12170/1/6
f 12170/1/6 12167/1/6 12171/1/6
f 12168/4/6 12169/4/6 12172/4/6
f 12172/4/6 12169/4/6 12173/4/6
f 12174/1/6 12175/1/6 12178/1/6
f 12178/1/6 12175/1/6 12179/1/6
f 12176/4/6 12177/4/6 12180/4/6
f 12180/4/6 12177/4/6 12181/4/6
f 12182/1/6 12183/1/6 12186/1/6
f 12186/1/6 12183/1/6 12187/1/6
f 12184/1/6 12185/1/6 12190/1/6
f 12190/1/6 12185/1/6 12191/1/6
f 12187/1/6 12188/1/6 12192/1/6
f 12192/1/6 12188/1/6 12193/1/6
f 12189/1/6 12190/1/6 12196/1/6
f 12196/1/6 12190/1/6 12197/1/6
f 12193/1/6 12194/1/6 12198/1/6
f 12198/1/6 12194/1/6 12199/1/6
f 12195/1/6 12196/1/6 12200/1/6
f 12200/1/6 12196/1/6 12201/1/6
f 12202/4/6 12203/4/6 12206/4/6
f 12206/4/6 12203/4/6 12207/4/6
f 12204/1/6 12205/1/6 12212/1/6
f 12212/1/6 12205/1/6 12213/1/6
f 12208/1/6 12209/1/6 12214/1/6
f 12214/1/6 12209/1/6 12215/1/6
f 12210/4/6 12211/4/6 12220/4/6
f 12220/4/6 12211/4/6 12221/4/6
f 12216/4/6 12217/4/6 12222/4/6
f 12222/4/6 12217/4/6 12223/4/6
f 12218/4/6 12219/4/6 12224/4/6
f 12224/4/6 12219/4/6 12225/4/6
f 12226/3/6 12227/3/6 12232/3/6
f 12232/3/6 12227/3/6 12233/3/6
f 12228/3/6 12229/3/6 12234/3/6
f 12234/3/6 12229/3/6 12235/3/6
f 12230/6/6 12231/6/6 12240/6/6
f 12240/6/6 12231/6/6 12241/6/6
f 12236/6/6 12237/6/6 12242/6/6
f 12242/6/6 12237/6/6 12243/6/6
f 12238/1/6 12239/1/6 12248/1/6
f 12248/1/6 12239/1/6 12249/1/6
f 12244/1/6 12245/1/6 12250/1/6
f 12250/1/6 12245/1/6 12251/1/6
f 12246/1/6 12247/1/6 12254/1/6
f 12254/1/6 12247/1/6 12255/1/6
f 12252/1/6 12253/1/6 12256/1/6
f 12256/1/6 12253/1/6 12257/1/6
f 12258/1/6 12259/1/6 12262/1/6
f 12262/1/6 12259/1/6 12263/1/6
f 12260/4/6 12261/4/6 12264/4/6
f 12264/4/6 12261/4/6 12265/4/6
f 12266/1/6 12267/1/6 12270/1/6
f 12270/1/6 12267/1/6 12271/1/6
f 12268/4/6 12269/4/6 12272/4/6
f 12272/4/6 12269/4/6 12273/4/6
f 12274/4/6 12275/4/6 12278/4/6
f 12278/4/6 12275/4/6 12279/4/6
f 12276/4/6 12277/4/6 12280/4/6
f 12280/4/6 12277/4/6 12281/4/6
f 12282/4/6 12283/4/6 12286/4/6
f 12286/4/6 12283/4/6 12287/4/6
f 12284/4/6 12285/4/6 12288/4/6
f 12288/4/6 12285/4/6 12289/4/6
f 12290/4/6 12291/4/6 12294/4/6
f 12294/4/6 12291/4/6 12295/4/6
f 12292/4/6 12293/4/6 12296/4/6
f 12296/4/6 12293/4/6 12297/4/6
f 12298/4/6 12299/4/6 12302/4/6
f 12302/4/6 12299/4/6 12303/4/6
f 12300/4/6 12301/4/6 12304/4/6
f 12304/4/6 12301/4/6 12305/4/6
f 12306/4/6 12307/4/6 12310/4/6
f 12310/4/6 12307/4/6 12311/4/6
f 12308/1/6 12309/1/6 12312/1/6
f 12312/1/6 12309/1/6 12313/1/6
f 12314/4/6 12315/4/6 12318/4/6
f 12318/4/6 12315/4/6 12319/4/6
f 12316/1/6 12317/1/6 12320/1/6
f 12320/1/6 12317/1/6 12321/1/6
f 12322/4/6 12323/4/6 12326/4/6
f 12326/4/6 12323/4/6 12327/4/6
f 12324/1/6 12325/1/6 12332/1/6
f 12332/1/6 12325/1/6 12333/1/6
f 12328/1/6 12329/1/6 12334/1/6
f 12334/1/6 12329/1/6 12335/1/6
f 12330/4/6 12331/4/6 12340/4/6
f 12340/4/6 12331/4/6 12341/4/6
f 12336/4/6 12337/4/6 12342/4/6
f 12342/4/6 12337/4/6 12343/4/6
f 12338/4/6 12339/4/6 12351/4/6
f 12351/4/6 12339/4/6 12352/4/6
f 12344/1/6 12345/1/6 12353/1/6
f 12345/4/6 12346/4/6 12354/4/6
f 12353/1/6 12345/1/6 12354/1/6
f 12354/4/6 12346/4/6 12355/4/6
f 12347/4/6 12348/4/6 12356/4/6
f 12348/1/6 12349/1/6 12357/1/6
f 12356/4/6 12348/4/6 12357/4/6
f 12349/4/6 12350/4/6 12358/4/6
f 12357/1/6 12349/1/6 12358/1/6
f 12358/4/6 12350/4/6 12359/4/6
f 12360/3/6 12361/3/6 12364/3/6
f 12364/3/6 12361/3/6 12365/3/6
f 12362/6/6 12363/6/6 12370/6/6
f 12370/6/6 12363/6/6 12371/6/6
f 12366/6/6 12367/6/6 12372/6/6
f 12372/6/6 12367/6/6 12373/6/6
f 12368/1/6 12369/1/6 12378/1/6
f 12378/1/6 12369/1/6 12379/1/6
f 12374/1/6 12375/1/6 12380/1/6
f 12380/1/6 12375/1/6 12381/1/6
f 12376/1/6 12377/1/6 12386/1/6
f 12386/1/6 12377/1/6 12387/1/6
f 12382/1/6 12383/1/6 12388/1/6
f 12388/1/6 12383/1/6 12389/1/6
f 12384/1/6 12385/1/6 12393/1/6
f 12393/1/6 12385/1/6 12394/1/6
f 12390/1/6 12391/1/6 12395/1/6
f 12395/1/6 12391/1/6 12396/1/6
f 12392/5/6 12393/5/6 12399/5/6
f 12399/5/6 12393/5/6 12400/5/6
f 12396/1/6 12397/1/6 12401/1/6
f 12401/1/6 12397/1/6 12402/1/6
f 12398/1/6 12399/1/6 12405/1/6
f 12405/1/6 12399/1/6 12406/1/6
f 12402/1/6 12403/1/6 12407/1/6
f 12407/1/6 12403/1/6 12408/1/6
f 12404/1/6 12405/1/6 12410/1/6
f 12410/1/6 12405/1/6 12411/1/6
f 12408/1/6 12409/1/6 12412/1/6
f 12412/1/6 12409/1/6 12413/1/6
f 12414/1/6 12415/1/6 12418/1/6
f 12418/1/6 12415/1/6 12419/1/6
f 12416/1/6 12417/1/6 12420/1/6
f 12420/1/6 12417/1/6 12421/1/6
f 12422/1/6 12423/1/6 12426/1/6
f 12426/1/6 12423/1/6 12427/1/6
f 12424/1/6 12425/1/6 12428/1/6
f 12428/1/6 12425/1/6 12429/1/6
f 12430/1/6 12431/1/6 12434/1/6
f 12434/1/6 12431/1/6 12435/1/6
f 12432/1/6 12433/1/6 12436/1/6
f 12436/1/6 12433/1/6 12437/1/6
f 12438/5/6 12439/5/6 12442/5/6
f 12438/5/6 12442/5/6 12443/5/6
f 12443/5/6 12442/5/6 12444/5/6
f 12440/1/6 12441/1/6 12445/1/6
f 12445/1/6 12441/1/6 12446/1/6
f 12447/1/6 12448/1/6 12451/1/6
f 12451/1/6 12448/1/6 12452/1/6
f 12449/4/6 12450/4/6 12453/4/6
f 12453/4/6 12450/4/6 12454/4/6
f 12455/4/6 12456/4/6 12459/4/6
f 12459/4/6 12456/4/6 12460/4/6
f 12457/1/6 12458/1/6 12461/1/6
f 12461/1/6 12458/1/6 12462/1/6
f 12463/4/6 12464/4/6 12467/4/6
f 12467/4/6 12464/4/6 12468/4/6
f 12465/1/6 12466/1/6 12469/1/6
f 12469/1/6 12466/1/6 12470/1/6
f 12471/4/6 12472/4/6 12475/4/6
f 12475/4/6 12472/4/6 12476/4/6
f 12473/1/6 12474/1/6 12479/1/6
f 12479/1/6 12474/1/6 12480/1/6
f 12476/4/6 12477/4/6 12481/4/6
f 12481/4/6 12477/4/6 12482/4/6
f 12478/1/6 12479/1/6 12485/1/6
f 12485/1/6 12479/1/6 12486/1/6
f 12482/1/6 12483/1/6 12487/1/6
f 12487/1/6 12483/1/6 12488/1/6
f 12484/1/6 12485/1/6 12491/1/6
f 12491/1/6 12485/1/6 12492/1/6
f 12488/1/6 12489/1/6 12493/1/6
f 12493/1/6 12489/1/6 12494/1/6
f 12490/5/6 12491/5/6 12499/5/6
f 12499/5/6 12491/5/6 12500/5/6
f 12495/1/6 12496/1/6 12501/1/6
f 12501/1/6 12496/1/6 12502/1/6
f 12497/4/6 12498/4/6 12507/4/6
f 12507/4/6 12498/4/6 12508/4/6
f 12503/1/6 12504/1/6 12509/1/6
f 12509/1/6 12504/1/6 12510/1/6
f 12505/4/6 12506/4/6 12515/4/6
f 12515/4/6 12506/4/6 12516/4/6
f 12511/4/6 12512/4/6 12517/4/6
f 12517/4/6 12512/4/6 12518/4/6
f 12513/1/6 12514/1/6 12522/1/6
f 12522/1/6 12514/1/6 12523/1/6
f 12520/4/6 12521/4/6 12524/4/6
f 12519/4/6 12520/4/6 12524/4/6
f 12524/4/6 12521/4/6 12525/4/6
f 12526/6/6 12527/6/6 12532/6/6
f 12532/6/6 12527/6/6 12533/6/6
f 12528/6/6 12529/6/6 12534/6/6
f 12534/6/6 12529/6/6 12535/6/6
f 12530/1/6 12531/1/6 12540/1/6
f 12540/1/6 12531/1/6 12541/1/6
f 12536/1/6 12537/1/6 12542/1/6
f 12542/1/6 12537/1/6 12543/1/6
f 12538/1/6 12539/1/6 12548/1/6
f 12548/1/6 12539/1/6 12549/1/6
f 12544/1/6 12545/1/6 12550/1/6
f 12550/1/6 12545/1/6 12551/1/6
f 12546/1/6 12547/1/6 12555/1/6
f 12555/1/6 12547/1/6 12556/1/6
f 12552/4/6 12553/4/6 12557/4/6
f 12557/4/6 12553/4/6 12558/4/6
f 12554/5/6 12555/5/6 12561/5/6
f 12561/5/6 12555/5/6 12562/5/6
f 12558/1/6 12559/1/6 12563/1/6
f 12563/1/6 12559/1/6 12564/1/6
f 12560/1/6 12561/1/6 12567/1/6
f 12567/1/6 12561/1/6 12568/1/6
f 12564/1/6 12565/1/6 12569/1/6
f 12569/1/6 12565/1/6 12570/1/6
f 12566/1/6 12567/1/6 12573/1/6
f 12573/1/6 12567/1/6 12574/1/6
f 12570/1/6 12571/1/6 12575/1/6
f 12575/1/6 12571/1/6 12576/1/6
f 12572/1/6 12573/1/6 12578/1/6
f 12578/1/6 12573/1/6 12579/1/6
f 12576/1/6 12577/1/6 12580/1/6
f 12580/1/6 12577/1/6 12581/1/6
f 12582/1/6 12583/1/6 12586/1/6
f 12586/1/6 12583/1/6 12587/1/6
f 12584/1/6 12585/1/6 12588/1/6
f 12588/1/6 12585/1/6 12589/1/6
f 12590/1/6 12591/1/6 12594/1/6
f 12594/1/6 12591/1/6 12595/1/6
f 12592/1/6 12593/1/6 12596/1/6
f 12596/1/6 12593/1/6 12597/1/6
f 12598/1/6 12599/1/6 12602/1/6
f 12602/1/6 12599/1/6 12603/1/6
f 12600/1/6 12601/1/6 12604/1/6
f 12604/1/6 12601/1/6 12605/1/6
f 12606/5/6 12607/5/6 12610/5/6
f 12606/5/6 12610/5/6 12611/5/6
f 12611/5/6 12610/5/6 12612/5/6
f 12611/1/6 12612/1/6 12613/1/6
f 12613/1/6 12612/1/6 12614/1/6
f 12608/1/6 12609/1/6 12615/1/6
f 12615/1/6 12609/1/6 12616/1/6
f 12617/1/6 12618/1/6 12621/1/6
f 12621/1/6 12618/1/6 12622/1/6
f 12619/1/6 12620/1/6 12623/1/6
f 12623/1/6 12620/1/6 12624/1/6
f 12625/5/6 12626/5/6 12629/5/6
f 12629/5/6 12626/5/6 12630/5/6
f 12627/1/6 12628/1/6 12631/1/6
f 12631/1/6 12628/1/6 12632/1/6
f 12633/1/6 12634/1/6 12637/1/6
f 12637/1/6 12634/1/6 12638/1/6
f 12635/1/6 12636/1/6 12641/1/6
f 12641/1/6 12636/1/6 12642/1/6
f 12638/1/6 12639/1/6 12643/1/6
f 12643/1/6 12639/1/6 12644/1/6
f 12640/1/6 12641/1/6 12647/1/6
f 12647/1/6 12641/1/6 12648/1/6
f 12644/1/6 12645/1/6 12649/1/6
f 12649/1/6 12645/1/6 12650/1/6
f 12646/5/6 12647/5/6 12653/5/6
f 12653/5/6 12647/5/6 12654/5/6
f 12650/1/6 12651/1/6 12655/1/6
f 12655/1/6 12651/1/6 12656/1/6
f 12652/5/6 12653/5/6 12659/5/6
f 12659/5/6 12653/5/6 12660/5/6
f 12656/1/6 12657/1/6 12661/1/6
f 12661/1/6 12657/1/6 12662/1/6
f 12658/4/6 12659/4/6 12667/4/6
f 12667/4/6 12659/4/6 12668/4/6
f 12663/4/6 12664/4/6 12669/4/6
f 12669/4/6 12664/4/6 12670/4/6
f 12665/4/6 12666/4/6 12675/4/6
f 12675/4/6 12666/4/6 12676/4/6
f 12671/4/6 12672/4/6 12677/4/6
f 12677/4/6 12672/4/6 12678/4/6
f 12673/1/6 12674/1/6 12685/1/6
f 12685/1/6 12674/1/6 12686/1/6
f 12679/1/6 12680/1/6 12687/1/6
f 12687/1/6 12680/1/6 12688/1/6
f 12681/1/6 12682/1/6 12689/1/6
f 12682/1/6 12683/1/6 12689/1/6
f 12683/4/6 12684/4/6 12690/4/6
f 12689/1/6 12683/1/6 12690/1/6
f 12690/4/6 12684/4/6 12691/4/6
f 12692/6/6 12693/6/6 12696/6/6
f 12696/6/6 12693/6/6 12697/6/6
f 12694/1/6 12695/1/6 12702/1/6
f 12702/1/6 12695/1/6 12703/1/6
f 12698/1/6 12699/1/6 12704/1/6
f 12704/1/6 12699/1/6 12705/1/6
f 12700/4/6 12701/4/6 12710/4/6
f 12710/4/6 12701/4/6 12711/4/6
f 12706/1/6 12707/1/6 12712/1/6
f 12712/1/6 12707/1/6 12713/1/6
f 12708/1/6 12709/1/6 12717/1/6
f 12717/1/6 12709/1/6 12718/1/6
f 12714/1/6 12715/1/6 12719/1/6
f 12719/1/6 12715/1/6 12720/1/6
f 12716/5/6 12717/5/6 12722/5/6
f 12722/5/6 12717/5/6 12723/5/6
f 12720/4/6 12721/4/6 12724/4/6
f 12724/4/6 12721/4/6 12725/4/6
f 12726/1/6 12727/1/6 12731/1/6
f 12731/1/6 12727/1/6 12732/1/6
f 12728/1/6 12729/1/6 12733/1/6
f 12733/1/6 12729/1/6 12734/1/6
f 12730/1/6 12731/1/6 12736/1/6
f 12736/1/6 12731/1/6 12737/1/6
f 12734/1/6 12735/1/6 12738/1/6
f 12738/1/6 12735/1/6 12739/1/6
f 12740/1/6 12741/1/6 12744/1/6
f 12744/1/6 12741/1/6 12745/1/6
f 12742/1/6 12743/1/6 12746/1/6
f 12746/1/6 12743/1/6 12747/1/6
f 12748/1/6 12749/1/6 12752/1/6
f 12752/1/6 12749/1/6 12753/1/6
f 12750/1/6 12751/1/6 12754/1/6
f 12754/1/6 12751/1/6 12755/1/6
f 12756/1/6 12757/1/6 12760/1/6
f 12760/1/6 12757/1/6 12761/1/6
f 12758/1/6 12759/1/6 12762/1/6
f 12762/1/6 12759/1/6 12763/1/6
f 12764/5/6 12765/5/6 12768/5/6
f 12764/5/6 12768/5/6 12769/5/6
f 12769/5/6 12768/5/6 12770/5/6
f 12766/1/6 12767/1/6 12771/1/6
f 12771/1/6 12767/1/6 12772/1/6
f 12773/1/6 12774/1/6 12777/1/6
f 12777/1/6 12774/1/6 12778/1/6
f 12775/1/6 12776/1/6 12779/1/6
f 12779/1/6 12776/1/6 12780/1/6
f 12781/1/6 12782/1/6 12785/1/6
f 12785/1/6 12782/1/6 12786/1/6
f 12783/1/6 12784/1/6 12789/1/6
f 12789/1/6 12784/1/6 12790/1/6
f 12786/1/6 12787/1/6 12791/1/6
f 12791/1/6 12787/1/6 12792/1/6
f 12788/1/6 12789/1/6 12793/1/6
f 12793/1/6 12789/1/6 12794/1/6
f 12795/4/6 12796/4/6 12799/4/6
f 12799/4/6 12796/4/6 12800/4/6
f 12797/4/6 12798/4/6 12803/4/6
f 12803/4/6 12798/4/6 12804/4/6
f 12800/4/6 12801/4/6 12805/4/6
f 12805/4/6 12801/4/6 12806/4/6
f 12802/4/6 12803/4/6 12811/4/6
f 12811/4/6 12803/4/6 12812/4/6
f 12807/1/6 12808/1/6 12813/1/6
f 12813/1/6 12808/1/6 12814/1/6
f 12809/1/6 12810/1/6 12819/1/6
f 12819/1/6 12810/1/6 12820/1/6
f 12815/1/6 12816/1/6 12821/1/6
f 12821/1/6 12816/1/6 12822/1/6
f 12817/4/6 12818/4/6 12828/4/6
f 12828/4/6 12818/4/6 12829/4/6
f 12823/4/6 12824/4/6 12830/4/6
f 12824/4/6 12825/4/6 12830/4/6
f 12825/1/6 12826/1/6 12831/1/6
f 12830/4/6 12825/4/6 12831/4/6
f 12826/4/6 12827/4/6 12832/4/6
f 12831/1/6 12826/1/6 12832/1/6
f 12832/4/6 12827/4/6 12833/4/6
f 12834/1/6 12835/1/6 12838/1/6
f 12838/1/6 12835/1/6 12839/1/6
f 12839/1/6 12835/1/6 12840/1/6
f 12840/1/6 12835/1/6 12841/1/6
f 12841/1/6 12835/1/6 12842/1/6
f 12836/1/6 12837/1/6 12847/1/6
f 12847/1/6 12837/1/6 12848/1/6
f 12848/1/6 12837/1/6 12849/1/6
f 12843/1/6 12844/1/6 12850/1/6
f 12850/1/6 12844/1/6 12851/1/6
f 12845/4/6 12846/4/6 12855/4/6
f 12855/4/6 12846/4/6 12856/4/6
f 12852/1/6 12853/1/6 12857/1/6
f 12857/1/6 12853/1/6 12858/1/6
f 12854/4/6 12855/4/6 12862/4/6
f 12862/4/6 12855/4/6 12863/4/6
f 12858/1/6 12859/1/6 12864/1/6
f 12864/1/6 12859/1/6 12865/1/6
f 12860/1/6 12861/1/6 12869/1/6
f 12869/1/6 12861/1/6 12870/1/6
f 12866/4/6 12867/4/6 12871/4/6
f 12871/4/6 12867/4/6 12872/4/6
f 12868/1/6 12869/1/6 12874/1/6
f 12874/1/6 12869/1/6 12875/1/6
f 12872/4/6 12873/4/6 12876/4/6
f 12876/4/6 12873/4/6 12877/4/6
f 12878/1/6 12879/1/6 12883/1/6
f 12883/1/6 12879/1/6 12884/1/6
f 12880/4/6 12881/4/6 12885/4/6
f 12885/4/6 12881/4/6 12886/4/6
f 12882/5/6 12883/5/6 12888/5/6
f 12888/5/6 12883/5/6 12889/5/6
f 12886/1/6 12887/1/6 12890/1/6
f 12890/1/6 12887/1/6 12891/1/6
f 12894/1/6 12895/1/6 12896/1/6
f 12892/1/6 12893/1/6 12897/1/6
f 12897/1/6 12893/1/6 12898/1/6
f 12896/1/6 12895/1/6 12899/1/6
f 12899/1/6 12895/1/6 12900/1/6
f 12901/1/6 12902/1/6 12905/1/6
f 12901/1/6 12905/1/6 12906/1/6
f 12901/1/6 12906/1/6 12907/1/6
f 12907/1/6 12906/1/6 12908/1/6
f 12903/1/6 12904/1/6 12909/1/6
f 12909/1/6 12904/1/6 12910/1/6
f 12911/5/6 12912/5/6 12915/5/6
f 12915/5/6 12912/5/6 12916/5/6
f 12913/1/6 12914/1/6 12917/1/6
f 12917/1/6 12914/1/6 12918/1/6
f 12919/5/6 12920/5/6 12923/5/6
f 12923/5/6 12920/5/6 12924/5/6
f 12921/1/6 12922/1/6 12927/1/6
f 12927/1/6 12922/1/6 12928/1/6
f 12924/5/6 12925/5/6 12929/5/6
f 12929/5/6 12925/5/6 12930/5/6
f 12926/1/6 12927/1/6 12931/1/6
f 12931/1/6 12927/1/6 12932/1/6
f 12933/4/6 12934/4/6 12937/4/6
f 12937/4/6 12934/4/6 12938/4/6
f 12935/4/6 12936/4/6 12941/4/6
f 12941/4/6 12936/4/6 12942/4/6
f 12938/4/6 12939/4/6 12943/4/6
f 12943/4/6 12939/4/6 12944/4/6
f 12940/4/6 12941/4/6 12949/4/6
f 12949/4/6 12941/4/6 12950/4/6
f 12945/1/6 12946/1/6 12951/1/6
f 12951/1/6 12946/1/6 12952/1/6
f 12947/1/6 12948/1/6 12955/1/6
f 12955/1/6 12948/1/6 12956/1/6
f 12952/1/6 12953/1/6 12957/1/6
f 12957/1/6 12953/1/6 12958/1/6
f 12954/1/6 12955/1/6 12964/1/6
f 12964/1/6 12955/1/6 12965/1/6
f 12959/1/6 12960/1/6 12966/1/6
f 12966/1/6 12960/1/6 12967/1/6
f 12961/4/6 12962/4/6 12974/4/6
f 12962/1/6 12963/1/6 12975/1/6
f 12974/4/6 12962/4/6 12975/4/6
f 12975/1/6 12963/1/6 12976/1/6
f 12968/1/6 12969/1/6 12977/1/6
f 12969/4/6 12970/4/6 12978/4/6
f 12977/1/6 12969/1/6 12978/1/6
f 12970/1/6 12971/1/6 12979/1/6
f 12978/4/6 12970/4/6 12979/4/6
f 12971/4/6 12972/4/6 12980/4/6
f 12979/1/6 12971/1/6 12980/1/6
f 12972/1/6 12973/1/6 12981/1/6
f 12980/4/6 12972/4/6 12981/4/6
f 12981/1/6 12973/1/6 12982/1/6
f 12983/1/6 12984/1/6 12991/1/6
f 12984/4/6 12985/4/6 12992/4/6
f 12991/1/6 12984/1/6 12992/1/6
f 12985/1/6 12986/1/6 12993/1/6
f 12992/4/6 12985/4/6 12993/4/6
f 12993/1/6 12986/1/6 12994/1/6
f 12987/1/6 12988/1/6 12995/1/6
f 12995/1/6 12988/1/6 12996/1/6
f 12989/5/6 12990/5/6 13001/5/6
f 13001/5/6 12990/5/6 13002/5/6
f 12997/4/6 12998/4/6 13003/4/6
f 12998/1/6 12999/1/6 13004/1/6
f 13003/4/6 12998/4/6 13004/4/6
f 13004/1/6 12999/1/6 13005/1/6
f 13000/5/6 13001/5/6 13008/5/6
f 13008/5/6 13001/5/6 13009/5/6
f 13005/1/6 13006/1/6 13010/1/6
f 13010/1/6 13006/1/6 13011/1/6
f 13007/4/6 13008/4/6 13014/4/6
f 13014/4/6 13008/4/6 13015/4/6
f 13015/4/6 13008/4/6 13016/4/6
f 13011/1/6 13012/1/6 13017/1/6
f 13017/1/6 13012/1/6 13018/1/6
f 13013/1/6 13014/1/6 13021/1/6
f 13021/1/6 13014/1/6 13022/1/6
f 13018/1/6 13019/1/6 13023/1/6
f 13023/1/6 13019/1/6 13024/1/6
f 13020/1/6 13021/1/6 13027/1/6
f 13027/1/6 13021/1/6 13028/1/6
f 13024/1/6 13025/1/6 13029/1/6
f 13029/1/6 13025/1/6 13030/1/6
f 13026/5/6 13027/5/6 13033/5/6
f 13033/5/6 13027/5/6 13034/5/6
f 13030/4/6 13031/4/6 13035/4/6
f 13035/4/6 13031/4/6 13036/4/6
f 13032/1/6 13033/1/6 13038/1/6
f 13032/1/6 13038/1/6 13039/1/6
f 13039/1/6 13038/1/6 13040/1/6
f 13036/4/6 13037/4/6 13041/4/6
f 13041/4/6 13037/4/6 13042/4/6
f 13043/1/6 13044/1/6 13047/1/6
f 13043/1/6 13047/1/6 13048/1/6
f 13043/1/6 13048/1/6 13049/1/6
f 13049/1/6 13048/1/6 13050/1/6
f 13045/1/6 13046/1/6 13051/1/6
f 13051/1/6 13046/1/6 13052/1/6
f 13053/1/6 13054/1/6 13057/1/6
f 13057/1/6 13054/1/6 13058/1/6
f 13055/1/6 13056/1/6 13059/1/6
f 13059/1/6 13056/1/6 13060/1/6
f 13063/1/6 13064/1/6 13065/1/6
f 13065/1/6 13064/1/6 13066/1/6
f 13061/1/6 13062/1/6 13067/1/6
f 13067/1/6 13062/1/6 13068/1/6
f 13065/4/6 13066/4/6 13071/4/6
f 13071/4/6 13066/4/6 13072/4/6
f 13068/4/6 13069/4/6 13073/4/6
f 13073/4/6 13069/4/6 13074/4/6
f 13070/4/6 13071/4/6 13077/4/6
f 13077/4/6 13071/4/6 13078/4/6
f 13076/5/6 13077/5/6 13079/5/6
f 13079/5/6 13077/5/6 13080/5/6
f 13074/4/6 13075/4/6 13081/4/6
f 13081/4/6 13075/4/6 13082/4/6
f 13079/4/6 13080/4/6 13085/4/6
f 13085/4/6 13080/4/6 13086/4/6
f 13082/5/6 13083/5/6 13087/5/6
f 13087/5/6 13083/5/6 13088/5/6
f 13084/1/6 13085/1/6 13092/1/6
f 13092/1/6 13085/1/6 13093/1/6
f 13088/5/6 13089/5/6 13094/5/6
f 13089/1/6 13090/1/6 13095/1/6
f 13094/5/6 13089/5/6 13095/5/6
f 13095/1/6 13090/1/6 13096/1/6
f 13091/1/6 13092/1/6 13099/1/6
f 13099/1/6 13092/1/6 13100/1/6
f 13096/5/6 13097/5/6 13101/5/6
f 13101/5/6 13097/5/6 13102/5/6
f 13098/1/6 13099/1/6 13105/1/6
f 13105/1/6 13099/1/6 13106/1/6
f 13102/1/6 13103/1/6 13107/1/6
f 13107/1/6 13103/1/6 13108/1/6
f 13104/1/6 13105/1/6 13116/1/6
f 13116/1/6 13105/1/6 13117/1/6
f 13109/1/6 13110/1/6 13118/1/6
f 13110/1/6 13111/1/6 13118/1/6
f 13118/1/6 13111/1/6 13119/1/6
f 13114/4/6 13115/4/6 13120/4/6
f 13113/4/6 13114/4/6 13120/4/6
f 13112/4/6 13113/4/6 13120/4/6
f 13120/4/6 13115/4/6 13121/4/6
f 13122/1/6 13123/1/6 13129/1/6
f 13123/4/6 13124/4/6 13130/4/6
f 13129/1/6 13123/1/6 13130/1/6
f 13124/1/6 13125/1/6 13131/1/6
f 13130/4/6 13124/4/6 13131/4/6
f 13131/1/6 13125/1/6 13132/1/6
f 13126/5/6 13127/5/6 13137/5/6
f 13127/4/6 13128/4/6 13138/4/6
f 13137/5/6 13127/5/6 13138/5/6
f 13138/4/6 13128/4/6 13139/4/6
f 13139/4/6 13128/4/6 13140/4/6
f 13133/1/6 13134/1/6 13141/1/6
f 13134/4/6 13135/4/6 13142/4/6
f 13141/1/6 13134/1/6 13142/1/6
f 13142/4/6 13135/4/6 13143/4/6
f 13136/5/6 13137/5/6 13147/5/6
f 13147/5/6 13137/5/6 13148/5/6
f 13143/4/6 13144/4/6 13149/4/6
f 13144/1/6 13145/1/6 13150/1/6
f 13149/4/6 13144/4/6 13150/4/6
f 13150/1/6 13145/1/6 13151/1/6
f 13146/1/6 13147/1/6 13155/1/6
f 13155/1/6 13147/1/6 13156/1/6
f 13151/1/6 13152/1/6 13157/1/6
f 13157/1/6 13152/1/6 13158/1/6
f 13153/4/6 13154/4/6 13161/4/6
f 13154/1/6 13155/1/6 13162/1/6
f 13161/4/6 13154/4/6 13162/4/6
f 13162/1/6 13155/1/6 13163/1/6
f 13158/1/6 13159/1/6 13164/1/6
f 13164/1/6 13159/1/6 13165/1/6
f 13165/1/6 13159/1/6 13166/1/6
f 13160/4/6 13161/4/6 13168/4/6
f 13161/1/6 13162/1/6 13168/1/6
f 13168/1/6 13162/1/6 13169/1/6
f 13166/1/6 13167/1/6 13170/1/6
f 13165/1/6 13166/1/6 13170/1/6
f 13170/1/6 13167/1/6 13171/1/6
f 13160/4/6 13168/4/6 13173/4/6
f 13173/4/6 13168/4/6 13174/4/6
f 13171/1/6 13167/1/6 13175/1/6
f 13175/1/6 13167/1/6 13176/1/6
f 13172/4/6 13173/4/6 13179/4/6
f 13179/4/6 13173/4/6 13180/4/6
f 13176/1/6 13177/1/6 13181/1/6
f 13181/1/6 13177/1/6 13182/1/6
f 13178/5/6 13179/5/6 13184/5/6
f 13184/5/6 13179/5/6 13185/5/6
f 13184/4/6 13185/4/6 13187/4/6
f 13187/4/6 13185/4/6 13188/4/6
f 13182/1/6 13183/1/6 13189/1/6
f 13189/1/6 13183/1/6 13190/1/6
f 13186/1/6 13187/1/6 13192/1/6
f 13186/1/6 13192/1/6 13193/1/6
f 13193/1/6 13192/1/6 13194/1/6
f 13193/4/6 13194/4/6 13195/4/6
f 13195/4/6 13194/4/6 13196/4/6
f 13190/4/6 13191/4/6 13197/4/6
f 13197/4/6 13191/4/6 13198/4/6
f 13199/4/6 13200/4/6 13203/4/6
f 13199/4/6 13203/4/6 13204/4/6
f 13199/4/6 13204/4/6 13205/4/6
f 13205/4/6 13204/4/6 13206/4/6
f 13201/4/6 13202/4/6 13207/4/6
f 13207/4/6 13202/4/6 13208/4/6
f 13211/1/6 13212/1/6 13213/1/6
f 13213/1/6 13212/1/6 13214/1/6
f 13209/4/6 13210/4/6 13215/4/6
f 13215/4/6 13210/4/6 13216/4/6
f 13213/4/6 13214/4/6 13219/4/6
f 13219/4/6 13214/4/6 13220/4/6
f 13216/4/6 13217/4/6 13221/4/6
f 13221/4/6 13217/4/6 13222/4/6
f 13218/4/6 13219/4/6 13225/4/6
f 13225/4/6 13219/4/6 13226/4/6
f 13222/1/6 13223/1/6 13227/1/6
f 13227/1/6 13223/1/6 13228/1/6
f 13224/1/6 13225/1/6 13231/1/6
f 13231/1/6 13225/1/6 13232/1/6
f 13228/1/6 13229/1/6 13233/1/6
f 13230/1/6 13231/1/6 13236/1/6
f 13233/1/6 13234/1/6 13237/1/6
f 13228/1/6 13233/1/6 13237/1/6
f 13237/1/6 13234/1/6 13238/1/6
f 13238/1/6 13234/1/6 13239/1/6
f 13235/1/6 13236/1/6 13242/1/6
f 13236/1/6 13231/1/6 13243/1/6
f 13242/1/6 13236/1/6 13243/1/6
f 13243/1/6 13231/1/6 13244/1/6
f 13238/5/6 13239/5/6 13245/5/6
f 13239/1/6 13240/1/6 13246/1/6
f 13245/5/6 13239/5/6 13246/5/6
f 13246/1/6 13240/1/6 13247/1/6
f 13241/1/6 13242/1/6 13250/1/6
f 13242/1/6 13243/1/6 13250/1/6
f 13250/1/6 13243/1/6 13251/1/6
f 13247/1/6 13248/1/6 13252/1/6
f 13252/1/6 13248/1/6 13253/1/6
f 13249/1/6 13250/1/6 13256/1/6
f 13256/1/6 13250/1/6 13257/1/6
f 13253/5/6 13254/5/6 13258/5/6
f 13258/5/6 13254/5/6 13259/5/6
f 13255/1/6 13256/1/6 13264/1/6
f 13264/1/6 13256/1/6 13265/1/6
f 13259/5/6 13260/5/6 13266/5/6
f 13266/5/6 13260/5/6 13267/5/6
f 13261/4/6 13262/4/6 13271/4/6
f 13262/1/6 13263/1/6 13272/1/6
f 13271/4/6 13262/4/6 13272/4/6
f 13263/4/6 13264/4/6 13273/4/6
f 13272/1/6 13263/1/6 13273/1/6
f 13273/4/6 13264/4/6 13274/4/6
f 13268/4/6 13269/4/6 13275/4/6
f 13269/1/6 13270/1/6 13276/1/6
f 13275/4/6 13269/4/6 13276/4/6
f 13276/1/6 13270/1/6 13277/1/6
f 13278/5/6 13279/5/6 13286/5/6
f 13279/1/6 13280/1/6 13287/1/6
f 13286/5/6 13279/5/6 13287/5/6
f 13280/4/6 13281/4/6 13288/4/6
f 13287/1/6 13280/1/6 13288/1/6
f 13281/1/6 13282/1/6 13289/1/6
f 13288/4/6 13281/4/6 13289/4/6
f 13289/1/6 13282/1/6 13290/1/6
f 13290/1/6 13282/1/6 13291/1/6
f 13283/1/6 13284/1/6 13294/1/6
f 13284/4/6 13285/4/6 13295/4/6
f 13294/1/6 13284/1/6 13295/1/6
f 13285/1/6 13286/1/6 13296/1/6
f 13295/4/6 13285/4/6 13296/4/6
f 13296/1/6 13286/1/6 13297/1/6
f 13291/1/6 13292/1/6 13298/1/6
f 13298/1/6 13292/1/6 13299/1/6
f 13293/1/6 13294/1/6 13302/1/6
f 13302/1/6 13294/1/6 13303/1/6
f 13299/4/6 13300/4/6 13304/4/6
f 13304/4/6 13300/4/6 13305/4/6
f 13305/4/6 13300/4/6 13306/4/6
f 13301/1/6 13302/1/6 13309/1/6
f 13309/1/6 13302/1/6 13310/1/6
f 13306/1/6 13307/1/6 13311/1/6
f 13311/1/6 13307/1/6 13312/1/6
f 13308/1/6 13309/1/6 13315/1/6
f 13315/1/6 13309/1/6 13316/1/6
f 13312/5/6 13313/5/6 13317/5/6
f 13317/5/6 13313/5/6 13318/5/6
f 13314/1/6 13315/1/6 13321/1/6
f 13321/1/6 13315/1/6 13322/1/6
f 13318/1/6 13319/1/6 13323/1/6
f 13323/1/6 13319/1/6 13324/1/6
f 13320/1/6 13321/1/6 13327/1/6
f 13327/1/6 13321/1/6 13328/1/6
f 13324/1/6 13325/1/6 13329/1/6
f 13329/1/6 13325/1/6 13330/1/6
f 13326/4/6 13327/4/6 13332/4/6
f 13332/4/6 13327/4/6 13333/4/6
f 13332/1/6 13333/1/6 13335/1/6
f 13335/1/6 13333/1/6 13336/1/6
f 13330/1/6 13331/1/6 13337/1/6
f 13337/1/6 13331/1/6 13338/1/6
f 13334/4/6 13335/4/6 13340/4/6
f 13340/4/6 13335/4/6 13341/4/6
f 13340/1/6 13341/1/6 13343/1/6
f 13343/1/6 13341/1/6 13344/1/6
f 13338/1/6 13339/1/6 13345/1/6
f 13345/1/6 13339/1/6 13346/1/6
f 13342/4/6 13343/4/6 13348/4/6
f 13348/4/6 13343/4/6 13349/4/6
f 13348/1/6 13349/1/6 13350/1/6
f 13350/1/6 13349/1/6 13351/1/6
f 13350/5/6 13351/5/6 13352/5/6
f 13352/5/6 13351/5/6 13353/5/6
f 13352/1/6 13353/1/6 13354/1/6
f 13354/1/6 13353/1/6 13355/1/6
f 13346/1/6 13347/1/6 13358/1/6
f 13358/1/6 13347/1/6 13359/1/6
f 13357/1/6 13358/1/6 13360/1/6
f 13360/1/6 13358/1/6 13361/1/6
f 13355/1/6 13356/1/6 13362/1/6
f 13362/1/6 13356/1/6 13363/1/6
f 13360/4/6 13361/4/6 13366/4/6
f 13366/4/6 13361/4/6 13367/4/6
f 13363/1/6 13364/1/6 13368/1/6
f 13368/1/6 13364/1/6 13369/1/6
f 13365/1/6 13366/1/6 13372/1/6
f 13372/1/6 13366/1/6 13373/1/6
f 13369/1/6 13370/1/6 13374/1/6
f 13374/1/6 13370/1/6 13375/1/6
f 13371/1/6 13372/1/6 13378/1/6
f 13378/1/6 13372/1/6 13379/1/6
f 13375/1/6 13376/1/6 13380/1/6
f 13380/1/6 13376/1/6 13381/1/6
f 13377/1/6 13378/1/6 13384/1/6
f 13384/1/6 13378/1/6 13385/1/6
f 13381/1/6 13382/1/6 13386/1/6
f 13386/1/6 13382/1/6 13387/1/6
f 13383/1/6 13384/1/6 13390/1/6
f 13390/1/6 13384/1/6 13391/1/6
f 13387/1/6 13388/1/6 13392/1/6
f 13392/1/6 13388/1/6 13393/1/6
f 13389/1/6 13390/1/6 13397/1/6
f 13397/1/6 13390/1/6 13398/1/6
f 13393/1/6 13394/1/6 13399/1/6
f 13399/1/6 13394/1/6 13400/1/6
f 13395/1/6 13396/1/6 13406/1/6
f 13396/1/6 13397/1/6 13406/1/6
f 13406/1/6 13397/1/6 13407/1/6
f 13400/5/6 13401/5/6 13408/5/6
f 13401/5/6 13402/5/6 13408/5/6
f 13408/5/6 13402/5/6 13409/5/6
f 13403/4/6 13404/4/6 13412/4/6
f 13404/1/6 13405/1/6 13413/1/6
f 13412/4/6 13404/4/6 13413/4/6
f 13405/4/6 13406/4/6 13414/4/6
f 13413/1/6 13405/1/6 13414/1/6
f 13414/4/6 13406/4/6 13415/4/6
f 13409/1/6 13410/1/6 13416/1/6
f 13410/4/6 13411/4/6 13417/4/6
f 13416/1/6 13410/1/6 13417/1/6
f 13411/1/6 13412/1/6 13418/1/6
f 13417/4/6 13411/4/6 13418/4/6
f 13418/1/6 13412/1/6 13419/1/6
f 13420/1/6 13421/1/6 13426/1/6
f 13426/1/6 13421/1/6 13427/1/6
f 13421/4/6 13422/4/6 13428/4/6
f 13427/1/6 13421/1/6 13428/1/6
f 13422/1/6 13423/1/6 13429/1/6
f 13428/4/6 13422/4/6 13429/4/6
f 13429/1/6 13423/1/6 13430/1/6
f 13424/4/6 13425/4/6 13433/4/6
f 13433/4/6 13425/4/6 13434/4/6
f 13426/1/6 13427/1/6 13435/1/6
f 13434/4/6 13425/4/6 13435/4/6
f 13425/1/6 13426/1/6 13435/1/6
f 13435/1/6 13427/1/6 13436/1/6
f 13429/1/6 13430/1/6 13437/1/6
f 13430/1/6 13431/1/6 13437/1/6
f 13437/1/6 13431/1/6 13438/1/6
f 13438/1/6 13431/1/6 13439/1/6
f 13432/1/6 13433/1/6 13443/1/6
f 13443/1/6 13433/1/6 13444/1/6
f 13433/4/6 13434/4/6 13445/4/6
f 13444/1/6 13433/1/6 13445/1/6
f 13445/4/6 13434/4/6 13446/4/6
f 13439/1/6 13440/1/6 13447/1/6
f 13438/1/6 13439/1/6 13447/1/6
f 13447/1/6 13440/1/6 13448/1/6
f 13440/4/6 13441/4/6 13449/4/6
f 13448/1/6 13440/1/6 13449/1/6
f 13449/4/6 13441/4/6 13450/4/6
f 13443/1/6 13444/1/6 13453/1/6
f 13442/1/6 13443/1/6 13453/1/6
f 13453/1/6 13444/1/6 13454/1/6
f 13454/1/6 13444/1/6 13455/1/6
f 13449/1/6 13450/1/6 13456/1/6
f 13450/4/6 13451/4/6 13457/4/6
f 13456/1/6 13450/1/6 13457/1/6
f 13457/4/6 13451/4/6 13458/4/6
f 13452/1/6 13453/1/6 13461/1/6
f 13453/1/6 13454/1/6 13461/1/6
f 13461/1/6 13454/1/6 13462/1/6
f 13462/1/6 13454/1/6 13463/1/6
f 13458/4/6 13459/4/6 13464/4/6
f 13457/4/6 13458/4/6 13464/4/6
f 13464/4/6 13459/4/6 13465/4/6
f 13465/4/6 13459/4/6 13466/4/6
f 13461/1/6 13462/1/6 13469/1/6
f 13460/1/6 13461/1/6 13469/1/6
f 13469/1/6 13462/1/6 13470/1/6
f 13470/1/6 13462/1/6 13471/1/6
f 13466/1/6 13467/1/6 13472/1/6
f 13465/1/6 13466/1/6 13472/1/6
f 13472/1/6 13467/1/6 13473/1/6
f 13473/1/6 13467/1/6 13474/1/6
f 13469/5/6 13470/5/6 13476/5/6
f 13468/5/6 13469/5/6 13476/5/6
f 13476/5/6 13470/5/6 13477/5/6
f 13477/5/6 13470/5/6 13478/5/6
f 13474/1/6 13475/1/6 13479/1/6
f 13473/1/6 13474/1/6 13479/1/6
f 13479/1/6 13475/1/6 13480/1/6
f 13476/1/6 13477/1/6 13482/1/6
f 13480/1/6 13475/1/6 13483/1/6
f 13481/1/6 13482/1/6 13485/1/6
f 13482/1/6 13477/1/6 13485/1/6
f 13485/1/6 13477/1/6 13486/1/6
f 13483/1/6 13484/1/6 13487/1/6
f 13480/1/6 13483/1/6 13487/1/6
f 13487/1/6 13484/1/6 13488/1/6
f 13481/1/6 13485/1/6 13490/1/6
f 13488/1/6 13484/1/6 13491/1/6
f 13489/1/6 13490/1/6 13493/1/6
f 13490/1/6 13485/1/6 13493/1/6
f 13493/1/6 13485/1/6 13494/1/6
f 13491/1/6 13492/1/6 13495/1/6
f 13488/1/6 13491/1/6 13495/1/6
f 13495/1/6 13492/1/6 13496/1/6
f 13489/1/6 13493/1/6 13497/1/6
f 13497/1/6 13493/1/6 13498/1/6
f 13497/5/6 13498/5/6 13499/5/6
f 13499/5/6 13498/5/6 13500/5/6
f 13499/1/6 13500/1/6 13501/1/6
f 13496/1/6 13492/1/6 13504/1/6
f 13501/1/6 13502/1/6 13505/1/6
f 13499/1/6 13501/1/6 13505/1/6
f 13505/1/6 13502/1/6 13506/1/6
f 13503/1/6 13504/1/6 13507/1/6
f 13504/1/6 13492/1/6 13507/1/6
f 13507/1/6 13492/1/6 13508/1/6
f 13506/1/6 13502/1/6 13509/1/6
f 13503/1/6 13507/1/6 13512/1/6
f 13509/1/6 13510/1/6 13513/1/6
f 13506/1/6 13509/1/6 13513/1/6
f 13513/1/6 13510/1/6 13514/1/6
f 13511/1/6 13512/1/6 13515/1/6
f 13512/1/6 13507/1/6 13515/1/6
f 13515/1/6 13507/1/6 13516/1/6
f 13514/1/6 13510/1/6 13517/1/6
f 13511/1/6 13515/1/6 13520/1/6
f 13517/1/6 13518/1/6 13521/1/6
f 13514/1/6 13517/1/6 13521/1/6
f 13521/1/6 13518/1/6 13522/1/6
f 13522/1/6 13518/1/6 13523/1/6
f 13519/1/6 13520/1/6 13526/1/6
f 13520/1/6 13515/1/6 13527/1/6
f 13526/1/6 13520/1/6 13527/1/6
f 13527/1/6 13515/1/6 13528/1/6
f 13523/1/6 13524/1/6 13529/1/6
f 13522/1/6 13523/1/6 13529/1/6
f 13529/1/6 13524/1/6 13530/1/6
f 13530/1/6 13524/1/6 13531/1/6
f 13525/1/6 13526/1/6 13534/1/6
f 13526/1/6 13527/1/6 13534/1/6
f 13534/1/6 13527/1/6 13535/1/6
f 13535/1/6 13527/1/6 13536/1/6
f 13531/1/6 13532/1/6 13537/1/6
f 13530/1/6 13531/1/6 13537/1/6
f 13537/1/6 13532/1/6 13538/1/6
f 13538/1/6 13532/1/6 13539/1/6
f 13534/1/6 13535/1/6 13542/1/6
f 13533/1/6 13534/1/6 13542/1/6
f 13542/1/6 13535/1/6 13543/1/6
f 13543/1/6 13535/1/6 13544/1/6
f 13539/1/6 13540/1/6 13545/1/6
f 13538/1/6 13539/1/6 13545/1/6
f 13545/1/6 13540/1/6 13546/1/6
f 13546/1/6 13540/1/6 13547/1/6
f 13542/1/6 13543/1/6 13551/1/6
f 13541/1/6 13542/1/6 13551/1/6
f 13551/1/6 13543/1/6 13552/1/6
f 13552/1/6 13543/1/6 13553/1/6
f 13547/1/6 13548/1/6 13554/1/6
f 13546/1/6 13547/1/6 13554/1/6
f 13554/1/6 13548/1/6 13555/1/6
f 13555/1/6 13548/1/6 13556/1/6
f 13549/1/6 13550/1/6 13563/1/6
f 13550/4/6 13551/4/6 13564/4/6
f 13563/1/6 13550/1/6 13564/1/6
f 13551/1/6 13552/1/6 13565/1/6
f 13564/4/6 13551/4/6 13565/4/6
f 13565/1/6 13552/1/6 13566/1/6
f 13555/1/6 13556/1/6 13567/1/6
f 13556/1/6 13557/1/6 13567/1/6
f 13557/5/6 13558/5/6 13568/5/6
f 13567/1/6 13557/1/6 13568/1/6
f 13558/5/6 13559/5/6 13568/5/6
f 13568/5/6 13559/5/6 13569/5/6
f 13569/5/6 13559/5/6 13570/5/6
f 13560/1/6 13561/1/6 13572/1/6
f 13561/4/6 13562/4/6 13573/4/6
f 13572/1/6 13561/1/6 13573/1/6
f 13562/1/6 13563/1/6 13574/1/6
f 13573/4/6 13562/4/6 13574/4/6
f 13563/4/6 13564/4/6 13575/4/6
f 13574/1/6 13563/1/6 13575/1/6
f 13575/4/6 13564/4/6 13576/4/6
f 13570/4/6 13571/4/6 13577/4/6
f 13569/4/6 13570/4/6 13577/4/6
f 13571/1/6 13572/1/6 13578/1/6
f 13577/4/6 13571/4/6 13578/4/6
f 13572/1/6 13573/1/6 13578/1/6
f 13578/1/6 13573/1/6 13579/1/6
f 13580/1/6 13581/1/6 13584/1/6
f 13581/4/6 13582/4/6 13585/4/6
f 13584/1/6 13581/1/6 13585/1/6
f 13585/4/6 13582/4/6 13586/4/6
f 13586/4/6 13582/4/6 13587/4/6
f 13583/1/6 13584/1/6 13591/1/6
f 13584/1/6 13585/1/6 13591/1/6
f 13585/1/6 13586/1/6 13591/1/6
f 13591/1/6 13586/1/6 13592/1/6
f 13586/4/6 13587/4/6 13593/4/6
f 13592/1/6 13586/1/6 13593/1/6
f 13587/1/6 13588/1/6 13594/1/6
f 13593/4/6 13587/4/6 13594/4/6
f 13594/1/6 13588/1/6 13595/1/6
f 13595/1/6 13588/1/6 13596/1/6
f 13589/1/6 13590/1/6 13600/1/6
f 13590/4/6 13591/4/6 13601/4/6
f 13600/1/6 13590/1/6 13601/1/6
f 13591/1/6 13592/1/6 13602/1/6
f 13601/4/6 13591/4/6 13602/4/6
f 13602/1/6 13592/1/6 13603/1/6
f 13595/1/6 13596/1/6 13604/1/6
f 13596/5/6 13597/5/6 13605/5/6
f 13604/1/6 13596/1/6 13605/1/6
f 13597/1/6 13598/1/6 13606/1/6
f 13605/5/6 13597/5/6 13606/5/6
f 13606/1/6 13598/1/6 13607/1/6
f 13600/1/6 13601/1/6 13610/1/6
f 13599/1/6 13600/1/6 13610/1/6
f 13610/1/6 13601/1/6 13611/1/6
f 13611/1/6 13601/1/6 13612/1/6
f 13607/1/6 13608/1/6 13613/1/6
f 13606/1/6 13607/1/6 13613/1/6
f 13613/1/6 13608/1/6 13614/1/6
f 13614/1/6 13608/1/6 13615/1/6
f 13610/1/6 13611/1/6 13618/1/6
f 13609/1/6 13610/1/6 13618/1/6
f 13618/1/6 13611/1/6 13619/1/6
f 13619/1/6 13611/1/6 13620/1/6
f 13614/1/6 13615/1/6 13621/1/6
f 13615/4/6 13616/4/6 13622/4/6
f 13621/1/6 13615/1/6 13622/1/6
f 13622/4/6 13616/4/6 13623/4/6
f 13617/5/6 13618/5/6 13626/5/6
f 13618/5/6 13619/5/6 13626/5/6
f 13626/5/6 13619/5/6 13627/5/6
f 13627/5/6 13619/5/6 13628/5/6
f 13622/5/6 13623/5/6 13629/5/6
f 13623/4/6 13624/4/6 13630/4/6
f 13629/5/6 13623/5/6 13630/5/6
f 13630/4/6 13624/4/6 13631/4/6
f 13625/1/6 13626/1/6 13633/1/6
f 13626/1/6 13627/1/6 13633/1/6
f 13633/1/6 13627/1/6 13634/1/6
f 13630/4/6 13631/4/6 13635/4/6
f 13631/1/6 13632/1/6 13636/1/6
f 13635/4/6 13631/4/6 13636/4/6
f 13625/1/6 13633/1/6 13638/1/6
f 13636/1/6 13632/1/6 13639/1/6
f 13637/1/6 13638/1/6 13641/1/6
f 13638/1/6 13633/1/6 13641/1/6
f 13641/1/6 13633/1/6 13642/1/6
f 13639/1/6 13640/1/6 13643/1/6
f 13636/1/6 13639/1/6 13643/1/6
f 13643/1/6 13640/1/6 13644/1/6
f 13637/1/6 13641/1/6 13646/1/6
f 13644/1/6 13640/1/6 13647/1/6
f 13645/1/6 13646/1/6 13649/1/6
f 13646/1/6 13641/1/6 13650/1/6
f 13649/1/6 13646/1/6 13650/1/6
f 13647/1/6 13648/1/6 13651/1/6
f 13644/1/6 13647/1/6 13651/1/6
f 13650/1/6 13641/1/6 13652/1/6
f 13649/5/6 13650/5/6 13652/5/6
f 13652/1/6 13641/1/6 13653/1/6
f 13649/5/6 13652/5/6 13654/5/6
f 13652/5/6 13653/5/6 13654/5/6
f 13654/5/6 13653/5/6 13655/5/6
f 13655/5/6 13653/5/6 13656/5/6
f 13651/1/6 13648/1/6 13657/1/6
f 13657/1/6 13648/1/6 13658/1/6
f 13655/1/6 13656/1/6 13659/1/6
f 13651/1/6 13657/1/6 13662/1/6
f 13659/1/6 13660/1/6 13663/1/6
f 13655/1/6 13659/1/6 13663/1/6
f 13663/1/6 13660/1/6 13664/1/6
f 13661/1/6 13662/1/6 13665/1/6
f 13662/1/6 13657/1/6 13665/1/6
f 13665/1/6 13657/1/6 13666/1/6
f 13664/1/6 13660/1/6 13667/1/6
f 13661/1/6 13665/1/6 13670/1/6
f 13667/1/6 13668/1/6 13671/1/6
f 13664/1/6 13667/1/6 13671/1/6
f 13671/1/6 13668/1/6 13672/1/6
f 13672/1/6 13668/1/6 13673/1/6
f 13669/1/6 13670/1/6 13676/1/6
f 13670/1/6 13665/1/6 13677/1/6
f 13676/1/6 13670/1/6 13677/1/6
f 13677/1/6 13665/1/6 13678/1/6
f 13673/1/6 13674/1/6 13679/1/6
f 13672/1/6 13673/1/6 13679/1/6
f 13679/1/6 13674/1/6 13680/1/6
f 13680/1/6 13674/1/6 13681/1/6
f 13675/1/6 13676/1/6 13684/1/6
f 13676/1/6 13677/1/6 13684/1/6
f 13684/1/6 13677/1/6 13685/1/6
f 13685/1/6 13677/1/6 13686/1/6
f 13681/1/6 13682/1/6 13687/1/6
f 13680/1/6 13681/1/6 13687/1/6
f 13687/1/6 13682/1/6 13688/1/6
f 13688/1/6 13682/1/6 13689/1/6
f 13683/4/6 13684/4/6 13692/4/6
f 13684/1/6 13685/1/6 13693/1/6
f 13692/4/6 13684/4/6 13693/4/6
f 13693/1/6 13685/1/6 13694/1/6
f 13689/1/6 13690/1/6 13695/1/6
f 13688/1/6 13689/1/6 13695/1/6
f 13695/1/6 13690/1/6 13696/1/6
f 13696/1/6 13690/1/6 13697/1/6
f 13691/4/6 13692/4/6 13701/4/6
f 13692/1/6 13693/1/6 13702/1/6
f 13701/4/6 13692/4/6 13702/4/6
f 13702/1/6 13693/1/6 13703/1/6
f 13698/1/6 13699/1/6 13704/1/6
f 13696/1/6 13697/1/6 13704/1/6
f 13697/1/6 13698/1/6 13704/1/6
f 13704/1/6 13699/1/6 13705/1/6
f 13705/1/6 13699/1/6 13706/1/6
f 13700/1/6 13701/1/6 13711/1/6
f 13711/1/6 13701/1/6 13712/1/6
f 13701/4/6 13702/4/6 13713/4/6
f 13712/1/6 13701/1/6 13713/1/6
f 13713/4/6 13702/4/6 13714/4/6
f 13705/5/6 13706/5/6 13715/5/6
f 13706/5/6 13707/5/6 13715/5/6
f 13707/1/6 13708/1/6 13716/1/6
f 13715/5/6 13707/5/6 13716/5/6
f 13708/4/6 13709/4/6 13717/4/6
f 13716/1/6 13708/1/6 13717/1/6
f 13709/1/6 13710/1/6 13718/1/6
f 13710/4/6 13711/4/6 13719/4/6
f 13718/1/6 13710/1/6 13719/1/6
f 13711/1/6 13712/1/6 13720/1/6
f 13719/4/6 13711/4/6 13720/4/6
f 13720/1/6 13712/1/6 13721/1/6
f 13717/4/6 13709/4/6 13722/4/6
f 13709/1/6 13718/1/6 13723/1/6
f 13722/4/6 13709/4/6 13723/4/6
f 13723/1/6 13718/1/6 13724/1/6
f 13725/1/6 13726/1/6 13731/1/6
f 13731/1/6 13726/1/6 13732/1/6
f 13726/4/6 13727/4/6 13733/4/6
f 13732/1/6 13726/1/6 13733/1/6
f 13727/1/6 13728/1/6 13734/1/6
f 13733/4/6 13727/4/6 13734/4/6
f 13734/1/6 13728/1/6 13735/1/6
f 13729/4/6 13730/4/6 13739/4/6
f 13731/1/6 13732/1/6 13740/1/6
f 13730/1/6 13731/1/6 13740/1/6
f 13739/4/6 13730/4/6 13740/4/6
f 13740/1/6 13732/1/6 13741/1/6
f 13734/1/6 13735/1/6 13742/1/6
f 13735/1/6 13736/1/6 13742/1/6
f 13742/1/6 13736/1/6 13743/1/6
f 13736/5/6 13737/5/6 13744/5/6
f 13743/1/6 13736/1/6 13744/1/6
f 13744/5/6 13737/5/6 13745/5/6
f 13738/4/6 13739/4/6 13748/4/6
f 13739/5/6 13740/5/6 13749/5/6
f 13748/4/6 13739/4/6 13749/4/6
f 13749/5/6 13740/5/6 13750/5/6
f 13744/5/6 13745/5/6 13751/5/6
f 13745/1/6 13746/1/6 13752/1/6
f 13751/5/6 13745/5/6 13752/5/6
f 13752/1/6 13746/1/6 13753/1/6
f 13747/5/6 13748/5/6 13756/5/6
f 13748/4/6 13749/4/6 13757/4/6
f 13756/5/6 13748/5/6 13757/5/6
f 13757/4/6 13749/4/6 13758/4/6
f 13753/1/6 13754/1/6 13759/1/6
f 13752/1/6 13753/1/6 13759/1/6
f 13759/1/6 13754/1/6 13760/1/6
f 13760/1/6 13754/1/6 13761/1/6
f 13756/1/6 13757/1/6 13764/1/6
f 13755/1/6 13756/1/6 13764/1/6
f 13764/1/6 13757/1/6 13765/1/6
f 13765/1/6 13757/1/6 13766/1/6
f 13760/1/6 13761/1/6 13767/1/6
f 13761/5/6 13762/5/6 13768/5/6
f 13767/1/6 13761/1/6 13768/1/6
f 13768/5/6 13762/5/6 13769/5/6
f 13763/1/6 13764/1/6 13771/1/6
f 13764/1/6 13765/1/6 13771/1/6
f 13771/1/6 13765/1/6 13772/1/6
f 13768/5/6 13769/5/6 13773/5/6
f 13769/4/6 13770/4/6 13774/4/6
f 13773/5/6 13769/5/6 13774/5/6
f 13763/1/6 13771/1/6 13776/1/6
f 13774/4/6 13770/4/6 13777/4/6
f 13777/4/6 13770/4/6 13778/4/6
f 13775/1/6 13776/1/6 13780/1/6
f 13776/1/6 13771/1/6 13780/1/6
f 13780/1/6 13771/1/6 13781/1/6
f 13777/1/6 13778/1/6 13782/1/6
f 13778/4/6 13779/4/6 13783/4/6
f 13782/1/6 13778/1/6 13783/1/6
f 13783/4/6 13779/4/6 13784/4/6
f 13784/4/6 13779/4/6 13785/4/6
f 13785/4/6 13779/4/6 13786/4/6
f 13775/1/6 13780/1/6 13787/1/6
f 13787/1/6 13780/1/6 13788/1/6
f 13787/5/6 13788/5/6 13789/5/6
f 13789/5/6 13788/5/6 13790/5/6
f 13785/1/6 13786/1/6 13793/1/6
f 13790/1/6 13791/1/6 13794/1/6
f 13789/1/6 13790/1/6 13794/1/6
f 13794/1/6 13791/1/6 13795/1/6
f 13792/1/6 13793/1/6 13796/1/6
f 13793/1/6 13786/1/6 13797/1/6
f 13796/1/6 13793/1/6 13797/1/6
f 13797/1/6 13786/1/6 13798/1/6
f 13795/1/6 13791/1/6 13799/1/6
f 13796/1/6 13797/1/6 13802/1/6
f 13799/1/6 13800/1/6 13803/1/6
f 13795/1/6 13799/1/6 13803/1/6
f 13803/1/6 13800/1/6 13804/1/6
f 13804/1/6 13800/1/6 13805/1/6
f 13801/4/6 13802/4/6 13808/4/6
f 13802/1/6 13797/1/6 13809/1/6
f 13808/4/6 13802/4/6 13809/4/6
f 13809/1/6 13797/1/6 13810/1/6
f 13805/1/6 13806/1/6 13811/1/6
f 13804/1/6 13805/1/6 13811/1/6
f 13811/1/6 13806/1/6 13812/1/6
f 13812/1/6 13806/1/6 13813/1/6
f 13807/1/6 13808/1/6 13816/1/6
f 13808/4/6 13809/4/6 13817/4/6
f 13816/1/6 13808/1/6 13817/1/6
f 13817/4/6 13809/4/6 13818/4/6
f 13813/1/6 13814/1/6 13819/1/6
f 13812/1/6 13813/1/6 13819/1/6
f 13819/1/6 13814/1/6 13820/1/6
f 13820/1/6 13814/1/6 13821/1/6
f 13815/1/6 13816/1/6 13824/1/6
f 13816/4/6 13817/4/6 13825/4/6
f 13824/1/6 13816/1/6 13825/1/6
f 13825/4/6 13817/4/6 13826/4/6
f 13821/1/6 13822/1/6 13827/1/6
f 13820/1/6 13821/1/6 13827/1/6
f 13827/1/6 13822/1/6 13828/1/6
f 13828/1/6 13822/1/6 13829/1/6
f 13823/1/6 13824/1/6 13836/1/6
f 13824/1/6 13825/1/6 13836/1/6
f 13836/1/6 13825/1/6 13837/1/6
f 13837/1/6 13825/1/6 13838/1/6
f 13828/1/6 13829/1/6 13839/1/6
f 13829/5/6 13830/5/6 13840/5/6
f 13839/1/6 13829/1/6 13840/1/6
f 13830/5/6 13831/5/6 13840/5/6
f 13840/5/6 13831/5/6 13841/5/6
f 13831/1/6 13832/1/6 13842/1/6
f 13833/1/6 13834/1/6 13844/1/6
f 13834/4/6 13835/4/6 13845/4/6
f 13836/1/6 13837/1/6 13845/1/6
f 13835/1/6 13836/1/6 13845/1/6
f 13845/1/6 13837/1/6 13846/1/6
f 13841/5/6 13831/5/6 13847/5/6
f 13831/1/6 13842/1/6 13848/1/6
f 13847/5/6 13831/5/6 13848/5/6
f 13842/4/6 13843/4/6 13849/4/6
f 13848/1/6 13842/1/6 13849/1/6
f 13843/1/6 13844/1/6 13850/1/6
f 13849/4/6 13843/4/6 13850/4/6
f 13844/1/6 13834/1/6 13851/1/6
f 13850/1/6 13844/1/6 13851/1/6
f 13834/4/6 13845/4/6 13851/4/6
f 13851/4/6 13845/4/6 13852/4/6
f 13853/1/6 13854/1/6 13857/1/6
f 13854/4/6 13855/4/6 13858/4/6
f 13856/5/6 13857/5/6 13862/5/6
f 13857/1/6 13854/1/6 13863/1/6
f 13862/5/6 13857/5/6 13863/5/6
f 13863/1/6 13854/1/6 13864/1/6
f 13854/4/6 13858/4/6 13865/4/6
f 13864/1/6 13854/1/6 13865/1/6
f 13859/5/6 13860/5/6 13866/5/6
f 13858/1/6 13859/1/6 13866/1/6
f 13866/5/6 13860/5/6 13867/5/6
f 13861/5/6 13862/5/6 13870/5/6
f 13862/1/6 13863/1/6 13871/1/6
f 13870/5/6 13862/5/6 13871/5/6
f 13871/1/6 13863/1/6 13872/1/6
f 13863/5/6 13864/5/6 13873/5/6
f 13872/1/6 13863/1/6 13873/1/6
f 13873/5/6 13864/5/6 13874/5/6
f 13865/4/6 13858/4/6 13875/4/6
f 13866/1/6 13867/1/6 13876/1/6
f 13875/4/6 13858/4/6 13876/4/6
f 13858/1/6 13866/1/6 13876/1/6
f 13876/1/6 13867/1/6 13877/1/6
f 13867/5/6 13868/5/6 13878/5/6
f 13877/1/6 13867/1/6 13878/1/6
f 13878/5/6 13868/5/6 13879/5/6
f 13869/4/6 13870/4/6 13882/4/6
f 13871/1/6 13872/1/6 13883/1/6
f 13870/1/6 13871/1/6 13883/1/6
f 13883/1/6 13872/1/6 13884/1/6
f 13877/5/6 13878/5/6 13885/5/6
f 13879/1/6 13880/1/6 13886/1/6
f 13885/5/6 13878/5/6 13886/5/6
f 13878/1/6 13879/1/6 13886/1/6
f 13886/1/6 13880/1/6 13887/1/6
f 13881/1/6 13882/1/6 13890/1/6
f 13870/1/6 13883/1/6 13891/1/6
f 13882/4/6 13870/4/6 13891/4/6
f 13891/1/6 13883/1/6 13892/1/6
f 13886/1/6 13887/1/6 13893/1/6
f 13887/1/6 13888/1/6 13893/1/6
f 13893/1/6 13888/1/6 13894/1/6
f 13894/1/6 13888/1/6 13895/1/6
f 13889/1/6 13890/1/6 13897/1/6
f 13890/1/6 13882/1/6 13897/1/6
f 13882/4/6 13891/4/6 13897/4/6
f 13897/4/6 13891/4/6 13898/4/6
f 13894/1/6 13895/1/6 13899/1/6
f 13899/1/6 13895/1/6 13900/1/6
f 13889/1/6 13897/1/6 13902/1/6
f 13895/5/6 13896/5/6 13903/5/6
f 13901/1/6 13902/1/6 13905/1/6
f 13902/1/6 13897/1/6 13905/1/6
f 13905/1/6 13897/1/6 13906/1/6
f 13900/1/6 13895/1/6 13907/1/6
f 13895/5/6 13903/5/6 13908/5/6
f 13907/1/6 13895/1/6 13908/1/6
f 13903/1/6 13904/1/6 13909/1/6
f 13908/5/6 13903/5/6 13909/5/6
f 13909/1/6 13904/1/6 13910/1/6
f 13901/1/6 13905/1/6 13911/1/6
f 13911/1/6 13905/1/6 13912/1/6
f 13908/5/6 13909/5/6 13915/5/6
f 13912/5/6 13913/5/6 13916/5/6
f 13911/5/6 13912/5/6 13916/5/6
f 13916/5/6 13913/5/6 13917/5/6
f 13917/5/6 13913/5/6 13918/5/6
f 13909/4/6 13910/4/6 13919/4/6
f 13915/5/6 13909/5/6 13919/5/6
f 13919/4/6 13910/4/6 13920/4/6
f 13917/1/6 13918/1/6 13921/1/6
f 13917/1/6 13921/1/6 13922/1/6
f 13914/1/6 13915/1/6 13925/1/6
f 13915/5/6 13919/5/6 13926/5/6
f 13925/1/6 13915/1/6 13926/1/6
f 13926/5/6 13919/5/6 13927/5/6
f 13922/1/6 13923/1/6 13928/1/6
f 13917/1/6 13922/1/6 13928/1/6
f 13928/1/6 13923/1/6 13929/1/6
f 13929/1/6 13923/1/6 13930/1/6
f 13924/1/6 13925/1/6 13933/1/6
f 13925/1/6 13926/1/6 13933/1/6
f 13926/4/6 13927/4/6 13934/4/6
f 13933/1/6 13926/1/6 13934/1/6
f 13934/4/6 13927/4/6 13935/4/6
f 13930/1/6 13931/1/6 13936/1/6
f 13929/1/6 13930/1/6 13936/1/6
f 13936/1/6 13931/1/6 13937/1/6
f 13937/1/6 13931/1/6 13938/1/6
f 13932/1/6 13933/1/6 13941/1/6
f 13933/1/6 13934/1/6 13941/1/6
f 13941/1/6 13934/1/6 13942/1/6
f 13942/1/6 13934/1/6 13943/1/6
f 13938/1/6 13939/1/6 13944/1/6
f 13937/1/6 13938/1/6 13944/1/6
f 13944/1/6 13939/1/6 13945/1/6
f 13945/1/6 13939/1/6 13946/1/6
f 13941/1/6 13942/1/6 13952/1/6
f 13940/1/6 13941/1/6 13952/1/6
f 13952/1/6 13942/1/6 13953/1/6
f 13953/1/6 13942/1/6 13954/1/6
f 13945/1/6 13946/1/6 13955/1/6
f 13955/1/6 13946/1/6 13956/1/6
f 13946/5/6 13947/5/6 13957/5/6
f 13956/1/6 13946/1/6 13957/1/6
f 13947/4/6 13948/4/6 13958/4/6
f 13957/5/6 13947/5/6 13958/5/6
f 13948/1/6 13949/1/6 13959/1/6
f 13950/1/6 13951/1/6 13960/1/6
f 13952/1/6 13953/1/6 13961/1/6
f 13961/1/6 13953/1/6 13962/1/6
f 13956/5/6 13957/5/6 13963/5/6
f 13957/1/6 13958/1/6 13964/1/6
f 13963/5/6 13957/5/6 13964/5/6
f 13958/4/6 13948/4/6 13965/4/6
f 13964/1/6 13958/1/6 13965/1/6
f 13948/1/6 13959/1/6 13966/1/6
f 13965/4/6 13948/4/6 13966/4/6
f 13959/1/6 13960/1/6 13966/1/6
f 13966/1/6 13960/1/6 13967/1/6
f 13960/1/6 13951/1/6 13968/1/6
f 13967/1/6 13960/1/6 13968/1/6
f 13951/4/6 13952/4/6 13969/4/6
f 13968/1/6 13951/1/6 13969/1/6
f 13952/1/6 13961/1/6 13970/1/6
f 13969/4/6 13952/4/6 13970/4/6
f 13970/1/6 13961/1/6 13971/1/6
f 13966/4/6 13967/4/6 13972/4/6
f 13967/1/6 13968/1/6 13973/1/6
f 13972/4/6 13967/4/6 13973/4/6
f 13973/1/6 13968/1/6 13974/1/6
f 13975/5/6 13976/5/6 13978/5/6
f 13978/5/6 13976/5/6 13979/5/6
f 13977/1/6 13978/1/6 13983/1/6
f 13978/1/6 13979/1/6 13983/1/6
f 13979/4/6 13980/4/6 13984/4/6
f 13983/1/6 13979/1/6 13984/1/6
f 13980/1/6 13981/1/6 13985/1/6
f 13984/4/6 13980/4/6 13985/4/6
f 13985/1/6 13981/1/6 13986/1/6
f 13986/1/6 13981/1/6 13987/1/6
f 13983/1/6 13984/1/6 13990/1/6
f 13982/1/6 13983/1/6 13990/1/6
f 13984/1/6 13985/1/6 13990/1/6
f 13986/1/6 13987/1/6 13991/1/6
f 13985/4/6 13986/4/6 13991/4/6
f 13987/5/6 13988/5/6 13992/5/6
f 13991/1/6 13987/1/6 13992/1/6
f 13992/5/6 13988/5/6 13993/5/6
f 13989/1/6 13990/1/6 13996/1/6
f 13990/1/6 13985/1/6 13997/1/6
f 13996/1/6 13990/1/6 13997/1/6
f 13985/4/6 13991/4/6 13998/4/6
f 13997/1/6 13985/1/6 13998/1/6
f 13991/5/6 13992/5/6 13999/5/6
f 13998/4/6 13991/4/6 13999/4/6
f 13993/1/6 13994/1/6 14000/1/6
f 13992/1/6 13993/1/6 14000/1/6
f 13996/1/6 13997/1/6 14002/1/6
f 14002/1/6 13997/1/6 14003/1/6
f 13999/5/6 13992/5/6 14004/5/6
f 14000/1/6 14001/1/6 14005/1/6
f 14004/5/6 13992/5/6 14005/5/6
f 13992/1/6 14000/1/6 14005/1/6
f 13995/4/6 13996/4/6 14007/4/6
f 14005/1/6 14001/1/6 14008/1/6
f 14008/1/6 14001/1/6 14009/1/6
f 13996/1/6 14002/1/6 14011/1/6
f 14007/4/6 13996/4/6 14011/4/6
f 14011/1/6 14002/1/6 14012/1/6
f 14006/1/6 14007/1/6 14013/1/6
f 14007/4/6 14011/4/6 14014/4/6
f 14013/1/6 14007/1/6 14014/1/6
f 14011/4/6 14012/4/6 14014/4/6
f 14014/4/6 14012/4/6 14015/4/6
f 14012/1/6 14002/1/6 14016/1/6
f 14009/1/6 14010/1/6 14017/1/6
f 14008/1/6 14009/1/6 14017/1/6
f 14017/1/6 14010/1/6 14018/1/6
f 14018/1/6 14010/1/6 14019/1/6
f 14015/4/6 14012/4/6 14020/4/6
f 14012/1/6 14016/1/6 14020/1/6
f 14020/1/6 14016/1/6 14021/1/6
f 14017/1/6 14018/1/6 14022/1/6
f 14014/5/6 14015/5/6 14023/5/6
f 14015/4/6 14020/4/6 14024/4/6
f 14023/5/6 14015/5/6 14024/5/6
f 14020/5/6 14021/5/6 14025/5/6
f 14024/4/6 14020/4/6 14025/4/6
f 14025/5/6 14021/5/6 14026/5/6
f 14022/1/6 14018/1/6 14029/1/6
f 14023/1/6 14024/1/6 14030/1/6
f 14024/4/6 14025/4/6 14031/4/6
f 14030/1/6 14024/1/6 14031/1/6
f 14025/1/6 14026/1/6 14032/1/6
f 14031/4/6 14025/4/6 14032/4/6
f 14026/5/6 14027/5/6 14033/5/6
f 14032/1/6 14026/1/6 14033/1/6
f 14033/5/6 14027/5/6 14034/5/6
f 14028/4/6 14029/4/6 14035/4/6
f 14029/1/6 14018/1/6 14036/1/6
f 14036/1/6 14018/1/6 14037/1/6
f 14031/1/6 14032/1/6 14038/1/6
f 14032/4/6 14033/4/6 14039/4/6
f 14038/1/6 14032/1/6 14039/1/6
f 14033/5/6 14034/5/6 14040/5/6
f 14039/4/6 14033/4/6 14040/4/6
f 14034/1/6 14035/1/6 14041/1/6
f 14040/5/6 14034/5/6 14041/5/6
f 14029/1/6 14036/1/6 14042/1/6
f 14042/1/6 14036/1/6 14043/1/6
f 14039/4/6 14040/4/6 14044/4/6
f 14040/1/6 14041/1/6 14045/1/6
f 14044/4/6 14040/4/6 14045/4/6
f 14041/1/6 14035/1/6 14046/1/6
f 14045/1/6 14041/1/6 14046/1/6
f 14029/1/6 14042/1/6 14047/1/6
f 14035/4/6 14029/4/6 14047/4/6
f 14047/1/6 14042/1/6 14048/1/6
f 14045/4/6 14046/4/6 14049/4/6
f 14046/1/6 14035/1/6 14050/1/6
f 14049/4/6 14046/4/6 14050/4/6
f 14050/1/6 14035/1/6 14051/1/6
f 14051/1/6 14035/1/6 14052/1/6
f 14035/4/6 14047/4/6 14053/4/6
f 14052/1/6 14035/1/6 14053/1/6
f 14053/4/6 14047/4/6 14054/4/6
f 14051/1/6 14052/1/6 14055/1/6
f 14055/1/6 14052/1/6 14056/1/6
f 14057/1/6 14058/1/6 14061/1/6
f 14058/4/6 14059/4/6 14062/4/6
f 14058/4/6 14062/4/6 14064/4/6
f 14062/5/6 14063/5/6 14064/5/6
f 14064/5/6 14063/5/6 14065/5/6
f 14060/1/6 14061/1/6 14066/1/6
f 14061/1/6 14058/1/6 14067/1/6
f 14066/1/6 14061/1/6 14067/1/6
f 14058/4/6 14064/4/6 14068/4/6
f 14064/1/6 14065/1/6 14068/1/6
f 14068/1/6 14065/1/6 14069/1/6
f 14067/1/6 14058/1/6 14070/1/6
f 14058/4/6 14068/4/6 14070/4/6
f 14068/5/6 14069/5/6 14071/5/6
f 14070/4/6 14068/4/6 14071/4/6
f 14071/5/6 14069/5/6 14072/5/6
f 14066/5/6 14067/5/6 14073/5/6
f 14067/1/6 14070/1/6 14074/1/6
f 14073/5/6 14067/5/6 14074/5/6
f 14070/1/6 14071/1/6 14074/1/6
f 14071/4/6 14072/4/6 14075/4/6
f 14074/1/6 14071/1/6 14075/1/6
f 14075/4/6 14072/4/6 14076/4/6
f 14074/1/6 14075/1/6 14077/1/6
f 14077/1/6 14075/1/6 14078/1/6
