# MagicaVoxel @ Ephtracy

# group
o 

# material
mtllib VR Токарев клумба.mtl
usemtl palette

# normals
vn -1 0 0
vn 1 0 0
vn 0 0 1
vn 0 0 -1
vn 0 -1 0
vn 0 1 0

# texcoords
vt 0.0410156 0.5
vt 0.0644531 0.5
vt 0.263672 0.5
vt 0.369141 0.5
vt 0.451172 0.5
vt 0.544922 0.5
vt 0.771484 0.5
vt 0.869141 0.5
vt 0.900391 0.5
vt 0.904297 0.5

# verts
v -0.8 0.1 1.7
v -0.8 0.1 -1.6
v -0.8 0.2 1.5
v -0.8 0.2 1.4
v -0.8 0.2 1.1
v -0.8 0.2 1
v -0.8 0.2 0.7
v -0.8 0.2 0.6
v -0.8 0.2 0.3
v -0.8 0.2 0.2
v -0.8 0.2 -0.1
v -0.8 0.2 -0.2
v -0.8 0.2 -0.5
v -0.8 0.2 -0.6
v -0.8 0.2 -0.9
v -0.8 0.2 -1
v -0.8 0.2 -1.3
v -0.8 0.2 -1.4
v -0.8 0.3 1.6
v -0.8 0.3 1.5
v -0.8 0.3 1.4
v -0.8 0.3 1.3
v -0.8 0.3 1.2
v -0.8 0.3 1.1
v -0.8 0.3 1
v -0.8 0.3 0.9
v -0.8 0.3 0.8
v -0.8 0.3 0.7
v -0.8 0.3 0.6
v -0.8 0.3 0.5
v -0.8 0.3 0.4
v -0.8 0.3 0.3
v -0.8 0.3 0.2
v -0.8 0.3 0.0999999
v -0.8 0.3 -1.19209e-07
v -0.8 0.3 -0.1
v -0.8 0.3 -0.2
v -0.8 0.3 -0.3
v -0.8 0.3 -0.4
v -0.8 0.3 -0.5
v -0.8 0.3 -0.6
v -0.8 0.3 -0.7
v -0.8 0.3 -0.8
v -0.8 0.3 -0.9
v -0.8 0.3 -1
v -0.8 0.3 -1.1
v -0.8 0.3 -1.2
v -0.8 0.3 -1.3
v -0.8 0.3 -1.4
v -0.8 0.3 -1.5
v -0.8 0.4 1.6
v -0.8 0.4 1.5
v -0.8 0.4 1.4
v -0.8 0.4 1.3
v -0.8 0.4 1.2
v -0.8 0.4 1.1
v -0.8 0.4 1
v -0.8 0.4 0.9
v -0.8 0.4 0.8
v -0.8 0.4 0.7
v -0.8 0.4 0.6
v -0.8 0.4 0.5
v -0.8 0.4 0.4
v -0.8 0.4 0.3
v -0.8 0.4 0.2
v -0.8 0.4 0.0999999
v -0.8 0.4 -1.19209e-07
v -0.8 0.4 -0.1
v -0.8 0.4 -0.2
v -0.8 0.4 -0.3
v -0.8 0.4 -0.4
v -0.8 0.4 -0.5
v -0.8 0.4 -0.6
v -0.8 0.4 -0.7
v -0.8 0.4 -0.8
v -0.8 0.4 -0.9
v -0.8 0.4 -1
v -0.8 0.4 -1.1
v -0.8 0.4 -1.2
v -0.8 0.4 -1.3
v -0.8 0.4 -1.4
v -0.8 0.4 -1.5
v -0.8 0.5 1.6
v -0.8 0.5 1.5
v -0.8 0.5 1.4
v -0.8 0.5 1.3
v -0.8 0.5 1.2
v -0.8 0.5 1.1
v -0.8 0.5 1
v -0.8 0.5 0.9
v -0.8 0.5 0.8
v -0.8 0.5 0.7
v -0.8 0.5 0.6
v -0.8 0.5 0.5
v -0.8 0.5 0.4
v -0.8 0.5 0.3
v -0.8 0.5 0.2
v -0.8 0.5 0.0999999
v -0.8 0.5 -1.19209e-07
v -0.8 0.5 -0.1
v -0.8 0.5 -0.2
v -0.8 0.5 -0.3
v -0.8 0.5 -0.4
v -0.8 0.5 -0.5
v -0.8 0.5 -0.6
v -0.8 0.5 -0.7
v -0.8 0.5 -0.8
v -0.8 0.5 -0.9
v -0.8 0.5 -1
v -0.8 0.5 -1.1
v -0.8 0.5 -1.2
v -0.8 0.5 -1.3
v -0.8 0.5 -1.4
v -0.8 0.5 -1.5
v -0.8 0.6 1.6
v -0.8 0.6 1.3
v -0.8 0.6 1.2
v -0.8 0.6 0.9
v -0.8 0.6 0.8
v -0.8 0.6 0.5
v -0.8 0.6 0.4
v -0.8 0.6 0.0999999
v -0.8 0.6 -1.19209e-07
v -0.8 0.6 -0.3
v -0.8 0.6 -0.4
v -0.8 0.6 -0.7
v -0.8 0.6 -0.8
v -0.8 0.6 -1.1
v -0.8 0.6 -1.2
v -0.8 0.6 -1.5
v -0.8 0.7 1.7
v -0.8 0.7 -1.6
v -0.7 0.2 1.5
v -0.7 0.2 1.4
v -0.7 0.2 1.1
v -0.7 0.2 1
v -0.7 0.2 0.7
v -0.7 0.2 0.6
v -0.7 0.2 0.3
v -0.7 0.2 0.2
v -0.7 0.2 -0.1
v -0.7 0.2 -0.2
v -0.7 0.2 -0.5
v -0.7 0.2 -0.6
v -0.7 0.2 -0.9
v -0.7 0.2 -1
v -0.7 0.2 -1.3
v -0.7 0.2 -1.4
v -0.7 0.3 1.6
v -0.7 0.3 1.5
v -0.7 0.3 1.4
v -0.7 0.3 1.3
v -0.7 0.3 1.2
v -0.7 0.3 1.1
v -0.7 0.3 1
v -0.7 0.3 0.9
v -0.7 0.3 0.8
v -0.7 0.3 0.7
v -0.7 0.3 0.6
v -0.7 0.3 0.5
v -0.7 0.3 0.4
v -0.7 0.3 0.3
v -0.7 0.3 0.2
v -0.7 0.3 0.0999999
v -0.7 0.3 -1.19209e-07
v -0.7 0.3 -0.1
v -0.7 0.3 -0.2
v -0.7 0.3 -0.3
v -0.7 0.3 -0.4
v -0.7 0.3 -0.5
v -0.7 0.3 -0.6
v -0.7 0.3 -0.7
v -0.7 0.3 -0.8
v -0.7 0.3 -0.9
v -0.7 0.3 -1
v -0.7 0.3 -1.1
v -0.7 0.3 -1.2
v -0.7 0.3 -1.3
v -0.7 0.3 -1.4
v -0.7 0.3 -1.5
v -0.7 0.4 1.6
v -0.7 0.4 1.5
v -0.7 0.4 1.4
v -0.7 0.4 1.3
v -0.7 0.4 1.2
v -0.7 0.4 1.1
v -0.7 0.4 1
v -0.7 0.4 0.9
v -0.7 0.4 0.8
v -0.7 0.4 0.7
v -0.7 0.4 0.6
v -0.7 0.4 0.5
v -0.7 0.4 0.4
v -0.7 0.4 0.3
v -0.7 0.4 0.2
v -0.7 0.4 0.0999999
v -0.7 0.4 -1.19209e-07
v -0.7 0.4 -0.1
v -0.7 0.4 -0.2
v -0.7 0.4 -0.3
v -0.7 0.4 -0.4
v -0.7 0.4 -0.5
v -0.7 0.4 -0.6
v -0.7 0.4 -0.7
v -0.7 0.4 -0.8
v -0.7 0.4 -0.9
v -0.7 0.4 -1
v -0.7 0.4 -1.1
v -0.7 0.4 -1.2
v -0.7 0.4 -1.3
v -0.7 0.4 -1.4
v -0.7 0.4 -1.5
v -0.6 0.7 -0.3
v -0.6 0.7 -0.4
v -0.6 0.8 0.7
v -0.6 0.8 0.6
v -0.6 0.8 -0.3
v -0.6 0.8 -0.4
v -0.6 0.9 0.7
v -0.6 0.9 0.6
v -0.5 0.2 1.7
v -0.5 0.2 1.6
v -0.5 0.2 -1.5
v -0.5 0.2 -1.6
v -0.5 0.3 1.7
v -0.5 0.3 1.6
v -0.5 0.3 -1.5
v -0.5 0.3 -1.6
v -0.5 0.4 1.7
v -0.5 0.4 1.6
v -0.5 0.4 0.7
v -0.5 0.4 0.6
v -0.5 0.4 -0.3
v -0.5 0.4 -0.4
v -0.5 0.4 -1.5
v -0.5 0.4 -1.6
v -0.5 0.5 1.7
v -0.5 0.5 1.6
v -0.5 0.5 -1.5
v -0.5 0.5 -1.6
v -0.5 0.6 -0.9
v -0.5 0.6 -1
v -0.5 0.7 -0.2
v -0.5 0.7 -0.3
v -0.5 0.7 -0.4
v -0.5 0.7 -0.5
v -0.5 0.7 -0.9
v -0.5 0.7 -1
v -0.5 0.8 0.8
v -0.5 0.8 0.7
v -0.5 0.8 0.6
v -0.5 0.8 0.5
v -0.5 0.8 -0.2
v -0.5 0.8 -0.3
v -0.5 0.8 -0.4
v -0.5 0.8 -0.5
v -0.5 0.9 0.8
v -0.5 0.9 0.7
v -0.5 0.9 0.6
v -0.5 0.9 0.5
v -0.5 0.9 -0.9
v -0.5 0.9 -1
v -0.5 1 -0.9
v -0.5 1 -1
v -0.4 0.3 1.7
v -0.4 0.3 1.6
v -0.4 0.3 -1.5
v -0.4 0.3 -1.6
v -0.4 0.4 1.7
v -0.4 0.4 1.6
v -0.4 0.4 -0.9
v -0.4 0.4 -1
v -0.4 0.4 -1.5
v -0.4 0.4 -1.6
v -0.4 0.5 1.7
v -0.4 0.5 1.6
v -0.4 0.5 -1.5
v -0.4 0.5 -1.6
v -0.4 0.6 1.7
v -0.4 0.6 1.6
v -0.4 0.6 -0.9
v -0.4 0.6 -1
v -0.4 0.6 -1.5
v -0.4 0.6 -1.6
v -0.4 0.7 -0.9
v -0.4 0.7 -1
v -0.4 0.8 0.0999999
v -0.4 0.8 -1.19209e-07
v -0.4 0.9 1.1
v -0.4 0.9 1
v -0.4 0.9 0.0999999
v -0.4 0.9 -1.19209e-07
v -0.4 0.9 -0.8
v -0.4 0.9 -0.9
v -0.4 0.9 -1
v -0.4 0.9 -1.1
v -0.4 1 1.1
v -0.4 1 1
v -0.4 1 -0.8
v -0.4 1 -0.9
v -0.4 1 -1
v -0.4 1 -1.1
v -0.3 0.4 1.3
v -0.3 0.4 1.2
v -0.3 0.4 0.0999999
v -0.3 0.4 -1.19209e-07
v -0.3 0.6 1.2
v -0.3 0.6 1.1
v -0.3 0.7 1.3
v -0.3 0.7 1.2
v -0.3 0.7 1.1
v -0.3 0.7 1
v -0.3 0.8 1.2
v -0.3 0.8 1.1
v -0.3 0.8 0.2
v -0.3 0.8 0.0999999
v -0.3 0.8 -1.19209e-07
v -0.3 0.8 -0.1
v -0.3 0.9 1.2
v -0.3 0.9 1.1
v -0.3 0.9 1
v -0.3 0.9 0.9
v -0.3 0.9 0.2
v -0.3 0.9 0.0999999
v -0.3 0.9 -1.19209e-07
v -0.3 0.9 -0.1
v -0.3 1 1.2
v -0.3 1 1.1
v -0.3 1 1
v -0.3 1 0.9
v -0.2 0.8 -1.2
v -0.2 0.8 -1.3
v -0.2 0.9 -1.2
v -0.2 0.9 -1.3
v -0.1 0.2 1.7
v -0.1 0.2 1.6
v -0.1 0.2 -1.5
v -0.1 0.2 -1.6
v -0.1 0.3 1.7
v -0.1 0.3 1.6
v -0.1 0.3 -1.5
v -0.1 0.3 -1.6
v -0.1 0.4 1.7
v -0.1 0.4 1.6
v -0.1 0.4 -1.2
v -0.1 0.4 -1.3
v -0.1 0.4 -1.5
v -0.1 0.4 -1.6
v -0.1 0.5 1.7
v -0.1 0.5 1.6
v -0.1 0.5 -1.5
v -0.1 0.5 -1.6
v -0.1 0.6 -1.1
v -0.1 0.6 -1.2
v -0.1 0.7 -1.1
v -0.1 0.7 -1.2
v -0.1 0.8 -0.7
v -0.1 0.8 -0.8
v -0.1 0.8 -1.1
v -0.1 0.8 -1.2
v -0.1 0.8 -1.3
v -0.1 0.8 -1.4
v -0.1 0.9 -0.7
v -0.1 0.9 -0.8
v -0.1 0.9 -1.1
v -0.1 0.9 -1.2
v -0.1 0.9 -1.3
v -0.1 0.9 -1.4
v 5.96046e-08 0.3 1.7
v 5.96046e-08 0.3 1.6
v 5.96046e-08 0.3 -1.5
v 5.96046e-08 0.3 -1.6
v 5.96046e-08 0.4 1.7
v 5.96046e-08 0.4 1.6
v 5.96046e-08 0.4 -0.7
v 5.96046e-08 0.4 -0.8
v 5.96046e-08 0.4 -1.5
v 5.96046e-08 0.4 -1.6
v 5.96046e-08 0.5 1.7
v 5.96046e-08 0.5 1.6
v 5.96046e-08 0.5 -0.6
v 5.96046e-08 0.5 -0.7
v 5.96046e-08 0.5 -1.5
v 5.96046e-08 0.5 -1.6
v 5.96046e-08 0.6 1.7
v 5.96046e-08 0.6 1.6
v 5.96046e-08 0.6 -0.6
v 5.96046e-08 0.6 -0.7
v 5.96046e-08 0.6 -1.5
v 5.96046e-08 0.6 -1.6
v 5.96046e-08 0.8 1.1
v 5.96046e-08 0.8 1
v 5.96046e-08 0.8 0.3
v 5.96046e-08 0.8 0.2
v 5.96046e-08 0.8 -0.6
v 5.96046e-08 0.8 -0.7
v 5.96046e-08 0.8 -0.8
v 5.96046e-08 0.8 -0.9
v 5.96046e-08 0.9 1.1
v 5.96046e-08 0.9 1
v 5.96046e-08 0.9 0.3
v 5.96046e-08 0.9 0.2
v 5.96046e-08 0.9 -0.6
v 5.96046e-08 0.9 -0.7
v 5.96046e-08 0.9 -0.8
v 5.96046e-08 0.9 -0.9
v 0.1 0.4 1.1
v 0.1 0.4 1
v 0.1 0.4 0.3
v 0.1 0.4 0.2
v 0.1 0.5 0.2
v 0.1 0.5 0.0999999
v 0.1 0.6 0.2
v 0.1 0.6 0.0999999
v 0.1 0.8 1.2
v 0.1 0.8 1.1
v 0.1 0.8 1
v 0.1 0.8 0.9
v 0.1 0.8 0.4
v 0.1 0.8 0.3
v 0.1 0.8 0.2
v 0.1 0.8 0.0999999
v 0.1 0.9 1.2
v 0.1 0.9 1.1
v 0.1 0.9 1
v 0.1 0.9 0.9
v 0.1 0.9 0.4
v 0.1 0.9 0.3
v 0.1 0.9 0.2
v 0.1 0.9 0.0999999
v 0.3 0.2 1.7
v 0.3 0.2 1.6
v 0.3 0.2 -1.5
v 0.3 0.2 -1.6
v 0.3 0.3 1.7
v 0.3 0.3 1.6
v 0.3 0.3 -1.5
v 0.3 0.3 -1.6
v 0.3 0.4 1.7
v 0.3 0.4 1.6
v 0.3 0.4 -1.5
v 0.3 0.4 -1.6
v 0.3 0.5 1.7
v 0.3 0.5 1.6
v 0.3 0.5 -1.5
v 0.3 0.5 -1.6
v 0.4 0.3 1.7
v 0.4 0.3 1.6
v 0.4 0.3 -1.5
v 0.4 0.3 -1.6
v 0.4 0.4 1.7
v 0.4 0.4 1.6
v 0.4 0.4 -1.5
v 0.4 0.4 -1.6
v 0.4 0.5 1.7
v 0.4 0.5 1.6
v 0.4 0.5 0.3
v 0.4 0.5 0.2
v 0.4 0.5 -1.2
v 0.4 0.5 -1.3
v 0.4 0.5 -1.5
v 0.4 0.5 -1.6
v 0.4 0.6 1.7
v 0.4 0.6 1.6
v 0.4 0.6 0.3
v 0.4 0.6 0.2
v 0.4 0.6 -1.2
v 0.4 0.6 -1.3
v 0.4 0.6 -1.5
v 0.4 0.6 -1.6
v 0.4 0.7 -1.2
v 0.4 0.7 -1.3
v 0.4 0.8 0.9
v 0.4 0.8 0.8
v 0.4 0.8 0.3
v 0.4 0.8 0.2
v 0.4 0.8 -1.2
v 0.4 0.8 -1.3
v 0.4 0.9 0.9
v 0.4 0.9 0.8
v 0.4 0.9 0.3
v 0.4 0.9 0.2
v 0.4 0.9 -0.3
v 0.4 0.9 -0.4
v 0.4 1 -0.3
v 0.4 1 -0.4
v 0.5 0.4 1
v 0.5 0.4 0.9
v 0.5 0.4 0.3
v 0.5 0.4 0.2
v 0.5 0.4 -0.3
v 0.5 0.4 -0.4
v 0.5 0.4 -1.2
v 0.5 0.4 -1.3
v 0.5 0.5 0.3
v 0.5 0.5 0.2
v 0.5 0.5 -1.2
v 0.5 0.5 -1.3
v 0.5 0.6 0.9
v 0.5 0.6 0.8
v 0.5 0.6 0.3
v 0.5 0.6 0.2
v 0.5 0.6 -1.2
v 0.5 0.6 -1.3
v 0.5 0.7 1
v 0.5 0.7 0.9
v 0.5 0.7 -1.1
v 0.5 0.7 -1.2
v 0.5 0.7 -1.3
v 0.5 0.7 -1.4
v 0.5 0.8 1
v 0.5 0.8 0.9
v 0.5 0.8 0.8
v 0.5 0.8 0.7
v 0.5 0.8 0.4
v 0.5 0.8 0.3
v 0.5 0.8 0.2
v 0.5 0.8 0.0999999
v 0.5 0.8 -1.1
v 0.5 0.8 -1.2
v 0.5 0.8 -1.3
v 0.5 0.8 -1.4
v 0.5 0.9 1
v 0.5 0.9 0.9
v 0.5 0.9 0.8
v 0.5 0.9 0.7
v 0.5 0.9 0.4
v 0.5 0.9 0.3
v 0.5 0.9 0.2
v 0.5 0.9 0.0999999
v 0.5 0.9 -0.2
v 0.5 0.9 -0.3
v 0.5 0.9 -0.4
v 0.5 0.9 -0.5
v 0.5 1 -0.2
v 0.5 1 -0.3
v 0.5 1 -0.4
v 0.5 1 -0.5
v 0.7 0.2 1.7
v 0.7 0.2 1.6
v 0.7 0.2 -1.5
v 0.7 0.2 -1.6
v 0.7 0.3 1.7
v 0.7 0.3 1.6
v 0.7 0.3 -1.5
v 0.7 0.3 -1.6
v 0.7 0.4 1.7
v 0.7 0.4 1.6
v 0.7 0.4 -1.5
v 0.7 0.4 -1.6
v 0.7 0.5 1.7
v 0.7 0.5 1.6
v 0.7 0.5 -1.5
v 0.7 0.5 -1.6
v 0.8 0.3 1.7
v 0.8 0.3 1.6
v 0.8 0.3 -1.5
v 0.8 0.3 -1.6
v 0.8 0.4 1.7
v 0.8 0.4 1.6
v 0.8 0.4 1.5
v 0.8 0.4 1.4
v 0.8 0.4 1.3
v 0.8 0.4 1.2
v 0.8 0.4 1.1
v 0.8 0.4 1
v 0.8 0.4 0.7
v 0.8 0.4 0.6
v 0.8 0.4 0.3
v 0.8 0.4 0.2
v 0.8 0.4 -0.1
v 0.8 0.4 -0.2
v 0.8 0.4 -0.4
v 0.8 0.4 -0.5
v 0.8 0.4 -0.6
v 0.8 0.4 -0.9
v 0.8 0.4 -1
v 0.8 0.4 -1.3
v 0.8 0.4 -1.4
v 0.8 0.4 -1.5
v 0.8 0.4 -1.6
v 0.8 0.5 1.7
v 0.8 0.5 1.6
v 0.8 0.5 1.5
v 0.8 0.5 1.4
v 0.8 0.5 1.3
v 0.8 0.5 1.2
v 0.8 0.5 1.1
v 0.8 0.5 1
v 0.8 0.5 0.9
v 0.8 0.5 0.8
v 0.8 0.5 0.7
v 0.8 0.5 0.6
v 0.8 0.5 0.5
v 0.8 0.5 0.4
v 0.8 0.5 0.3
v 0.8 0.5 0.2
v 0.8 0.5 0.0999999
v 0.8 0.5 -1.19209e-07
v 0.8 0.5 -0.1
v 0.8 0.5 -0.2
v 0.8 0.5 -0.3
v 0.8 0.5 -0.4
v 0.8 0.5 -0.5
v 0.8 0.5 -0.6
v 0.8 0.5 -0.7
v 0.8 0.5 -0.8
v 0.8 0.5 -0.9
v 0.8 0.5 -1
v 0.8 0.5 -1.1
v 0.8 0.5 -1.2
v 0.8 0.5 -1.3
v 0.8 0.5 -1.4
v 0.8 0.5 -1.5
v 0.8 0.5 -1.6
v 0.8 0.6 1.7
v 0.8 0.6 1.6
v 0.8 0.6 1.3
v 0.8 0.6 1.2
v 0.8 0.6 0.9
v 0.8 0.6 0.8
v 0.8 0.6 0.5
v 0.8 0.6 0.4
v 0.8 0.6 0.0999999
v 0.8 0.6 -1.19209e-07
v 0.8 0.6 -0.3
v 0.8 0.6 -0.4
v 0.8 0.6 -0.7
v 0.8 0.6 -0.8
v 0.8 0.6 -1.1
v 0.8 0.6 -1.2
v 0.8 0.6 -1.5
v 0.8 0.6 -1.6
v 0.8 0.7 1.6
v 0.8 0.7 -1.5
v -0.7 0.3 1.7
v -0.7 0.3 1.6
v -0.7 0.3 -1.5
v -0.7 0.3 -1.6
v -0.7 0.4 1.7
v -0.7 0.4 1.6
v -0.7 0.4 1.5
v -0.7 0.4 1.4
v -0.7 0.4 1.3
v -0.7 0.4 1.2
v -0.7 0.4 1.1
v -0.7 0.4 1
v -0.7 0.4 0.7
v -0.7 0.4 0.6
v -0.7 0.4 0.3
v -0.7 0.4 0.2
v -0.7 0.4 -0.1
v -0.7 0.4 -0.2
v -0.7 0.4 -0.5
v -0.7 0.4 -0.6
v -0.7 0.4 -0.9
v -0.7 0.4 -1
v -0.7 0.4 -1.3
v -0.7 0.4 -1.4
v -0.7 0.4 -1.5
v -0.7 0.4 -1.6
v -0.7 0.5 1.7
v -0.7 0.5 1.6
v -0.7 0.5 1.5
v -0.7 0.5 1.4
v -0.7 0.5 1.3
v -0.7 0.5 1.2
v -0.7 0.5 1.1
v -0.7 0.5 1
v -0.7 0.5 0.9
v -0.7 0.5 0.8
v -0.7 0.5 0.7
v -0.7 0.5 0.6
v -0.7 0.5 0.5
v -0.7 0.5 0.4
v -0.7 0.5 0.3
v -0.7 0.5 0.2
v -0.7 0.5 0.0999999
v -0.7 0.5 -1.19209e-07
v -0.7 0.5 -0.1
v -0.7 0.5 -0.2
v -0.7 0.5 -0.3
v -0.7 0.5 -0.4
v -0.7 0.5 -0.5
v -0.7 0.5 -0.6
v -0.7 0.5 -0.7
v -0.7 0.5 -0.8
v -0.7 0.5 -0.9
v -0.7 0.5 -1
v -0.7 0.5 -1.1
v -0.7 0.5 -1.2
v -0.7 0.5 -1.3
v -0.7 0.5 -1.4
v -0.7 0.5 -1.5
v -0.7 0.5 -1.6
v -0.7 0.6 1.7
v -0.7 0.6 1.6
v -0.7 0.6 1.3
v -0.7 0.6 1.2
v -0.7 0.6 0.9
v -0.7 0.6 0.8
v -0.7 0.6 0.5
v -0.7 0.6 0.4
v -0.7 0.6 0.0999999
v -0.7 0.6 -1.19209e-07
v -0.7 0.6 -0.3
v -0.7 0.6 -0.4
v -0.7 0.6 -0.7
v -0.7 0.6 -0.8
v -0.7 0.6 -1.1
v -0.7 0.6 -1.2
v -0.7 0.6 -1.5
v -0.7 0.6 -1.6
v -0.7 0.7 1.6
v -0.7 0.7 -1.5
v -0.6 0.2 1.7
v -0.6 0.2 1.6
v -0.6 0.2 -1.5
v -0.6 0.2 -1.6
v -0.6 0.3 1.7
v -0.6 0.3 1.6
v -0.6 0.3 -1.5
v -0.6 0.3 -1.6
v -0.6 0.4 1.7
v -0.6 0.4 1.6
v -0.6 0.4 -1.5
v -0.6 0.4 -1.6
v -0.6 0.5 1.7
v -0.6 0.5 1.6
v -0.6 0.5 -1.5
v -0.6 0.5 -1.6
v -0.4 0.4 0.7
v -0.4 0.4 0.6
v -0.4 0.4 -0.3
v -0.4 0.4 -0.4
v -0.4 0.7 -0.2
v -0.4 0.7 -0.3
v -0.4 0.7 -0.4
v -0.4 0.7 -0.5
v -0.4 0.8 0.8
v -0.4 0.8 0.7
v -0.4 0.8 0.6
v -0.4 0.8 0.5
v -0.4 0.8 -0.2
v -0.4 0.8 -0.3
v -0.4 0.8 -0.4
v -0.4 0.8 -0.5
v -0.4 0.9 0.8
v -0.4 0.9 0.7
v -0.4 0.9 0.6
v -0.4 0.9 0.5
v -0.3 0.3 1.7
v -0.3 0.3 1.6
v -0.3 0.3 -1.5
v -0.3 0.3 -1.6
v -0.3 0.4 1.7
v -0.3 0.4 1.6
v -0.3 0.4 -0.9
v -0.3 0.4 -1
v -0.3 0.4 -1.5
v -0.3 0.4 -1.6
v -0.3 0.5 1.7
v -0.3 0.5 1.6
v -0.3 0.5 -1.5
v -0.3 0.5 -1.6
v -0.3 0.6 1.7
v -0.3 0.6 1.6
v -0.3 0.6 -1.5
v -0.3 0.6 -1.6
v -0.3 0.7 -0.3
v -0.3 0.7 -0.4
v -0.3 0.8 0.7
v -0.3 0.8 0.6
v -0.3 0.8 -0.3
v -0.3 0.8 -0.4
v -0.3 0.9 0.7
v -0.3 0.9 0.6
v -0.3 0.9 -0.8
v -0.3 0.9 -0.9
v -0.3 0.9 -1
v -0.3 0.9 -1.1
v -0.3 1 -0.8
v -0.3 1 -0.9
v -0.3 1 -1
v -0.3 1 -1.1
v -0.2 0.2 1.7
v -0.2 0.2 1.6
v -0.2 0.2 -1.5
v -0.2 0.2 -1.6
v -0.2 0.3 1.7
v -0.2 0.3 1.6
v -0.2 0.3 -1.5
v -0.2 0.3 -1.6
v -0.2 0.4 1.7
v -0.2 0.4 1.6
v -0.2 0.4 1.3
v -0.2 0.4 1.2
v -0.2 0.4 0.0999999
v -0.2 0.4 -1.19209e-07
v -0.2 0.4 -1.5
v -0.2 0.4 -1.6
v -0.2 0.5 1.7
v -0.2 0.5 1.6
v -0.2 0.5 -1.5
v -0.2 0.5 -1.6
v -0.2 0.6 1.2
v -0.2 0.6 1.1
v -0.2 0.7 1.3
v -0.2 0.7 1.2
v -0.2 0.7 1.1
v -0.2 0.7 1
v -0.2 0.8 1.2
v -0.2 0.8 1.1
v -0.2 0.8 0.2
v -0.2 0.8 0.0999999
v -0.2 0.8 -1.19209e-07
v -0.2 0.8 -0.1
v -0.2 0.9 1.2
v -0.2 0.9 1.1
v -0.2 0.9 1
v -0.2 0.9 0.9
v -0.2 0.9 0.2
v -0.2 0.9 0.0999999
v -0.2 0.9 -1.19209e-07
v -0.2 0.9 -0.1
v -0.2 0.9 -0.9
v -0.2 0.9 -1
v -0.2 1 1.2
v -0.2 1 1.1
v -0.2 1 1
v -0.2 1 0.9
v -0.2 1 -0.9
v -0.2 1 -1
v -0.1 0.8 0.0999999
v -0.1 0.8 -1.19209e-07
v -0.1 0.9 1.1
v -0.1 0.9 1
v -0.1 0.9 0.0999999
v -0.1 0.9 -1.19209e-07
v -0.1 1 1.1
v -0.1 1 1
v 5.96046e-08 0.4 -1.2
v 5.96046e-08 0.4 -1.3
v 5.96046e-08 0.6 -1.1
v 5.96046e-08 0.6 -1.2
v 5.96046e-08 0.7 -1.1
v 5.96046e-08 0.7 -1.2
v 5.96046e-08 0.8 -1.1
v 5.96046e-08 0.8 -1.2
v 5.96046e-08 0.8 -1.3
v 5.96046e-08 0.8 -1.4
v 5.96046e-08 0.9 -1.1
v 5.96046e-08 0.9 -1.2
v 5.96046e-08 0.9 -1.3
v 5.96046e-08 0.9 -1.4
v 0.1 0.3 1.7
v 0.1 0.3 1.6
v 0.1 0.3 -1.5
v 0.1 0.3 -1.6
v 0.1 0.4 1.7
v 0.1 0.4 1.6
v 0.1 0.4 -0.7
v 0.1 0.4 -0.8
v 0.1 0.4 -1.5
v 0.1 0.4 -1.6
v 0.1 0.5 1.7
v 0.1 0.5 1.6
v 0.1 0.5 -0.6
v 0.1 0.5 -0.7
v 0.1 0.5 -1.5
v 0.1 0.5 -1.6
v 0.1 0.6 1.7
v 0.1 0.6 1.6
v 0.1 0.6 -0.6
v 0.1 0.6 -0.7
v 0.1 0.6 -1.5
v 0.1 0.6 -1.6
v 0.1 0.8 -0.6
v 0.1 0.8 -0.7
v 0.1 0.8 -0.8
v 0.1 0.8 -0.9
v 0.1 0.8 -1.2
v 0.1 0.8 -1.3
v 0.1 0.9 -0.6
v 0.1 0.9 -0.7
v 0.1 0.9 -0.8
v 0.1 0.9 -0.9
v 0.1 0.9 -1.2
v 0.1 0.9 -1.3
v 0.2 0.2 1.7
v 0.2 0.2 1.6
v 0.2 0.2 -1.5
v 0.2 0.2 -1.6
v 0.2 0.3 1.7
v 0.2 0.3 1.6
v 0.2 0.3 -1.5
v 0.2 0.3 -1.6
v 0.2 0.4 1.7
v 0.2 0.4 1.6
v 0.2 0.4 1.1
v 0.2 0.4 1
v 0.2 0.4 0.3
v 0.2 0.4 0.2
v 0.2 0.4 -1.5
v 0.2 0.4 -1.6
v 0.2 0.5 1.7
v 0.2 0.5 1.6
v 0.2 0.5 1.1
v 0.2 0.5 1
v 0.2 0.5 0.2
v 0.2 0.5 0.0999999
v 0.2 0.5 -1.5
v 0.2 0.5 -1.6
v 0.2 0.6 1.1
v 0.2 0.6 1
v 0.2 0.6 0.2
v 0.2 0.6 0.0999999
v 0.2 0.8 1.2
v 0.2 0.8 1.1
v 0.2 0.8 1
v 0.2 0.8 0.9
v 0.2 0.8 0.4
v 0.2 0.8 0.3
v 0.2 0.8 0.2
v 0.2 0.8 0.0999999
v 0.2 0.8 -0.7
v 0.2 0.8 -0.8
v 0.2 0.9 1.2
v 0.2 0.9 1.1
v 0.2 0.9 1
v 0.2 0.9 0.9
v 0.2 0.9 0.4
v 0.2 0.9 0.3
v 0.2 0.9 0.2
v 0.2 0.9 0.0999999
v 0.2 0.9 -0.7
v 0.2 0.9 -0.8
v 0.3 0.5 1.1
v 0.3 0.5 1
v 0.3 0.6 1.1
v 0.3 0.6 1
v 0.3 0.8 1.1
v 0.3 0.8 1
v 0.3 0.8 0.3
v 0.3 0.8 0.2
v 0.3 0.9 1.1
v 0.3 0.9 1
v 0.3 0.9 0.3
v 0.3 0.9 0.2
v 0.5 0.3 1.7
v 0.5 0.3 1.6
v 0.5 0.3 -1.5
v 0.5 0.3 -1.6
v 0.5 0.4 1.7
v 0.5 0.4 1.6
v 0.5 0.4 -1.5
v 0.5 0.4 -1.6
v 0.5 0.5 1.7
v 0.5 0.5 1.6
v 0.5 0.5 -1.5
v 0.5 0.5 -1.6
v 0.5 0.6 1.7
v 0.5 0.6 1.6
v 0.5 0.6 -1.5
v 0.5 0.6 -1.6
v 0.6 0.2 1.7
v 0.6 0.2 1.6
v 0.6 0.2 -1.5
v 0.6 0.2 -1.6
v 0.6 0.3 1.7
v 0.6 0.3 1.6
v 0.6 0.3 -1.5
v 0.6 0.3 -1.6
v 0.6 0.4 1.7
v 0.6 0.4 1.6
v 0.6 0.4 1
v 0.6 0.4 0.9
v 0.6 0.4 0.3
v 0.6 0.4 0.2
v 0.6 0.4 -0.3
v 0.6 0.4 -0.4
v 0.6 0.4 -1.2
v 0.6 0.4 -1.3
v 0.6 0.4 -1.5
v 0.6 0.4 -1.6
v 0.6 0.5 1.7
v 0.6 0.5 1.6
v 0.6 0.5 -1.5
v 0.6 0.5 -1.6
v 0.6 0.6 0.9
v 0.6 0.6 0.8
v 0.6 0.7 1
v 0.6 0.7 0.9
v 0.6 0.7 -1.1
v 0.6 0.7 -1.2
v 0.6 0.7 -1.3
v 0.6 0.7 -1.4
v 0.6 0.8 1
v 0.6 0.8 0.9
v 0.6 0.8 0.8
v 0.6 0.8 0.7
v 0.6 0.8 0.4
v 0.6 0.8 0.3
v 0.6 0.8 0.2
v 0.6 0.8 0.0999999
v 0.6 0.8 -1.1
v 0.6 0.8 -1.2
v 0.6 0.8 -1.3
v 0.6 0.8 -1.4
v 0.6 0.9 1
v 0.6 0.9 0.9
v 0.6 0.9 0.8
v 0.6 0.9 0.7
v 0.6 0.9 0.4
v 0.6 0.9 0.3
v 0.6 0.9 0.2
v 0.6 0.9 0.0999999
v 0.6 0.9 -0.2
v 0.6 0.9 -0.3
v 0.6 0.9 -0.4
v 0.6 0.9 -0.5
v 0.6 1 -0.2
v 0.6 1 -0.3
v 0.6 1 -0.4
v 0.6 1 -0.5
v 0.7 0.7 -1.2
v 0.7 0.7 -1.3
v 0.7 0.8 0.9
v 0.7 0.8 0.8
v 0.7 0.8 0.3
v 0.7 0.8 0.2
v 0.7 0.8 -1.2
v 0.7 0.8 -1.3
v 0.7 0.9 0.9
v 0.7 0.9 0.8
v 0.7 0.9 0.3
v 0.7 0.9 0.2
v 0.7 0.9 -0.3
v 0.7 0.9 -0.4
v 0.7 1 -0.3
v 0.7 1 -0.4
v 0.8 0.2 1.5
v 0.8 0.2 1.4
v 0.8 0.2 1.1
v 0.8 0.2 1
v 0.8 0.2 0.7
v 0.8 0.2 0.6
v 0.8 0.2 0.3
v 0.8 0.2 0.2
v 0.8 0.2 -0.1
v 0.8 0.2 -0.2
v 0.8 0.2 -0.5
v 0.8 0.2 -0.6
v 0.8 0.2 -0.9
v 0.8 0.2 -1
v 0.8 0.2 -1.3
v 0.8 0.2 -1.4
v 0.8 0.3 1.6
v 0.8 0.3 1.5
v 0.8 0.3 1.4
v 0.8 0.3 1.3
v 0.8 0.3 1.2
v 0.8 0.3 1.1
v 0.8 0.3 1
v 0.8 0.3 0.9
v 0.8 0.3 0.8
v 0.8 0.3 0.7
v 0.8 0.3 0.6
v 0.8 0.3 0.5
v 0.8 0.3 0.4
v 0.8 0.3 0.3
v 0.8 0.3 0.2
v 0.8 0.3 0.0999999
v 0.8 0.3 -1.19209e-07
v 0.8 0.3 -0.1
v 0.8 0.3 -0.2
v 0.8 0.3 -0.3
v 0.8 0.3 -0.4
v 0.8 0.3 -0.5
v 0.8 0.3 -0.6
v 0.8 0.3 -0.7
v 0.8 0.3 -0.8
v 0.8 0.3 -0.9
v 0.8 0.3 -1
v 0.8 0.3 -1.1
v 0.8 0.3 -1.2
v 0.8 0.3 -1.3
v 0.8 0.3 -1.4
v 0.8 0.3 -1.5
v 0.8 0.4 1.6
v 0.8 0.4 1.5
v 0.8 0.4 1.4
v 0.8 0.4 1.3
v 0.8 0.4 1.2
v 0.8 0.4 1.1
v 0.8 0.4 1
v 0.8 0.4 0.9
v 0.8 0.4 0.8
v 0.8 0.4 0.7
v 0.8 0.4 0.6
v 0.8 0.4 0.5
v 0.8 0.4 0.4
v 0.8 0.4 0.3
v 0.8 0.4 0.2
v 0.8 0.4 0.0999999
v 0.8 0.4 -1.19209e-07
v 0.8 0.4 -0.1
v 0.8 0.4 -0.2
v 0.8 0.4 -0.3
v 0.8 0.4 -0.4
v 0.8 0.4 -0.5
v 0.8 0.4 -0.6
v 0.8 0.4 -0.7
v 0.8 0.4 -0.8
v 0.8 0.4 -0.9
v 0.8 0.4 -1
v 0.8 0.4 -1.1
v 0.8 0.4 -1.2
v 0.8 0.4 -1.3
v 0.8 0.4 -1.4
v 0.8 0.4 -1.5
v 0.9 0.1 1.7
v 0.9 0.1 -1.6
v 0.9 0.2 1.5
v 0.9 0.2 1.4
v 0.9 0.2 1.1
v 0.9 0.2 1
v 0.9 0.2 0.7
v 0.9 0.2 0.6
v 0.9 0.2 0.3
v 0.9 0.2 0.2
v 0.9 0.2 -0.1
v 0.9 0.2 -0.2
v 0.9 0.2 -0.5
v 0.9 0.2 -0.6
v 0.9 0.2 -0.9
v 0.9 0.2 -1
v 0.9 0.2 -1.3
v 0.9 0.2 -1.4
v 0.9 0.3 1.6
v 0.9 0.3 1.5
v 0.9 0.3 1.4
v 0.9 0.3 1.3
v 0.9 0.3 1.2
v 0.9 0.3 1.1
v 0.9 0.3 1
v 0.9 0.3 0.9
v 0.9 0.3 0.8
v 0.9 0.3 0.7
v 0.9 0.3 0.6
v 0.9 0.3 0.5
v 0.9 0.3 0.4
v 0.9 0.3 0.3
v 0.9 0.3 0.2
v 0.9 0.3 0.0999999
v 0.9 0.3 -1.19209e-07
v 0.9 0.3 -0.1
v 0.9 0.3 -0.2
v 0.9 0.3 -0.3
v 0.9 0.3 -0.4
v 0.9 0.3 -0.5
v 0.9 0.3 -0.6
v 0.9 0.3 -0.7
v 0.9 0.3 -0.8
v 0.9 0.3 -0.9
v 0.9 0.3 -1
v 0.9 0.3 -1.1
v 0.9 0.3 -1.2
v 0.9 0.3 -1.3
v 0.9 0.3 -1.4
v 0.9 0.3 -1.5
v 0.9 0.4 1.6
v 0.9 0.4 1.5
v 0.9 0.4 1.4
v 0.9 0.4 1.3
v 0.9 0.4 1.2
v 0.9 0.4 1.1
v 0.9 0.4 1
v 0.9 0.4 0.9
v 0.9 0.4 0.8
v 0.9 0.4 0.7
v 0.9 0.4 0.6
v 0.9 0.4 0.5
v 0.9 0.4 0.4
v 0.9 0.4 0.3
v 0.9 0.4 0.2
v 0.9 0.4 0.0999999
v 0.9 0.4 -1.19209e-07
v 0.9 0.4 -0.1
v 0.9 0.4 -0.2
v 0.9 0.4 -0.3
v 0.9 0.4 -0.4
v 0.9 0.4 -0.5
v 0.9 0.4 -0.6
v 0.9 0.4 -0.7
v 0.9 0.4 -0.8
v 0.9 0.4 -0.9
v 0.9 0.4 -1
v 0.9 0.4 -1.1
v 0.9 0.4 -1.2
v 0.9 0.4 -1.3
v 0.9 0.4 -1.4
v 0.9 0.4 -1.5
v 0.9 0.5 1.6
v 0.9 0.5 1.5
v 0.9 0.5 1.4
v 0.9 0.5 1.3
v 0.9 0.5 1.2
v 0.9 0.5 1.1
v 0.9 0.5 1
v 0.9 0.5 0.9
v 0.9 0.5 0.8
v 0.9 0.5 0.7
v 0.9 0.5 0.6
v 0.9 0.5 0.5
v 0.9 0.5 0.4
v 0.9 0.5 0.3
v 0.9 0.5 0.2
v 0.9 0.5 0.0999999
v 0.9 0.5 -1.19209e-07
v 0.9 0.5 -0.1
v 0.9 0.5 -0.2
v 0.9 0.5 -0.3
v 0.9 0.5 -0.4
v 0.9 0.5 -0.5
v 0.9 0.5 -0.6
v 0.9 0.5 -0.7
v 0.9 0.5 -0.8
v 0.9 0.5 -0.9
v 0.9 0.5 -1
v 0.9 0.5 -1.1
v 0.9 0.5 -1.2
v 0.9 0.5 -1.3
v 0.9 0.5 -1.4
v 0.9 0.5 -1.5
v 0.9 0.6 1.6
v 0.9 0.6 1.3
v 0.9 0.6 1.2
v 0.9 0.6 0.9
v 0.9 0.6 0.8
v 0.9 0.6 0.5
v 0.9 0.6 0.4
v 0.9 0.6 0.0999999
v 0.9 0.6 -1.19209e-07
v 0.9 0.6 -0.3
v 0.9 0.6 -0.4
v 0.9 0.6 -0.7
v 0.9 0.6 -0.8
v 0.9 0.6 -1.1
v 0.9 0.6 -1.2
v 0.9 0.6 -1.5
v 0.9 0.7 1.7
v 0.9 0.7 -1.6
v -0.8 0.1 1.7
v -0.8 0.7 1.7
v -0.7 0.3 1.7
v -0.7 0.4 1.7
v -0.7 0.5 1.7
v -0.7 0.6 1.7
v -0.6 0.2 1.7
v -0.6 0.3 1.7
v -0.6 0.4 1.7
v -0.6 0.5 1.7
v -0.5 0.2 1.7
v -0.5 0.3 1.7
v -0.5 0.4 1.7
v -0.5 0.5 1.7
v -0.4 0.3 1.7
v -0.4 0.4 1.7
v -0.4 0.5 1.7
v -0.4 0.6 1.7
v -0.3 0.3 1.7
v -0.3 0.4 1.7
v -0.3 0.5 1.7
v -0.3 0.6 1.7
v -0.2 0.2 1.7
v -0.2 0.3 1.7
v -0.2 0.4 1.7
v -0.2 0.5 1.7
v -0.1 0.2 1.7
v -0.1 0.3 1.7
v -0.1 0.4 1.7
v -0.1 0.5 1.7
v 5.96046e-08 0.3 1.7
v 5.96046e-08 0.4 1.7
v 5.96046e-08 0.5 1.7
v 5.96046e-08 0.6 1.7
v 0.1 0.3 1.7
v 0.1 0.4 1.7
v 0.1 0.5 1.7
v 0.1 0.6 1.7
v 0.2 0.2 1.7
v 0.2 0.3 1.7
v 0.2 0.4 1.7
v 0.2 0.5 1.7
v 0.3 0.2 1.7
v 0.3 0.3 1.7
v 0.3 0.4 1.7
v 0.3 0.5 1.7
v 0.4 0.3 1.7
v 0.4 0.4 1.7
v 0.4 0.5 1.7
v 0.4 0.6 1.7
v 0.5 0.3 1.7
v 0.5 0.4 1.7
v 0.5 0.5 1.7
v 0.5 0.6 1.7
v 0.6 0.2 1.7
v 0.6 0.3 1.7
v 0.6 0.4 1.7
v 0.6 0.5 1.7
v 0.7 0.2 1.7
v 0.7 0.3 1.7
v 0.7 0.4 1.7
v 0.7 0.5 1.7
v 0.8 0.3 1.7
v 0.8 0.4 1.7
v 0.8 0.5 1.7
v 0.8 0.6 1.7
v 0.9 0.1 1.7
v 0.9 0.7 1.7
v -0.7 0.3 1.6
v -0.7 0.4 1.6
v -0.6 0.2 1.6
v -0.6 0.3 1.6
v -0.6 0.4 1.6
v -0.5 0.2 1.6
v -0.5 0.3 1.6
v -0.5 0.4 1.6
v -0.4 0.3 1.6
v -0.4 0.4 1.6
v -0.3 0.3 1.6
v -0.3 0.4 1.6
v -0.2 0.2 1.6
v -0.2 0.3 1.6
v -0.2 0.4 1.6
v -0.1 0.2 1.6
v -0.1 0.3 1.6
v -0.1 0.4 1.6
v 5.96046e-08 0.3 1.6
v 5.96046e-08 0.4 1.6
v 0.1 0.3 1.6
v 0.1 0.4 1.6
v 0.2 0.2 1.6
v 0.2 0.3 1.6
v 0.2 0.4 1.6
v 0.3 0.2 1.6
v 0.3 0.3 1.6
v 0.3 0.4 1.6
v 0.4 0.3 1.6
v 0.4 0.4 1.6
v 0.5 0.3 1.6
v 0.5 0.4 1.6
v 0.6 0.2 1.6
v 0.6 0.3 1.6
v 0.6 0.4 1.6
v 0.7 0.2 1.6
v 0.7 0.3 1.6
v 0.7 0.4 1.6
v 0.8 0.3 1.6
v 0.8 0.4 1.6
v -0.8 0.2 1.4
v -0.8 0.3 1.4
v -0.8 0.4 1.4
v -0.8 0.5 1.4
v -0.7 0.2 1.4
v -0.7 0.3 1.4
v -0.7 0.4 1.4
v -0.7 0.5 1.4
v 0.8 0.2 1.4
v 0.8 0.3 1.4
v 0.8 0.4 1.4
v 0.8 0.5 1.4
v 0.9 0.2 1.4
v 0.9 0.3 1.4
v 0.9 0.4 1.4
v 0.9 0.5 1.4
v -0.8 0.3 1.3
v -0.8 0.4 1.3
v -0.8 0.5 1.3
v -0.8 0.6 1.3
v -0.7 0.3 1.3
v -0.7 0.4 1.3
v -0.7 0.5 1.3
v -0.7 0.6 1.3
v -0.3 0.4 1.3
v -0.3 0.7 1.3
v -0.2 0.4 1.3
v -0.2 0.7 1.3
v 0.8 0.3 1.3
v 0.8 0.4 1.3
v 0.8 0.5 1.3
v 0.8 0.6 1.3
v 0.9 0.3 1.3
v 0.9 0.4 1.3
v 0.9 0.5 1.3
v 0.9 0.6 1.3
v -0.3 0.7 1.2
v -0.3 0.8 1.2
v -0.3 0.9 1.2
v -0.3 1 1.2
v -0.2 0.7 1.2
v -0.2 0.8 1.2
v -0.2 0.9 1.2
v -0.2 1 1.2
v 0.1 0.8 1.2
v 0.1 0.9 1.2
v 0.2 0.8 1.2
v 0.2 0.9 1.2
v -0.4 0.9 1.1
v -0.4 1 1.1
v -0.3 0.8 1.1
v -0.3 0.9 1.1
v -0.3 1 1.1
v -0.2 0.8 1.1
v -0.2 0.9 1.1
v -0.2 1 1.1
v -0.1 0.9 1.1
v -0.1 1 1.1
v 5.96046e-08 0.8 1.1
v 5.96046e-08 0.9 1.1
v 0.1 0.4 1.1
v 0.1 0.8 1.1
v 0.1 0.9 1.1
v 0.2 0.4 1.1
v 0.2 0.5 1.1
v 0.2 0.6 1.1
v 0.2 0.8 1.1
v 0.2 0.9 1.1
v 0.3 0.5 1.1
v 0.3 0.6 1.1
v 0.3 0.8 1.1
v 0.3 0.9 1.1
v -0.8 0.2 1
v -0.8 0.3 1
v -0.8 0.4 1
v -0.8 0.5 1
v -0.7 0.2 1
v -0.7 0.3 1
v -0.7 0.4 1
v -0.7 0.5 1
v 0.5 0.4 1
v 0.5 0.7 1
v 0.5 0.8 1
v 0.5 0.9 1
v 0.6 0.4 1
v 0.6 0.7 1
v 0.6 0.8 1
v 0.6 0.9 1
v 0.8 0.2 1
v 0.8 0.3 1
v 0.8 0.4 1
v 0.8 0.5 1
v 0.9 0.2 1
v 0.9 0.3 1
v 0.9 0.4 1
v 0.9 0.5 1
v -0.8 0.3 0.9
v -0.8 0.4 0.9
v -0.8 0.5 0.9
v -0.8 0.6 0.9
v -0.7 0.3 0.9
v -0.7 0.4 0.9
v -0.7 0.5 0.9
v -0.7 0.6 0.9
v 0.4 0.8 0.9
v 0.4 0.9 0.9
v 0.5 0.7 0.9
v 0.5 0.8 0.9
v 0.5 0.9 0.9
v 0.6 0.7 0.9
v 0.6 0.8 0.9
v 0.6 0.9 0.9
v 0.7 0.8 0.9
v 0.7 0.9 0.9
v 0.8 0.3 0.9
v 0.8 0.4 0.9
v 0.8 0.5 0.9
v 0.8 0.6 0.9
v 0.9 0.3 0.9
v 0.9 0.4 0.9
v 0.9 0.5 0.9
v 0.9 0.6 0.9
v -0.5 0.8 0.8
v -0.5 0.9 0.8
v -0.4 0.8 0.8
v -0.4 0.9 0.8
v -0.6 0.8 0.7
v -0.6 0.9 0.7
v -0.5 0.4 0.7
v -0.5 0.8 0.7
v -0.5 0.9 0.7
v -0.4 0.4 0.7
v -0.4 0.8 0.7
v -0.4 0.9 0.7
v -0.3 0.8 0.7
v -0.3 0.9 0.7
v -0.8 0.2 0.6
v -0.8 0.3 0.6
v -0.8 0.4 0.6
v -0.8 0.5 0.6
v -0.7 0.2 0.6
v -0.7 0.3 0.6
v -0.7 0.4 0.6
v -0.7 0.5 0.6
v 0.8 0.2 0.6
v 0.8 0.3 0.6
v 0.8 0.4 0.6
v 0.8 0.5 0.6
v 0.9 0.2 0.6
v 0.9 0.3 0.6
v 0.9 0.4 0.6
v 0.9 0.5 0.6
v -0.8 0.3 0.5
v -0.8 0.4 0.5
v -0.8 0.5 0.5
v -0.8 0.6 0.5
v -0.7 0.3 0.5
v -0.7 0.4 0.5
v -0.7 0.5 0.5
v -0.7 0.6 0.5
v 0.8 0.3 0.5
v 0.8 0.4 0.5
v 0.8 0.5 0.5
v 0.8 0.6 0.5
v 0.9 0.3 0.5
v 0.9 0.4 0.5
v 0.9 0.5 0.5
v 0.9 0.6 0.5
v 0.1 0.8 0.4
v 0.1 0.9 0.4
v 0.2 0.8 0.4
v 0.2 0.9 0.4
v 0.5 0.8 0.4
v 0.5 0.9 0.4
v 0.6 0.8 0.4
v 0.6 0.9 0.4
v 5.96046e-08 0.8 0.3
v 5.96046e-08 0.9 0.3
v 0.1 0.4 0.3
v 0.1 0.8 0.3
v 0.1 0.9 0.3
v 0.2 0.4 0.3
v 0.2 0.8 0.3
v 0.2 0.9 0.3
v 0.3 0.8 0.3
v 0.3 0.9 0.3
v 0.4 0.5 0.3
v 0.4 0.6 0.3
v 0.4 0.8 0.3
v 0.4 0.9 0.3
v 0.5 0.4 0.3
v 0.5 0.5 0.3
v 0.5 0.6 0.3
v 0.5 0.8 0.3
v 0.5 0.9 0.3
v 0.6 0.4 0.3
v 0.6 0.8 0.3
v 0.6 0.9 0.3
v 0.7 0.8 0.3
v 0.7 0.9 0.3
v -0.8 0.2 0.2
v -0.8 0.3 0.2
v -0.8 0.4 0.2
v -0.8 0.5 0.2
v -0.7 0.2 0.2
v -0.7 0.3 0.2
v -0.7 0.4 0.2
v -0.7 0.5 0.2
v -0.3 0.8 0.2
v -0.3 0.9 0.2
v -0.2 0.8 0.2
v -0.2 0.9 0.2
v 0.8 0.2 0.2
v 0.8 0.3 0.2
v 0.8 0.4 0.2
v 0.8 0.5 0.2
v 0.9 0.2 0.2
v 0.9 0.3 0.2
v 0.9 0.4 0.2
v 0.9 0.5 0.2
v -0.8 0.3 0.0999999
v -0.8 0.4 0.0999999
v -0.8 0.5 0.0999999
v -0.8 0.6 0.0999999
v -0.7 0.3 0.0999999
v -0.7 0.4 0.0999999
v -0.7 0.5 0.0999999
v -0.7 0.6 0.0999999
v -0.4 0.8 0.0999999
v -0.4 0.9 0.0999999
v -0.3 0.4 0.0999999
v -0.3 0.8 0.0999999
v -0.3 0.9 0.0999999
v -0.2 0.4 0.0999999
v -0.2 0.8 0.0999999
v -0.2 0.9 0.0999999
v -0.1 0.8 0.0999999
v -0.1 0.9 0.0999999
v 0.8 0.3 0.0999999
v 0.8 0.4 0.0999999
v 0.8 0.5 0.0999999
v 0.8 0.6 0.0999999
v 0.9 0.3 0.0999999
v 0.9 0.4 0.0999999
v 0.9 0.5 0.0999999
v 0.9 0.6 0.0999999
v -0.8 0.2 -0.2
v -0.8 0.3 -0.2
v -0.8 0.4 -0.2
v -0.8 0.5 -0.2
v -0.7 0.2 -0.2
v -0.7 0.3 -0.2
v -0.7 0.4 -0.2
v -0.7 0.5 -0.2
v -0.5 0.7 -0.2
v -0.5 0.8 -0.2
v -0.4 0.7 -0.2
v -0.4 0.8 -0.2
v 0.5 0.9 -0.2
v 0.5 1 -0.2
v 0.6 0.9 -0.2
v 0.6 1 -0.2
v 0.8 0.2 -0.2
v 0.8 0.3 -0.2
v 0.8 0.4 -0.2
v 0.8 0.5 -0.2
v 0.9 0.2 -0.2
v 0.9 0.3 -0.2
v 0.9 0.4 -0.2
v 0.9 0.5 -0.2
v -0.8 0.3 -0.3
v -0.8 0.4 -0.3
v -0.8 0.5 -0.3
v -0.8 0.6 -0.3
v -0.7 0.3 -0.3
v -0.7 0.4 -0.3
v -0.7 0.5 -0.3
v -0.7 0.6 -0.3
v -0.6 0.7 -0.3
v -0.6 0.8 -0.3
v -0.5 0.4 -0.3
v -0.5 0.7 -0.3
v -0.5 0.8 -0.3
v -0.4 0.4 -0.3
v -0.4 0.7 -0.3
v -0.4 0.8 -0.3
v -0.3 0.7 -0.3
v -0.3 0.8 -0.3
v 0.4 0.9 -0.3
v 0.4 1 -0.3
v 0.5 0.4 -0.3
v 0.5 0.9 -0.3
v 0.5 1 -0.3
v 0.6 0.4 -0.3
v 0.6 0.9 -0.3
v 0.6 1 -0.3
v 0.7 0.9 -0.3
v 0.7 1 -0.3
v 0.8 0.3 -0.3
v 0.8 0.4 -0.3
v 0.8 0.5 -0.3
v 0.8 0.6 -0.3
v 0.9 0.3 -0.3
v 0.9 0.4 -0.3
v 0.9 0.5 -0.3
v 0.9 0.6 -0.3
v -0.8 0.2 -0.6
v -0.8 0.3 -0.6
v -0.8 0.4 -0.6
v -0.8 0.5 -0.6
v -0.7 0.2 -0.6
v -0.7 0.3 -0.6
v -0.7 0.4 -0.6
v -0.7 0.5 -0.6
v 5.96046e-08 0.5 -0.6
v 5.96046e-08 0.6 -0.6
v 5.96046e-08 0.8 -0.6
v 5.96046e-08 0.9 -0.6
v 0.1 0.5 -0.6
v 0.1 0.6 -0.6
v 0.1 0.8 -0.6
v 0.1 0.9 -0.6
v 0.8 0.2 -0.6
v 0.8 0.3 -0.6
v 0.8 0.4 -0.6
v 0.8 0.5 -0.6
v 0.9 0.2 -0.6
v 0.9 0.3 -0.6
v 0.9 0.4 -0.6
v 0.9 0.5 -0.6
v -0.8 0.3 -0.7
v -0.8 0.4 -0.7
v -0.8 0.5 -0.7
v -0.8 0.6 -0.7
v -0.7 0.3 -0.7
v -0.7 0.4 -0.7
v -0.7 0.5 -0.7
v -0.7 0.6 -0.7
v -0.1 0.8 -0.7
v -0.1 0.9 -0.7
v 5.96046e-08 0.4 -0.7
v 5.96046e-08 0.5 -0.7
v 5.96046e-08 0.6 -0.7
v 5.96046e-08 0.8 -0.7
v 5.96046e-08 0.9 -0.7
v 0.1 0.4 -0.7
v 0.1 0.5 -0.7
v 0.1 0.6 -0.7
v 0.1 0.8 -0.7
v 0.1 0.9 -0.7
v 0.2 0.8 -0.7
v 0.2 0.9 -0.7
v 0.8 0.3 -0.7
v 0.8 0.4 -0.7
v 0.8 0.5 -0.7
v 0.8 0.6 -0.7
v 0.9 0.3 -0.7
v 0.9 0.4 -0.7
v 0.9 0.5 -0.7
v 0.9 0.6 -0.7
v -0.4 0.9 -0.8
v -0.4 1 -0.8
v -0.3 0.9 -0.8
v -0.3 1 -0.8
v -0.5 0.6 -0.9
v -0.5 0.7 -0.9
v -0.5 0.9 -0.9
v -0.5 1 -0.9
v -0.4 0.4 -0.9
v -0.4 0.6 -0.9
v -0.4 0.7 -0.9
v -0.4 0.9 -0.9
v -0.4 1 -0.9
v -0.3 0.4 -0.9
v -0.3 0.9 -0.9
v -0.3 1 -0.9
v -0.2 0.9 -0.9
v -0.2 1 -0.9
v -0.8 0.2 -1
v -0.8 0.3 -1
v -0.8 0.4 -1
v -0.8 0.5 -1
v -0.7 0.2 -1
v -0.7 0.3 -1
v -0.7 0.4 -1
v -0.7 0.5 -1
v 0.8 0.2 -1
v 0.8 0.3 -1
v 0.8 0.4 -1
v 0.8 0.5 -1
v 0.9 0.2 -1
v 0.9 0.3 -1
v 0.9 0.4 -1
v 0.9 0.5 -1
v -0.8 0.3 -1.1
v -0.8 0.4 -1.1
v -0.8 0.5 -1.1
v -0.8 0.6 -1.1
v -0.7 0.3 -1.1
v -0.7 0.4 -1.1
v -0.7 0.5 -1.1
v -0.7 0.6 -1.1
v -0.1 0.6 -1.1
v -0.1 0.7 -1.1
v -0.1 0.8 -1.1
v -0.1 0.9 -1.1
v 5.96046e-08 0.6 -1.1
v 5.96046e-08 0.7 -1.1
v 5.96046e-08 0.8 -1.1
v 5.96046e-08 0.9 -1.1
v 0.5 0.7 -1.1
v 0.5 0.8 -1.1
v 0.6 0.7 -1.1
v 0.6 0.8 -1.1
v 0.8 0.3 -1.1
v 0.8 0.4 -1.1
v 0.8 0.5 -1.1
v 0.8 0.6 -1.1
v 0.9 0.3 -1.1
v 0.9 0.4 -1.1
v 0.9 0.5 -1.1
v 0.9 0.6 -1.1
v -0.2 0.8 -1.2
v -0.2 0.9 -1.2
v -0.1 0.4 -1.2
v -0.1 0.6 -1.2
v -0.1 0.7 -1.2
v -0.1 0.8 -1.2
v -0.1 0.9 -1.2
v 5.96046e-08 0.4 -1.2
v 5.96046e-08 0.6 -1.2
v 5.96046e-08 0.7 -1.2
v 5.96046e-08 0.8 -1.2
v 5.96046e-08 0.9 -1.2
v 0.1 0.8 -1.2
v 0.1 0.9 -1.2
v 0.4 0.5 -1.2
v 0.4 0.6 -1.2
v 0.4 0.7 -1.2
v 0.4 0.8 -1.2
v 0.5 0.4 -1.2
v 0.5 0.5 -1.2
v 0.5 0.6 -1.2
v 0.5 0.7 -1.2
v 0.5 0.8 -1.2
v 0.6 0.4 -1.2
v 0.6 0.7 -1.2
v 0.6 0.8 -1.2
v 0.7 0.7 -1.2
v 0.7 0.8 -1.2
v -0.8 0.2 -1.4
v -0.8 0.3 -1.4
v -0.8 0.4 -1.4
v -0.8 0.5 -1.4
v -0.7 0.2 -1.4
v -0.7 0.3 -1.4
v -0.7 0.4 -1.4
v -0.7 0.5 -1.4
v 0.8 0.2 -1.4
v 0.8 0.3 -1.4
v 0.8 0.4 -1.4
v 0.8 0.5 -1.4
v 0.9 0.2 -1.4
v 0.9 0.3 -1.4
v 0.9 0.4 -1.4
v 0.9 0.5 -1.4
v -0.8 0.3 -1.5
v -0.8 0.4 -1.5
v -0.8 0.5 -1.5
v -0.8 0.6 -1.5
v -0.7 0.3 -1.5
v -0.7 0.4 -1.5
v -0.7 0.5 -1.5
v -0.7 0.6 -1.5
v -0.7 0.7 -1.5
v -0.6 0.4 -1.5
v -0.6 0.5 -1.5
v -0.5 0.4 -1.5
v -0.5 0.5 -1.5
v -0.4 0.4 -1.5
v -0.4 0.5 -1.5
v -0.4 0.6 -1.5
v -0.3 0.4 -1.5
v -0.3 0.5 -1.5
v -0.3 0.6 -1.5
v -0.2 0.4 -1.5
v -0.2 0.5 -1.5
v -0.1 0.4 -1.5
v -0.1 0.5 -1.5
v 5.96046e-08 0.5 -1.5
v 5.96046e-08 0.6 -1.5
v 0.1 0.5 -1.5
v 0.1 0.6 -1.5
v 0.2 0.4 -1.5
v 0.2 0.5 -1.5
v 0.3 0.4 -1.5
v 0.3 0.5 -1.5
v 0.4 0.5 -1.5
v 0.4 0.6 -1.5
v 0.5 0.5 -1.5
v 0.5 0.6 -1.5
v 0.6 0.4 -1.5
v 0.6 0.5 -1.5
v 0.7 0.4 -1.5
v 0.7 0.5 -1.5
v 0.8 0.3 -1.5
v 0.8 0.4 -1.5
v 0.8 0.5 -1.5
v 0.8 0.6 -1.5
v 0.8 0.7 -1.5
v 0.9 0.3 -1.5
v 0.9 0.4 -1.5
v 0.9 0.5 -1.5
v 0.9 0.6 -1.5
v -0.8 0.3 1.6
v -0.8 0.4 1.6
v -0.8 0.5 1.6
v -0.8 0.6 1.6
v -0.7 0.3 1.6
v -0.7 0.4 1.6
v -0.7 0.5 1.6
v -0.7 0.6 1.6
v -0.7 0.7 1.6
v -0.6 0.4 1.6
v -0.6 0.5 1.6
v -0.5 0.4 1.6
v -0.5 0.5 1.6
v -0.4 0.5 1.6
v -0.4 0.6 1.6
v -0.3 0.5 1.6
v -0.3 0.6 1.6
v -0.2 0.4 1.6
v -0.2 0.5 1.6
v -0.1 0.4 1.6
v -0.1 0.5 1.6
v 5.96046e-08 0.5 1.6
v 5.96046e-08 0.6 1.6
v 0.1 0.5 1.6
v 0.1 0.6 1.6
v 0.2 0.4 1.6
v 0.2 0.5 1.6
v 0.3 0.4 1.6
v 0.3 0.5 1.6
v 0.4 0.5 1.6
v 0.4 0.6 1.6
v 0.5 0.5 1.6
v 0.5 0.6 1.6
v 0.6 0.4 1.6
v 0.6 0.5 1.6
v 0.7 0.4 1.6
v 0.7 0.5 1.6
v 0.8 0.3 1.6
v 0.8 0.4 1.6
v 0.8 0.5 1.6
v 0.8 0.6 1.6
v 0.8 0.7 1.6
v 0.9 0.3 1.6
v 0.9 0.4 1.6
v 0.9 0.5 1.6
v 0.9 0.6 1.6
v -0.8 0.2 1.5
v -0.8 0.3 1.5
v -0.8 0.4 1.5
v -0.8 0.5 1.5
v -0.7 0.2 1.5
v -0.7 0.3 1.5
v -0.7 0.4 1.5
v -0.7 0.5 1.5
v 0.8 0.2 1.5
v 0.8 0.3 1.5
v 0.8 0.4 1.5
v 0.8 0.5 1.5
v 0.9 0.2 1.5
v 0.9 0.3 1.5
v 0.9 0.4 1.5
v 0.9 0.5 1.5
v -0.8 0.3 1.2
v -0.8 0.4 1.2
v -0.8 0.5 1.2
v -0.8 0.6 1.2
v -0.7 0.3 1.2
v -0.7 0.4 1.2
v -0.7 0.5 1.2
v -0.7 0.6 1.2
v -0.3 0.4 1.2
v -0.3 0.6 1.2
v -0.2 0.4 1.2
v -0.2 0.6 1.2
v 0.8 0.3 1.2
v 0.8 0.4 1.2
v 0.8 0.5 1.2
v 0.8 0.6 1.2
v 0.9 0.3 1.2
v 0.9 0.4 1.2
v 0.9 0.5 1.2
v 0.9 0.6 1.2
v -0.8 0.2 1.1
v -0.8 0.3 1.1
v -0.8 0.4 1.1
v -0.8 0.5 1.1
v -0.7 0.2 1.1
v -0.7 0.3 1.1
v -0.7 0.4 1.1
v -0.7 0.5 1.1
v -0.3 0.6 1.1
v -0.3 0.7 1.1
v -0.2 0.6 1.1
v -0.2 0.7 1.1
v 0.8 0.2 1.1
v 0.8 0.3 1.1
v 0.8 0.4 1.1
v 0.8 0.5 1.1
v 0.9 0.2 1.1
v 0.9 0.3 1.1
v 0.9 0.4 1.1
v 0.9 0.5 1.1
v -0.4 0.9 1
v -0.4 1 1
v -0.3 0.7 1
v -0.3 0.9 1
v -0.3 1 1
v -0.2 0.7 1
v -0.2 0.9 1
v -0.2 1 1
v -0.1 0.9 1
v -0.1 1 1
v 5.96046e-08 0.8 1
v 5.96046e-08 0.9 1
v 0.1 0.4 1
v 0.1 0.8 1
v 0.1 0.9 1
v 0.2 0.4 1
v 0.2 0.5 1
v 0.2 0.6 1
v 0.2 0.8 1
v 0.2 0.9 1
v 0.3 0.5 1
v 0.3 0.6 1
v 0.3 0.8 1
v 0.3 0.9 1
v -0.3 0.9 0.9
v -0.3 1 0.9
v -0.2 0.9 0.9
v -0.2 1 0.9
v 0.1 0.8 0.9
v 0.1 0.9 0.9
v 0.2 0.8 0.9
v 0.2 0.9 0.9
v 0.5 0.4 0.9
v 0.5 0.6 0.9
v 0.6 0.4 0.9
v 0.6 0.6 0.9
v -0.8 0.3 0.8
v -0.8 0.4 0.8
v -0.8 0.5 0.8
v -0.8 0.6 0.8
v -0.7 0.3 0.8
v -0.7 0.4 0.8
v -0.7 0.5 0.8
v -0.7 0.6 0.8
v 0.4 0.8 0.8
v 0.4 0.9 0.8
v 0.5 0.6 0.8
v 0.5 0.8 0.8
v 0.5 0.9 0.8
v 0.6 0.6 0.8
v 0.6 0.8 0.8
v 0.6 0.9 0.8
v 0.7 0.8 0.8
v 0.7 0.9 0.8
v 0.8 0.3 0.8
v 0.8 0.4 0.8
v 0.8 0.5 0.8
v 0.8 0.6 0.8
v 0.9 0.3 0.8
v 0.9 0.4 0.8
v 0.9 0.5 0.8
v 0.9 0.6 0.8
v -0.8 0.2 0.7
v -0.8 0.3 0.7
v -0.8 0.4 0.7
v -0.8 0.5 0.7
v -0.7 0.2 0.7
v -0.7 0.3 0.7
v -0.7 0.4 0.7
v -0.7 0.5 0.7
v 0.5 0.8 0.7
v 0.5 0.9 0.7
v 0.6 0.8 0.7
v 0.6 0.9 0.7
v 0.8 0.2 0.7
v 0.8 0.3 0.7
v 0.8 0.4 0.7
v 0.8 0.5 0.7
v 0.9 0.2 0.7
v 0.9 0.3 0.7
v 0.9 0.4 0.7
v 0.9 0.5 0.7
v -0.6 0.8 0.6
v -0.6 0.9 0.6
v -0.5 0.4 0.6
v -0.5 0.8 0.6
v -0.5 0.9 0.6
v -0.4 0.4 0.6
v -0.4 0.8 0.6
v -0.4 0.9 0.6
v -0.3 0.8 0.6
v -0.3 0.9 0.6
v -0.5 0.8 0.5
v -0.5 0.9 0.5
v -0.4 0.8 0.5
v -0.4 0.9 0.5
v -0.8 0.3 0.4
v -0.8 0.4 0.4
v -0.8 0.5 0.4
v -0.8 0.6 0.4
v -0.7 0.3 0.4
v -0.7 0.4 0.4
v -0.7 0.5 0.4
v -0.7 0.6 0.4
v 0.8 0.3 0.4
v 0.8 0.4 0.4
v 0.8 0.5 0.4
v 0.8 0.6 0.4
v 0.9 0.3 0.4
v 0.9 0.4 0.4
v 0.9 0.5 0.4
v 0.9 0.6 0.4
v -0.8 0.2 0.3
v -0.8 0.3 0.3
v -0.8 0.4 0.3
v -0.8 0.5 0.3
v -0.7 0.2 0.3
v -0.7 0.3 0.3
v -0.7 0.4 0.3
v -0.7 0.5 0.3
v 0.8 0.2 0.3
v 0.8 0.3 0.3
v 0.8 0.4 0.3
v 0.8 0.5 0.3
v 0.9 0.2 0.3
v 0.9 0.3 0.3
v 0.9 0.4 0.3
v 0.9 0.5 0.3
v 5.96046e-08 0.8 0.2
v 5.96046e-08 0.9 0.2
v 0.1 0.4 0.2
v 0.1 0.5 0.2
v 0.1 0.6 0.2
v 0.1 0.8 0.2
v 0.1 0.9 0.2
v 0.2 0.4 0.2
v 0.2 0.5 0.2
v 0.2 0.6 0.2
v 0.2 0.8 0.2
v 0.2 0.9 0.2
v 0.3 0.8 0.2
v 0.3 0.9 0.2
v 0.4 0.5 0.2
v 0.4 0.6 0.2
v 0.4 0.8 0.2
v 0.4 0.9 0.2
v 0.5 0.4 0.2
v 0.5 0.5 0.2
v 0.5 0.6 0.2
v 0.5 0.8 0.2
v 0.5 0.9 0.2
v 0.6 0.4 0.2
v 0.6 0.8 0.2
v 0.6 0.9 0.2
v 0.7 0.8 0.2
v 0.7 0.9 0.2
v 0.1 0.5 0.0999999
v 0.1 0.6 0.0999999
v 0.1 0.8 0.0999999
v 0.1 0.9 0.0999999
v 0.2 0.5 0.0999999
v 0.2 0.6 0.0999999
v 0.2 0.8 0.0999999
v 0.2 0.9 0.0999999
v 0.5 0.8 0.0999999
v 0.5 0.9 0.0999999
v 0.6 0.8 0.0999999
v 0.6 0.9 0.0999999
v -0.8 0.3 -1.19209e-07
v -0.8 0.4 -1.19209e-07
v -0.8 0.5 -1.19209e-07
v -0.8 0.6 -1.19209e-07
v -0.7 0.3 -1.19209e-07
v -0.7 0.4 -1.19209e-07
v -0.7 0.5 -1.19209e-07
v -0.7 0.6 -1.19209e-07
v -0.4 0.8 -1.19209e-07
v -0.4 0.9 -1.19209e-07
v -0.3 0.4 -1.19209e-07
v -0.3 0.8 -1.19209e-07
v -0.3 0.9 -1.19209e-07
v -0.2 0.4 -1.19209e-07
v -0.2 0.8 -1.19209e-07
v -0.2 0.9 -1.19209e-07
v -0.1 0.8 -1.19209e-07
v -0.1 0.9 -1.19209e-07
v 0.8 0.3 -1.19209e-07
v 0.8 0.4 -1.19209e-07
v 0.8 0.5 -1.19209e-07
v 0.8 0.6 -1.19209e-07
v 0.9 0.3 -1.19209e-07
v 0.9 0.4 -1.19209e-07
v 0.9 0.5 -1.19209e-07
v 0.9 0.6 -1.19209e-07
v -0.8 0.2 -0.1
v -0.8 0.3 -0.1
v -0.8 0.4 -0.1
v -0.8 0.5 -0.1
v -0.7 0.2 -0.1
v -0.7 0.3 -0.1
v -0.7 0.4 -0.1
v -0.7 0.5 -0.1
v -0.3 0.8 -0.1
v -0.3 0.9 -0.1
v -0.2 0.8 -0.1
v -0.2 0.9 -0.1
v 0.8 0.2 -0.1
v 0.8 0.3 -0.1
v 0.8 0.4 -0.1
v 0.8 0.5 -0.1
v 0.9 0.2 -0.1
v 0.9 0.3 -0.1
v 0.9 0.4 -0.1
v 0.9 0.5 -0.1
v -0.8 0.3 -0.4
v -0.8 0.4 -0.4
v -0.8 0.5 -0.4
v -0.8 0.6 -0.4
v -0.7 0.3 -0.4
v -0.7 0.4 -0.4
v -0.7 0.5 -0.4
v -0.7 0.6 -0.4
v -0.6 0.7 -0.4
v -0.6 0.8 -0.4
v -0.5 0.4 -0.4
v -0.5 0.7 -0.4
v -0.5 0.8 -0.4
v -0.4 0.4 -0.4
v -0.4 0.7 -0.4
v -0.4 0.8 -0.4
v -0.3 0.7 -0.4
v -0.3 0.8 -0.4
v 0.4 0.9 -0.4
v 0.4 1 -0.4
v 0.5 0.4 -0.4
v 0.5 0.9 -0.4
v 0.5 1 -0.4
v 0.6 0.4 -0.4
v 0.6 0.9 -0.4
v 0.6 1 -0.4
v 0.7 0.9 -0.4
v 0.7 1 -0.4
v 0.8 0.3 -0.4
v 0.8 0.4 -0.4
v 0.8 0.5 -0.4
v 0.8 0.6 -0.4
v 0.9 0.3 -0.4
v 0.9 0.4 -0.4
v 0.9 0.5 -0.4
v 0.9 0.6 -0.4
v -0.8 0.2 -0.5
v -0.8 0.3 -0.5
v -0.8 0.4 -0.5
v -0.8 0.5 -0.5
v -0.7 0.2 -0.5
v -0.7 0.3 -0.5
v -0.7 0.4 -0.5
v -0.7 0.5 -0.5
v -0.5 0.7 -0.5
v -0.5 0.8 -0.5
v -0.4 0.7 -0.5
v -0.4 0.8 -0.5
v 0.5 0.9 -0.5
v 0.5 1 -0.5
v 0.6 0.9 -0.5
v 0.6 1 -0.5
v 0.8 0.2 -0.5
v 0.8 0.3 -0.5
v 0.8 0.4 -0.5
v 0.8 0.5 -0.5
v 0.9 0.2 -0.5
v 0.9 0.3 -0.5
v 0.9 0.4 -0.5
v 0.9 0.5 -0.5
v -0.8 0.3 -0.8
v -0.8 0.4 -0.8
v -0.8 0.5 -0.8
v -0.8 0.6 -0.8
v -0.7 0.3 -0.8
v -0.7 0.4 -0.8
v -0.7 0.5 -0.8
v -0.7 0.6 -0.8
v -0.1 0.8 -0.8
v -0.1 0.9 -0.8
v 5.96046e-08 0.4 -0.8
v 5.96046e-08 0.8 -0.8
v 5.96046e-08 0.9 -0.8
v 0.1 0.4 -0.8
v 0.1 0.8 -0.8
v 0.1 0.9 -0.8
v 0.2 0.8 -0.8
v 0.2 0.9 -0.8
v 0.8 0.3 -0.8
v 0.8 0.4 -0.8
v 0.8 0.5 -0.8
v 0.8 0.6 -0.8
v 0.9 0.3 -0.8
v 0.9 0.4 -0.8
v 0.9 0.5 -0.8
v 0.9 0.6 -0.8
v -0.8 0.2 -0.9
v -0.8 0.3 -0.9
v -0.8 0.4 -0.9
v -0.8 0.5 -0.9
v -0.7 0.2 -0.9
v -0.7 0.3 -0.9
v -0.7 0.4 -0.9
v -0.7 0.5 -0.9
v 5.96046e-08 0.8 -0.9
v 5.96046e-08 0.9 -0.9
v 0.1 0.8 -0.9
v 0.1 0.9 -0.9
v 0.8 0.2 -0.9
v 0.8 0.3 -0.9
v 0.8 0.4 -0.9
v 0.8 0.5 -0.9
v 0.9 0.2 -0.9
v 0.9 0.3 -0.9
v 0.9 0.4 -0.9
v 0.9 0.5 -0.9
v -0.5 0.6 -1
v -0.5 0.7 -1
v -0.5 0.9 -1
v -0.5 1 -1
v -0.4 0.4 -1
v -0.4 0.6 -1
v -0.4 0.7 -1
v -0.4 0.9 -1
v -0.4 1 -1
v -0.3 0.4 -1
v -0.3 0.9 -1
v -0.3 1 -1
v -0.2 0.9 -1
v -0.2 1 -1
v -0.4 0.9 -1.1
v -0.4 1 -1.1
v -0.3 0.9 -1.1
v -0.3 1 -1.1
v -0.8 0.3 -1.2
v -0.8 0.4 -1.2
v -0.8 0.5 -1.2
v -0.8 0.6 -1.2
v -0.7 0.3 -1.2
v -0.7 0.4 -1.2
v -0.7 0.5 -1.2
v -0.7 0.6 -1.2
v 0.8 0.3 -1.2
v 0.8 0.4 -1.2
v 0.8 0.5 -1.2
v 0.8 0.6 -1.2
v 0.9 0.3 -1.2
v 0.9 0.4 -1.2
v 0.9 0.5 -1.2
v 0.9 0.6 -1.2
v -0.8 0.2 -1.3
v -0.8 0.3 -1.3
v -0.8 0.4 -1.3
v -0.8 0.5 -1.3
v -0.7 0.2 -1.3
v -0.7 0.3 -1.3
v -0.7 0.4 -1.3
v -0.7 0.5 -1.3
v -0.2 0.8 -1.3
v -0.2 0.9 -1.3
v -0.1 0.4 -1.3
v -0.1 0.8 -1.3
v -0.1 0.9 -1.3
v 5.96046e-08 0.4 -1.3
v 5.96046e-08 0.8 -1.3
v 5.96046e-08 0.9 -1.3
v 0.1 0.8 -1.3
v 0.1 0.9 -1.3
v 0.4 0.5 -1.3
v 0.4 0.6 -1.3
v 0.4 0.7 -1.3
v 0.4 0.8 -1.3
v 0.5 0.4 -1.3
v 0.5 0.5 -1.3
v 0.5 0.6 -1.3
v 0.5 0.7 -1.3
v 0.5 0.8 -1.3
v 0.6 0.4 -1.3
v 0.6 0.7 -1.3
v 0.6 0.8 -1.3
v 0.7 0.7 -1.3
v 0.7 0.8 -1.3
v 0.8 0.2 -1.3
v 0.8 0.3 -1.3
v 0.8 0.4 -1.3
v 0.8 0.5 -1.3
v 0.9 0.2 -1.3
v 0.9 0.3 -1.3
v 0.9 0.4 -1.3
v 0.9 0.5 -1.3
v -0.1 0.8 -1.4
v -0.1 0.9 -1.4
v 5.96046e-08 0.8 -1.4
v 5.96046e-08 0.9 -1.4
v 0.5 0.7 -1.4
v 0.5 0.8 -1.4
v 0.6 0.7 -1.4
v 0.6 0.8 -1.4
v -0.7 0.3 -1.5
v -0.7 0.4 -1.5
v -0.6 0.2 -1.5
v -0.6 0.3 -1.5
v -0.6 0.4 -1.5
v -0.5 0.2 -1.5
v -0.5 0.3 -1.5
v -0.5 0.4 -1.5
v -0.4 0.3 -1.5
v -0.4 0.4 -1.5
v -0.3 0.3 -1.5
v -0.3 0.4 -1.5
v -0.2 0.2 -1.5
v -0.2 0.3 -1.5
v -0.2 0.4 -1.5
v -0.1 0.2 -1.5
v -0.1 0.3 -1.5
v -0.1 0.4 -1.5
v 5.96046e-08 0.3 -1.5
v 5.96046e-08 0.4 -1.5
v 0.1 0.3 -1.5
v 0.1 0.4 -1.5
v 0.2 0.2 -1.5
v 0.2 0.3 -1.5
v 0.2 0.4 -1.5
v 0.3 0.2 -1.5
v 0.3 0.3 -1.5
v 0.3 0.4 -1.5
v 0.4 0.3 -1.5
v 0.4 0.4 -1.5
v 0.5 0.3 -1.5
v 0.5 0.4 -1.5
v 0.6 0.2 -1.5
v 0.6 0.3 -1.5
v 0.6 0.4 -1.5
v 0.7 0.2 -1.5
v 0.7 0.3 -1.5
v 0.7 0.4 -1.5
v 0.8 0.3 -1.5
v 0.8 0.4 -1.5
v -0.8 0.1 -1.6
v -0.8 0.7 -1.6
v -0.7 0.3 -1.6
v -0.7 0.4 -1.6
v -0.7 0.5 -1.6
v -0.7 0.6 -1.6
v -0.6 0.2 -1.6
v -0.6 0.3 -1.6
v -0.6 0.4 -1.6
v -0.6 0.5 -1.6
v -0.5 0.2 -1.6
v -0.5 0.3 -1.6
v -0.5 0.4 -1.6
v -0.5 0.5 -1.6
v -0.4 0.3 -1.6
v -0.4 0.4 -1.6
v -0.4 0.5 -1.6
v -0.4 0.6 -1.6
v -0.3 0.3 -1.6
v -0.3 0.4 -1.6
v -0.3 0.5 -1.6
v -0.3 0.6 -1.6
v -0.2 0.2 -1.6
v -0.2 0.3 -1.6
v -0.2 0.4 -1.6
v -0.2 0.5 -1.6
v -0.1 0.2 -1.6
v -0.1 0.3 -1.6
v -0.1 0.4 -1.6
v -0.1 0.5 -1.6
v 5.96046e-08 0.3 -1.6
v 5.96046e-08 0.4 -1.6
v 5.96046e-08 0.5 -1.6
v 5.96046e-08 0.6 -1.6
v 0.1 0.3 -1.6
v 0.1 0.4 -1.6
v 0.1 0.5 -1.6
v 0.1 0.6 -1.6
v 0.2 0.2 -1.6
v 0.2 0.3 -1.6
v 0.2 0.4 -1.6
v 0.2 0.5 -1.6
v 0.3 0.2 -1.6
v 0.3 0.3 -1.6
v 0.3 0.4 -1.6
v 0.3 0.5 -1.6
v 0.4 0.3 -1.6
v 0.4 0.4 -1.6
v 0.4 0.5 -1.6
v 0.4 0.6 -1.6
v 0.5 0.3 -1.6
v 0.5 0.4 -1.6
v 0.5 0.5 -1.6
v 0.5 0.6 -1.6
v 0.6 0.2 -1.6
v 0.6 0.3 -1.6
v 0.6 0.4 -1.6
v 0.6 0.5 -1.6
v 0.7 0.2 -1.6
v 0.7 0.3 -1.6
v 0.7 0.4 -1.6
v 0.7 0.5 -1.6
v 0.8 0.3 -1.6
v 0.8 0.4 -1.6
v 0.8 0.5 -1.6
v 0.8 0.6 -1.6
v 0.9 0.1 -1.6
v 0.9 0.7 -1.6
v -0.8 0.1 1.7
v 0.9 0.1 1.7
v -0.8 0.1 -1.6
v 0.9 0.1 -1.6
v -0.7 0.4 1.7
v -0.6 0.4 1.7
v -0.5 0.4 1.7
v -0.4 0.4 1.7
v -0.3 0.4 1.7
v -0.2 0.4 1.7
v -0.1 0.4 1.7
v 5.96046e-08 0.4 1.7
v 0.1 0.4 1.7
v 0.2 0.4 1.7
v 0.3 0.4 1.7
v 0.4 0.4 1.7
v 0.5 0.4 1.7
v 0.6 0.4 1.7
v 0.7 0.4 1.7
v 0.8 0.4 1.7
v -0.8 0.4 1.6
v -0.7 0.4 1.6
v -0.6 0.4 1.6
v -0.5 0.4 1.6
v -0.4 0.4 1.6
v -0.3 0.4 1.6
v -0.2 0.4 1.6
v -0.1 0.4 1.6
v 5.96046e-08 0.4 1.6
v 0.1 0.4 1.6
v 0.2 0.4 1.6
v 0.3 0.4 1.6
v 0.4 0.4 1.6
v 0.5 0.4 1.6
v 0.6 0.4 1.6
v 0.7 0.4 1.6
v 0.8 0.4 1.6
v 0.9 0.4 1.6
v -0.8 0.4 1.5
v -0.7 0.4 1.5
v 0.8 0.4 1.5
v 0.9 0.4 1.5
v -0.8 0.4 1.4
v -0.7 0.4 1.4
v 0.8 0.4 1.4
v 0.9 0.4 1.4
v -0.8 0.4 1.3
v -0.7 0.4 1.3
v 0.8 0.4 1.3
v 0.9 0.4 1.3
v -0.8 0.4 1.2
v -0.7 0.4 1.2
v 0.8 0.4 1.2
v 0.9 0.4 1.2
v -0.8 0.4 1.1
v -0.7 0.4 1.1
v 0.8 0.4 1.1
v 0.9 0.4 1.1
v -0.8 0.4 1
v -0.7 0.4 1
v 0.8 0.4 1
v 0.9 0.4 1
v -0.8 0.4 0.9
v -0.7 0.4 0.9
v 0.8 0.4 0.9
v 0.9 0.4 0.9
v -0.8 0.4 0.8
v -0.7 0.4 0.8
v 0.8 0.4 0.8
v 0.9 0.4 0.8
v -0.8 0.4 0.7
v -0.7 0.4 0.7
v 0.8 0.4 0.7
v 0.9 0.4 0.7
v -0.8 0.4 0.6
v -0.7 0.4 0.6
v 0.8 0.4 0.6
v 0.9 0.4 0.6
v -0.8 0.4 0.5
v -0.7 0.4 0.5
v 0.8 0.4 0.5
v 0.9 0.4 0.5
v -0.8 0.4 0.4
v -0.7 0.4 0.4
v 0.8 0.4 0.4
v 0.9 0.4 0.4
v -0.8 0.4 0.3
v -0.7 0.4 0.3
v 0.8 0.4 0.3
v 0.9 0.4 0.3
v -0.8 0.4 0.2
v -0.7 0.4 0.2
v 0.8 0.4 0.2
v 0.9 0.4 0.2
v -0.8 0.4 0.0999999
v -0.7 0.4 0.0999999
v 0.8 0.4 0.0999999
v 0.9 0.4 0.0999999
v -0.8 0.4 -1.19209e-07
v -0.7 0.4 -1.19209e-07
v 0.8 0.4 -1.19209e-07
v 0.9 0.4 -1.19209e-07
v -0.8 0.4 -0.1
v -0.7 0.4 -0.1
v 0.8 0.4 -0.1
v 0.9 0.4 -0.1
v -0.8 0.4 -0.2
v -0.7 0.4 -0.2
v 0.8 0.4 -0.2
v 0.9 0.4 -0.2
v -0.8 0.4 -0.3
v -0.7 0.4 -0.3
v 0.8 0.4 -0.3
v 0.9 0.4 -0.3
v -0.8 0.4 -0.4
v -0.7 0.4 -0.4
v 0.8 0.4 -0.4
v 0.9 0.4 -0.4
v -0.8 0.4 -0.5
v -0.7 0.4 -0.5
v 0.8 0.4 -0.5
v 0.9 0.4 -0.5
v -0.8 0.4 -0.6
v -0.7 0.4 -0.6
v 0.8 0.4 -0.6
v 0.9 0.4 -0.6
v -0.8 0.4 -0.7
v -0.7 0.4 -0.7
v 0.8 0.4 -0.7
v 0.9 0.4 -0.7
v -0.8 0.4 -0.8
v -0.7 0.4 -0.8
v 0.8 0.4 -0.8
v 0.9 0.4 -0.8
v -0.8 0.4 -0.9
v -0.7 0.4 -0.9
v 0.8 0.4 -0.9
v 0.9 0.4 -0.9
v -0.8 0.4 -1
v -0.7 0.4 -1
v 0.8 0.4 -1
v 0.9 0.4 -1
v -0.8 0.4 -1.1
v -0.7 0.4 -1.1
v 0.8 0.4 -1.1
v 0.9 0.4 -1.1
v -0.8 0.4 -1.2
v -0.7 0.4 -1.2
v 0.8 0.4 -1.2
v 0.9 0.4 -1.2
v -0.8 0.4 -1.3
v -0.7 0.4 -1.3
v 0.8 0.4 -1.3
v 0.9 0.4 -1.3
v -0.8 0.4 -1.4
v -0.7 0.4 -1.4
v 0.8 0.4 -1.4
v 0.9 0.4 -1.4
v -0.8 0.4 -1.5
v -0.7 0.4 -1.5
v -0.6 0.4 -1.5
v -0.5 0.4 -1.5
v -0.4 0.4 -1.5
v -0.3 0.4 -1.5
v -0.2 0.4 -1.5
v -0.1 0.4 -1.5
v 5.96046e-08 0.4 -1.5
v 0.1 0.4 -1.5
v 0.2 0.4 -1.5
v 0.3 0.4 -1.5
v 0.4 0.4 -1.5
v 0.5 0.4 -1.5
v 0.6 0.4 -1.5
v 0.7 0.4 -1.5
v 0.8 0.4 -1.5
v 0.9 0.4 -1.5
v -0.7 0.4 -1.6
v -0.6 0.4 -1.6
v -0.5 0.4 -1.6
v -0.4 0.4 -1.6
v -0.3 0.4 -1.6
v -0.2 0.4 -1.6
v -0.1 0.4 -1.6
v 5.96046e-08 0.4 -1.6
v 0.1 0.4 -1.6
v 0.2 0.4 -1.6
v 0.3 0.4 -1.6
v 0.4 0.4 -1.6
v 0.5 0.4 -1.6
v 0.6 0.4 -1.6
v 0.7 0.4 -1.6
v 0.8 0.4 -1.6
v 0.2 0.5 1.1
v 0.3 0.5 1.1
v 0.2 0.5 1
v 0.3 0.5 1
v 0.4 0.5 0.3
v 0.5 0.5 0.3
v 0.1 0.5 0.2
v 0.2 0.5 0.2
v 0.4 0.5 0.2
v 0.5 0.5 0.2
v 0.1 0.5 0.0999999
v 0.2 0.5 0.0999999
v 5.96046e-08 0.5 -0.6
v 0.1 0.5 -0.6
v 5.96046e-08 0.5 -0.7
v 0.1 0.5 -0.7
v 0.4 0.5 -1.2
v 0.5 0.5 -1.2
v 0.4 0.5 -1.3
v 0.5 0.5 -1.3
v -0.7 0.6 1.7
v -0.4 0.6 1.7
v -0.3 0.6 1.7
v 5.96046e-08 0.6 1.7
v 0.1 0.6 1.7
v 0.4 0.6 1.7
v 0.5 0.6 1.7
v 0.8 0.6 1.7
v -0.8 0.6 1.6
v -0.7 0.6 1.6
v -0.4 0.6 1.6
v -0.3 0.6 1.6
v 5.96046e-08 0.6 1.6
v 0.1 0.6 1.6
v 0.4 0.6 1.6
v 0.5 0.6 1.6
v 0.8 0.6 1.6
v 0.9 0.6 1.6
v -0.8 0.6 1.3
v -0.7 0.6 1.3
v 0.8 0.6 1.3
v 0.9 0.6 1.3
v -0.8 0.6 1.2
v -0.7 0.6 1.2
v -0.3 0.6 1.2
v -0.2 0.6 1.2
v 0.8 0.6 1.2
v 0.9 0.6 1.2
v -0.3 0.6 1.1
v -0.2 0.6 1.1
v -0.8 0.6 0.9
v -0.7 0.6 0.9
v 0.5 0.6 0.9
v 0.6 0.6 0.9
v 0.8 0.6 0.9
v 0.9 0.6 0.9
v -0.8 0.6 0.8
v -0.7 0.6 0.8
v 0.5 0.6 0.8
v 0.6 0.6 0.8
v 0.8 0.6 0.8
v 0.9 0.6 0.8
v -0.8 0.6 0.5
v -0.7 0.6 0.5
v 0.8 0.6 0.5
v 0.9 0.6 0.5
v -0.8 0.6 0.4
v -0.7 0.6 0.4
v 0.8 0.6 0.4
v 0.9 0.6 0.4
v -0.8 0.6 0.0999999
v -0.7 0.6 0.0999999
v 0.8 0.6 0.0999999
v 0.9 0.6 0.0999999
v -0.8 0.6 -1.19209e-07
v -0.7 0.6 -1.19209e-07
v 0.8 0.6 -1.19209e-07
v 0.9 0.6 -1.19209e-07
v -0.8 0.6 -0.3
v -0.7 0.6 -0.3
v 0.8 0.6 -0.3
v 0.9 0.6 -0.3
v -0.8 0.6 -0.4
v -0.7 0.6 -0.4
v 0.8 0.6 -0.4
v 0.9 0.6 -0.4
v -0.8 0.6 -0.7
v -0.7 0.6 -0.7
v 0.8 0.6 -0.7
v 0.9 0.6 -0.7
v -0.8 0.6 -0.8
v -0.7 0.6 -0.8
v 0.8 0.6 -0.8
v 0.9 0.6 -0.8
v -0.5 0.6 -0.9
v -0.4 0.6 -0.9
v -0.5 0.6 -1
v -0.4 0.6 -1
v -0.8 0.6 -1.1
v -0.7 0.6 -1.1
v -0.1 0.6 -1.1
v 5.96046e-08 0.6 -1.1
v 0.8 0.6 -1.1
v 0.9 0.6 -1.1
v -0.8 0.6 -1.2
v -0.7 0.6 -1.2
v -0.1 0.6 -1.2
v 5.96046e-08 0.6 -1.2
v 0.8 0.6 -1.2
v 0.9 0.6 -1.2
v -0.8 0.6 -1.5
v -0.7 0.6 -1.5
v -0.4 0.6 -1.5
v -0.3 0.6 -1.5
v 5.96046e-08 0.6 -1.5
v 0.1 0.6 -1.5
v 0.4 0.6 -1.5
v 0.5 0.6 -1.5
v 0.8 0.6 -1.5
v 0.9 0.6 -1.5
v -0.7 0.6 -1.6
v -0.4 0.6 -1.6
v -0.3 0.6 -1.6
v 5.96046e-08 0.6 -1.6
v 0.1 0.6 -1.6
v 0.4 0.6 -1.6
v 0.5 0.6 -1.6
v 0.8 0.6 -1.6
v -0.3 0.7 1.1
v -0.2 0.7 1.1
v -0.3 0.7 1
v -0.2 0.7 1
v -0.5 0.7 -0.2
v -0.4 0.7 -0.2
v -0.6 0.7 -0.3
v -0.5 0.7 -0.3
v -0.4 0.7 -0.3
v -0.3 0.7 -0.3
v -0.6 0.7 -0.4
v -0.5 0.7 -0.4
v -0.4 0.7 -0.4
v -0.3 0.7 -0.4
v -0.5 0.7 -0.5
v -0.4 0.7 -0.5
v 0.5 0.7 -1.1
v 0.6 0.7 -1.1
v 0.4 0.7 -1.2
v 0.5 0.7 -1.2
v 0.6 0.7 -1.2
v 0.7 0.7 -1.2
v 0.4 0.7 -1.3
v 0.5 0.7 -1.3
v 0.6 0.7 -1.3
v 0.7 0.7 -1.3
v 0.5 0.7 -1.4
v 0.6 0.7 -1.4
v 0.1 0.8 1.2
v 0.2 0.8 1.2
v 5.96046e-08 0.8 1.1
v 0.1 0.8 1.1
v 0.2 0.8 1.1
v 0.3 0.8 1.1
v 5.96046e-08 0.8 1
v 0.1 0.8 1
v 0.2 0.8 1
v 0.3 0.8 1
v 0.5 0.8 1
v 0.6 0.8 1
v 0.1 0.8 0.9
v 0.2 0.8 0.9
v 0.4 0.8 0.9
v 0.5 0.8 0.9
v 0.6 0.8 0.9
v 0.7 0.8 0.9
v -0.5 0.8 0.8
v -0.4 0.8 0.8
v 0.4 0.8 0.8
v 0.5 0.8 0.8
v 0.6 0.8 0.8
v 0.7 0.8 0.8
v -0.6 0.8 0.7
v -0.5 0.8 0.7
v -0.4 0.8 0.7
v -0.3 0.8 0.7
v 0.5 0.8 0.7
v 0.6 0.8 0.7
v -0.6 0.8 0.6
v -0.5 0.8 0.6
v -0.4 0.8 0.6
v -0.3 0.8 0.6
v -0.5 0.8 0.5
v -0.4 0.8 0.5
v 0.1 0.8 0.4
v 0.2 0.8 0.4
v 0.5 0.8 0.4
v 0.6 0.8 0.4
v 5.96046e-08 0.8 0.3
v 0.1 0.8 0.3
v 0.2 0.8 0.3
v 0.3 0.8 0.3
v 0.4 0.8 0.3
v 0.5 0.8 0.3
v 0.6 0.8 0.3
v 0.7 0.8 0.3
v -0.3 0.8 0.2
v -0.2 0.8 0.2
v 5.96046e-08 0.8 0.2
v 0.1 0.8 0.2
v 0.2 0.8 0.2
v 0.3 0.8 0.2
v 0.4 0.8 0.2
v 0.5 0.8 0.2
v 0.6 0.8 0.2
v 0.7 0.8 0.2
v -0.4 0.8 0.0999999
v -0.3 0.8 0.0999999
v -0.2 0.8 0.0999999
v -0.1 0.8 0.0999999
v 0.1 0.8 0.0999999
v 0.2 0.8 0.0999999
v 0.5 0.8 0.0999999
v 0.6 0.8 0.0999999
v -0.4 0.8 -1.19209e-07
v -0.3 0.8 -1.19209e-07
v -0.2 0.8 -1.19209e-07
v -0.1 0.8 -1.19209e-07
v -0.3 0.8 -0.1
v -0.2 0.8 -0.1
v 5.96046e-08 0.8 -0.6
v 0.1 0.8 -0.6
v -0.1 0.8 -0.7
v 5.96046e-08 0.8 -0.7
v 0.1 0.8 -0.7
v 0.2 0.8 -0.7
v -0.1 0.8 -0.8
v 5.96046e-08 0.8 -0.8
v 0.1 0.8 -0.8
v 0.2 0.8 -0.8
v 5.96046e-08 0.8 -0.9
v 0.1 0.8 -0.9
v -0.1 0.8 -1.1
v 5.96046e-08 0.8 -1.1
v -0.2 0.8 -1.2
v -0.1 0.8 -1.2
v 5.96046e-08 0.8 -1.2
v 0.1 0.8 -1.2
v -0.2 0.8 -1.3
v -0.1 0.8 -1.3
v 5.96046e-08 0.8 -1.3
v 0.1 0.8 -1.3
v -0.1 0.8 -1.4
v 5.96046e-08 0.8 -1.4
v -0.3 0.9 1.2
v -0.2 0.9 1.2
v -0.4 0.9 1.1
v -0.3 0.9 1.1
v -0.2 0.9 1.1
v -0.1 0.9 1.1
v -0.4 0.9 1
v -0.3 0.9 1
v -0.2 0.9 1
v -0.1 0.9 1
v -0.3 0.9 0.9
v -0.2 0.9 0.9
v 0.5 0.9 -0.2
v 0.6 0.9 -0.2
v 0.4 0.9 -0.3
v 0.5 0.9 -0.3
v 0.6 0.9 -0.3
v 0.7 0.9 -0.3
v 0.4 0.9 -0.4
v 0.5 0.9 -0.4
v 0.6 0.9 -0.4
v 0.7 0.9 -0.4
v 0.5 0.9 -0.5
v 0.6 0.9 -0.5
v -0.4 0.9 -0.8
v -0.3 0.9 -0.8
v -0.5 0.9 -0.9
v -0.4 0.9 -0.9
v -0.3 0.9 -0.9
v -0.2 0.9 -0.9
v -0.5 0.9 -1
v -0.4 0.9 -1
v -0.3 0.9 -1
v -0.2 0.9 -1
v -0.4 0.9 -1.1
v -0.3 0.9 -1.1
v -0.6 0.2 1.7
v -0.5 0.2 1.7
v -0.2 0.2 1.7
v -0.1 0.2 1.7
v 0.2 0.2 1.7
v 0.3 0.2 1.7
v 0.6 0.2 1.7
v 0.7 0.2 1.7
v -0.6 0.2 1.6
v -0.5 0.2 1.6
v -0.2 0.2 1.6
v -0.1 0.2 1.6
v 0.2 0.2 1.6
v 0.3 0.2 1.6
v 0.6 0.2 1.6
v 0.7 0.2 1.6
v -0.8 0.2 1.5
v -0.7 0.2 1.5
v 0.8 0.2 1.5
v 0.9 0.2 1.5
v -0.8 0.2 1.4
v -0.7 0.2 1.4
v 0.8 0.2 1.4
v 0.9 0.2 1.4
v -0.8 0.2 1.1
v -0.7 0.2 1.1
v 0.8 0.2 1.1
v 0.9 0.2 1.1
v -0.8 0.2 1
v -0.7 0.2 1
v 0.8 0.2 1
v 0.9 0.2 1
v -0.8 0.2 0.7
v -0.7 0.2 0.7
v 0.8 0.2 0.7
v 0.9 0.2 0.7
v -0.8 0.2 0.6
v -0.7 0.2 0.6
v 0.8 0.2 0.6
v 0.9 0.2 0.6
v -0.8 0.2 0.3
v -0.7 0.2 0.3
v 0.8 0.2 0.3
v 0.9 0.2 0.3
v -0.8 0.2 0.2
v -0.7 0.2 0.2
v 0.8 0.2 0.2
v 0.9 0.2 0.2
v -0.8 0.2 -0.1
v -0.7 0.2 -0.1
v 0.8 0.2 -0.1
v 0.9 0.2 -0.1
v -0.8 0.2 -0.2
v -0.7 0.2 -0.2
v 0.8 0.2 -0.2
v 0.9 0.2 -0.2
v -0.8 0.2 -0.5
v -0.7 0.2 -0.5
v 0.8 0.2 -0.5
v 0.9 0.2 -0.5
v -0.8 0.2 -0.6
v -0.7 0.2 -0.6
v 0.8 0.2 -0.6
v 0.9 0.2 -0.6
v -0.8 0.2 -0.9
v -0.7 0.2 -0.9
v 0.8 0.2 -0.9
v 0.9 0.2 -0.9
v -0.8 0.2 -1
v -0.7 0.2 -1
v 0.8 0.2 -1
v 0.9 0.2 -1
v -0.8 0.2 -1.3
v -0.7 0.2 -1.3
v 0.8 0.2 -1.3
v 0.9 0.2 -1.3
v -0.8 0.2 -1.4
v -0.7 0.2 -1.4
v 0.8 0.2 -1.4
v 0.9 0.2 -1.4
v -0.6 0.2 -1.5
v -0.5 0.2 -1.5
v -0.2 0.2 -1.5
v -0.1 0.2 -1.5
v 0.2 0.2 -1.5
v 0.3 0.2 -1.5
v 0.6 0.2 -1.5
v 0.7 0.2 -1.5
v -0.6 0.2 -1.6
v -0.5 0.2 -1.6
v -0.2 0.2 -1.6
v -0.1 0.2 -1.6
v 0.2 0.2 -1.6
v 0.3 0.2 -1.6
v 0.6 0.2 -1.6
v 0.7 0.2 -1.6
v -0.7 0.3 1.7
v -0.6 0.3 1.7
v -0.5 0.3 1.7
v -0.4 0.3 1.7
v -0.3 0.3 1.7
v -0.2 0.3 1.7
v -0.1 0.3 1.7
v 5.96046e-08 0.3 1.7
v 0.1 0.3 1.7
v 0.2 0.3 1.7
v 0.3 0.3 1.7
v 0.4 0.3 1.7
v 0.5 0.3 1.7
v 0.6 0.3 1.7
v 0.7 0.3 1.7
v 0.8 0.3 1.7
v -0.8 0.3 1.6
v -0.7 0.3 1.6
v -0.6 0.3 1.6
v -0.5 0.3 1.6
v -0.4 0.3 1.6
v -0.3 0.3 1.6
v -0.2 0.3 1.6
v -0.1 0.3 1.6
v 5.96046e-08 0.3 1.6
v 0.1 0.3 1.6
v 0.2 0.3 1.6
v 0.3 0.3 1.6
v 0.4 0.3 1.6
v 0.5 0.3 1.6
v 0.6 0.3 1.6
v 0.7 0.3 1.6
v 0.8 0.3 1.6
v 0.9 0.3 1.6
v -0.8 0.3 1.5
v -0.7 0.3 1.5
v 0.8 0.3 1.5
v 0.9 0.3 1.5
v -0.8 0.3 1.4
v -0.7 0.3 1.4
v 0.8 0.3 1.4
v 0.9 0.3 1.4
v -0.8 0.3 1.3
v -0.7 0.3 1.3
v 0.8 0.3 1.3
v 0.9 0.3 1.3
v -0.8 0.3 1.2
v -0.7 0.3 1.2
v 0.8 0.3 1.2
v 0.9 0.3 1.2
v -0.8 0.3 1.1
v -0.7 0.3 1.1
v 0.8 0.3 1.1
v 0.9 0.3 1.1
v -0.8 0.3 1
v -0.7 0.3 1
v 0.8 0.3 1
v 0.9 0.3 1
v -0.8 0.3 0.9
v -0.7 0.3 0.9
v 0.8 0.3 0.9
v 0.9 0.3 0.9
v -0.8 0.3 0.8
v -0.7 0.3 0.8
v 0.8 0.3 0.8
v 0.9 0.3 0.8
v -0.8 0.3 0.7
v -0.7 0.3 0.7
v 0.8 0.3 0.7
v 0.9 0.3 0.7
v -0.8 0.3 0.6
v -0.7 0.3 0.6
v 0.8 0.3 0.6
v 0.9 0.3 0.6
v -0.8 0.3 0.5
v -0.7 0.3 0.5
v 0.8 0.3 0.5
v 0.9 0.3 0.5
v -0.8 0.3 0.4
v -0.7 0.3 0.4
v 0.8 0.3 0.4
v 0.9 0.3 0.4
v -0.8 0.3 0.3
v -0.7 0.3 0.3
v 0.8 0.3 0.3
v 0.9 0.3 0.3
v -0.8 0.3 0.2
v -0.7 0.3 0.2
v 0.8 0.3 0.2
v 0.9 0.3 0.2
v -0.8 0.3 0.0999999
v -0.7 0.3 0.0999999
v 0.8 0.3 0.0999999
v 0.9 0.3 0.0999999
v -0.8 0.3 -1.19209e-07
v -0.7 0.3 -1.19209e-07
v 0.8 0.3 -1.19209e-07
v 0.9 0.3 -1.19209e-07
v -0.8 0.3 -0.1
v -0.7 0.3 -0.1
v 0.8 0.3 -0.1
v 0.9 0.3 -0.1
v -0.8 0.3 -0.2
v -0.7 0.3 -0.2
v 0.8 0.3 -0.2
v 0.9 0.3 -0.2
v -0.8 0.3 -0.3
v -0.7 0.3 -0.3
v 0.8 0.3 -0.3
v 0.9 0.3 -0.3
v -0.8 0.3 -0.4
v -0.7 0.3 -0.4
v 0.8 0.3 -0.4
v 0.9 0.3 -0.4
v -0.8 0.3 -0.5
v -0.7 0.3 -0.5
v 0.8 0.3 -0.5
v 0.9 0.3 -0.5
v -0.8 0.3 -0.6
v -0.7 0.3 -0.6
v 0.8 0.3 -0.6
v 0.9 0.3 -0.6
v -0.8 0.3 -0.7
v -0.7 0.3 -0.7
v 0.8 0.3 -0.7
v 0.9 0.3 -0.7
v -0.8 0.3 -0.8
v -0.7 0.3 -0.8
v 0.8 0.3 -0.8
v 0.9 0.3 -0.8
v -0.8 0.3 -0.9
v -0.7 0.3 -0.9
v 0.8 0.3 -0.9
v 0.9 0.3 -0.9
v -0.8 0.3 -1
v -0.7 0.3 -1
v 0.8 0.3 -1
v 0.9 0.3 -1
v -0.8 0.3 -1.1
v -0.7 0.3 -1.1
v 0.8 0.3 -1.1
v 0.9 0.3 -1.1
v -0.8 0.3 -1.2
v -0.7 0.3 -1.2
v 0.8 0.3 -1.2
v 0.9 0.3 -1.2
v -0.8 0.3 -1.3
v -0.7 0.3 -1.3
v 0.8 0.3 -1.3
v 0.9 0.3 -1.3
v -0.8 0.3 -1.4
v -0.7 0.3 -1.4
v 0.8 0.3 -1.4
v 0.9 0.3 -1.4
v -0.8 0.3 -1.5
v -0.7 0.3 -1.5
v -0.6 0.3 -1.5
v -0.5 0.3 -1.5
v -0.4 0.3 -1.5
v -0.3 0.3 -1.5
v -0.2 0.3 -1.5
v -0.1 0.3 -1.5
v 5.96046e-08 0.3 -1.5
v 0.1 0.3 -1.5
v 0.2 0.3 -1.5
v 0.3 0.3 -1.5
v 0.4 0.3 -1.5
v 0.5 0.3 -1.5
v 0.6 0.3 -1.5
v 0.7 0.3 -1.5
v 0.8 0.3 -1.5
v 0.9 0.3 -1.5
v -0.7 0.3 -1.6
v -0.6 0.3 -1.6
v -0.5 0.3 -1.6
v -0.4 0.3 -1.6
v -0.3 0.3 -1.6
v -0.2 0.3 -1.6
v -0.1 0.3 -1.6
v 5.96046e-08 0.3 -1.6
v 0.1 0.3 -1.6
v 0.2 0.3 -1.6
v 0.3 0.3 -1.6
v 0.4 0.3 -1.6
v 0.5 0.3 -1.6
v 0.6 0.3 -1.6
v 0.7 0.3 -1.6
v 0.8 0.3 -1.6
v -0.7 0.4 1.6
v -0.6 0.4 1.6
v -0.5 0.4 1.6
v -0.2 0.4 1.6
v -0.1 0.4 1.6
v 0.2 0.4 1.6
v 0.3 0.4 1.6
v 0.6 0.4 1.6
v 0.7 0.4 1.6
v 0.8 0.4 1.6
v -0.7 0.4 1.5
v -0.5 0.4 1.5
v -0.4 0.4 1.5
v 0.1 0.4 1.5
v 0.4 0.4 1.5
v 0.8 0.4 1.5
v -0.7 0.4 1.4
v -0.6 0.4 1.4
v -0.5 0.4 1.4
v -0.4 0.4 1.4
v 0.1 0.4 1.4
v 0.4 0.4 1.4
v 0.7 0.4 1.4
v 0.8 0.4 1.4
v -0.7 0.4 1.3
v -0.6 0.4 1.3
v -0.3 0.4 1.3
v -0.2 0.4 1.3
v -0.1 0.4 1.3
v 5.96046e-08 0.4 1.3
v 0.4 0.4 1.3
v 0.6 0.4 1.3
v 0.7 0.4 1.3
v 0.8 0.4 1.3
v -0.7 0.4 1.2
v -0.6 0.4 1.2
v -0.3 0.4 1.2
v -0.2 0.4 1.2
v 0.6 0.4 1.2
v 0.8 0.4 1.2
v -0.7 0.4 1.1
v 0.1 0.4 1.1
v 0.2 0.4 1.1
v 0.4 0.4 1.1
v 0.5 0.4 1.1
v 0.8 0.4 1.1
v -0.7 0.4 1
v -0.6 0.4 1
v -0.5 0.4 1
v -0.4 0.4 1
v 0.1 0.4 1
v 0.2 0.4 1
v 0.5 0.4 1
v 0.6 0.4 1
v 0.8 0.4 1
v -0.5 0.4 0.9
v -0.4 0.4 0.9
v 0.3 0.4 0.9
v 0.4 0.4 0.9
v 0.5 0.4 0.9
v 0.6 0.4 0.9
v -0.1 0.4 0.8
v 5.96046e-08 0.4 0.8
v 0.3 0.4 0.8
v 0.5 0.4 0.8
v -0.7 0.4 0.7
v -0.5 0.4 0.7
v -0.4 0.4 0.7
v 0.1 0.4 0.7
v 0.2 0.4 0.7
v 0.8 0.4 0.7
v -0.7 0.4 0.6
v -0.5 0.4 0.6
v -0.4 0.4 0.6
v 5.96046e-08 0.4 0.6
v 0.1 0.4 0.6
v 0.4 0.4 0.6
v 0.6 0.4 0.6
v 0.8 0.4 0.6
v -0.1 0.4 0.5
v 5.96046e-08 0.4 0.5
v 0.1 0.4 0.5
v 0.2 0.4 0.5
v 0.3 0.4 0.5
v 0.4 0.4 0.5
v 0.5 0.4 0.5
v 0.6 0.4 0.5
v -0.3 0.4 0.4
v -0.1 0.4 0.4
v 5.96046e-08 0.4 0.4
v 0.1 0.4 0.4
v 0.3 0.4 0.4
v 0.5 0.4 0.4
v -0.7 0.4 0.3
v -0.6 0.4 0.3
v -0.5 0.4 0.3
v -0.3 0.4 0.3
v 5.96046e-08 0.4 0.3
v 0.1 0.4 0.3
v 0.2 0.4 0.3
v 0.5 0.4 0.3
v 0.6 0.4 0.3
v 0.8 0.4 0.3
v -0.7 0.4 0.2
v 0.1 0.4 0.2
v 0.2 0.4 0.2
v 0.5 0.4 0.2
v 0.6 0.4 0.2
v 0.8 0.4 0.2
v -0.3 0.4 0.0999999
v -0.2 0.4 0.0999999
v 0.6 0.4 0.0999999
v 0.7 0.4 0.0999999
v -0.5 0.4 -1.19209e-07
v -0.4 0.4 -1.19209e-07
v -0.3 0.4 -1.19209e-07
v -0.2 0.4 -1.19209e-07
v 0.4 0.4 -1.19209e-07
v 0.6 0.4 -1.19209e-07
v -0.7 0.4 -0.1
v -0.6 0.4 -0.1
v -0.5 0.4 -0.1
v -0.4 0.4 -0.1
v -0.2 0.4 -0.1
v 0.5 0.4 -0.1
v 0.7 0.4 -0.1
v 0.8 0.4 -0.1
v -0.7 0.4 -0.2
v -0.5 0.4 -0.2
v -0.2 0.4 -0.2
v 0.4 0.4 -0.2
v 0.5 0.4 -0.2
v 0.8 0.4 -0.2
v -0.5 0.4 -0.3
v -0.4 0.4 -0.3
v 0.1 0.4 -0.3
v 0.4 0.4 -0.3
v 0.5 0.4 -0.3
v 0.6 0.4 -0.3
v -0.5 0.4 -0.4
v -0.4 0.4 -0.4
v 0.2 0.4 -0.4
v 0.3 0.4 -0.4
v 0.4 0.4 -0.4
v 0.5 0.4 -0.4
v 0.6 0.4 -0.4
v 0.7 0.4 -0.4
v 0.8 0.4 -0.4
v -0.7 0.4 -0.5
v 0.1 0.4 -0.5
v 0.2 0.4 -0.5
v 0.3 0.4 -0.5
v 0.5 0.4 -0.5
v 0.6 0.4 -0.5
v 0.7 0.4 -0.5
v 0.8 0.4 -0.5
v -0.7 0.4 -0.6
v -0.4 0.4 -0.6
v -0.2 0.4 -0.6
v 0.7 0.4 -0.6
v 0.8 0.4 -0.6
v -0.6 0.4 -0.7
v -0.4 0.4 -0.7
v -0.3 0.4 -0.7
v -0.2 0.4 -0.7
v 5.96046e-08 0.4 -0.7
v 0.1 0.4 -0.7
v 0.4 0.4 -0.7
v 0.5 0.4 -0.7
v 0.6 0.4 -0.7
v 0.7 0.4 -0.7
v -0.5 0.4 -0.8
v -0.3 0.4 -0.8
v 5.96046e-08 0.4 -0.8
v 0.1 0.4 -0.8
v -0.7 0.4 -0.9
v -0.6 0.4 -0.9
v -0.5 0.4 -0.9
v -0.4 0.4 -0.9
v -0.3 0.4 -0.9
v 0.4 0.4 -0.9
v 0.5 0.4 -0.9
v 0.6 0.4 -0.9
v 0.8 0.4 -0.9
v -0.7 0.4 -1
v -0.4 0.4 -1
v -0.3 0.4 -1
v 0.8 0.4 -1
v -0.6 0.4 -1.1
v -0.5 0.4 -1.1
v 5.96046e-08 0.4 -1.1
v 0.1 0.4 -1.1
v 0.5 0.4 -1.1
v 0.6 0.4 -1.1
v -0.1 0.4 -1.2
v 5.96046e-08 0.4 -1.2
v 0.1 0.4 -1.2
v 0.2 0.4 -1.2
v 0.5 0.4 -1.2
v 0.6 0.4 -1.2
v -0.7 0.4 -1.3
v -0.5 0.4 -1.3
v -0.3 0.4 -1.3
v -0.1 0.4 -1.3
v 5.96046e-08 0.4 -1.3
v 0.2 0.4 -1.3
v 0.3 0.4 -1.3
v 0.5 0.4 -1.3
v 0.6 0.4 -1.3
v 0.8 0.4 -1.3
v -0.7 0.4 -1.4
v -0.6 0.4 -1.4
v -0.4 0.4 -1.4
v 0.2 0.4 -1.4
v 0.3 0.4 -1.4
v 0.7 0.4 -1.4
v 0.8 0.4 -1.4
v -0.7 0.4 -1.5
v -0.6 0.4 -1.5
v -0.5 0.4 -1.5
v -0.4 0.4 -1.5
v -0.3 0.4 -1.5
v -0.2 0.4 -1.5
v -0.1 0.4 -1.5
v 0.2 0.4 -1.5
v 0.3 0.4 -1.5
v 0.6 0.4 -1.5
v 0.7 0.4 -1.5
v 0.8 0.4 -1.5
v -0.7 0.5 1.7
v -0.6 0.5 1.7
v -0.5 0.5 1.7
v -0.4 0.5 1.7
v -0.3 0.5 1.7
v -0.2 0.5 1.7
v -0.1 0.5 1.7
v 5.96046e-08 0.5 1.7
v 0.1 0.5 1.7
v 0.2 0.5 1.7
v 0.3 0.5 1.7
v 0.4 0.5 1.7
v 0.5 0.5 1.7
v 0.6 0.5 1.7
v 0.7 0.5 1.7
v 0.8 0.5 1.7
v -0.8 0.5 1.6
v -0.7 0.5 1.6
v -0.6 0.5 1.6
v -0.5 0.5 1.6
v -0.4 0.5 1.6
v -0.3 0.5 1.6
v -0.2 0.5 1.6
v -0.1 0.5 1.6
v 5.96046e-08 0.5 1.6
v 0.1 0.5 1.6
v 0.2 0.5 1.6
v 0.3 0.5 1.6
v 0.4 0.5 1.6
v 0.5 0.5 1.6
v 0.6 0.5 1.6
v 0.7 0.5 1.6
v 0.8 0.5 1.6
v 0.9 0.5 1.6
v -0.8 0.5 1.5
v -0.7 0.5 1.5
v 0.8 0.5 1.5
v 0.9 0.5 1.5
v -0.8 0.5 1.4
v -0.7 0.5 1.4
v 0.8 0.5 1.4
v 0.9 0.5 1.4
v -0.8 0.5 1.3
v -0.7 0.5 1.3
v 0.8 0.5 1.3
v 0.9 0.5 1.3
v -0.8 0.5 1.2
v -0.7 0.5 1.2
v 0.8 0.5 1.2
v 0.9 0.5 1.2
v -0.8 0.5 1.1
v -0.7 0.5 1.1
v 0.8 0.5 1.1
v 0.9 0.5 1.1
v -0.8 0.5 1
v -0.7 0.5 1
v 0.8 0.5 1
v 0.9 0.5 1
v -0.8 0.5 0.9
v -0.7 0.5 0.9
v 0.8 0.5 0.9
v 0.9 0.5 0.9
v -0.8 0.5 0.8
v -0.7 0.5 0.8
v 0.8 0.5 0.8
v 0.9 0.5 0.8
v -0.8 0.5 0.7
v -0.7 0.5 0.7
v 0.8 0.5 0.7
v 0.9 0.5 0.7
v -0.8 0.5 0.6
v -0.7 0.5 0.6
v 0.8 0.5 0.6
v 0.9 0.5 0.6
v -0.8 0.5 0.5
v -0.7 0.5 0.5
v 0.8 0.5 0.5
v 0.9 0.5 0.5
v -0.8 0.5 0.4
v -0.7 0.5 0.4
v 0.8 0.5 0.4
v 0.9 0.5 0.4
v -0.8 0.5 0.3
v -0.7 0.5 0.3
v 0.8 0.5 0.3
v 0.9 0.5 0.3
v -0.8 0.5 0.2
v -0.7 0.5 0.2
v 0.8 0.5 0.2
v 0.9 0.5 0.2
v -0.8 0.5 0.0999999
v -0.7 0.5 0.0999999
v 0.8 0.5 0.0999999
v 0.9 0.5 0.0999999
v -0.8 0.5 -1.19209e-07
v -0.7 0.5 -1.19209e-07
v 0.8 0.5 -1.19209e-07
v 0.9 0.5 -1.19209e-07
v -0.8 0.5 -0.1
v -0.7 0.5 -0.1
v 0.8 0.5 -0.1
v 0.9 0.5 -0.1
v -0.8 0.5 -0.2
v -0.7 0.5 -0.2
v 0.8 0.5 -0.2
v 0.9 0.5 -0.2
v -0.8 0.5 -0.3
v -0.7 0.5 -0.3
v 0.8 0.5 -0.3
v 0.9 0.5 -0.3
v -0.8 0.5 -0.4
v -0.7 0.5 -0.4
v 0.8 0.5 -0.4
v 0.9 0.5 -0.4
v -0.8 0.5 -0.5
v -0.7 0.5 -0.5
v 0.8 0.5 -0.5
v 0.9 0.5 -0.5
v -0.8 0.5 -0.6
v -0.7 0.5 -0.6
v 0.8 0.5 -0.6
v 0.9 0.5 -0.6
v -0.8 0.5 -0.7
v -0.7 0.5 -0.7
v 0.8 0.5 -0.7
v 0.9 0.5 -0.7
v -0.8 0.5 -0.8
v -0.7 0.5 -0.8
v 0.8 0.5 -0.8
v 0.9 0.5 -0.8
v -0.8 0.5 -0.9
v -0.7 0.5 -0.9
v 0.8 0.5 -0.9
v 0.9 0.5 -0.9
v -0.8 0.5 -1
v -0.7 0.5 -1
v 0.8 0.5 -1
v 0.9 0.5 -1
v -0.8 0.5 -1.1
v -0.7 0.5 -1.1
v 0.8 0.5 -1.1
v 0.9 0.5 -1.1
v -0.8 0.5 -1.2
v -0.7 0.5 -1.2
v 0.8 0.5 -1.2
v 0.9 0.5 -1.2
v -0.8 0.5 -1.3
v -0.7 0.5 -1.3
v 0.8 0.5 -1.3
v 0.9 0.5 -1.3
v -0.8 0.5 -1.4
v -0.7 0.5 -1.4
v 0.8 0.5 -1.4
v 0.9 0.5 -1.4
v -0.8 0.5 -1.5
v -0.7 0.5 -1.5
v -0.6 0.5 -1.5
v -0.5 0.5 -1.5
v -0.4 0.5 -1.5
v -0.3 0.5 -1.5
v -0.2 0.5 -1.5
v -0.1 0.5 -1.5
v 5.96046e-08 0.5 -1.5
v 0.1 0.5 -1.5
v 0.2 0.5 -1.5
v 0.3 0.5 -1.5
v 0.4 0.5 -1.5
v 0.5 0.5 -1.5
v 0.6 0.5 -1.5
v 0.7 0.5 -1.5
v 0.8 0.5 -1.5
v 0.9 0.5 -1.5
v -0.7 0.5 -1.6
v -0.6 0.5 -1.6
v -0.5 0.5 -1.6
v -0.4 0.5 -1.6
v -0.3 0.5 -1.6
v -0.2 0.5 -1.6
v -0.1 0.5 -1.6
v 5.96046e-08 0.5 -1.6
v 0.1 0.5 -1.6
v 0.2 0.5 -1.6
v 0.3 0.5 -1.6
v 0.4 0.5 -1.6
v 0.5 0.5 -1.6
v 0.6 0.5 -1.6
v 0.7 0.5 -1.6
v 0.8 0.5 -1.6
v 0.2 0.6 1.1
v 0.3 0.6 1.1
v 0.2 0.6 1
v 0.3 0.6 1
v 0.4 0.6 0.3
v 0.5 0.6 0.3
v 0.1 0.6 0.2
v 0.2 0.6 0.2
v 0.4 0.6 0.2
v 0.5 0.6 0.2
v 0.1 0.6 0.0999999
v 0.2 0.6 0.0999999
v 5.96046e-08 0.6 -0.6
v 0.1 0.6 -0.6
v 5.96046e-08 0.6 -0.7
v 0.1 0.6 -0.7
v 0.4 0.6 -1.2
v 0.5 0.6 -1.2
v 0.4 0.6 -1.3
v 0.5 0.6 -1.3
v -0.8 0.7 1.7
v 0.9 0.7 1.7
v -0.7 0.7 1.6
v 0.8 0.7 1.6
v -0.3 0.7 1.3
v -0.2 0.7 1.3
v -0.3 0.7 1.2
v -0.2 0.7 1.2
v 0.5 0.7 1
v 0.6 0.7 1
v 0.5 0.7 0.9
v 0.6 0.7 0.9
v -0.5 0.7 -0.9
v -0.4 0.7 -0.9
v -0.5 0.7 -1
v -0.4 0.7 -1
v -0.1 0.7 -1.1
v 5.96046e-08 0.7 -1.1
v -0.1 0.7 -1.2
v 5.96046e-08 0.7 -1.2
v -0.7 0.7 -1.5
v 0.8 0.7 -1.5
v -0.8 0.7 -1.6
v 0.9 0.7 -1.6
v -0.3 0.8 1.2
v -0.2 0.8 1.2
v -0.3 0.8 1.1
v -0.2 0.8 1.1
v -0.5 0.8 -0.2
v -0.4 0.8 -0.2
v -0.6 0.8 -0.3
v -0.5 0.8 -0.3
v -0.4 0.8 -0.3
v -0.3 0.8 -0.3
v -0.6 0.8 -0.4
v -0.5 0.8 -0.4
v -0.4 0.8 -0.4
v -0.3 0.8 -0.4
v -0.5 0.8 -0.5
v -0.4 0.8 -0.5
v 0.5 0.8 -1.1
v 0.6 0.8 -1.1
v 0.4 0.8 -1.2
v 0.5 0.8 -1.2
v 0.6 0.8 -1.2
v 0.7 0.8 -1.2
v 0.4 0.8 -1.3
v 0.5 0.8 -1.3
v 0.6 0.8 -1.3
v 0.7 0.8 -1.3
v 0.5 0.8 -1.4
v 0.6 0.8 -1.4
v 0.1 0.9 1.2
v 0.2 0.9 1.2
v 5.96046e-08 0.9 1.1
v 0.1 0.9 1.1
v 0.2 0.9 1.1
v 0.3 0.9 1.1
v 5.96046e-08 0.9 1
v 0.1 0.9 1
v 0.2 0.9 1
v 0.3 0.9 1
v 0.5 0.9 1
v 0.6 0.9 1
v 0.1 0.9 0.9
v 0.2 0.9 0.9
v 0.4 0.9 0.9
v 0.5 0.9 0.9
v 0.6 0.9 0.9
v 0.7 0.9 0.9
v -0.5 0.9 0.8
v -0.4 0.9 0.8
v 0.4 0.9 0.8
v 0.5 0.9 0.8
v 0.6 0.9 0.8
v 0.7 0.9 0.8
v -0.6 0.9 0.7
v -0.5 0.9 0.7
v -0.4 0.9 0.7
v -0.3 0.9 0.7
v 0.5 0.9 0.7
v 0.6 0.9 0.7
v -0.6 0.9 0.6
v -0.5 0.9 0.6
v -0.4 0.9 0.6
v -0.3 0.9 0.6
v -0.5 0.9 0.5
v -0.4 0.9 0.5
v 0.1 0.9 0.4
v 0.2 0.9 0.4
v 0.5 0.9 0.4
v 0.6 0.9 0.4
v 5.96046e-08 0.9 0.3
v 0.1 0.9 0.3
v 0.2 0.9 0.3
v 0.3 0.9 0.3
v 0.4 0.9 0.3
v 0.5 0.9 0.3
v 0.6 0.9 0.3
v 0.7 0.9 0.3
v -0.3 0.9 0.2
v -0.2 0.9 0.2
v 5.96046e-08 0.9 0.2
v 0.1 0.9 0.2
v 0.2 0.9 0.2
v 0.3 0.9 0.2
v 0.4 0.9 0.2
v 0.5 0.9 0.2
v 0.6 0.9 0.2
v 0.7 0.9 0.2
v -0.4 0.9 0.0999999
v -0.3 0.9 0.0999999
v -0.2 0.9 0.0999999
v -0.1 0.9 0.0999999
v 0.1 0.9 0.0999999
v 0.2 0.9 0.0999999
v 0.5 0.9 0.0999999
v 0.6 0.9 0.0999999
v -0.4 0.9 -1.19209e-07
v -0.3 0.9 -1.19209e-07
v -0.2 0.9 -1.19209e-07
v -0.1 0.9 -1.19209e-07
v -0.3 0.9 -0.1
v -0.2 0.9 -0.1
v 5.96046e-08 0.9 -0.6
v 0.1 0.9 -0.6
v -0.1 0.9 -0.7
v 5.96046e-08 0.9 -0.7
v 0.1 0.9 -0.7
v 0.2 0.9 -0.7
v -0.1 0.9 -0.8
v 5.96046e-08 0.9 -0.8
v 0.1 0.9 -0.8
v 0.2 0.9 -0.8
v 5.96046e-08 0.9 -0.9
v 0.1 0.9 -0.9
v -0.1 0.9 -1.1
v 5.96046e-08 0.9 -1.1
v -0.2 0.9 -1.2
v -0.1 0.9 -1.2
v 5.96046e-08 0.9 -1.2
v 0.1 0.9 -1.2
v -0.2 0.9 -1.3
v -0.1 0.9 -1.3
v 5.96046e-08 0.9 -1.3
v 0.1 0.9 -1.3
v -0.1 0.9 -1.4
v 5.96046e-08 0.9 -1.4
v -0.3 1 1.2
v -0.2 1 1.2
v -0.4 1 1.1
v -0.3 1 1.1
v -0.2 1 1.1
v -0.1 1 1.1
v -0.4 1 1
v -0.3 1 1
v -0.2 1 1
v -0.1 1 1
v -0.3 1 0.9
v -0.2 1 0.9
v 0.5 1 -0.2
v 0.6 1 -0.2
v 0.4 1 -0.3
v 0.5 1 -0.3
v 0.6 1 -0.3
v 0.7 1 -0.3
v 0.4 1 -0.4
v 0.5 1 -0.4
v 0.6 1 -0.4
v 0.7 1 -0.4
v 0.5 1 -0.5
v 0.6 1 -0.5
v -0.4 1 -0.8
v -0.3 1 -0.8
v -0.5 1 -0.9
v -0.4 1 -0.9
v -0.3 1 -0.9
v -0.2 1 -0.9
v -0.5 1 -1
v -0.4 1 -1
v -0.3 1 -1
v -0.2 1 -1
v -0.4 1 -1.1
v -0.3 1 -1.1

# faces
f 3/4/1 2/4/1 1/4/1
f 4/4/1 2/4/1 3/4/1
f 5/4/1 2/4/1 4/4/1
f 6/4/1 2/4/1 5/4/1
f 7/4/1 2/4/1 6/4/1
f 8/4/1 2/4/1 7/4/1
f 9/4/1 2/4/1 8/4/1
f 10/4/1 2/4/1 9/4/1
f 11/4/1 2/4/1 10/4/1
f 12/4/1 2/4/1 11/4/1
f 13/4/1 2/4/1 12/4/1
f 14/4/1 2/4/1 13/4/1
f 15/4/1 2/4/1 14/4/1
f 16/4/1 2/4/1 15/4/1
f 17/4/1 2/4/1 16/4/1
f 18/4/1 2/4/1 17/4/1
f 19/4/1 3/4/1 1/4/1
f 20/4/1 3/4/1 19/4/1
f 21/4/1 5/4/1 4/4/1
f 22/4/1 5/4/1 21/4/1
f 23/4/1 5/4/1 22/4/1
f 24/4/1 5/4/1 23/4/1
f 25/4/1 7/4/1 6/4/1
f 26/4/1 7/4/1 25/4/1
f 27/4/1 7/4/1 26/4/1
f 28/4/1 7/4/1 27/4/1
f 29/4/1 9/4/1 8/4/1
f 30/4/1 9/4/1 29/4/1
f 31/4/1 9/4/1 30/4/1
f 32/4/1 9/4/1 31/4/1
f 33/4/1 11/4/1 10/4/1
f 34/4/1 11/4/1 33/4/1
f 35/4/1 11/4/1 34/4/1
f 36/4/1 11/4/1 35/4/1
f 37/4/1 13/4/1 12/4/1
f 38/4/1 13/4/1 37/4/1
f 39/4/1 13/4/1 38/4/1
f 40/4/1 13/4/1 39/4/1
f 41/4/1 15/4/1 14/4/1
f 42/4/1 15/4/1 41/4/1
f 43/4/1 15/4/1 42/4/1
f 44/4/1 15/4/1 43/4/1
f 45/4/1 17/4/1 16/4/1
f 46/4/1 17/4/1 45/4/1
f 47/4/1 17/4/1 46/4/1
f 48/4/1 17/4/1 47/4/1
f 49/4/1 2/4/1 18/4/1
f 50/4/1 2/4/1 49/4/1
f 51/4/1 19/4/1 1/4/1
f 54/4/1 23/4/1 22/4/1
f 55/4/1 23/4/1 54/4/1
f 58/4/1 27/4/1 26/4/1
f 59/4/1 27/4/1 58/4/1
f 62/4/1 31/4/1 30/4/1
f 63/4/1 31/4/1 62/4/1
f 66/4/1 35/4/1 34/4/1
f 67/4/1 35/4/1 66/4/1
f 70/4/1 39/4/1 38/4/1
f 71/4/1 39/4/1 70/4/1
f 74/4/1 43/4/1 42/4/1
f 75/4/1 43/4/1 74/4/1
f 78/4/1 47/4/1 46/4/1
f 79/4/1 47/4/1 78/4/1
f 82/4/1 2/4/1 50/4/1
f 83/4/1 52/4/1 51/4/1
f 83/4/1 51/4/1 1/4/1
f 84/4/1 52/4/1 83/4/1
f 85/4/1 56/4/1 55/4/1
f 85/4/1 54/4/1 53/4/1
f 85/4/1 55/4/1 54/4/1
f 86/4/1 56/4/1 85/4/1
f 87/4/1 56/4/1 86/4/1
f 88/4/1 56/4/1 87/4/1
f 89/4/1 60/4/1 59/4/1
f 89/4/1 58/4/1 57/4/1
f 89/4/1 59/4/1 58/4/1
f 90/4/1 60/4/1 89/4/1
f 91/4/1 60/4/1 90/4/1
f 92/4/1 60/4/1 91/4/1
f 93/4/1 64/4/1 63/4/1
f 93/4/1 62/4/1 61/4/1
f 93/4/1 63/4/1 62/4/1
f 94/4/1 64/4/1 93/4/1
f 95/4/1 64/4/1 94/4/1
f 96/4/1 64/4/1 95/4/1
f 97/4/1 68/4/1 67/4/1
f 97/4/1 66/4/1 65/4/1
f 97/4/1 67/4/1 66/4/1
f 98/4/1 68/4/1 97/4/1
f 99/4/1 68/4/1 98/4/1
f 100/4/1 68/4/1 99/4/1
f 101/4/1 72/4/1 71/4/1
f 101/4/1 70/4/1 69/4/1
f 101/4/1 71/4/1 70/4/1
f 102/4/1 72/4/1 101/4/1
f 103/4/1 72/4/1 102/4/1
f 104/4/1 72/4/1 103/4/1
f 105/4/1 76/4/1 75/4/1
f 105/4/1 74/4/1 73/4/1
f 105/4/1 75/4/1 74/4/1
f 106/4/1 76/4/1 105/4/1
f 107/4/1 76/4/1 106/4/1
f 108/4/1 76/4/1 107/4/1
f 109/4/1 80/4/1 79/4/1
f 109/4/1 78/4/1 77/4/1
f 109/4/1 79/4/1 78/4/1
f 110/4/1 80/4/1 109/4/1
f 111/4/1 80/4/1 110/4/1
f 112/4/1 80/4/1 111/4/1
f 113/4/1 82/4/1 81/4/1
f 114/4/1 2/4/1 82/4/1
f 114/4/1 82/4/1 113/4/1
f 115/4/1 83/4/1 1/4/1
f 116/4/1 87/4/1 86/4/1
f 117/4/1 87/4/1 116/4/1
f 118/4/1 91/4/1 90/4/1
f 119/4/1 91/4/1 118/4/1
f 120/4/1 95/4/1 94/4/1
f 121/4/1 95/4/1 120/4/1
f 122/4/1 99/4/1 98/4/1
f 123/4/1 99/4/1 122/4/1
f 124/4/1 103/4/1 102/4/1
f 125/4/1 103/4/1 124/4/1
f 126/4/1 107/4/1 106/4/1
f 127/4/1 107/4/1 126/4/1
f 128/4/1 111/4/1 110/4/1
f 129/4/1 111/4/1 128/4/1
f 130/4/1 2/4/1 114/4/1
f 131/4/1 129/4/1 128/4/1
f 131/4/1 130/4/1 129/4/1
f 131/4/1 127/4/1 126/4/1
f 131/4/1 115/4/1 1/4/1
f 131/4/1 128/4/1 127/4/1
f 131/4/1 125/4/1 124/4/1
f 131/4/1 126/4/1 125/4/1
f 131/4/1 117/4/1 116/4/1
f 131/4/1 124/4/1 123/4/1
f 131/4/1 119/4/1 118/4/1
f 131/4/1 122/4/1 121/4/1
f 131/4/1 123/4/1 122/4/1
f 131/4/1 120/4/1 119/4/1
f 131/4/1 121/4/1 120/4/1
f 131/4/1 118/4/1 117/4/1
f 131/4/1 116/4/1 115/4/1
f 132/4/1 2/4/1 130/4/1
f 132/4/1 130/4/1 131/4/1
f 150/8/1 134/8/1 133/8/1
f 151/8/1 134/8/1 150/8/1
f 154/8/1 136/8/1 135/8/1
f 155/8/1 136/8/1 154/8/1
f 158/8/1 138/8/1 137/8/1
f 159/8/1 138/8/1 158/8/1
f 162/8/1 140/8/1 139/8/1
f 163/8/1 140/8/1 162/8/1
f 166/8/1 142/8/1 141/8/1
f 167/8/1 142/8/1 166/8/1
f 170/8/1 144/8/1 143/8/1
f 171/8/1 144/8/1 170/8/1
f 174/8/1 146/8/1 145/8/1
f 175/8/1 146/8/1 174/8/1
f 178/8/1 148/8/1 147/8/1
f 179/8/1 148/8/1 178/8/1
f 181/10/1 152/10/1 151/10/1
f 181/10/1 150/10/1 149/10/1
f 181/10/1 151/10/1 150/10/1
f 182/10/1 152/10/1 181/10/1
f 183/10/1 152/10/1 182/10/1
f 184/10/1 152/10/1 183/10/1
f 185/10/1 156/10/1 155/10/1
f 185/10/1 154/10/1 153/10/1
f 185/10/1 155/10/1 154/10/1
f 186/10/1 156/10/1 185/10/1
f 187/10/1 156/10/1 186/10/1
f 188/10/1 156/10/1 187/10/1
f 189/10/1 160/10/1 159/10/1
f 189/10/1 158/10/1 157/10/1
f 189/10/1 159/10/1 158/10/1
f 190/10/1 160/10/1 189/10/1
f 191/10/1 160/10/1 190/10/1
f 192/10/1 160/10/1 191/10/1
f 193/10/1 164/10/1 163/10/1
f 193/10/1 162/10/1 161/10/1
f 193/10/1 163/10/1 162/10/1
f 194/10/1 164/10/1 193/10/1
f 195/10/1 164/10/1 194/10/1
f 196/10/1 164/10/1 195/10/1
f 197/10/1 168/10/1 167/10/1
f 197/10/1 166/10/1 165/10/1
f 197/10/1 167/10/1 166/10/1
f 198/10/1 168/10/1 197/10/1
f 199/10/1 168/10/1 198/10/1
f 200/10/1 168/10/1 199/10/1
f 201/10/1 172/10/1 171/10/1
f 201/10/1 170/10/1 169/10/1
f 201/10/1 171/10/1 170/10/1
f 202/10/1 172/10/1 201/10/1
f 203/10/1 172/10/1 202/10/1
f 204/10/1 172/10/1 203/10/1
f 205/10/1 176/10/1 175/10/1
f 205/10/1 174/10/1 173/10/1
f 205/10/1 175/10/1 174/10/1
f 206/10/1 176/10/1 205/10/1
f 207/10/1 176/10/1 206/10/1
f 208/10/1 176/10/1 207/10/1
f 209/10/1 180/10/1 179/10/1
f 209/10/1 179/10/1 178/10/1
f 209/10/1 178/10/1 177/10/1
f 210/10/1 180/10/1 209/10/1
f 211/10/1 180/10/1 210/10/1
f 212/10/1 180/10/1 211/10/1
f 217/3/1 214/3/1 213/3/1
f 218/3/1 214/3/1 217/3/1
f 219/2/1 216/2/1 215/2/1
f 220/2/1 216/2/1 219/2/1
f 225/4/1 222/4/1 221/4/1
f 226/4/1 222/4/1 225/4/1
f 227/4/1 224/4/1 223/4/1
f 228/4/1 224/4/1 227/4/1
f 237/4/1 230/4/1 229/4/1
f 238/4/1 230/4/1 237/4/1
f 239/4/1 236/4/1 235/4/1
f 240/4/1 236/4/1 239/4/1
f 244/7/1 234/7/1 233/7/1
f 245/7/1 234/7/1 244/7/1
f 247/7/1 242/7/1 241/7/1
f 248/7/1 242/7/1 247/7/1
f 250/7/1 232/7/1 231/7/1
f 251/7/1 232/7/1 250/7/1
f 253/3/1 244/3/1 243/3/1
f 254/3/1 244/3/1 253/3/1
f 255/3/1 246/3/1 245/3/1
f 256/3/1 246/3/1 255/3/1
f 257/2/1 250/2/1 249/2/1
f 258/2/1 250/2/1 257/2/1
f 259/2/1 252/2/1 251/2/1
f 260/2/1 252/2/1 259/2/1
f 263/5/1 262/5/1 261/5/1
f 264/5/1 262/5/1 263/5/1
f 269/4/1 266/4/1 265/4/1
f 270/4/1 266/4/1 269/4/1
f 273/4/1 268/4/1 267/4/1
f 274/4/1 268/4/1 273/4/1
f 279/4/1 276/4/1 275/4/1
f 280/4/1 276/4/1 279/4/1
f 281/7/1 272/7/1 271/7/1
f 282/7/1 272/7/1 281/7/1
f 283/4/1 278/4/1 277/4/1
f 284/4/1 278/4/1 283/4/1
f 291/6/1 288/6/1 287/6/1
f 292/6/1 288/6/1 291/6/1
f 294/7/1 286/7/1 285/7/1
f 295/7/1 286/7/1 294/7/1
f 297/3/1 290/3/1 289/3/1
f 298/3/1 290/3/1 297/3/1
f 299/5/1 294/5/1 293/5/1
f 300/5/1 294/5/1 299/5/1
f 301/5/1 296/5/1 295/5/1
f 302/5/1 296/5/1 301/5/1
f 307/7/1 304/7/1 303/7/1
f 309/7/1 307/7/1 303/7/1
f 309/7/1 308/7/1 307/7/1
f 310/7/1 308/7/1 309/7/1
f 311/7/1 308/7/1 310/7/1
f 313/7/1 312/7/1 311/7/1
f 313/7/1 311/7/1 310/7/1
f 314/7/1 312/7/1 313/7/1
f 316/7/1 306/7/1 305/7/1
f 317/7/1 306/7/1 316/7/1
f 320/7/1 312/7/1 314/7/1
f 321/7/1 312/7/1 320/7/1
f 323/6/1 316/6/1 315/6/1
f 324/6/1 316/6/1 323/6/1
f 325/6/1 318/6/1 317/6/1
f 326/6/1 318/6/1 325/6/1
f 327/3/1 320/3/1 319/3/1
f 328/3/1 320/3/1 327/3/1
f 329/3/1 322/3/1 321/3/1
f 330/3/1 322/3/1 329/3/1
f 333/6/1 332/6/1 331/6/1
f 334/6/1 332/6/1 333/6/1
f 339/4/1 336/4/1 335/4/1
f 340/4/1 336/4/1 339/4/1
f 341/4/1 338/4/1 337/4/1
f 342/4/1 338/4/1 341/4/1
f 349/4/1 344/4/1 343/4/1
f 350/4/1 344/4/1 349/4/1
f 351/4/1 348/4/1 347/4/1
f 352/4/1 348/4/1 351/4/1
f 354/7/1 346/7/1 345/7/1
f 355/7/1 354/7/1 353/7/1
f 356/7/1 346/7/1 354/7/1
f 356/7/1 354/7/1 355/7/1
f 360/7/1 346/7/1 356/7/1
f 361/7/1 346/7/1 360/7/1
f 363/5/1 358/5/1 357/5/1
f 364/5/1 358/5/1 363/5/1
f 365/6/1 360/6/1 359/6/1
f 366/6/1 360/6/1 365/6/1
f 367/6/1 362/6/1 361/6/1
f 368/6/1 362/6/1 367/6/1
f 373/4/1 370/4/1 369/4/1
f 374/4/1 370/4/1 373/4/1
f 377/4/1 372/4/1 371/4/1
f 378/4/1 372/4/1 377/4/1
f 382/7/1 376/7/1 375/7/1
f 385/4/1 380/4/1 379/4/1
f 386/4/1 380/4/1 385/4/1
f 387/7/1 382/7/1 381/7/1
f 388/7/1 376/7/1 382/7/1
f 388/7/1 382/7/1 387/7/1
f 389/4/1 384/4/1 383/4/1
f 390/4/1 384/4/1 389/4/1
f 396/7/1 376/7/1 388/7/1
f 397/7/1 376/7/1 396/7/1
f 399/2/1 392/2/1 391/2/1
f 400/2/1 392/2/1 399/2/1
f 401/3/1 394/3/1 393/3/1
f 402/3/1 394/3/1 401/3/1
f 403/5/1 396/5/1 395/5/1
f 404/5/1 396/5/1 403/5/1
f 405/5/1 398/5/1 397/5/1
f 406/5/1 398/5/1 405/5/1
f 411/7/1 410/7/1 409/7/1
f 413/7/1 411/7/1 409/7/1
f 413/7/1 412/7/1 411/7/1
f 414/7/1 412/7/1 413/7/1
f 416/7/1 408/7/1 407/7/1
f 417/7/1 408/7/1 416/7/1
f 420/7/1 413/7/1 409/7/1
f 421/7/1 413/7/1 420/7/1
f 423/2/1 416/2/1 415/2/1
f 424/2/1 416/2/1 423/2/1
f 425/2/1 418/2/1 417/2/1
f 426/2/1 418/2/1 425/2/1
f 427/3/1 420/3/1 419/3/1
f 428/3/1 420/3/1 427/3/1
f 429/3/1 422/3/1 421/3/1
f 430/3/1 422/3/1 429/3/1
f 435/4/1 432/4/1 431/4/1
f 436/4/1 432/4/1 435/4/1
f 437/4/1 434/4/1 433/4/1
f 438/4/1 434/4/1 437/4/1
f 443/4/1 440/4/1 439/4/1
f 444/4/1 440/4/1 443/4/1
f 445/4/1 442/4/1 441/4/1
f 446/4/1 442/4/1 445/4/1
f 451/4/1 448/4/1 447/4/1
f 452/4/1 448/4/1 451/4/1
f 453/4/1 450/4/1 449/4/1
f 454/4/1 450/4/1 453/4/1
f 463/4/1 456/4/1 455/4/1
f 464/4/1 456/4/1 463/4/1
f 465/7/1 458/7/1 457/7/1
f 466/7/1 458/7/1 465/7/1
f 467/7/1 460/7/1 459/7/1
f 468/7/1 460/7/1 467/7/1
f 469/4/1 462/4/1 461/4/1
f 470/4/1 462/4/1 469/4/1
f 477/3/1 472/3/1 471/3/1
f 478/3/1 472/3/1 477/3/1
f 479/6/1 474/6/1 473/6/1
f 480/6/1 474/6/1 479/6/1
f 481/5/1 476/5/1 475/5/1
f 482/5/1 476/5/1 481/5/1
f 485/2/1 484/2/1 483/2/1
f 486/2/1 484/2/1 485/2/1
f 495/7/1 490/7/1 489/7/1
f 496/7/1 490/7/1 495/7/1
f 497/7/1 494/7/1 493/7/1
f 498/7/1 494/7/1 497/7/1
f 499/7/1 488/7/1 487/7/1
f 505/7/1 499/7/1 487/7/1
f 505/7/1 500/7/1 499/7/1
f 506/7/1 500/7/1 505/7/1
f 508/7/1 504/7/1 503/7/1
f 509/7/1 504/7/1 508/7/1
f 512/7/1 500/7/1 506/7/1
f 513/7/1 500/7/1 512/7/1
f 516/7/1 502/7/1 501/7/1
f 517/7/1 502/7/1 516/7/1
f 519/3/1 508/3/1 507/3/1
f 520/3/1 508/3/1 519/3/1
f 521/3/1 510/3/1 509/3/1
f 522/3/1 510/3/1 521/3/1
f 523/6/1 512/6/1 511/6/1
f 524/6/1 512/6/1 523/6/1
f 525/6/1 514/6/1 513/6/1
f 526/6/1 514/6/1 525/6/1
f 527/5/1 516/5/1 515/5/1
f 528/5/1 516/5/1 527/5/1
f 529/5/1 518/5/1 517/5/1
f 530/5/1 518/5/1 529/5/1
f 532/7/1 492/7/1 491/7/1
f 533/7/1 492/7/1 532/7/1
f 535/2/1 532/2/1 531/2/1
f 536/2/1 532/2/1 535/2/1
f 537/2/1 534/2/1 533/2/1
f 538/2/1 534/2/1 537/2/1
f 543/4/1 540/4/1 539/4/1
f 544/4/1 540/4/1 543/4/1
f 545/4/1 542/4/1 541/4/1
f 546/4/1 542/4/1 545/4/1
f 551/4/1 548/4/1 547/4/1
f 552/4/1 548/4/1 551/4/1
f 553/4/1 550/4/1 549/4/1
f 554/4/1 550/4/1 553/4/1
f 559/4/1 556/4/1 555/4/1
f 560/4/1 556/4/1 559/4/1
f 580/4/1 558/4/1 557/4/1
f 581/4/1 558/4/1 580/4/1
f 583/4/1 561/4/1 560/4/1
f 584/4/1 561/4/1 583/4/1
f 585/4/1 563/4/1 562/4/1
f 585/4/1 564/4/1 563/4/1
f 585/4/1 565/4/1 564/4/1
f 586/4/1 565/4/1 585/4/1
f 587/4/1 565/4/1 586/4/1
f 588/4/1 565/4/1 587/4/1
f 589/4/1 567/4/1 566/4/1
f 590/4/1 567/4/1 589/4/1
f 591/4/1 567/4/1 590/4/1
f 592/4/1 567/4/1 591/4/1
f 593/4/1 569/4/1 568/4/1
f 594/4/1 569/4/1 593/4/1
f 595/4/1 569/4/1 594/4/1
f 596/4/1 569/4/1 595/4/1
f 597/4/1 571/4/1 570/4/1
f 598/4/1 571/4/1 597/4/1
f 599/4/1 571/4/1 598/4/1
f 600/4/1 571/4/1 599/4/1
f 601/4/1 573/4/1 572/4/1
f 601/4/1 574/4/1 573/4/1
f 602/4/1 574/4/1 601/4/1
f 603/4/1 574/4/1 602/4/1
f 604/4/1 574/4/1 603/4/1
f 605/4/1 576/4/1 575/4/1
f 606/4/1 576/4/1 605/4/1
f 607/4/1 576/4/1 606/4/1
f 608/4/1 576/4/1 607/4/1
f 609/4/1 578/4/1 577/4/1
f 610/4/1 578/4/1 609/4/1
f 611/4/1 578/4/1 610/4/1
f 612/4/1 578/4/1 611/4/1
f 613/4/1 580/4/1 579/4/1
f 614/4/1 580/4/1 613/4/1
f 616/4/1 583/4/1 582/4/1
f 617/4/1 583/4/1 616/4/1
f 618/4/1 587/4/1 586/4/1
f 619/4/1 587/4/1 618/4/1
f 620/4/1 591/4/1 590/4/1
f 621/4/1 591/4/1 620/4/1
f 622/4/1 595/4/1 594/4/1
f 623/4/1 595/4/1 622/4/1
f 624/4/1 599/4/1 598/4/1
f 625/4/1 599/4/1 624/4/1
f 626/4/1 603/4/1 602/4/1
f 627/4/1 603/4/1 626/4/1
f 628/4/1 607/4/1 606/4/1
f 629/4/1 607/4/1 628/4/1
f 630/4/1 611/4/1 610/4/1
f 631/4/1 611/4/1 630/4/1
f 632/4/1 615/4/1 614/4/1
f 633/4/1 615/4/1 632/4/1
f 634/4/1 631/4/1 630/4/1
f 634/4/1 629/4/1 628/4/1
f 634/4/1 632/4/1 631/4/1
f 634/4/1 627/4/1 626/4/1
f 634/4/1 630/4/1 629/4/1
f 634/4/1 625/4/1 624/4/1
f 634/4/1 628/4/1 627/4/1
f 634/4/1 623/4/1 622/4/1
f 634/4/1 626/4/1 625/4/1
f 634/4/1 621/4/1 620/4/1
f 634/4/1 624/4/1 623/4/1
f 634/4/1 622/4/1 621/4/1
f 634/4/1 619/4/1 618/4/1
f 634/4/1 620/4/1 619/4/1
f 634/4/1 618/4/1 617/4/1
f 635/4/1 632/4/1 634/4/1
f 636/4/2 637/4/2 640/4/2
f 640/4/2 637/4/2 641/4/2
f 638/4/2 639/4/2 660/4/2
f 660/4/2 639/4/2 661/4/2
f 641/4/2 642/4/2 663/4/2
f 663/4/2 642/4/2 664/4/2
f 643/4/2 644/4/2 665/4/2
f 644/4/2 645/4/2 665/4/2
f 645/4/2 646/4/2 665/4/2
f 665/4/2 646/4/2 666/4/2
f 666/4/2 646/4/2 667/4/2
f 667/4/2 646/4/2 668/4/2
f 647/4/2 648/4/2 669/4/2
f 669/4/2 648/4/2 670/4/2
f 670/4/2 648/4/2 671/4/2
f 671/4/2 648/4/2 672/4/2
f 649/4/2 650/4/2 673/4/2
f 673/4/2 650/4/2 674/4/2
f 674/4/2 650/4/2 675/4/2
f 675/4/2 650/4/2 676/4/2
f 651/4/2 652/4/2 677/4/2
f 677/4/2 652/4/2 678/4/2
f 678/4/2 652/4/2 679/4/2
f 679/4/2 652/4/2 680/4/2
f 653/4/2 654/4/2 681/4/2
f 681/4/2 654/4/2 682/4/2
f 682/4/2 654/4/2 683/4/2
f 683/4/2 654/4/2 684/4/2
f 655/4/2 656/4/2 685/4/2
f 685/4/2 656/4/2 686/4/2
f 686/4/2 656/4/2 687/4/2
f 687/4/2 656/4/2 688/4/2
f 657/4/2 658/4/2 689/4/2
f 689/4/2 658/4/2 690/4/2
f 690/4/2 658/4/2 691/4/2
f 691/4/2 658/4/2 692/4/2
f 659/4/2 660/4/2 693/4/2
f 693/4/2 660/4/2 694/4/2
f 662/4/2 663/4/2 696/4/2
f 696/4/2 663/4/2 697/4/2
f 666/4/2 667/4/2 698/4/2
f 698/4/2 667/4/2 699/4/2
f 670/4/2 671/4/2 700/4/2
f 700/4/2 671/4/2 701/4/2
f 674/4/2 675/4/2 702/4/2
f 702/4/2 675/4/2 703/4/2
f 678/4/2 679/4/2 704/4/2
f 704/4/2 679/4/2 705/4/2
f 682/4/2 683/4/2 706/4/2
f 706/4/2 683/4/2 707/4/2
f 686/4/2 687/4/2 708/4/2
f 708/4/2 687/4/2 709/4/2
f 690/4/2 691/4/2 710/4/2
f 710/4/2 691/4/2 711/4/2
f 694/4/2 695/4/2 712/4/2
f 712/4/2 695/4/2 713/4/2
f 710/4/2 711/4/2 714/4/2
f 708/4/2 709/4/2 714/4/2
f 711/4/2 712/4/2 714/4/2
f 706/4/2 707/4/2 714/4/2
f 709/4/2 710/4/2 714/4/2
f 704/4/2 705/4/2 714/4/2
f 707/4/2 708/4/2 714/4/2
f 702/4/2 703/4/2 714/4/2
f 705/4/2 706/4/2 714/4/2
f 703/4/2 704/4/2 714/4/2
f 700/4/2 701/4/2 714/4/2
f 701/4/2 702/4/2 714/4/2
f 698/4/2 699/4/2 714/4/2
f 699/4/2 700/4/2 714/4/2
f 697/4/2 698/4/2 714/4/2
f 714/4/2 712/4/2 715/4/2
f 716/4/2 717/4/2 720/4/2
f 720/4/2 717/4/2 721/4/2
f 718/4/2 719/4/2 722/4/2
f 722/4/2 719/4/2 723/4/2
f 724/4/2 725/4/2 728/4/2
f 728/4/2 725/4/2 729/4/2
f 726/4/2 727/4/2 730/4/2
f 730/4/2 727/4/2 731/4/2
f 734/7/2 735/7/2 737/7/2
f 737/7/2 735/7/2 738/7/2
f 732/7/2 733/7/2 741/7/2
f 741/7/2 733/7/2 742/7/2
f 736/3/2 737/3/2 744/3/2
f 744/3/2 737/3/2 745/3/2
f 738/3/2 739/3/2 746/3/2
f 746/3/2 739/3/2 747/3/2
f 740/2/2 741/2/2 748/2/2
f 748/2/2 741/2/2 749/2/2
f 742/2/2 743/2/2 750/2/2
f 750/2/2 743/2/2 751/2/2
f 752/4/2 753/4/2 756/4/2
f 756/4/2 753/4/2 757/4/2
f 754/4/2 755/4/2 760/4/2
f 760/4/2 755/4/2 761/4/2
f 762/4/2 763/4/2 766/4/2
f 766/4/2 763/4/2 767/4/2
f 764/4/2 765/4/2 768/4/2
f 768/4/2 765/4/2 769/4/2
f 770/3/2 771/3/2 774/3/2
f 774/3/2 771/3/2 775/3/2
f 772/2/2 773/2/2 776/2/2
f 776/2/2 773/2/2 777/2/2
f 758/7/2 759/7/2 779/7/2
f 779/7/2 759/7/2 780/7/2
f 778/5/2 779/5/2 782/5/2
f 782/5/2 779/5/2 783/5/2
f 780/5/2 781/5/2 784/5/2
f 784/5/2 781/5/2 785/5/2
f 786/4/2 787/4/2 790/4/2
f 790/4/2 787/4/2 791/4/2
f 788/4/2 789/4/2 792/4/2
f 792/4/2 789/4/2 793/4/2
f 794/4/2 795/4/2 802/4/2
f 802/4/2 795/4/2 803/4/2
f 800/4/2 801/4/2 804/4/2
f 804/4/2 801/4/2 805/4/2
f 796/7/2 797/7/2 806/7/2
f 796/7/2 806/7/2 808/7/2
f 806/7/2 807/7/2 808/7/2
f 808/7/2 807/7/2 809/7/2
f 809/7/2 807/7/2 810/7/2
f 810/7/2 811/7/2 812/7/2
f 809/7/2 810/7/2 812/7/2
f 812/7/2 811/7/2 813/7/2
f 798/7/2 799/7/2 815/7/2
f 815/7/2 799/7/2 816/7/2
f 813/7/2 811/7/2 819/7/2
f 819/7/2 811/7/2 820/7/2
f 814/6/2 815/6/2 822/6/2
f 822/6/2 815/6/2 823/6/2
f 816/6/2 817/6/2 824/6/2
f 824/6/2 817/6/2 825/6/2
f 818/3/2 819/3/2 828/3/2
f 828/3/2 819/3/2 829/3/2
f 820/3/2 821/3/2 830/3/2
f 830/3/2 821/3/2 831/3/2
f 826/5/2 827/5/2 832/5/2
f 832/5/2 827/5/2 833/5/2
f 834/6/2 835/6/2 838/6/2
f 838/6/2 835/6/2 839/6/2
f 836/3/2 837/3/2 840/3/2
f 840/3/2 837/3/2 841/3/2
f 842/7/2 843/7/2 845/7/2
f 844/7/2 845/7/2 846/7/2
f 845/7/2 843/7/2 847/7/2
f 846/7/2 845/7/2 847/7/2
f 847/7/2 843/7/2 849/7/2
f 849/7/2 843/7/2 850/7/2
f 848/6/2 849/6/2 852/6/2
f 852/6/2 849/6/2 853/6/2
f 850/6/2 851/6/2 854/6/2
f 854/6/2 851/6/2 855/6/2
f 856/4/2 857/4/2 860/4/2
f 860/4/2 857/4/2 861/4/2
f 858/4/2 859/4/2 864/4/2
f 864/4/2 859/4/2 865/4/2
f 862/7/2 863/7/2 869/7/2
f 866/4/2 867/4/2 872/4/2
f 872/4/2 867/4/2 873/4/2
f 868/7/2 869/7/2 874/7/2
f 869/7/2 863/7/2 875/7/2
f 874/7/2 869/7/2 875/7/2
f 870/4/2 871/4/2 876/4/2
f 876/4/2 871/4/2 877/4/2
f 875/7/2 863/7/2 879/7/2
f 879/7/2 863/7/2 880/7/2
f 878/5/2 879/5/2 884/5/2
f 884/5/2 879/5/2 885/5/2
f 880/5/2 881/5/2 886/5/2
f 886/5/2 881/5/2 887/5/2
f 882/6/2 883/6/2 888/6/2
f 888/6/2 883/6/2 889/6/2
f 890/4/2 891/4/2 894/4/2
f 894/4/2 891/4/2 895/4/2
f 892/4/2 893/4/2 896/4/2
f 896/4/2 893/4/2 897/4/2
f 898/4/2 899/4/2 906/4/2
f 906/4/2 899/4/2 907/4/2
f 900/7/2 901/7/2 908/7/2
f 908/7/2 901/7/2 909/7/2
f 902/7/2 903/7/2 910/7/2
f 904/4/2 905/4/2 912/4/2
f 912/4/2 905/4/2 913/4/2
f 910/7/2 911/7/2 916/7/2
f 902/7/2 910/7/2 916/7/2
f 916/7/2 911/7/2 917/7/2
f 914/7/2 915/7/2 919/7/2
f 919/7/2 915/7/2 920/7/2
f 902/7/2 916/7/2 923/7/2
f 923/7/2 916/7/2 924/7/2
f 918/2/2 919/2/2 928/2/2
f 928/2/2 919/2/2 929/2/2
f 920/2/2 921/2/2 930/2/2
f 930/2/2 921/2/2 931/2/2
f 922/3/2 923/3/2 932/3/2
f 932/3/2 923/3/2 933/3/2
f 924/3/2 925/3/2 934/3/2
f 934/3/2 925/3/2 935/3/2
f 926/5/2 927/5/2 936/5/2
f 936/5/2 927/5/2 937/5/2
f 938/7/2 939/7/2 940/7/2
f 940/7/2 939/7/2 941/7/2
f 942/2/2 943/2/2 946/2/2
f 946/2/2 943/2/2 947/2/2
f 944/3/2 945/3/2 948/3/2
f 948/3/2 945/3/2 949/3/2
f 950/4/2 951/4/2 954/4/2
f 954/4/2 951/4/2 955/4/2
f 952/4/2 953/4/2 956/4/2
f 956/4/2 953/4/2 957/4/2
f 958/4/2 959/4/2 962/4/2
f 962/4/2 959/4/2 963/4/2
f 960/4/2 961/4/2 964/4/2
f 964/4/2 961/4/2 965/4/2
f 966/4/2 967/4/2 970/4/2
f 970/4/2 967/4/2 971/4/2
f 968/4/2 969/4/2 972/4/2
f 972/4/2 969/4/2 973/4/2
f 974/4/2 975/4/2 986/4/2
f 986/4/2 975/4/2 987/4/2
f 984/4/2 985/4/2 988/4/2
f 988/4/2 985/4/2 989/4/2
f 976/7/2 977/7/2 990/7/2
f 976/7/2 990/7/2 992/7/2
f 990/7/2 991/7/2 992/7/2
f 992/7/2 991/7/2 993/7/2
f 982/7/2 983/7/2 995/7/2
f 995/7/2 983/7/2 996/7/2
f 993/7/2 991/7/2 999/7/2
f 999/7/2 991/7/2 1000/7/2
f 978/7/2 979/7/2 1003/7/2
f 1003/7/2 979/7/2 1004/7/2
f 994/3/2 995/3/2 1006/3/2
f 1006/3/2 995/3/2 1007/3/2
f 996/3/2 997/3/2 1008/3/2
f 1008/3/2 997/3/2 1009/3/2
f 998/6/2 999/6/2 1010/6/2
f 1010/6/2 999/6/2 1011/6/2
f 1000/6/2 1001/6/2 1012/6/2
f 1012/6/2 1001/6/2 1013/6/2
f 1002/5/2 1003/5/2 1014/5/2
f 1014/5/2 1003/5/2 1015/5/2
f 1004/5/2 1005/5/2 1016/5/2
f 1016/5/2 1005/5/2 1017/5/2
f 980/7/2 981/7/2 1019/7/2
f 1019/7/2 981/7/2 1020/7/2
f 1018/2/2 1019/2/2 1022/2/2
f 1022/2/2 1019/2/2 1023/2/2
f 1020/2/2 1021/2/2 1024/2/2
f 1024/2/2 1021/2/2 1025/2/2
f 1026/3/2 1027/3/2 1032/3/2
f 1032/3/2 1027/3/2 1033/3/2
f 1028/6/2 1029/6/2 1034/6/2
f 1034/6/2 1029/6/2 1035/6/2
f 1030/5/2 1031/5/2 1036/5/2
f 1036/5/2 1031/5/2 1037/5/2
f 1038/2/2 1039/2/2 1040/2/2
f 1040/2/2 1039/2/2 1041/2/2
f 1042/8/2 1043/8/2 1059/8/2
f 1059/8/2 1043/8/2 1060/8/2
f 1044/8/2 1045/8/2 1063/8/2
f 1063/8/2 1045/8/2 1064/8/2
f 1046/8/2 1047/8/2 1067/8/2
f 1067/8/2 1047/8/2 1068/8/2
f 1048/8/2 1049/8/2 1071/8/2
f 1071/8/2 1049/8/2 1072/8/2
f 1050/8/2 1051/8/2 1075/8/2
f 1075/8/2 1051/8/2 1076/8/2
f 1052/8/2 1053/8/2 1079/8/2
f 1079/8/2 1053/8/2 1080/8/2
f 1054/8/2 1055/8/2 1083/8/2
f 1083/8/2 1055/8/2 1084/8/2
f 1056/8/2 1057/8/2 1087/8/2
f 1087/8/2 1057/8/2 1088/8/2
f 1060/10/2 1061/10/2 1090/10/2
f 1058/10/2 1059/10/2 1090/10/2
f 1059/10/2 1060/10/2 1090/10/2
f 1090/10/2 1061/10/2 1091/10/2
f 1091/10/2 1061/10/2 1092/10/2
f 1092/10/2 1061/10/2 1093/10/2
f 1064/10/2 1065/10/2 1094/10/2
f 1062/10/2 1063/10/2 1094/10/2
f 1063/10/2 1064/10/2 1094/10/2
f 1094/10/2 1065/10/2 1095/10/2
f 1095/10/2 1065/10/2 1096/10/2
f 1096/10/2 1065/10/2 1097/10/2
f 1068/10/2 1069/10/2 1098/10/2
f 1066/10/2 1067/10/2 1098/10/2
f 1067/10/2 1068/10/2 1098/10/2
f 1098/10/2 1069/10/2 1099/10/2
f 1099/10/2 1069/10/2 1100/10/2
f 1100/10/2 1069/10/2 1101/10/2
f 1072/10/2 1073/10/2 1102/10/2
f 1070/10/2 1071/10/2 1102/10/2
f 1071/10/2 1072/10/2 1102/10/2
f 1102/10/2 1073/10/2 1103/10/2
f 1103/10/2 1073/10/2 1104/10/2
f 1104/10/2 1073/10/2 1105/10/2
f 1076/10/2 1077/10/2 1106/10/2
f 1074/10/2 1075/10/2 1106/10/2
f 1075/10/2 1076/10/2 1106/10/2
f 1106/10/2 1077/10/2 1107/10/2
f 1107/10/2 1077/10/2 1108/10/2
f 1108/10/2 1077/10/2 1109/10/2
f 1078/9/2 1079/9/2 1110/9/2
f 1079/9/2 1080/9/2 1110/9/2
f 1110/9/2 1080/9/2 1111/9/2
f 1080/10/2 1081/10/2 1112/10/2
f 1111/9/2 1080/9/2 1112/9/2
f 1112/10/2 1081/10/2 1113/10/2
f 1084/10/2 1085/10/2 1114/10/2
f 1082/10/2 1083/10/2 1114/10/2
f 1083/10/2 1084/10/2 1114/10/2
f 1114/10/2 1085/10/2 1115/10/2
f 1115/10/2 1085/10/2 1116/10/2
f 1116/10/2 1085/10/2 1117/10/2
f 1087/10/2 1088/10/2 1118/10/2
f 1086/10/2 1087/10/2 1118/10/2
f 1118/10/2 1088/10/2 1119/10/2
f 1088/9/2 1089/9/2 1120/9/2
f 1119/10/2 1088/10/2 1120/10/2
f 1120/9/2 1089/9/2 1121/9/2
f 1122/4/2 1123/4/2 1124/4/2
f 1124/4/2 1123/4/2 1125/4/2
f 1125/4/2 1123/4/2 1126/4/2
f 1126/4/2 1123/4/2 1127/4/2
f 1127/4/2 1123/4/2 1128/4/2
f 1128/4/2 1123/4/2 1129/4/2
f 1129/4/2 1123/4/2 1130/4/2
f 1130/4/2 1123/4/2 1131/4/2
f 1131/4/2 1123/4/2 1132/4/2
f 1132/4/2 1123/4/2 1133/4/2
f 1133/4/2 1123/4/2 1134/4/2
f 1134/4/2 1123/4/2 1135/4/2
f 1135/4/2 1123/4/2 1136/4/2
f 1136/4/2 1123/4/2 1137/4/2
f 1137/4/2 1123/4/2 1138/4/2
f 1138/4/2 1123/4/2 1139/4/2
f 1122/4/2 1124/4/2 1140/4/2
f 1140/4/2 1124/4/2 1141/4/2
f 1125/4/2 1126/4/2 1142/4/2
f 1142/4/2 1126/4/2 1143/4/2
f 1143/4/2 1126/4/2 1144/4/2
f 1144/4/2 1126/4/2 1145/4/2
f 1127/4/2 1128/4/2 1146/4/2
f 1146/4/2 1128/4/2 1147/4/2
f 1147/4/2 1128/4/2 1148/4/2
f 1148/4/2 1128/4/2 1149/4/2
f 1129/4/2 1130/4/2 1150/4/2
f 1150/4/2 1130/4/2 1151/4/2
f 1151/4/2 1130/4/2 1152/4/2
f 1152/4/2 1130/4/2 1153/4/2
f 1131/4/2 1132/4/2 1154/4/2
f 1154/4/2 1132/4/2 1155/4/2
f 1155/4/2 1132/4/2 1156/4/2
f 1156/4/2 1132/4/2 1157/4/2
f 1133/4/2 1134/4/2 1158/4/2
f 1158/4/2 1134/4/2 1159/4/2
f 1159/4/2 1134/4/2 1160/4/2
f 1160/4/2 1134/4/2 1161/4/2
f 1135/4/2 1136/4/2 1162/4/2
f 1162/4/2 1136/4/2 1163/4/2
f 1163/4/2 1136/4/2 1164/4/2
f 1164/4/2 1136/4/2 1165/4/2
f 1137/4/2 1138/4/2 1166/4/2
f 1166/4/2 1138/4/2 1167/4/2
f 1167/4/2 1138/4/2 1168/4/2
f 1168/4/2 1138/4/2 1169/4/2
f 1139/4/2 1123/4/2 1170/4/2
f 1170/4/2 1123/4/2 1171/4/2
f 1122/4/2 1140/4/2 1172/4/2
f 1143/4/2 1144/4/2 1175/4/2
f 1175/4/2 1144/4/2 1176/4/2
f 1147/4/2 1148/4/2 1179/4/2
f 1179/4/2 1148/4/2 1180/4/2
f 1151/4/2 1152/4/2 1183/4/2
f 1183/4/2 1152/4/2 1184/4/2
f 1155/4/2 1156/4/2 1187/4/2
f 1187/4/2 1156/4/2 1188/4/2
f 1159/4/2 1160/4/2 1191/4/2
f 1191/4/2 1160/4/2 1192/4/2
f 1163/4/2 1164/4/2 1195/4/2
f 1195/4/2 1164/4/2 1196/4/2
f 1167/4/2 1168/4/2 1199/4/2
f 1199/4/2 1168/4/2 1200/4/2
f 1171/4/2 1123/4/2 1203/4/2
f 1172/4/2 1173/4/2 1204/4/2
f 1122/4/2 1172/4/2 1204/4/2
f 1204/4/2 1173/4/2 1205/4/2
f 1176/4/2 1177/4/2 1206/4/2
f 1174/4/2 1175/4/2 1206/4/2
f 1175/4/2 1176/4/2 1206/4/2
f 1206/4/2 1177/4/2 1207/4/2
f 1207/4/2 1177/4/2 1208/4/2
f 1208/4/2 1177/4/2 1209/4/2
f 1180/4/2 1181/4/2 1210/4/2
f 1178/4/2 1179/4/2 1210/4/2
f 1179/4/2 1180/4/2 1210/4/2
f 1210/4/2 1181/4/2 1211/4/2
f 1211/4/2 1181/4/2 1212/4/2
f 1212/4/2 1181/4/2 1213/4/2
f 1184/4/2 1185/4/2 1214/4/2
f 1182/4/2 1183/4/2 1214/4/2
f 1183/4/2 1184/4/2 1214/4/2
f 1214/4/2 1185/4/2 1215/4/2
f 1215/4/2 1185/4/2 1216/4/2
f 1216/4/2 1185/4/2 1217/4/2
f 1188/4/2 1189/4/2 1218/4/2
f 1186/4/2 1187/4/2 1218/4/2
f 1187/4/2 1188/4/2 1218/4/2
f 1218/4/2 1189/4/2 1219/4/2
f 1219/4/2 1189/4/2 1220/4/2
f 1220/4/2 1189/4/2 1221/4/2
f 1192/4/2 1193/4/2 1222/4/2
f 1190/4/2 1191/4/2 1222/4/2
f 1191/4/2 1192/4/2 1222/4/2
f 1222/4/2 1193/4/2 1223/4/2
f 1223/4/2 1193/4/2 1224/4/2
f 1224/4/2 1193/4/2 1225/4/2
f 1196/4/2 1197/4/2 1226/4/2
f 1194/4/2 1195/4/2 1226/4/2
f 1195/4/2 1196/4/2 1226/4/2
f 1226/4/2 1197/4/2 1227/4/2
f 1227/4/2 1197/4/2 1228/4/2
f 1228/4/2 1197/4/2 1229/4/2
f 1200/4/2 1201/4/2 1230/4/2
f 1198/4/2 1199/4/2 1230/4/2
f 1199/4/2 1200/4/2 1230/4/2
f 1230/4/2 1201/4/2 1231/4/2
f 1231/4/2 1201/4/2 1232/4/2
f 1232/4/2 1201/4/2 1233/4/2
f 1202/4/2 1203/4/2 1234/4/2
f 1203/4/2 1123/4/2 1235/4/2
f 1234/4/2 1203/4/2 1235/4/2
f 1122/4/2 1204/4/2 1236/4/2
f 1207/4/2 1208/4/2 1237/4/2
f 1237/4/2 1208/4/2 1238/4/2
f 1211/4/2 1212/4/2 1239/4/2
f 1239/4/2 1212/4/2 1240/4/2
f 1215/4/2 1216/4/2 1241/4/2
f 1241/4/2 1216/4/2 1242/4/2
f 1219/4/2 1220/4/2 1243/4/2
f 1243/4/2 1220/4/2 1244/4/2
f 1223/4/2 1224/4/2 1245/4/2
f 1245/4/2 1224/4/2 1246/4/2
f 1227/4/2 1228/4/2 1247/4/2
f 1247/4/2 1228/4/2 1248/4/2
f 1231/4/2 1232/4/2 1249/4/2
f 1249/4/2 1232/4/2 1250/4/2
f 1235/4/2 1123/4/2 1251/4/2
f 1249/4/2 1250/4/2 1252/4/2
f 1250/4/2 1251/4/2 1252/4/2
f 1247/4/2 1248/4/2 1252/4/2
f 1122/4/2 1236/4/2 1252/4/2
f 1248/4/2 1249/4/2 1252/4/2
f 1245/4/2 1246/4/2 1252/4/2
f 1246/4/2 1247/4/2 1252/4/2
f 1237/4/2 1238/4/2 1252/4/2
f 1244/4/2 1245/4/2 1252/4/2
f 1239/4/2 1240/4/2 1252/4/2
f 1242/4/2 1243/4/2 1252/4/2
f 1243/4/2 1244/4/2 1252/4/2
f 1240/4/2 1241/4/2 1252/4/2
f 1241/4/2 1242/4/2 1252/4/2
f 1238/4/2 1239/4/2 1252/4/2
f 1236/4/2 1237/4/2 1252/4/2
f 1251/4/2 1123/4/2 1253/4/2
f 1252/4/2 1251/4/2 1253/4/2
f 1256/4/3 1255/4/3 1254/4/3
f 1257/4/3 1255/4/3 1256/4/3
f 1258/4/3 1255/4/3 1257/4/3
f 1259/4/3 1255/4/3 1258/4/3
f 1260/4/3 1256/4/3 1254/4/3
f 1261/4/3 1256/4/3 1260/4/3
f 1262/4/3 1258/4/3 1257/4/3
f 1263/4/3 1258/4/3 1262/4/3
f 1264/4/3 1260/4/3 1254/4/3
f 1268/4/3 1265/4/3 1264/4/3
f 1269/4/3 1267/4/3 1266/4/3
f 1270/4/3 1267/4/3 1269/4/3
f 1271/4/3 1255/4/3 1259/4/3
f 1272/4/3 1270/4/3 1269/4/3
f 1272/4/3 1271/4/3 1270/4/3
f 1272/4/3 1269/4/3 1268/4/3
f 1272/4/3 1268/4/3 1264/4/3
f 1273/4/3 1271/4/3 1272/4/3
f 1274/4/3 1271/4/3 1273/4/3
f 1275/4/3 1255/4/3 1271/4/3
f 1275/4/3 1271/4/3 1274/4/3
f 1276/4/3 1264/4/3 1254/4/3
f 1276/4/3 1272/4/3 1264/4/3
f 1277/4/3 1272/4/3 1276/4/3
f 1278/4/3 1274/4/3 1273/4/3
f 1279/4/3 1274/4/3 1278/4/3
f 1280/4/3 1276/4/3 1254/4/3
f 1284/4/3 1281/4/3 1280/4/3
f 1285/4/3 1283/4/3 1282/4/3
f 1286/4/3 1283/4/3 1285/4/3
f 1287/4/3 1255/4/3 1275/4/3
f 1288/4/3 1286/4/3 1285/4/3
f 1288/4/3 1287/4/3 1286/4/3
f 1288/4/3 1285/4/3 1284/4/3
f 1288/4/3 1284/4/3 1280/4/3
f 1289/4/3 1287/4/3 1288/4/3
f 1290/4/3 1287/4/3 1289/4/3
f 1291/4/3 1255/4/3 1287/4/3
f 1291/4/3 1287/4/3 1290/4/3
f 1292/4/3 1280/4/3 1254/4/3
f 1292/4/3 1288/4/3 1280/4/3
f 1293/4/3 1288/4/3 1292/4/3
f 1294/4/3 1290/4/3 1289/4/3
f 1295/4/3 1290/4/3 1294/4/3
f 1296/4/3 1292/4/3 1254/4/3
f 1300/4/3 1297/4/3 1296/4/3
f 1301/4/3 1299/4/3 1298/4/3
f 1302/4/3 1299/4/3 1301/4/3
f 1303/4/3 1255/4/3 1291/4/3
f 1304/4/3 1302/4/3 1301/4/3
f 1304/4/3 1303/4/3 1302/4/3
f 1304/4/3 1301/4/3 1300/4/3
f 1304/4/3 1300/4/3 1296/4/3
f 1305/4/3 1303/4/3 1304/4/3
f 1306/4/3 1303/4/3 1305/4/3
f 1307/4/3 1255/4/3 1303/4/3
f 1307/4/3 1303/4/3 1306/4/3
f 1308/4/3 1296/4/3 1254/4/3
f 1308/4/3 1304/4/3 1296/4/3
f 1309/4/3 1304/4/3 1308/4/3
f 1310/4/3 1306/4/3 1305/4/3
f 1311/4/3 1306/4/3 1310/4/3
f 1312/4/3 1308/4/3 1254/4/3
f 1316/4/3 1313/4/3 1312/4/3
f 1317/4/3 1315/4/3 1314/4/3
f 1318/4/3 1315/4/3 1317/4/3
f 1319/4/3 1255/4/3 1307/4/3
f 1320/4/3 1318/4/3 1317/4/3
f 1320/4/3 1319/4/3 1318/4/3
f 1320/4/3 1317/4/3 1316/4/3
f 1320/4/3 1312/4/3 1254/4/3
f 1320/4/3 1316/4/3 1312/4/3
f 1321/4/3 1255/4/3 1319/4/3
f 1321/4/3 1319/4/3 1320/4/3
f 1325/10/3 1323/10/3 1322/10/3
f 1326/10/3 1323/10/3 1325/10/3
f 1327/8/3 1325/8/3 1324/8/3
f 1328/10/3 1326/10/3 1325/10/3
f 1328/8/3 1325/8/3 1327/8/3
f 1329/10/3 1326/10/3 1328/10/3
f 1330/10/3 1329/10/3 1328/10/3
f 1331/10/3 1329/10/3 1330/10/3
f 1335/10/3 1333/10/3 1332/10/3
f 1336/10/3 1333/10/3 1335/10/3
f 1337/8/3 1335/8/3 1334/8/3
f 1338/10/3 1336/10/3 1335/10/3
f 1338/8/3 1335/8/3 1337/8/3
f 1339/10/3 1336/10/3 1338/10/3
f 1340/10/3 1339/10/3 1338/10/3
f 1341/10/3 1339/10/3 1340/10/3
f 1345/10/3 1343/10/3 1342/10/3
f 1346/10/3 1343/10/3 1345/10/3
f 1347/8/3 1345/8/3 1344/8/3
f 1348/10/3 1346/10/3 1345/10/3
f 1348/8/3 1345/8/3 1347/8/3
f 1349/10/3 1346/10/3 1348/10/3
f 1350/10/3 1349/10/3 1348/10/3
f 1351/10/3 1349/10/3 1350/10/3
f 1355/10/3 1353/10/3 1352/10/3
f 1356/10/3 1353/10/3 1355/10/3
f 1357/8/3 1355/8/3 1354/8/3
f 1358/10/3 1356/10/3 1355/10/3
f 1358/8/3 1355/8/3 1357/8/3
f 1359/10/3 1356/10/3 1358/10/3
f 1360/10/3 1359/10/3 1358/10/3
f 1361/10/3 1359/10/3 1360/10/3
f 1366/4/3 1363/4/3 1362/4/3
f 1367/4/3 1363/4/3 1366/4/3
f 1368/4/3 1365/4/3 1364/4/3
f 1369/4/3 1365/4/3 1368/4/3
f 1374/4/3 1371/4/3 1370/4/3
f 1375/4/3 1371/4/3 1374/4/3
f 1376/4/3 1373/4/3 1372/4/3
f 1377/4/3 1373/4/3 1376/4/3
f 1382/4/3 1379/4/3 1378/4/3
f 1383/4/3 1379/4/3 1382/4/3
f 1384/4/3 1381/4/3 1380/4/3
f 1385/4/3 1381/4/3 1384/4/3
f 1388/7/3 1387/7/3 1386/7/3
f 1389/7/3 1387/7/3 1388/7/3
f 1394/4/3 1391/4/3 1390/4/3
f 1395/4/3 1391/4/3 1394/4/3
f 1396/4/3 1393/4/3 1392/4/3
f 1397/4/3 1393/4/3 1396/4/3
f 1402/7/3 1399/7/3 1398/7/3
f 1403/7/3 1399/7/3 1402/7/3
f 1404/3/3 1401/3/3 1400/3/3
f 1405/3/3 1401/3/3 1404/3/3
f 1408/2/3 1407/2/3 1406/2/3
f 1409/2/3 1407/2/3 1408/2/3
f 1413/3/3 1411/3/3 1410/3/3
f 1414/3/3 1411/3/3 1413/3/3
f 1415/7/3 1413/7/3 1412/7/3
f 1416/7/3 1413/7/3 1415/7/3
f 1418/3/3 1417/3/3 1416/3/3
f 1419/3/3 1417/3/3 1418/3/3
f 1423/2/3 1421/2/3 1420/2/3
f 1424/2/3 1421/2/3 1423/2/3
f 1425/7/3 1423/7/3 1422/7/3
f 1426/7/3 1423/7/3 1425/7/3
f 1427/7/3 1423/7/3 1426/7/3
f 1428/7/3 1423/7/3 1427/7/3
f 1430/7/3 1427/7/3 1426/7/3
f 1431/7/3 1427/7/3 1430/7/3
f 1432/2/3 1429/2/3 1428/2/3
f 1433/2/3 1429/2/3 1432/2/3
f 1438/4/3 1435/4/3 1434/4/3
f 1439/4/3 1435/4/3 1438/4/3
f 1440/4/3 1437/4/3 1436/4/3
f 1441/4/3 1437/4/3 1440/4/3
f 1446/7/3 1443/7/3 1442/7/3
f 1447/7/3 1443/7/3 1446/7/3
f 1448/6/3 1445/6/3 1444/6/3
f 1449/6/3 1445/6/3 1448/6/3
f 1454/4/3 1451/4/3 1450/4/3
f 1455/4/3 1451/4/3 1454/4/3
f 1456/4/3 1453/4/3 1452/4/3
f 1457/4/3 1453/4/3 1456/4/3
f 1462/4/3 1459/4/3 1458/4/3
f 1463/4/3 1459/4/3 1462/4/3
f 1464/4/3 1461/4/3 1460/4/3
f 1465/4/3 1461/4/3 1464/4/3
f 1469/6/3 1467/6/3 1466/6/3
f 1470/6/3 1467/6/3 1469/6/3
f 1471/7/3 1469/7/3 1468/7/3
f 1472/7/3 1469/7/3 1471/7/3
f 1474/6/3 1473/6/3 1472/6/3
f 1475/6/3 1473/6/3 1474/6/3
f 1480/4/3 1477/4/3 1476/4/3
f 1481/4/3 1477/4/3 1480/4/3
f 1482/4/3 1479/4/3 1478/4/3
f 1483/4/3 1479/4/3 1482/4/3
f 1486/2/3 1485/2/3 1484/2/3
f 1487/2/3 1485/2/3 1486/2/3
f 1491/2/3 1489/2/3 1488/2/3
f 1492/2/3 1489/2/3 1491/2/3
f 1493/7/3 1491/7/3 1490/7/3
f 1494/7/3 1491/7/3 1493/7/3
f 1496/2/3 1495/2/3 1494/2/3
f 1497/2/3 1495/2/3 1496/2/3
f 1502/4/3 1499/4/3 1498/4/3
f 1503/4/3 1499/4/3 1502/4/3
f 1504/4/3 1501/4/3 1500/4/3
f 1505/4/3 1501/4/3 1504/4/3
f 1510/4/3 1507/4/3 1506/4/3
f 1511/4/3 1507/4/3 1510/4/3
f 1512/4/3 1509/4/3 1508/4/3
f 1513/4/3 1509/4/3 1512/4/3
f 1518/4/3 1515/4/3 1514/4/3
f 1519/4/3 1515/4/3 1518/4/3
f 1520/4/3 1517/4/3 1516/4/3
f 1521/4/3 1517/4/3 1520/4/3
f 1526/4/3 1523/4/3 1522/4/3
f 1527/4/3 1523/4/3 1526/4/3
f 1528/4/3 1525/4/3 1524/4/3
f 1529/4/3 1525/4/3 1528/4/3
f 1532/3/3 1531/3/3 1530/3/3
f 1533/3/3 1531/3/3 1532/3/3
f 1536/5/3 1535/5/3 1534/5/3
f 1537/5/3 1535/5/3 1536/5/3
f 1541/3/3 1539/3/3 1538/3/3
f 1542/3/3 1539/3/3 1541/3/3
f 1543/7/3 1541/7/3 1540/7/3
f 1544/7/3 1541/7/3 1543/7/3
f 1546/3/3 1545/3/3 1544/3/3
f 1547/3/3 1545/3/3 1546/3/3
f 1553/7/3 1549/7/3 1548/7/3
f 1554/7/3 1549/7/3 1553/7/3
f 1555/5/3 1551/5/3 1550/5/3
f 1556/5/3 1551/5/3 1555/5/3
f 1557/7/3 1554/7/3 1553/7/3
f 1557/7/3 1553/7/3 1552/7/3
f 1557/7/3 1555/7/3 1554/7/3
f 1558/7/3 1555/7/3 1557/7/3
f 1560/5/3 1559/5/3 1558/5/3
f 1561/5/3 1559/5/3 1560/5/3
f 1566/4/3 1563/4/3 1562/4/3
f 1567/4/3 1563/4/3 1566/4/3
f 1568/4/3 1565/4/3 1564/4/3
f 1569/4/3 1565/4/3 1568/4/3
f 1572/6/3 1571/6/3 1570/6/3
f 1573/6/3 1571/6/3 1572/6/3
f 1578/4/3 1575/4/3 1574/4/3
f 1579/4/3 1575/4/3 1578/4/3
f 1580/4/3 1577/4/3 1576/4/3
f 1581/4/3 1577/4/3 1580/4/3
f 1586/4/3 1583/4/3 1582/4/3
f 1587/4/3 1583/4/3 1586/4/3
f 1588/4/3 1585/4/3 1584/4/3
f 1589/4/3 1585/4/3 1588/4/3
f 1593/6/3 1591/6/3 1590/6/3
f 1594/6/3 1591/6/3 1593/6/3
f 1595/7/3 1593/7/3 1592/7/3
f 1596/7/3 1593/7/3 1595/7/3
f 1598/6/3 1597/6/3 1596/6/3
f 1599/6/3 1597/6/3 1598/6/3
f 1604/4/3 1601/4/3 1600/4/3
f 1605/4/3 1601/4/3 1604/4/3
f 1606/4/3 1603/4/3 1602/4/3
f 1607/4/3 1603/4/3 1606/4/3
f 1612/4/3 1609/4/3 1608/4/3
f 1613/4/3 1609/4/3 1612/4/3
f 1614/4/3 1611/4/3 1610/4/3
f 1615/4/3 1611/4/3 1614/4/3
f 1618/3/3 1617/3/3 1616/3/3
f 1619/3/3 1617/3/3 1618/3/3
f 1622/2/3 1621/2/3 1620/2/3
f 1623/2/3 1621/2/3 1622/2/3
f 1628/4/3 1625/4/3 1624/4/3
f 1629/4/3 1625/4/3 1628/4/3
f 1630/4/3 1627/4/3 1626/4/3
f 1631/4/3 1627/4/3 1630/4/3
f 1636/4/3 1633/4/3 1632/4/3
f 1637/4/3 1633/4/3 1636/4/3
f 1638/4/3 1635/4/3 1634/4/3
f 1639/4/3 1635/4/3 1638/4/3
f 1643/3/3 1641/3/3 1640/3/3
f 1644/3/3 1641/3/3 1643/3/3
f 1645/7/3 1643/7/3 1642/7/3
f 1646/7/3 1643/7/3 1645/7/3
f 1648/3/3 1647/3/3 1646/3/3
f 1649/3/3 1647/3/3 1648/3/3
f 1653/2/3 1651/2/3 1650/2/3
f 1654/2/3 1651/2/3 1653/2/3
f 1655/7/3 1653/7/3 1652/7/3
f 1656/7/3 1653/7/3 1655/7/3
f 1658/2/3 1657/2/3 1656/2/3
f 1659/2/3 1657/2/3 1658/2/3
f 1664/4/3 1661/4/3 1660/4/3
f 1665/4/3 1661/4/3 1664/4/3
f 1666/4/3 1663/4/3 1662/4/3
f 1667/4/3 1663/4/3 1666/4/3
f 1672/4/3 1669/4/3 1668/4/3
f 1673/4/3 1669/4/3 1672/4/3
f 1674/4/3 1671/4/3 1670/4/3
f 1675/4/3 1671/4/3 1674/4/3
f 1680/7/3 1677/7/3 1676/7/3
f 1681/7/3 1677/7/3 1680/7/3
f 1682/5/3 1679/5/3 1678/5/3
f 1683/5/3 1679/5/3 1682/5/3
f 1688/4/3 1685/4/3 1684/4/3
f 1689/4/3 1685/4/3 1688/4/3
f 1690/4/3 1687/4/3 1686/4/3
f 1691/4/3 1687/4/3 1690/4/3
f 1696/4/3 1693/4/3 1692/4/3
f 1697/4/3 1693/4/3 1696/4/3
f 1698/4/3 1695/4/3 1694/4/3
f 1699/4/3 1695/4/3 1698/4/3
f 1705/5/3 1701/5/3 1700/5/3
f 1706/5/3 1701/5/3 1705/5/3
f 1707/7/3 1703/7/3 1702/7/3
f 1708/7/3 1703/7/3 1707/7/3
f 1709/7/3 1705/7/3 1704/7/3
f 1710/7/3 1705/7/3 1709/7/3
f 1712/5/3 1711/5/3 1710/5/3
f 1713/5/3 1711/5/3 1712/5/3
f 1718/4/3 1715/4/3 1714/4/3
f 1719/4/3 1715/4/3 1718/4/3
f 1720/4/3 1717/4/3 1716/4/3
f 1721/4/3 1717/4/3 1720/4/3
f 1724/5/3 1723/5/3 1722/5/3
f 1725/5/3 1723/5/3 1724/5/3
f 1731/7/3 1727/7/3 1726/7/3
f 1732/7/3 1727/7/3 1731/7/3
f 1733/5/3 1729/5/3 1728/5/3
f 1734/5/3 1729/5/3 1733/5/3
f 1735/7/3 1732/7/3 1731/7/3
f 1735/7/3 1731/7/3 1730/7/3
f 1735/7/3 1733/7/3 1732/7/3
f 1736/7/3 1733/7/3 1735/7/3
f 1738/5/3 1737/5/3 1736/5/3
f 1739/5/3 1737/5/3 1738/5/3
f 1744/4/3 1741/4/3 1740/4/3
f 1745/4/3 1741/4/3 1744/4/3
f 1746/4/3 1743/4/3 1742/4/3
f 1747/4/3 1743/4/3 1746/4/3
f 1752/4/3 1749/4/3 1748/4/3
f 1753/4/3 1749/4/3 1752/4/3
f 1754/4/3 1751/4/3 1750/4/3
f 1755/4/3 1751/4/3 1754/4/3
f 1760/4/3 1757/4/3 1756/4/3
f 1761/4/3 1757/4/3 1760/4/3
f 1762/4/3 1759/4/3 1758/4/3
f 1763/4/3 1759/4/3 1762/4/3
f 1768/7/3 1765/7/3 1764/7/3
f 1769/7/3 1765/7/3 1768/7/3
f 1770/6/3 1767/6/3 1766/6/3
f 1771/6/3 1767/6/3 1770/6/3
f 1774/3/3 1773/3/3 1772/3/3
f 1775/3/3 1773/3/3 1774/3/3
f 1780/4/3 1777/4/3 1776/4/3
f 1781/4/3 1777/4/3 1780/4/3
f 1782/4/3 1779/4/3 1778/4/3
f 1783/4/3 1779/4/3 1782/4/3
f 1789/6/3 1785/6/3 1784/6/3
f 1790/6/3 1785/6/3 1789/6/3
f 1791/7/3 1787/7/3 1786/7/3
f 1792/7/3 1787/7/3 1791/7/3
f 1793/7/3 1789/7/3 1788/7/3
f 1794/7/3 1789/7/3 1793/7/3
f 1796/6/3 1795/6/3 1794/6/3
f 1797/6/3 1795/6/3 1796/6/3
f 1803/7/3 1799/7/3 1798/7/3
f 1804/7/3 1799/7/3 1803/7/3
f 1805/3/3 1801/3/3 1800/3/3
f 1806/3/3 1801/3/3 1805/3/3
f 1807/7/3 1804/7/3 1803/7/3
f 1807/7/3 1803/7/3 1802/7/3
f 1807/7/3 1805/7/3 1804/7/3
f 1808/7/3 1805/7/3 1807/7/3
f 1810/3/3 1809/3/3 1808/3/3
f 1811/3/3 1809/3/3 1810/3/3
f 1816/4/3 1813/4/3 1812/4/3
f 1817/4/3 1813/4/3 1816/4/3
f 1818/4/3 1815/4/3 1814/4/3
f 1819/4/3 1815/4/3 1818/4/3
f 1824/4/3 1821/4/3 1820/4/3
f 1825/4/3 1821/4/3 1824/4/3
f 1826/4/3 1823/4/3 1822/4/3
f 1827/4/3 1823/4/3 1826/4/3
f 1832/4/3 1829/4/3 1828/4/3
f 1833/4/3 1829/4/3 1832/4/3
f 1834/4/3 1831/4/3 1830/4/3
f 1835/4/3 1831/4/3 1834/4/3
f 1837/4/3 1834/4/3 1833/4/3
f 1838/4/3 1834/4/3 1837/4/3
f 1841/4/3 1840/4/3 1839/4/3
f 1842/4/3 1840/4/3 1841/4/3
f 1843/4/3 1836/4/3 1835/4/3
f 1844/4/3 1842/4/3 1841/4/3
f 1844/4/3 1843/4/3 1842/4/3
f 1845/4/3 1843/4/3 1844/4/3
f 1846/4/3 1836/4/3 1843/4/3
f 1846/4/3 1843/4/3 1845/4/3
f 1847/4/3 1845/4/3 1844/4/3
f 1848/4/3 1845/4/3 1847/4/3
f 1851/4/3 1850/4/3 1849/4/3
f 1852/4/3 1836/4/3 1846/4/3
f 1853/4/3 1851/4/3 1849/4/3
f 1853/4/3 1852/4/3 1851/4/3
f 1854/4/3 1836/4/3 1852/4/3
f 1854/4/3 1852/4/3 1853/4/3
f 1855/4/3 1853/4/3 1849/4/3
f 1856/4/3 1853/4/3 1855/4/3
f 1859/4/3 1858/4/3 1857/4/3
f 1860/4/3 1836/4/3 1854/4/3
f 1861/4/3 1859/4/3 1857/4/3
f 1861/4/3 1860/4/3 1859/4/3
f 1862/4/3 1836/4/3 1860/4/3
f 1862/4/3 1860/4/3 1861/4/3
f 1863/4/3 1861/4/3 1857/4/3
f 1864/4/3 1861/4/3 1863/4/3
f 1868/4/3 1866/4/3 1865/4/3
f 1869/4/3 1866/4/3 1868/4/3
f 1870/4/3 1836/4/3 1862/4/3
f 1871/4/3 1836/4/3 1870/4/3
f 1872/4/3 1868/4/3 1867/4/3
f 1873/4/3 1868/4/3 1872/4/3
f 1874/4/3 1870/4/3 1869/4/3
f 1875/4/3 1870/4/3 1874/4/3
f 1876/4/4 1877/4/4 1880/4/4
f 1880/4/4 1877/4/4 1881/4/4
f 1878/4/4 1879/4/4 1882/4/4
f 1882/4/4 1879/4/4 1883/4/4
f 1881/4/4 1882/4/4 1885/4/4
f 1885/4/4 1882/4/4 1886/4/4
f 1887/4/4 1888/4/4 1889/4/4
f 1883/4/4 1884/4/4 1890/4/4
f 1887/4/4 1889/4/4 1891/4/4
f 1889/4/4 1890/4/4 1891/4/4
f 1890/4/4 1884/4/4 1892/4/4
f 1891/4/4 1890/4/4 1892/4/4
f 1887/4/4 1891/4/4 1893/4/4
f 1893/4/4 1891/4/4 1894/4/4
f 1895/4/4 1896/4/4 1897/4/4
f 1892/4/4 1884/4/4 1898/4/4
f 1895/4/4 1897/4/4 1899/4/4
f 1897/4/4 1898/4/4 1899/4/4
f 1898/4/4 1884/4/4 1900/4/4
f 1899/4/4 1898/4/4 1900/4/4
f 1895/4/4 1899/4/4 1901/4/4
f 1901/4/4 1899/4/4 1902/4/4
f 1903/4/4 1904/4/4 1905/4/4
f 1900/4/4 1884/4/4 1906/4/4
f 1903/4/4 1905/4/4 1907/4/4
f 1905/4/4 1906/4/4 1907/4/4
f 1906/4/4 1884/4/4 1908/4/4
f 1907/4/4 1906/4/4 1908/4/4
f 1903/4/4 1907/4/4 1909/4/4
f 1909/4/4 1907/4/4 1910/4/4
f 1911/4/4 1912/4/4 1914/4/4
f 1914/4/4 1912/4/4 1915/4/4
f 1908/4/4 1884/4/4 1916/4/4
f 1916/4/4 1884/4/4 1917/4/4
f 1913/4/4 1914/4/4 1918/4/4
f 1918/4/4 1914/4/4 1919/4/4
f 1915/4/4 1916/4/4 1920/4/4
f 1920/4/4 1916/4/4 1921/4/4
f 1922/4/4 1923/4/4 1926/4/4
f 1926/4/4 1923/4/4 1927/4/4
f 1924/4/4 1925/4/4 1928/4/4
f 1928/4/4 1925/4/4 1929/4/4
f 1930/4/4 1931/4/4 1934/4/4
f 1934/4/4 1931/4/4 1935/4/4
f 1932/4/4 1933/4/4 1936/4/4
f 1936/4/4 1933/4/4 1937/4/4
f 1938/4/4 1939/4/4 1942/4/4
f 1942/4/4 1939/4/4 1943/4/4
f 1940/4/4 1941/4/4 1944/4/4
f 1944/4/4 1941/4/4 1945/4/4
f 1946/7/4 1947/7/4 1948/7/4
f 1948/7/4 1947/7/4 1949/7/4
f 1950/4/4 1951/4/4 1954/4/4
f 1954/4/4 1951/4/4 1955/4/4
f 1952/4/4 1953/4/4 1956/4/4
f 1956/4/4 1953/4/4 1957/4/4
f 1958/4/4 1959/4/4 1962/4/4
f 1962/4/4 1959/4/4 1963/4/4
f 1960/4/4 1961/4/4 1964/4/4
f 1964/4/4 1961/4/4 1965/4/4
f 1966/7/4 1967/7/4 1968/7/4
f 1968/7/4 1967/7/4 1969/7/4
f 1970/4/4 1971/4/4 1974/4/4
f 1974/4/4 1971/4/4 1975/4/4
f 1972/4/4 1973/4/4 1976/4/4
f 1976/4/4 1973/4/4 1977/4/4
f 1978/3/4 1979/3/4 1981/3/4
f 1981/3/4 1979/3/4 1982/3/4
f 1980/7/4 1981/7/4 1983/7/4
f 1983/7/4 1981/7/4 1984/7/4
f 1984/3/4 1985/3/4 1986/3/4
f 1986/3/4 1985/3/4 1987/3/4
f 1988/2/4 1989/2/4 1991/2/4
f 1991/2/4 1989/2/4 1992/2/4
f 1990/7/4 1991/7/4 1993/7/4
f 1993/7/4 1991/7/4 1994/7/4
f 1994/7/4 1991/7/4 1995/7/4
f 1995/7/4 1991/7/4 1996/7/4
f 1994/7/4 1995/7/4 1998/7/4
f 1998/7/4 1995/7/4 1999/7/4
f 1996/2/4 1997/2/4 2000/2/4
f 2000/2/4 1997/2/4 2001/2/4
f 2002/3/4 2003/3/4 2004/3/4
f 2004/3/4 2003/3/4 2005/3/4
f 2006/2/4 2007/2/4 2008/2/4
f 2008/2/4 2007/2/4 2009/2/4
f 2010/7/4 2011/7/4 2012/7/4
f 2012/7/4 2011/7/4 2013/7/4
f 2014/4/4 2015/4/4 2018/4/4
f 2018/4/4 2015/4/4 2019/4/4
f 2016/4/4 2017/4/4 2020/4/4
f 2020/4/4 2017/4/4 2021/4/4
f 2022/6/4 2023/6/4 2025/6/4
f 2025/6/4 2023/6/4 2026/6/4
f 2024/7/4 2025/7/4 2027/7/4
f 2027/7/4 2025/7/4 2028/7/4
f 2028/6/4 2029/6/4 2030/6/4
f 2030/6/4 2029/6/4 2031/6/4
f 2032/4/4 2033/4/4 2036/4/4
f 2036/4/4 2033/4/4 2037/4/4
f 2034/4/4 2035/4/4 2038/4/4
f 2038/4/4 2035/4/4 2039/4/4
f 2040/4/4 2041/4/4 2044/4/4
f 2044/4/4 2041/4/4 2045/4/4
f 2042/4/4 2043/4/4 2046/4/4
f 2046/4/4 2043/4/4 2047/4/4
f 2048/6/4 2049/6/4 2050/6/4
f 2050/6/4 2049/6/4 2051/6/4
f 2052/4/4 2053/4/4 2056/4/4
f 2056/4/4 2053/4/4 2057/4/4
f 2054/4/4 2055/4/4 2058/4/4
f 2058/4/4 2055/4/4 2059/4/4
f 2060/2/4 2061/2/4 2063/2/4
f 2063/2/4 2061/2/4 2064/2/4
f 2062/7/4 2063/7/4 2065/7/4
f 2065/7/4 2063/7/4 2066/7/4
f 2066/2/4 2067/2/4 2068/2/4
f 2068/2/4 2067/2/4 2069/2/4
f 2070/2/4 2071/2/4 2072/2/4
f 2072/2/4 2071/2/4 2073/2/4
f 2074/4/4 2075/4/4 2078/4/4
f 2078/4/4 2075/4/4 2079/4/4
f 2076/4/4 2077/4/4 2080/4/4
f 2080/4/4 2077/4/4 2081/4/4
f 2082/4/4 2083/4/4 2086/4/4
f 2086/4/4 2083/4/4 2087/4/4
f 2084/4/4 2085/4/4 2088/4/4
f 2088/4/4 2085/4/4 2089/4/4
f 2090/4/4 2091/4/4 2094/4/4
f 2094/4/4 2091/4/4 2095/4/4
f 2092/4/4 2093/4/4 2096/4/4
f 2096/4/4 2093/4/4 2097/4/4
f 2098/4/4 2099/4/4 2102/4/4
f 2102/4/4 2099/4/4 2103/4/4
f 2100/4/4 2101/4/4 2104/4/4
f 2104/4/4 2101/4/4 2105/4/4
f 2106/3/4 2107/3/4 2111/3/4
f 2111/3/4 2107/3/4 2112/3/4
f 2108/7/4 2109/7/4 2113/7/4
f 2113/7/4 2109/7/4 2114/7/4
f 2110/7/4 2111/7/4 2115/7/4
f 2115/7/4 2111/7/4 2116/7/4
f 2116/3/4 2117/3/4 2118/3/4
f 2118/3/4 2117/3/4 2119/3/4
f 2120/7/4 2121/7/4 2125/7/4
f 2125/7/4 2121/7/4 2126/7/4
f 2122/5/4 2123/5/4 2127/5/4
f 2127/5/4 2123/5/4 2128/5/4
f 2125/7/4 2126/7/4 2129/7/4
f 2124/7/4 2125/7/4 2129/7/4
f 2126/7/4 2127/7/4 2129/7/4
f 2129/7/4 2127/7/4 2130/7/4
f 2130/5/4 2131/5/4 2132/5/4
f 2132/5/4 2131/5/4 2133/5/4
f 2134/7/4 2135/7/4 2138/7/4
f 2138/7/4 2135/7/4 2139/7/4
f 2136/3/4 2137/3/4 2140/3/4
f 2140/3/4 2137/3/4 2141/3/4
f 2142/5/4 2143/5/4 2144/5/4
f 2144/5/4 2143/5/4 2145/5/4
f 2146/4/4 2147/4/4 2150/4/4
f 2150/4/4 2147/4/4 2151/4/4
f 2148/4/4 2149/4/4 2152/4/4
f 2152/4/4 2149/4/4 2153/4/4
f 2154/6/4 2155/6/4 2157/6/4
f 2157/6/4 2155/6/4 2158/6/4
f 2156/7/4 2157/7/4 2159/7/4
f 2159/7/4 2157/7/4 2160/7/4
f 2160/6/4 2161/6/4 2162/6/4
f 2162/6/4 2161/6/4 2163/6/4
f 2164/4/4 2165/4/4 2168/4/4
f 2168/4/4 2165/4/4 2169/4/4
f 2166/4/4 2167/4/4 2170/4/4
f 2170/4/4 2167/4/4 2171/4/4
f 2172/4/4 2173/4/4 2176/4/4
f 2176/4/4 2173/4/4 2177/4/4
f 2174/4/4 2175/4/4 2178/4/4
f 2178/4/4 2175/4/4 2179/4/4
f 2180/6/4 2181/6/4 2182/6/4
f 2182/6/4 2181/6/4 2183/6/4
f 2184/4/4 2185/4/4 2188/4/4
f 2188/4/4 2185/4/4 2189/4/4
f 2186/4/4 2187/4/4 2190/4/4
f 2190/4/4 2187/4/4 2191/4/4
f 2192/4/4 2193/4/4 2196/4/4
f 2196/4/4 2193/4/4 2197/4/4
f 2194/4/4 2195/4/4 2198/4/4
f 2198/4/4 2195/4/4 2199/4/4
f 2200/3/4 2201/3/4 2203/3/4
f 2203/3/4 2201/3/4 2204/3/4
f 2202/7/4 2203/7/4 2205/7/4
f 2205/7/4 2203/7/4 2206/7/4
f 2206/3/4 2207/3/4 2208/3/4
f 2208/3/4 2207/3/4 2209/3/4
f 2210/2/4 2211/2/4 2213/2/4
f 2213/2/4 2211/2/4 2214/2/4
f 2212/7/4 2213/7/4 2215/7/4
f 2215/7/4 2213/7/4 2216/7/4
f 2216/2/4 2217/2/4 2218/2/4
f 2218/2/4 2217/2/4 2219/2/4
f 2220/4/4 2221/4/4 2224/4/4
f 2224/4/4 2221/4/4 2225/4/4
f 2222/4/4 2223/4/4 2226/4/4
f 2226/4/4 2223/4/4 2227/4/4
f 2228/4/4 2229/4/4 2232/4/4
f 2232/4/4 2229/4/4 2233/4/4
f 2230/4/4 2231/4/4 2234/4/4
f 2234/4/4 2231/4/4 2235/4/4
f 2236/3/4 2237/3/4 2238/3/4
f 2238/3/4 2237/3/4 2239/3/4
f 2240/2/4 2241/2/4 2242/2/4
f 2242/2/4 2241/2/4 2243/2/4
f 2244/4/4 2245/4/4 2248/4/4
f 2248/4/4 2245/4/4 2249/4/4
f 2246/4/4 2247/4/4 2250/4/4
f 2250/4/4 2247/4/4 2251/4/4
f 2252/4/4 2253/4/4 2256/4/4
f 2256/4/4 2253/4/4 2257/4/4
f 2254/4/4 2255/4/4 2258/4/4
f 2258/4/4 2255/4/4 2259/4/4
f 2260/5/4 2261/5/4 2263/5/4
f 2263/5/4 2261/5/4 2264/5/4
f 2262/7/4 2263/7/4 2265/7/4
f 2265/7/4 2263/7/4 2266/7/4
f 2266/5/4 2267/5/4 2268/5/4
f 2268/5/4 2267/5/4 2269/5/4
f 2270/4/4 2271/4/4 2274/4/4
f 2274/4/4 2271/4/4 2275/4/4
f 2272/4/4 2273/4/4 2276/4/4
f 2276/4/4 2273/4/4 2277/4/4
f 2278/4/4 2279/4/4 2282/4/4
f 2282/4/4 2279/4/4 2283/4/4
f 2280/4/4 2281/4/4 2284/4/4
f 2284/4/4 2281/4/4 2285/4/4
f 2286/5/4 2287/5/4 2288/5/4
f 2288/5/4 2287/5/4 2289/5/4
f 2290/4/4 2291/4/4 2294/4/4
f 2294/4/4 2291/4/4 2295/4/4
f 2292/4/4 2293/4/4 2296/4/4
f 2296/4/4 2293/4/4 2297/4/4
f 2298/7/4 2299/7/4 2303/7/4
f 2303/7/4 2299/7/4 2304/7/4
f 2300/5/4 2301/5/4 2305/5/4
f 2305/5/4 2301/5/4 2306/5/4
f 2303/7/4 2304/7/4 2307/7/4
f 2302/7/4 2303/7/4 2307/7/4
f 2304/7/4 2305/7/4 2307/7/4
f 2307/7/4 2305/7/4 2308/7/4
f 2308/5/4 2309/5/4 2310/5/4
f 2310/5/4 2309/5/4 2311/5/4
f 2312/5/4 2313/5/4 2314/5/4
f 2314/5/4 2313/5/4 2315/5/4
f 2316/4/4 2317/4/4 2320/4/4
f 2320/4/4 2317/4/4 2321/4/4
f 2318/4/4 2319/4/4 2322/4/4
f 2322/4/4 2319/4/4 2323/4/4
f 2324/4/4 2325/4/4 2328/4/4
f 2328/4/4 2325/4/4 2329/4/4
f 2326/4/4 2327/4/4 2330/4/4
f 2330/4/4 2327/4/4 2331/4/4
f 2332/4/4 2333/4/4 2336/4/4
f 2336/4/4 2333/4/4 2337/4/4
f 2334/4/4 2335/4/4 2338/4/4
f 2338/4/4 2335/4/4 2339/4/4
f 2340/6/4 2341/6/4 2343/6/4
f 2343/6/4 2341/6/4 2344/6/4
f 2342/7/4 2343/7/4 2345/7/4
f 2345/7/4 2343/7/4 2346/7/4
f 2346/6/4 2347/6/4 2348/6/4
f 2348/6/4 2347/6/4 2349/6/4
f 2350/7/4 2351/7/4 2355/7/4
f 2355/7/4 2351/7/4 2356/7/4
f 2352/3/4 2353/3/4 2357/3/4
f 2357/3/4 2353/3/4 2358/3/4
f 2355/7/4 2356/7/4 2359/7/4
f 2354/7/4 2355/7/4 2359/7/4
f 2356/7/4 2357/7/4 2359/7/4
f 2359/7/4 2357/7/4 2360/7/4
f 2360/3/4 2361/3/4 2362/3/4
f 2362/3/4 2361/3/4 2363/3/4
f 2364/4/4 2365/4/4 2368/4/4
f 2368/4/4 2365/4/4 2369/4/4
f 2366/4/4 2367/4/4 2370/4/4
f 2370/4/4 2367/4/4 2371/4/4
f 2372/6/4 2373/6/4 2374/6/4
f 2374/6/4 2373/6/4 2375/6/4
f 2376/3/4 2377/3/4 2378/3/4
f 2378/3/4 2377/3/4 2379/3/4
f 2380/10/4 2381/10/4 2383/10/4
f 2383/10/4 2381/10/4 2384/10/4
f 2382/8/4 2383/8/4 2385/8/4
f 2383/10/4 2384/10/4 2386/10/4
f 2385/8/4 2383/8/4 2386/8/4
f 2386/10/4 2384/10/4 2387/10/4
f 2386/10/4 2387/10/4 2388/10/4
f 2388/10/4 2387/10/4 2389/10/4
f 2390/10/4 2391/10/4 2393/10/4
f 2393/10/4 2391/10/4 2394/10/4
f 2392/8/4 2393/8/4 2395/8/4
f 2393/10/4 2394/10/4 2396/10/4
f 2395/8/4 2393/8/4 2396/8/4
f 2396/10/4 2394/10/4 2397/10/4
f 2396/10/4 2397/10/4 2398/10/4
f 2398/10/4 2397/10/4 2399/10/4
f 2400/10/4 2401/10/4 2403/10/4
f 2403/10/4 2401/10/4 2404/10/4
f 2402/8/4 2403/8/4 2405/8/4
f 2403/10/4 2404/10/4 2406/10/4
f 2405/8/4 2403/8/4 2406/8/4
f 2406/10/4 2404/10/4 2407/10/4
f 2406/10/4 2407/10/4 2408/10/4
f 2408/10/4 2407/10/4 2409/10/4
f 2410/10/4 2411/10/4 2413/10/4
f 2413/10/4 2411/10/4 2414/10/4
f 2412/8/4 2413/8/4 2415/8/4
f 2413/10/4 2414/10/4 2416/10/4
f 2415/8/4 2413/8/4 2416/8/4
f 2416/10/4 2414/10/4 2417/10/4
f 2416/9/4 2417/9/4 2418/9/4
f 2418/9/4 2417/9/4 2419/9/4
f 2420/4/4 2421/4/4 2422/4/4
f 2422/4/4 2421/4/4 2423/4/4
f 2423/4/4 2421/4/4 2424/4/4
f 2424/4/4 2421/4/4 2425/4/4
f 2420/4/4 2422/4/4 2426/4/4
f 2426/4/4 2422/4/4 2427/4/4
f 2423/4/4 2424/4/4 2428/4/4
f 2428/4/4 2424/4/4 2429/4/4
f 2420/4/4 2426/4/4 2430/4/4
f 2430/4/4 2431/4/4 2434/4/4
f 2432/4/4 2433/4/4 2435/4/4
f 2435/4/4 2433/4/4 2436/4/4
f 2425/4/4 2421/4/4 2437/4/4
f 2435/4/4 2436/4/4 2438/4/4
f 2436/4/4 2437/4/4 2438/4/4
f 2434/4/4 2435/4/4 2438/4/4
f 2430/4/4 2434/4/4 2438/4/4
f 2438/4/4 2437/4/4 2439/4/4
f 2439/4/4 2437/4/4 2440/4/4
f 2437/4/4 2421/4/4 2441/4/4
f 2440/4/4 2437/4/4 2441/4/4
f 2420/4/4 2430/4/4 2442/4/4
f 2430/4/4 2438/4/4 2442/4/4
f 2442/4/4 2438/4/4 2443/4/4
f 2439/4/4 2440/4/4 2444/4/4
f 2444/4/4 2440/4/4 2445/4/4
f 2420/4/4 2442/4/4 2446/4/4
f 2446/4/4 2447/4/4 2450/4/4
f 2448/4/4 2449/4/4 2451/4/4
f 2451/4/4 2449/4/4 2452/4/4
f 2441/4/4 2421/4/4 2453/4/4
f 2451/4/4 2452/4/4 2454/4/4
f 2452/4/4 2453/4/4 2454/4/4
f 2450/4/4 2451/4/4 2454/4/4
f 2446/4/4 2450/4/4 2454/4/4
f 2454/4/4 2453/4/4 2455/4/4
f 2455/4/4 2453/4/4 2456/4/4
f 2453/4/4 2421/4/4 2457/4/4
f 2456/4/4 2453/4/4 2457/4/4
f 2420/4/4 2446/4/4 2458/4/4
f 2446/4/4 2454/4/4 2458/4/4
f 2458/4/4 2454/4/4 2459/4/4
f 2455/4/4 2456/4/4 2460/4/4
f 2460/4/4 2456/4/4 2461/4/4
f 2420/4/4 2458/4/4 2462/4/4
f 2462/4/4 2463/4/4 2466/4/4
f 2464/4/4 2465/4/4 2467/4/4
f 2467/4/4 2465/4/4 2468/4/4
f 2457/4/4 2421/4/4 2469/4/4
f 2467/4/4 2468/4/4 2470/4/4
f 2468/4/4 2469/4/4 2470/4/4
f 2466/4/4 2467/4/4 2470/4/4
f 2462/4/4 2466/4/4 2470/4/4
f 2470/4/4 2469/4/4 2471/4/4
f 2471/4/4 2469/4/4 2472/4/4
f 2469/4/4 2421/4/4 2473/4/4
f 2472/4/4 2469/4/4 2473/4/4
f 2420/4/4 2462/4/4 2474/4/4
f 2462/4/4 2470/4/4 2474/4/4
f 2474/4/4 2470/4/4 2475/4/4
f 2471/4/4 2472/4/4 2476/4/4
f 2476/4/4 2472/4/4 2477/4/4
f 2420/4/4 2474/4/4 2478/4/4
f 2478/4/4 2479/4/4 2482/4/4
f 2480/4/4 2481/4/4 2483/4/4
f 2483/4/4 2481/4/4 2484/4/4
f 2473/4/4 2421/4/4 2485/4/4
f 2483/4/4 2484/4/4 2486/4/4
f 2484/4/4 2485/4/4 2486/4/4
f 2482/4/4 2483/4/4 2486/4/4
f 2420/4/4 2478/4/4 2486/4/4
f 2478/4/4 2482/4/4 2486/4/4
f 2485/4/4 2421/4/4 2487/4/4
f 2486/4/4 2485/4/4 2487/4/4
f 2490/4/5 2489/4/5 2488/4/5
f 2491/4/5 2489/4/5 2490/4/5
f 2509/4/5 2493/4/5 2492/4/5
f 2510/4/5 2493/4/5 2509/4/5
f 2511/4/5 2495/4/5 2494/4/5
f 2512/4/5 2495/4/5 2511/4/5
f 2513/4/5 2497/4/5 2496/4/5
f 2514/4/5 2497/4/5 2513/4/5
f 2515/4/5 2499/4/5 2498/4/5
f 2516/4/5 2499/4/5 2515/4/5
f 2517/4/5 2501/4/5 2500/4/5
f 2518/4/5 2501/4/5 2517/4/5
f 2519/4/5 2503/4/5 2502/4/5
f 2520/4/5 2503/4/5 2519/4/5
f 2521/4/5 2505/4/5 2504/4/5
f 2522/4/5 2505/4/5 2521/4/5
f 2523/4/5 2507/4/5 2506/4/5
f 2524/4/5 2507/4/5 2523/4/5
f 2526/4/5 2509/4/5 2508/4/5
f 2527/4/5 2509/4/5 2526/4/5
f 2528/4/5 2525/4/5 2524/4/5
f 2529/4/5 2525/4/5 2528/4/5
f 2534/4/5 2531/4/5 2530/4/5
f 2535/4/5 2531/4/5 2534/4/5
f 2536/4/5 2533/4/5 2532/4/5
f 2537/4/5 2533/4/5 2536/4/5
f 2542/4/5 2539/4/5 2538/4/5
f 2543/4/5 2539/4/5 2542/4/5
f 2544/4/5 2541/4/5 2540/4/5
f 2545/4/5 2541/4/5 2544/4/5
f 2550/4/5 2547/4/5 2546/4/5
f 2551/4/5 2547/4/5 2550/4/5
f 2552/4/5 2549/4/5 2548/4/5
f 2553/4/5 2549/4/5 2552/4/5
f 2558/4/5 2555/4/5 2554/4/5
f 2559/4/5 2555/4/5 2558/4/5
f 2560/4/5 2557/4/5 2556/4/5
f 2561/4/5 2557/4/5 2560/4/5
f 2566/4/5 2563/4/5 2562/4/5
f 2567/4/5 2563/4/5 2566/4/5
f 2568/4/5 2565/4/5 2564/4/5
f 2569/4/5 2565/4/5 2568/4/5
f 2574/4/5 2571/4/5 2570/4/5
f 2575/4/5 2571/4/5 2574/4/5
f 2576/4/5 2573/4/5 2572/4/5
f 2577/4/5 2573/4/5 2576/4/5
f 2582/4/5 2579/4/5 2578/4/5
f 2583/4/5 2579/4/5 2582/4/5
f 2584/4/5 2581/4/5 2580/4/5
f 2585/4/5 2581/4/5 2584/4/5
f 2590/4/5 2587/4/5 2586/4/5
f 2591/4/5 2587/4/5 2590/4/5
f 2592/4/5 2589/4/5 2588/4/5
f 2593/4/5 2589/4/5 2592/4/5
f 2598/4/5 2595/4/5 2594/4/5
f 2599/4/5 2595/4/5 2598/4/5
f 2600/4/5 2597/4/5 2596/4/5
f 2601/4/5 2597/4/5 2600/4/5
f 2606/4/5 2603/4/5 2602/4/5
f 2607/4/5 2603/4/5 2606/4/5
f 2608/4/5 2605/4/5 2604/4/5
f 2609/4/5 2605/4/5 2608/4/5
f 2614/4/5 2611/4/5 2610/4/5
f 2615/4/5 2611/4/5 2614/4/5
f 2616/4/5 2613/4/5 2612/4/5
f 2617/4/5 2613/4/5 2616/4/5
f 2622/4/5 2619/4/5 2618/4/5
f 2623/4/5 2619/4/5 2622/4/5
f 2624/4/5 2621/4/5 2620/4/5
f 2625/4/5 2621/4/5 2624/4/5
f 2630/4/5 2627/4/5 2626/4/5
f 2631/4/5 2627/4/5 2630/4/5
f 2632/4/5 2629/4/5 2628/4/5
f 2633/4/5 2629/4/5 2632/4/5
f 2638/4/5 2635/4/5 2634/4/5
f 2639/4/5 2635/4/5 2638/4/5
f 2640/4/5 2637/4/5 2636/4/5
f 2641/4/5 2637/4/5 2640/4/5
f 2646/4/5 2643/4/5 2642/4/5
f 2647/4/5 2643/4/5 2646/4/5
f 2662/4/5 2645/4/5 2644/4/5
f 2663/4/5 2645/4/5 2662/4/5
f 2664/4/5 2648/4/5 2647/4/5
f 2665/4/5 2648/4/5 2664/4/5
f 2666/4/5 2650/4/5 2649/4/5
f 2667/4/5 2650/4/5 2666/4/5
f 2668/4/5 2652/4/5 2651/4/5
f 2669/4/5 2652/4/5 2668/4/5
f 2670/4/5 2654/4/5 2653/4/5
f 2671/4/5 2654/4/5 2670/4/5
f 2672/4/5 2656/4/5 2655/4/5
f 2673/4/5 2656/4/5 2672/4/5
f 2674/4/5 2658/4/5 2657/4/5
f 2675/4/5 2658/4/5 2674/4/5
f 2676/4/5 2660/4/5 2659/4/5
f 2677/4/5 2660/4/5 2676/4/5
f 2678/4/5 2662/4/5 2661/4/5
f 2679/4/5 2662/4/5 2678/4/5
f 2682/7/5 2681/7/5 2680/7/5
f 2683/7/5 2681/7/5 2682/7/5
f 2688/7/5 2685/7/5 2684/7/5
f 2689/7/5 2685/7/5 2688/7/5
f 2690/7/5 2687/7/5 2686/7/5
f 2691/7/5 2687/7/5 2690/7/5
f 2694/7/5 2693/7/5 2692/7/5
f 2695/7/5 2693/7/5 2694/7/5
f 2698/7/5 2697/7/5 2696/7/5
f 2699/7/5 2697/7/5 2698/7/5
f 2709/4/5 2701/4/5 2700/4/5
f 2710/4/5 2701/4/5 2709/4/5
f 2711/4/5 2703/4/5 2702/4/5
f 2712/4/5 2703/4/5 2711/4/5
f 2713/4/5 2705/4/5 2704/4/5
f 2714/4/5 2705/4/5 2713/4/5
f 2715/4/5 2707/4/5 2706/4/5
f 2716/4/5 2707/4/5 2715/4/5
f 2718/4/5 2709/4/5 2708/4/5
f 2719/4/5 2709/4/5 2718/4/5
f 2720/4/5 2717/4/5 2716/4/5
f 2721/4/5 2717/4/5 2720/4/5
f 2728/7/5 2725/7/5 2724/7/5
f 2729/7/5 2725/7/5 2728/7/5
f 2730/4/5 2723/4/5 2722/4/5
f 2731/4/5 2723/4/5 2730/4/5
f 2734/4/5 2727/4/5 2726/4/5
f 2735/4/5 2727/4/5 2734/4/5
f 2738/7/5 2733/7/5 2732/7/5
f 2739/7/5 2733/7/5 2738/7/5
f 2742/4/5 2737/4/5 2736/4/5
f 2743/4/5 2737/4/5 2742/4/5
f 2744/4/5 2741/4/5 2740/4/5
f 2745/4/5 2741/4/5 2744/4/5
f 2750/4/5 2747/4/5 2746/4/5
f 2751/4/5 2747/4/5 2750/4/5
f 2752/4/5 2749/4/5 2748/4/5
f 2753/4/5 2749/4/5 2752/4/5
f 2758/4/5 2755/4/5 2754/4/5
f 2759/4/5 2755/4/5 2758/4/5
f 2760/4/5 2757/4/5 2756/4/5
f 2761/4/5 2757/4/5 2760/4/5
f 2766/4/5 2763/4/5 2762/4/5
f 2767/4/5 2763/4/5 2766/4/5
f 2768/4/5 2765/4/5 2764/4/5
f 2769/4/5 2765/4/5 2768/4/5
f 2776/7/5 2775/7/5 2774/7/5
f 2777/7/5 2775/7/5 2776/7/5
f 2778/4/5 2771/4/5 2770/4/5
f 2779/4/5 2771/4/5 2778/4/5
f 2782/4/5 2773/4/5 2772/4/5
f 2783/4/5 2773/4/5 2782/4/5
f 2786/7/5 2781/7/5 2780/7/5
f 2787/7/5 2781/7/5 2786/7/5
f 2790/4/5 2785/4/5 2784/4/5
f 2791/4/5 2785/4/5 2790/4/5
f 2798/4/5 2789/4/5 2788/4/5
f 2799/4/5 2789/4/5 2798/4/5
f 2800/4/5 2792/4/5 2791/4/5
f 2801/4/5 2792/4/5 2800/4/5
f 2802/4/5 2794/4/5 2793/4/5
f 2803/4/5 2794/4/5 2802/4/5
f 2804/4/5 2796/4/5 2795/4/5
f 2805/4/5 2796/4/5 2804/4/5
f 2806/4/5 2798/4/5 2797/4/5
f 2807/4/5 2798/4/5 2806/4/5
f 2810/7/5 2809/7/5 2808/7/5
f 2811/7/5 2809/7/5 2810/7/5
f 2815/3/5 2813/3/5 2812/3/5
f 2816/3/5 2813/3/5 2815/3/5
f 2818/3/5 2815/3/5 2814/3/5
f 2819/3/5 2815/3/5 2818/3/5
f 2820/3/5 2817/3/5 2816/3/5
f 2821/3/5 2817/3/5 2820/3/5
f 2822/3/5 2820/3/5 2819/3/5
f 2823/3/5 2820/3/5 2822/3/5
f 2827/3/5 2825/3/5 2824/3/5
f 2828/3/5 2825/3/5 2827/3/5
f 2830/3/5 2827/3/5 2826/3/5
f 2831/3/5 2827/3/5 2830/3/5
f 2832/3/5 2829/3/5 2828/3/5
f 2833/3/5 2829/3/5 2832/3/5
f 2834/3/5 2832/3/5 2831/3/5
f 2835/3/5 2832/3/5 2834/3/5
f 2839/2/5 2837/2/5 2836/2/5
f 2840/2/5 2837/2/5 2839/2/5
f 2842/2/5 2839/2/5 2838/2/5
f 2843/2/5 2839/2/5 2842/2/5
f 2844/2/5 2841/2/5 2840/2/5
f 2845/2/5 2841/2/5 2844/2/5
f 2848/2/5 2844/2/5 2843/2/5
f 2849/2/5 2844/2/5 2848/2/5
f 2851/6/5 2847/6/5 2846/6/5
f 2852/6/5 2847/6/5 2851/6/5
f 2856/6/5 2851/6/5 2850/6/5
f 2857/6/5 2851/6/5 2856/6/5
f 2858/6/5 2853/6/5 2852/6/5
f 2859/6/5 2853/6/5 2858/6/5
f 2861/2/5 2855/2/5 2854/2/5
f 2862/2/5 2855/2/5 2861/2/5
f 2864/6/5 2858/6/5 2857/6/5
f 2865/6/5 2858/6/5 2864/6/5
f 2866/2/5 2861/2/5 2860/2/5
f 2867/2/5 2861/2/5 2866/2/5
f 2868/2/5 2863/2/5 2862/2/5
f 2869/2/5 2863/2/5 2868/2/5
f 2870/2/5 2868/2/5 2867/2/5
f 2871/2/5 2868/2/5 2870/2/5
f 2877/3/5 2873/3/5 2872/3/5
f 2878/3/5 2873/3/5 2877/3/5
f 2881/5/5 2875/5/5 2874/5/5
f 2882/5/5 2875/5/5 2881/5/5
f 2886/3/5 2877/3/5 2876/3/5
f 2887/3/5 2877/3/5 2886/3/5
f 2888/3/5 2879/3/5 2878/3/5
f 2889/3/5 2879/3/5 2888/3/5
f 2890/5/5 2881/5/5 2880/5/5
f 2891/5/5 2881/5/5 2890/5/5
f 2892/5/5 2883/5/5 2882/5/5
f 2893/5/5 2883/5/5 2892/5/5
f 2895/6/5 2885/6/5 2884/6/5
f 2896/6/5 2885/6/5 2895/6/5
f 2898/3/5 2888/3/5 2887/3/5
f 2899/3/5 2888/3/5 2898/3/5
f 2900/5/5 2892/5/5 2891/5/5
f 2901/5/5 2892/5/5 2900/5/5
f 2902/6/5 2895/6/5 2894/6/5
f 2903/6/5 2895/6/5 2902/6/5
f 2904/6/5 2897/6/5 2896/6/5
f 2905/6/5 2897/6/5 2904/6/5
f 2906/6/5 2904/6/5 2903/6/5
f 2907/6/5 2904/6/5 2906/6/5
f 2911/5/5 2909/5/5 2908/5/5
f 2912/5/5 2909/5/5 2911/5/5
f 2914/5/5 2911/5/5 2910/5/5
f 2915/5/5 2911/5/5 2914/5/5
f 2916/5/5 2913/5/5 2912/5/5
f 2917/5/5 2913/5/5 2916/5/5
f 2918/5/5 2916/5/5 2915/5/5
f 2919/5/5 2916/5/5 2918/5/5
f 2923/6/5 2921/6/5 2920/6/5
f 2924/6/5 2921/6/5 2923/6/5
f 2926/6/5 2923/6/5 2922/6/5
f 2927/6/5 2923/6/5 2926/6/5
f 2928/6/5 2925/6/5 2924/6/5
f 2929/6/5 2925/6/5 2928/6/5
f 2930/6/5 2928/6/5 2927/6/5
f 2931/6/5 2928/6/5 2930/6/5
f 2935/3/5 2933/3/5 2932/3/5
f 2936/3/5 2933/3/5 2935/3/5
f 2938/3/5 2935/3/5 2934/3/5
f 2939/3/5 2935/3/5 2938/3/5
f 2940/3/5 2937/3/5 2936/3/5
f 2941/3/5 2937/3/5 2940/3/5
f 2942/3/5 2940/3/5 2939/3/5
f 2943/3/5 2940/3/5 2942/3/5
f 2947/2/5 2945/2/5 2944/2/5
f 2948/2/5 2945/2/5 2947/2/5
f 2950/2/5 2947/2/5 2946/2/5
f 2951/2/5 2947/2/5 2950/2/5
f 2952/2/5 2949/2/5 2948/2/5
f 2953/2/5 2949/2/5 2952/2/5
f 2954/2/5 2952/2/5 2951/2/5
f 2955/2/5 2952/2/5 2954/2/5
f 2959/5/5 2957/5/5 2956/5/5
f 2960/5/5 2957/5/5 2959/5/5
f 2962/5/5 2959/5/5 2958/5/5
f 2963/5/5 2959/5/5 2962/5/5
f 2964/5/5 2961/5/5 2960/5/5
f 2965/5/5 2961/5/5 2964/5/5
f 2966/5/5 2964/5/5 2963/5/5
f 2967/5/5 2964/5/5 2966/5/5
f 2968/4/6 2969/4/6 2976/4/6
f 2976/4/6 2969/4/6 2977/4/6
f 2970/4/6 2971/4/6 2978/4/6
f 2978/4/6 2971/4/6 2979/4/6
f 2972/4/6 2973/4/6 2980/4/6
f 2980/4/6 2973/4/6 2981/4/6
f 2974/4/6 2975/4/6 2982/4/6
f 2982/4/6 2975/4/6 2983/4/6
f 2984/4/6 2985/4/6 2988/4/6
f 2988/4/6 2985/4/6 2989/4/6
f 2986/4/6 2987/4/6 2990/4/6
f 2990/4/6 2987/4/6 2991/4/6
f 2992/4/6 2993/4/6 2996/4/6
f 2996/4/6 2993/4/6 2997/4/6
f 2994/4/6 2995/4/6 2998/4/6
f 2998/4/6 2995/4/6 2999/4/6
f 3000/4/6 3001/4/6 3004/4/6
f 3004/4/6 3001/4/6 3005/4/6
f 3002/4/6 3003/4/6 3006/4/6
f 3006/4/6 3003/4/6 3007/4/6
f 3008/4/6 3009/4/6 3012/4/6
f 3012/4/6 3009/4/6 3013/4/6
f 3010/4/6 3011/4/6 3014/4/6
f 3014/4/6 3011/4/6 3015/4/6
f 3016/4/6 3017/4/6 3020/4/6
f 3020/4/6 3017/4/6 3021/4/6
f 3018/4/6 3019/4/6 3022/4/6
f 3022/4/6 3019/4/6 3023/4/6
f 3024/4/6 3025/4/6 3028/4/6
f 3028/4/6 3025/4/6 3029/4/6
f 3026/4/6 3027/4/6 3030/4/6
f 3030/4/6 3027/4/6 3031/4/6
f 3032/4/6 3033/4/6 3036/4/6
f 3036/4/6 3033/4/6 3037/4/6
f 3034/4/6 3035/4/6 3038/4/6
f 3038/4/6 3035/4/6 3039/4/6
f 3040/4/6 3041/4/6 3044/4/6
f 3044/4/6 3041/4/6 3045/4/6
f 3042/4/6 3043/4/6 3046/4/6
f 3046/4/6 3043/4/6 3047/4/6
f 3048/4/6 3049/4/6 3056/4/6
f 3056/4/6 3049/4/6 3057/4/6
f 3050/4/6 3051/4/6 3058/4/6
f 3058/4/6 3051/4/6 3059/4/6
f 3052/4/6 3053/4/6 3060/4/6
f 3060/4/6 3053/4/6 3061/4/6
f 3054/4/6 3055/4/6 3062/4/6
f 3062/4/6 3055/4/6 3063/4/6
f 3064/4/6 3065/4/6 3081/4/6
f 3081/4/6 3065/4/6 3082/4/6
f 3066/4/6 3067/4/6 3083/4/6
f 3083/4/6 3067/4/6 3084/4/6
f 3068/4/6 3069/4/6 3085/4/6
f 3085/4/6 3069/4/6 3086/4/6
f 3070/4/6 3071/4/6 3087/4/6
f 3087/4/6 3071/4/6 3088/4/6
f 3072/4/6 3073/4/6 3089/4/6
f 3089/4/6 3073/4/6 3090/4/6
f 3074/4/6 3075/4/6 3091/4/6
f 3091/4/6 3075/4/6 3092/4/6
f 3076/4/6 3077/4/6 3093/4/6
f 3093/4/6 3077/4/6 3094/4/6
f 3078/4/6 3079/4/6 3095/4/6
f 3095/4/6 3079/4/6 3096/4/6
f 3080/4/6 3081/4/6 3098/4/6
f 3098/4/6 3081/4/6 3099/4/6
f 3096/4/6 3097/4/6 3100/4/6
f 3100/4/6 3097/4/6 3101/4/6
f 3102/4/6 3103/4/6 3106/4/6
f 3106/4/6 3103/4/6 3107/4/6
f 3104/4/6 3105/4/6 3108/4/6
f 3108/4/6 3105/4/6 3109/4/6
f 3110/4/6 3111/4/6 3114/4/6
f 3114/4/6 3111/4/6 3115/4/6
f 3112/4/6 3113/4/6 3116/4/6
f 3116/4/6 3113/4/6 3117/4/6
f 3118/4/6 3119/4/6 3122/4/6
f 3122/4/6 3119/4/6 3123/4/6
f 3120/4/6 3121/4/6 3124/4/6
f 3124/4/6 3121/4/6 3125/4/6
f 3126/4/6 3127/4/6 3130/4/6
f 3130/4/6 3127/4/6 3131/4/6
f 3128/4/6 3129/4/6 3132/4/6
f 3132/4/6 3129/4/6 3133/4/6
f 3134/4/6 3135/4/6 3138/4/6
f 3138/4/6 3135/4/6 3139/4/6
f 3136/4/6 3137/4/6 3140/4/6
f 3140/4/6 3137/4/6 3141/4/6
f 3142/4/6 3143/4/6 3146/4/6
f 3146/4/6 3143/4/6 3147/4/6
f 3144/4/6 3145/4/6 3148/4/6
f 3148/4/6 3145/4/6 3149/4/6
f 3150/4/6 3151/4/6 3154/4/6
f 3154/4/6 3151/4/6 3155/4/6
f 3152/4/6 3153/4/6 3156/4/6
f 3156/4/6 3153/4/6 3157/4/6
f 3158/4/6 3159/4/6 3162/4/6
f 3162/4/6 3159/4/6 3163/4/6
f 3160/4/6 3161/4/6 3164/4/6
f 3164/4/6 3161/4/6 3165/4/6
f 3166/4/6 3167/4/6 3170/4/6
f 3170/4/6 3167/4/6 3171/4/6
f 3168/4/6 3169/4/6 3172/4/6
f 3172/4/6 3169/4/6 3173/4/6
f 3174/4/6 3175/4/6 3178/4/6
f 3178/4/6 3175/4/6 3179/4/6
f 3176/4/6 3177/4/6 3180/4/6
f 3180/4/6 3177/4/6 3181/4/6
f 3182/4/6 3183/4/6 3186/4/6
f 3186/4/6 3183/4/6 3187/4/6
f 3184/4/6 3185/4/6 3188/4/6
f 3188/4/6 3185/4/6 3189/4/6
f 3190/4/6 3191/4/6 3194/4/6
f 3194/4/6 3191/4/6 3195/4/6
f 3192/4/6 3193/4/6 3196/4/6
f 3196/4/6 3193/4/6 3197/4/6
f 3198/4/6 3199/4/6 3202/4/6
f 3202/4/6 3199/4/6 3203/4/6
f 3200/4/6 3201/4/6 3204/4/6
f 3204/4/6 3201/4/6 3205/4/6
f 3206/4/6 3207/4/6 3210/4/6
f 3210/4/6 3207/4/6 3211/4/6
f 3208/4/6 3209/4/6 3212/4/6
f 3212/4/6 3209/4/6 3213/4/6
f 3214/4/6 3215/4/6 3218/4/6
f 3218/4/6 3215/4/6 3219/4/6
f 3216/4/6 3217/4/6 3234/4/6
f 3234/4/6 3217/4/6 3235/4/6
f 3219/4/6 3220/4/6 3236/4/6
f 3236/4/6 3220/4/6 3237/4/6
f 3221/4/6 3222/4/6 3238/4/6
f 3238/4/6 3222/4/6 3239/4/6
f 3223/4/6 3224/4/6 3240/4/6
f 3240/4/6 3224/4/6 3241/4/6
f 3225/4/6 3226/4/6 3242/4/6
f 3242/4/6 3226/4/6 3243/4/6
f 3227/4/6 3228/4/6 3244/4/6
f 3244/4/6 3228/4/6 3245/4/6
f 3229/4/6 3230/4/6 3246/4/6
f 3246/4/6 3230/4/6 3247/4/6
f 3231/4/6 3232/4/6 3248/4/6
f 3248/4/6 3232/4/6 3249/4/6
f 3233/4/6 3234/4/6 3250/4/6
f 3250/4/6 3234/4/6 3251/4/6
f 3252/10/6 3253/10/6 3262/10/6
f 3260/10/6 3261/10/6 3262/10/6
f 3259/10/6 3260/10/6 3262/10/6
f 3258/10/6 3259/10/6 3262/10/6
f 3257/10/6 3258/10/6 3262/10/6
f 3256/10/6 3257/10/6 3262/10/6
f 3255/10/6 3256/10/6 3262/10/6
f 3254/10/6 3255/10/6 3262/10/6
f 3253/10/6 3254/10/6 3262/10/6
f 3262/10/6 3261/10/6 3263/10/6
f 3263/10/6 3261/10/6 3264/10/6
f 3264/10/6 3261/10/6 3265/10/6
f 3265/10/6 3261/10/6 3266/10/6
f 3266/10/6 3261/10/6 3267/10/6
f 3262/10/6 3263/10/6 3268/10/6
f 3268/10/6 3263/10/6 3269/10/6
f 3263/9/6 3264/9/6 3270/9/6
f 3269/10/6 3263/10/6 3270/10/6
f 3264/10/6 3265/10/6 3271/10/6
f 3270/9/6 3264/9/6 3271/9/6
f 3265/9/6 3266/9/6 3272/9/6
f 3271/10/6 3265/10/6 3272/10/6
f 3266/10/6 3267/10/6 3273/10/6
f 3272/9/6 3266/9/6 3273/9/6
f 3273/10/6 3267/10/6 3274/10/6
f 3274/10/6 3267/10/6 3275/10/6
f 3268/10/6 3269/10/6 3276/10/6
f 3269/9/6 3270/9/6 3277/9/6
f 3276/10/6 3269/10/6 3277/10/6
f 3270/10/6 3271/10/6 3278/10/6
f 3271/10/6 3272/10/6 3278/10/6
f 3272/10/6 3273/10/6 3278/10/6
f 3278/10/6 3273/10/6 3279/10/6
f 3279/10/6 3273/10/6 3280/10/6
f 3280/10/6 3273/10/6 3281/10/6
f 3273/9/6 3274/9/6 3282/9/6
f 3281/10/6 3273/10/6 3282/10/6
f 3282/9/6 3274/9/6 3283/9/6
f 3274/10/6 3275/10/6 3284/10/6
f 3283/9/6 3274/9/6 3284/9/6
f 3284/10/6 3275/10/6 3285/10/6
f 3276/9/6 3277/9/6 3286/9/6
f 3277/9/6 3270/9/6 3287/9/6
f 3286/9/6 3277/9/6 3287/9/6
f 3270/10/6 3278/10/6 3288/10/6
f 3279/10/6 3280/10/6 3289/10/6
f 3282/10/6 3283/10/6 3290/10/6
f 3284/9/6 3285/9/6 3290/9/6
f 3281/10/6 3282/10/6 3290/10/6
f 3283/9/6 3284/9/6 3290/9/6
f 3290/9/6 3285/9/6 3291/9/6
f 3286/10/6 3287/10/6 3292/10/6
f 3281/10/6 3290/10/6 3293/10/6
f 3290/10/6 3291/10/6 3293/10/6
f 3293/10/6 3291/10/6 3294/10/6
f 3294/10/6 3291/10/6 3295/10/6
f 3295/10/6 3291/10/6 3296/10/6
f 3296/10/6 3291/10/6 3297/10/6
f 3292/10/6 3287/10/6 3298/10/6
f 3287/9/6 3270/9/6 3299/9/6
f 3298/10/6 3287/10/6 3299/10/6
f 3288/10/6 3289/10/6 3300/10/6
f 3299/9/6 3270/9/6 3300/9/6
f 3270/10/6 3288/10/6 3300/10/6
f 3300/10/6 3289/10/6 3301/10/6
f 3281/10/6 3293/10/6 3302/10/6
f 3294/10/6 3295/10/6 3303/10/6
f 3295/9/6 3296/9/6 3304/9/6
f 3296/10/6 3297/10/6 3304/10/6
f 3304/10/6 3297/10/6 3305/10/6
f 3305/10/6 3297/10/6 3306/10/6
f 3298/10/6 3299/10/6 3307/10/6
f 3299/10/6 3300/10/6 3307/10/6
f 3300/9/6 3301/9/6 3307/9/6
f 3301/10/6 3289/10/6 3308/10/6
f 3307/9/6 3301/9/6 3308/9/6
f 3302/10/6 3303/10/6 3309/10/6
f 3303/10/6 3295/10/6 3309/10/6
f 3295/9/6 3304/9/6 3310/9/6
f 3309/10/6 3295/10/6 3310/10/6
f 3310/9/6 3304/9/6 3311/9/6
f 3305/10/6 3306/10/6 3312/10/6
f 3280/9/6 3281/9/6 3313/9/6
f 3289/10/6 3280/10/6 3313/10/6
f 3308/10/6 3289/10/6 3313/10/6
f 3307/10/6 3308/10/6 3313/10/6
f 3281/10/6 3302/10/6 3314/10/6
f 3313/9/6 3281/9/6 3314/9/6
f 3302/10/6 3309/10/6 3314/10/6
f 3309/9/6 3310/9/6 3315/9/6
f 3314/10/6 3309/10/6 3315/10/6
f 3310/9/6 3311/9/6 3315/9/6
f 3311/10/6 3312/10/6 3316/10/6
f 3315/9/6 3311/9/6 3316/9/6
f 3314/10/6 3315/10/6 3317/10/6
f 3298/10/6 3307/10/6 3317/10/6
f 3315/10/6 3316/10/6 3317/10/6
f 3313/10/6 3314/10/6 3317/10/6
f 3307/10/6 3313/10/6 3317/10/6
f 3317/10/6 3316/10/6 3318/10/6
f 3318/10/6 3316/10/6 3319/10/6
f 3319/10/6 3316/10/6 3320/10/6
f 3320/10/6 3316/10/6 3321/10/6
f 3316/10/6 3312/10/6 3322/10/6
f 3321/10/6 3316/10/6 3322/10/6
f 3312/10/6 3306/10/6 3322/10/6
f 3317/10/6 3318/10/6 3323/10/6
f 3323/10/6 3318/10/6 3324/10/6
f 3319/10/6 3320/10/6 3325/10/6
f 3325/10/6 3320/10/6 3326/10/6
f 3320/9/6 3321/9/6 3327/9/6
f 3326/10/6 3320/10/6 3327/10/6
f 3321/10/6 3322/10/6 3328/10/6
f 3328/10/6 3322/10/6 3329/10/6
f 3329/10/6 3322/10/6 3330/10/6
f 3325/10/6 3326/10/6 3331/10/6
f 3323/10/6 3324/10/6 3331/10/6
f 3324/10/6 3325/10/6 3331/10/6
f 3326/9/6 3327/9/6 3332/9/6
f 3331/10/6 3326/10/6 3332/10/6
f 3327/9/6 3321/9/6 3333/9/6
f 3332/9/6 3327/9/6 3333/9/6
f 3321/10/6 3328/10/6 3334/10/6
f 3333/9/6 3321/9/6 3334/9/6
f 3334/10/6 3328/10/6 3335/10/6
f 3328/9/6 3329/9/6 3336/9/6
f 3335/10/6 3328/10/6 3336/10/6
f 3336/9/6 3329/9/6 3337/9/6
f 3329/10/6 3330/10/6 3338/10/6
f 3337/9/6 3329/9/6 3338/9/6
f 3323/10/6 3331/10/6 3339/10/6
f 3331/9/6 3332/9/6 3340/9/6
f 3339/10/6 3331/10/6 3340/10/6
f 3332/9/6 3333/9/6 3340/9/6
f 3340/9/6 3333/9/6 3341/9/6
f 3334/10/6 3335/10/6 3342/10/6
f 3341/9/6 3333/9/6 3342/9/6
f 3333/10/6 3334/10/6 3342/10/6
f 3336/9/6 3337/9/6 3343/9/6
f 3342/10/6 3335/10/6 3343/10/6
f 3335/9/6 3336/9/6 3343/9/6
f 3337/10/6 3338/10/6 3344/10/6
f 3343/9/6 3337/9/6 3344/9/6
f 3323/10/6 3339/10/6 3345/10/6
f 3345/10/6 3339/10/6 3346/10/6
f 3346/10/6 3339/10/6 3347/10/6
f 3340/9/6 3341/9/6 3348/9/6
f 3347/10/6 3339/10/6 3348/10/6
f 3339/9/6 3340/9/6 3348/9/6
f 3341/10/6 3342/10/6 3349/10/6
f 3348/9/6 3341/9/6 3349/9/6
f 3342/10/6 3343/10/6 3349/10/6
f 3343/10/6 3344/10/6 3349/10/6
f 3349/10/6 3344/10/6 3350/10/6
f 3350/10/6 3344/10/6 3351/10/6
f 3344/10/6 3338/10/6 3352/10/6
f 3351/10/6 3344/10/6 3352/10/6
f 3338/10/6 3330/10/6 3353/10/6
f 3352/10/6 3338/10/6 3353/10/6
f 3353/10/6 3330/10/6 3354/10/6
f 3345/10/6 3346/10/6 3355/10/6
f 3347/10/6 3348/10/6 3356/10/6
f 3348/10/6 3349/10/6 3356/10/6
f 3349/10/6 3350/10/6 3356/10/6
f 3351/10/6 3352/10/6 3357/10/6
f 3357/10/6 3352/10/6 3358/10/6
f 3353/10/6 3354/10/6 3359/10/6
f 3359/10/6 3354/10/6 3360/10/6
f 3347/10/6 3356/10/6 3361/10/6
f 3357/10/6 3358/10/6 3361/10/6
f 3359/10/6 3360/10/6 3361/10/6
f 3358/10/6 3359/10/6 3361/10/6
f 3356/10/6 3357/10/6 3361/10/6
f 3361/10/6 3360/10/6 3362/10/6
f 3362/10/6 3360/10/6 3363/10/6
f 3363/10/6 3360/10/6 3364/10/6
f 3346/9/6 3347/9/6 3365/9/6
f 3347/10/6 3361/10/6 3365/10/6
f 3365/10/6 3361/10/6 3366/10/6
f 3366/10/6 3361/10/6 3367/10/6
f 3362/10/6 3363/10/6 3368/10/6
f 3368/10/6 3363/10/6 3369/10/6
f 3363/9/6 3364/9/6 3370/9/6
f 3369/10/6 3363/10/6 3370/10/6
f 3355/10/6 3346/10/6 3371/10/6
f 3346/9/6 3365/9/6 3372/9/6
f 3371/10/6 3346/10/6 3372/10/6
f 3365/9/6 3366/9/6 3372/9/6
f 3372/9/6 3366/9/6 3373/9/6
f 3368/10/6 3369/10/6 3374/10/6
f 3373/9/6 3366/9/6 3374/9/6
f 3366/10/6 3367/10/6 3374/10/6
f 3367/10/6 3368/10/6 3374/10/6
f 3374/10/6 3369/10/6 3375/10/6
f 3369/9/6 3370/9/6 3376/9/6
f 3370/9/6 3364/9/6 3377/9/6
f 3376/9/6 3370/9/6 3377/9/6
f 3364/10/6 3360/10/6 3377/10/6
f 3377/10/6 3360/10/6 3378/10/6
f 3372/10/6 3373/10/6 3379/10/6
f 3371/10/6 3372/10/6 3379/10/6
f 3374/9/6 3375/9/6 3380/9/6
f 3379/10/6 3373/10/6 3380/10/6
f 3373/9/6 3374/9/6 3380/9/6
f 3375/10/6 3369/10/6 3381/10/6
f 3380/9/6 3375/9/6 3381/9/6
f 3369/9/6 3376/9/6 3382/9/6
f 3381/10/6 3369/10/6 3382/10/6
f 3377/10/6 3378/10/6 3383/10/6
f 3382/9/6 3376/9/6 3383/9/6
f 3376/10/6 3377/10/6 3383/10/6
f 3383/10/6 3378/10/6 3384/10/6
f 3380/10/6 3381/10/6 3385/10/6
f 3381/10/6 3382/10/6 3385/10/6
f 3383/10/6 3384/10/6 3385/10/6
f 3382/10/6 3383/10/6 3385/10/6
f 3379/10/6 3380/10/6 3385/10/6
f 3385/10/6 3384/10/6 3386/10/6
f 3386/10/6 3384/10/6 3387/10/6
f 3387/10/6 3384/10/6 3388/10/6
f 3388/10/6 3384/10/6 3389/10/6
f 3389/10/6 3384/10/6 3390/10/6
f 3379/10/6 3385/10/6 3391/10/6
f 3386/10/6 3387/10/6 3392/10/6
f 3387/9/6 3388/9/6 3393/9/6
f 3393/9/6 3388/9/6 3394/9/6
f 3388/10/6 3389/10/6 3395/10/6
f 3394/9/6 3388/9/6 3395/9/6
f 3395/10/6 3389/10/6 3396/10/6
f 3390/10/6 3384/10/6 3397/10/6
f 3397/10/6 3384/10/6 3398/10/6
f 3398/10/6 3384/10/6 3399/10/6
f 3379/10/6 3391/10/6 3400/10/6
f 3391/10/6 3392/10/6 3400/10/6
f 3392/10/6 3387/10/6 3401/10/6
f 3400/10/6 3392/10/6 3401/10/6
f 3387/9/6 3393/9/6 3401/9/6
f 3393/10/6 3394/10/6 3402/10/6
f 3401/9/6 3393/9/6 3402/9/6
f 3395/9/6 3396/9/6 3403/9/6
f 3402/10/6 3394/10/6 3403/10/6
f 3394/9/6 3395/9/6 3403/9/6
f 3397/10/6 3398/10/6 3404/10/6
f 3403/9/6 3396/9/6 3404/9/6
f 3396/10/6 3397/10/6 3404/10/6
f 3404/10/6 3398/10/6 3405/10/6
f 3398/9/6 3399/9/6 3406/9/6
f 3405/10/6 3398/10/6 3406/10/6
f 3406/9/6 3399/9/6 3407/9/6
f 3401/10/6 3402/10/6 3408/10/6
f 3400/10/6 3401/10/6 3408/10/6
f 3404/10/6 3405/10/6 3408/10/6
f 3402/10/6 3403/10/6 3408/10/6
f 3403/10/6 3404/10/6 3408/10/6
f 3408/10/6 3405/10/6 3409/10/6
f 3409/10/6 3405/10/6 3410/10/6
f 3406/9/6 3407/9/6 3411/9/6
f 3405/9/6 3406/9/6 3411/9/6
f 3411/9/6 3407/9/6 3412/9/6
f 3408/10/6 3409/10/6 3413/10/6
f 3409/9/6 3410/9/6 3414/9/6
f 3413/10/6 3409/10/6 3414/10/6
f 3414/9/6 3410/9/6 3415/9/6
f 3410/10/6 3405/10/6 3416/10/6
f 3415/9/6 3410/9/6 3416/9/6
f 3416/10/6 3405/10/6 3417/10/6
f 3417/10/6 3405/10/6 3418/10/6
f 3418/10/6 3405/10/6 3419/10/6
f 3419/10/6 3405/10/6 3420/10/6
f 3405/9/6 3411/9/6 3421/9/6
f 3420/10/6 3405/10/6 3421/10/6
f 3411/10/6 3412/10/6 3422/10/6
f 3421/9/6 3411/9/6 3422/9/6
f 3414/9/6 3415/9/6 3423/9/6
f 3413/9/6 3414/9/6 3423/9/6
f 3415/10/6 3416/10/6 3424/10/6
f 3423/9/6 3415/9/6 3424/9/6
f 3416/10/6 3417/10/6 3424/10/6
f 3424/10/6 3417/10/6 3425/10/6
f 3418/10/6 3419/10/6 3426/10/6
f 3408/10/6 3413/10/6 3427/10/6
f 3413/9/6 3423/9/6 3428/9/6
f 3427/10/6 3413/10/6 3428/10/6
f 3425/10/6 3426/10/6 3429/10/6
f 3428/9/6 3423/9/6 3429/9/6
f 3424/10/6 3425/10/6 3429/10/6
f 3423/10/6 3424/10/6 3429/10/6
f 3429/10/6 3426/10/6 3430/10/6
f 3430/10/6 3426/10/6 3431/10/6
f 3419/9/6 3420/9/6 3432/9/6
f 3431/10/6 3426/10/6 3432/10/6
f 3426/10/6 3419/10/6 3432/10/6
f 3420/10/6 3421/10/6 3433/10/6
f 3432/9/6 3420/9/6 3433/9/6
f 3421/10/6 3422/10/6 3433/10/6
f 3433/10/6 3422/10/6 3434/10/6
f 3422/10/6 3412/10/6 3435/10/6
f 3434/10/6 3422/10/6 3435/10/6
f 3427/10/6 3428/10/6 3436/10/6
f 3428/10/6 3429/10/6 3436/10/6
f 3429/10/6 3430/10/6 3436/10/6
f 3436/10/6 3430/10/6 3437/10/6
f 3431/10/6 3432/10/6 3438/10/6
f 3432/10/6 3433/10/6 3438/10/6
f 3434/10/6 3435/10/6 3439/10/6
f 3437/10/6 3438/10/6 3440/10/6
f 3436/10/6 3437/10/6 3440/10/6
f 3440/10/6 3438/10/6 3441/10/6
f 3438/10/6 3433/10/6 3442/10/6
f 3441/10/6 3438/10/6 3442/10/6
f 3442/10/6 3433/10/6 3443/10/6
f 3433/9/6 3434/9/6 3444/9/6
f 3443/10/6 3433/10/6 3444/10/6
f 3434/10/6 3439/10/6 3445/10/6
f 3444/9/6 3434/9/6 3445/9/6
f 3441/10/6 3442/10/6 3446/10/6
f 3442/9/6 3443/9/6 3447/9/6
f 3446/10/6 3442/10/6 3447/10/6
f 3443/10/6 3444/10/6 3448/10/6
f 3447/9/6 3443/9/6 3448/9/6
f 3444/10/6 3445/10/6 3448/10/6
f 3448/10/6 3445/10/6 3449/10/6
f 3449/10/6 3445/10/6 3450/10/6
f 3445/10/6 3439/10/6 3451/10/6
f 3450/10/6 3445/10/6 3451/10/6
f 3436/10/6 3440/10/6 3452/10/6
f 3441/10/6 3446/10/6 3453/10/6
f 3440/9/6 3441/9/6 3453/9/6
f 3453/10/6 3446/10/6 3454/10/6
f 3454/10/6 3446/10/6 3455/10/6
f 3448/9/6 3449/9/6 3456/9/6
f 3447/9/6 3448/9/6 3456/9/6
f 3449/10/6 3450/10/6 3457/10/6
f 3456/9/6 3449/9/6 3457/9/6
f 3457/10/6 3450/10/6 3458/10/6
f 3458/10/6 3450/10/6 3459/10/6
f 3451/10/6 3439/10/6 3460/10/6
f 3460/10/6 3439/10/6 3461/10/6
f 3452/10/6 3440/10/6 3462/10/6
f 3453/9/6 3454/9/6 3463/9/6
f 3462/10/6 3440/10/6 3463/10/6
f 3440/9/6 3453/9/6 3463/9/6
f 3463/9/6 3454/9/6 3464/9/6
f 3454/10/6 3455/10/6 3465/10/6
f 3455/10/6 3456/10/6 3465/10/6
f 3456/10/6 3457/10/6 3465/10/6
f 3457/9/6 3458/9/6 3465/9/6
f 3458/10/6 3459/10/6 3466/10/6
f 3465/9/6 3458/9/6 3466/9/6
f 3460/10/6 3461/10/6 3466/10/6
f 3459/10/6 3460/10/6 3466/10/6
f 3466/10/6 3461/10/6 3467/10/6
f 3467/10/6 3461/10/6 3468/10/6
f 3463/10/6 3464/10/6 3469/10/6
f 3462/10/6 3463/10/6 3469/10/6
f 3469/10/6 3464/10/6 3470/10/6
f 3470/10/6 3464/10/6 3471/10/6
f 3464/9/6 3454/9/6 3472/9/6
f 3471/10/6 3464/10/6 3472/10/6
f 3454/10/6 3465/10/6 3473/10/6
f 3472/9/6 3454/9/6 3473/9/6
f 3465/10/6 3466/10/6 3473/10/6
f 3466/10/6 3467/10/6 3473/10/6
f 3473/10/6 3467/10/6 3474/10/6
f 3474/10/6 3467/10/6 3475/10/6
f 3475/10/6 3467/10/6 3476/10/6
f 3476/10/6 3467/10/6 3477/10/6
f 3477/10/6 3467/10/6 3478/10/6
f 3467/9/6 3468/9/6 3479/9/6
f 3478/10/6 3467/10/6 3479/10/6
f 3479/9/6 3468/9/6 3480/9/6
f 3481/4/6 3482/4/6 3498/4/6
f 3498/4/6 3482/4/6 3499/4/6
f 3483/4/6 3484/4/6 3500/4/6
f 3500/4/6 3484/4/6 3501/4/6
f 3485/4/6 3486/4/6 3502/4/6
f 3502/4/6 3486/4/6 3503/4/6
f 3487/4/6 3488/4/6 3504/4/6
f 3504/4/6 3488/4/6 3505/4/6
f 3489/4/6 3490/4/6 3506/4/6
f 3506/4/6 3490/4/6 3507/4/6
f 3491/4/6 3492/4/6 3508/4/6
f 3508/4/6 3492/4/6 3509/4/6
f 3493/4/6 3494/4/6 3510/4/6
f 3510/4/6 3494/4/6 3511/4/6
f 3495/4/6 3496/4/6 3512/4/6
f 3512/4/6 3496/4/6 3513/4/6
f 3497/4/6 3498/4/6 3515/4/6
f 3515/4/6 3498/4/6 3516/4/6
f 3513/4/6 3514/4/6 3517/4/6
f 3517/4/6 3514/4/6 3518/4/6
f 3519/4/6 3520/4/6 3523/4/6
f 3523/4/6 3520/4/6 3524/4/6
f 3521/4/6 3522/4/6 3525/4/6
f 3525/4/6 3522/4/6 3526/4/6
f 3527/4/6 3528/4/6 3531/4/6
f 3531/4/6 3528/4/6 3532/4/6
f 3529/4/6 3530/4/6 3533/4/6
f 3533/4/6 3530/4/6 3534/4/6
f 3535/4/6 3536/4/6 3539/4/6
f 3539/4/6 3536/4/6 3540/4/6
f 3537/4/6 3538/4/6 3541/4/6
f 3541/4/6 3538/4/6 3542/4/6
f 3543/4/6 3544/4/6 3547/4/6
f 3547/4/6 3544/4/6 3548/4/6
f 3545/4/6 3546/4/6 3549/4/6
f 3549/4/6 3546/4/6 3550/4/6
f 3551/4/6 3552/4/6 3555/4/6
f 3555/4/6 3552/4/6 3556/4/6
f 3553/4/6 3554/4/6 3557/4/6
f 3557/4/6 3554/4/6 3558/4/6
f 3559/4/6 3560/4/6 3563/4/6
f 3563/4/6 3560/4/6 3564/4/6
f 3561/4/6 3562/4/6 3565/4/6
f 3565/4/6 3562/4/6 3566/4/6
f 3567/4/6 3568/4/6 3571/4/6
f 3571/4/6 3568/4/6 3572/4/6
f 3569/4/6 3570/4/6 3573/4/6
f 3573/4/6 3570/4/6 3574/4/6
f 3575/4/6 3576/4/6 3579/4/6
f 3579/4/6 3576/4/6 3580/4/6
f 3577/4/6 3578/4/6 3581/4/6
f 3581/4/6 3578/4/6 3582/4/6
f 3583/4/6 3584/4/6 3587/4/6
f 3587/4/6 3584/4/6 3588/4/6
f 3585/4/6 3586/4/6 3589/4/6
f 3589/4/6 3586/4/6 3590/4/6
f 3591/4/6 3592/4/6 3595/4/6
f 3595/4/6 3592/4/6 3596/4/6
f 3593/4/6 3594/4/6 3597/4/6
f 3597/4/6 3594/4/6 3598/4/6
f 3599/4/6 3600/4/6 3603/4/6
f 3603/4/6 3600/4/6 3604/4/6
f 3601/4/6 3602/4/6 3605/4/6
f 3605/4/6 3602/4/6 3606/4/6
f 3607/4/6 3608/4/6 3611/4/6
f 3611/4/6 3608/4/6 3612/4/6
f 3609/4/6 3610/4/6 3613/4/6
f 3613/4/6 3610/4/6 3614/4/6
f 3615/4/6 3616/4/6 3619/4/6
f 3619/4/6 3616/4/6 3620/4/6
f 3617/4/6 3618/4/6 3621/4/6
f 3621/4/6 3618/4/6 3622/4/6
f 3623/4/6 3624/4/6 3627/4/6
f 3627/4/6 3624/4/6 3628/4/6
f 3625/4/6 3626/4/6 3629/4/6
f 3629/4/6 3626/4/6 3630/4/6
f 3631/4/6 3632/4/6 3635/4/6
f 3635/4/6 3632/4/6 3636/4/6
f 3633/4/6 3634/4/6 3651/4/6
f 3651/4/6 3634/4/6 3652/4/6
f 3636/4/6 3637/4/6 3653/4/6
f 3653/4/6 3637/4/6 3654/4/6
f 3638/4/6 3639/4/6 3655/4/6
f 3655/4/6 3639/4/6 3656/4/6
f 3640/4/6 3641/4/6 3657/4/6
f 3657/4/6 3641/4/6 3658/4/6
f 3642/4/6 3643/4/6 3659/4/6
f 3659/4/6 3643/4/6 3660/4/6
f 3644/4/6 3645/4/6 3661/4/6
f 3661/4/6 3645/4/6 3662/4/6
f 3646/4/6 3647/4/6 3663/4/6
f 3663/4/6 3647/4/6 3664/4/6
f 3648/4/6 3649/4/6 3665/4/6
f 3665/4/6 3649/4/6 3666/4/6
f 3650/4/6 3651/4/6 3667/4/6
f 3667/4/6 3651/4/6 3668/4/6
f 3669/7/6 3670/7/6 3671/7/6
f 3671/7/6 3670/7/6 3672/7/6
f 3673/7/6 3674/7/6 3677/7/6
f 3677/7/6 3674/7/6 3678/7/6
f 3675/7/6 3676/7/6 3679/7/6
f 3679/7/6 3676/7/6 3680/7/6
f 3681/7/6 3682/7/6 3683/7/6
f 3683/7/6 3682/7/6 3684/7/6
f 3685/7/6 3686/7/6 3687/7/6
f 3687/7/6 3686/7/6 3688/7/6
f 3689/4/6 3690/4/6 3691/4/6
f 3691/4/6 3690/4/6 3692/4/6
f 3693/7/6 3694/7/6 3695/7/6
f 3695/7/6 3694/7/6 3696/7/6
f 3697/7/6 3698/7/6 3699/7/6
f 3699/7/6 3698/7/6 3700/7/6
f 3701/7/6 3702/7/6 3703/7/6
f 3703/7/6 3702/7/6 3704/7/6
f 3705/7/6 3706/7/6 3707/7/6
f 3707/7/6 3706/7/6 3708/7/6
f 3689/4/6 3691/4/6 3709/4/6
f 3692/4/6 3690/4/6 3710/4/6
f 3689/4/6 3709/4/6 3711/4/6
f 3709/4/6 3710/4/6 3711/4/6
f 3710/4/6 3690/4/6 3712/4/6
f 3711/4/6 3710/4/6 3712/4/6
f 3713/7/6 3714/7/6 3715/7/6
f 3715/7/6 3714/7/6 3716/7/6
f 3717/3/6 3718/3/6 3720/3/6
f 3720/3/6 3718/3/6 3721/3/6
f 3719/3/6 3720/3/6 3723/3/6
f 3720/1/6 3721/1/6 3724/1/6
f 3723/3/6 3720/3/6 3724/3/6
f 3721/3/6 3722/3/6 3725/3/6
f 3724/1/6 3721/1/6 3725/1/6
f 3725/3/6 3722/3/6 3726/3/6
f 3724/3/6 3725/3/6 3727/3/6
f 3727/3/6 3725/3/6 3728/3/6
f 3729/3/6 3730/3/6 3732/3/6
f 3732/3/6 3730/3/6 3733/3/6
f 3731/3/6 3732/3/6 3735/3/6
f 3732/1/6 3733/1/6 3736/1/6
f 3735/3/6 3732/3/6 3736/3/6
f 3733/3/6 3734/3/6 3737/3/6
f 3736/1/6 3733/1/6 3737/1/6
f 3737/3/6 3734/3/6 3738/3/6
f 3736/3/6 3737/3/6 3739/3/6
f 3739/3/6 3737/3/6 3740/3/6
f 3741/2/6 3742/2/6 3744/2/6
f 3744/2/6 3742/2/6 3745/2/6
f 3743/2/6 3744/2/6 3747/2/6
f 3744/1/6 3745/1/6 3748/1/6
f 3747/2/6 3744/2/6 3748/2/6
f 3745/2/6 3746/2/6 3749/2/6
f 3748/1/6 3745/1/6 3749/1/6
f 3749/2/6 3746/2/6 3750/2/6
f 3748/2/6 3749/2/6 3753/2/6
f 3753/2/6 3749/2/6 3754/2/6
f 3751/6/6 3752/6/6 3756/6/6
f 3756/6/6 3752/6/6 3757/6/6
f 3755/6/6 3756/6/6 3761/6/6
f 3756/1/6 3757/1/6 3762/1/6
f 3761/6/6 3756/6/6 3762/6/6
f 3757/6/6 3758/6/6 3763/6/6
f 3762/1/6 3757/1/6 3763/1/6
f 3763/6/6 3758/6/6 3764/6/6
f 3759/2/6 3760/2/6 3766/2/6
f 3766/2/6 3760/2/6 3767/2/6
f 3762/6/6 3763/6/6 3769/6/6
f 3769/6/6 3763/6/6 3770/6/6
f 3765/2/6 3766/2/6 3771/2/6
f 3766/1/6 3767/1/6 3772/1/6
f 3771/2/6 3766/2/6 3772/2/6
f 3767/2/6 3768/2/6 3773/2/6
f 3772/1/6 3767/1/6 3773/1/6
f 3773/2/6 3768/2/6 3774/2/6
f 3772/2/6 3773/2/6 3775/2/6
f 3775/2/6 3773/2/6 3776/2/6
f 3777/3/6 3778/3/6 3782/3/6
f 3782/3/6 3778/3/6 3783/3/6
f 3779/5/6 3780/5/6 3786/5/6
f 3786/5/6 3780/5/6 3787/5/6
f 3781/3/6 3782/3/6 3791/3/6
f 3782/1/6 3783/1/6 3792/1/6
f 3791/3/6 3782/3/6 3792/3/6
f 3783/3/6 3784/3/6 3793/3/6
f 3792/1/6 3783/1/6 3793/1/6
f 3793/3/6 3784/3/6 3794/3/6
f 3785/5/6 3786/5/6 3795/5/6
f 3786/1/6 3787/1/6 3796/1/6
f 3795/5/6 3786/5/6 3796/5/6
f 3787/5/6 3788/5/6 3797/5/6
f 3796/1/6 3787/1/6 3797/1/6
f 3797/5/6 3788/5/6 3798/5/6
f 3789/6/6 3790/6/6 3800/6/6
f 3800/6/6 3790/6/6 3801/6/6
f 3792/3/6 3793/3/6 3803/3/6
f 3803/3/6 3793/3/6 3804/3/6
f 3796/5/6 3797/5/6 3805/5/6
f 3805/5/6 3797/5/6 3806/5/6
f 3799/6/6 3800/6/6 3807/6/6
f 3800/1/6 3801/1/6 3808/1/6
f 3807/6/6 3800/6/6 3808/6/6
f 3801/6/6 3802/6/6 3809/6/6
f 3808/1/6 3801/1/6 3809/1/6
f 3809/6/6 3802/6/6 3810/6/6
f 3808/6/6 3809/6/6 3811/6/6
f 3811/6/6 3809/6/6 3812/6/6
f 3813/5/6 3814/5/6 3816/5/6
f 3816/5/6 3814/5/6 3817/5/6
f 3815/5/6 3816/5/6 3819/5/6
f 3816/1/6 3817/1/6 3820/1/6
f 3819/5/6 3816/5/6 3820/5/6
f 3817/5/6 3818/5/6 3821/5/6
f 3820/1/6 3817/1/6 3821/1/6
f 3821/5/6 3818/5/6 3822/5/6
f 3820/5/6 3821/5/6 3823/5/6
f 3823/5/6 3821/5/6 3824/5/6
f 3825/6/6 3826/6/6 3828/6/6
f 3828/6/6 3826/6/6 3829/6/6
f 3827/6/6 3828/6/6 3831/6/6
f 3828/1/6 3829/1/6 3832/1/6
f 3831/6/6 3828/6/6 3832/6/6
f 3829/6/6 3830/6/6 3833/6/6
f 3832/1/6 3829/1/6 3833/1/6
f 3833/6/6 3830/6/6 3834/6/6
f 3832/6/6 3833/6/6 3835/6/6
f 3835/6/6 3833/6/6 3836/6/6
f 3837/3/6 3838/3/6 3840/3/6
f 3840/3/6 3838/3/6 3841/3/6
f 3839/3/6 3840/3/6 3843/3/6
f 3840/1/6 3841/1/6 3844/1/6
f 3843/3/6 3840/3/6 3844/3/6
f 3841/3/6 3842/3/6 3845/3/6
f 3844/1/6 3841/1/6 3845/1/6
f 3845/3/6 3842/3/6 3846/3/6
f 3844/3/6 3845/3/6 3847/3/6
f 3847/3/6 3845/3/6 3848/3/6
f 3849/2/6 3850/2/6 3852/2/6
f 3852/2/6 3850/2/6 3853/2/6
f 3851/2/6 3852/2/6 3855/2/6
f 3852/1/6 3853/1/6 3856/1/6
f 3855/2/6 3852/2/6 3856/2/6
f 3853/2/6 3854/2/6 3857/2/6
f 3856/1/6 3853/1/6 3857/1/6
f 3857/2/6 3854/2/6 3858/2/6
f 3856/2/6 3857/2/6 3859/2/6
f 3859/2/6 3857/2/6 3860/2/6
f 3861/5/6 3862/5/6 3864/5/6
f 3864/5/6 3862/5/6 3865/5/6
f 3863/5/6 3864/5/6 3867/5/6
f 3864/1/6 3865/1/6 3868/1/6
f 3867/5/6 3864/5/6 3868/5/6
f 3865/5/6 3866/5/6 3869/5/6
f 3868/1/6 3865/1/6 3869/1/6
f 3869/5/6 3866/5/6 3870/5/6
f 3868/5/6 3869/5/6 3871/5/6
f 3871/5/6 3869/5/6 3872/5/6
